timestep,name,longitude,latitude,accumulated_precipitation_1_minute_total,accumulated_precipitation_1_minute_total_qc,air_pressure_near_surface_1_minute_mean,air_pressure_near_surface_1_minute_mean_qc,air_pressure_near_surface_mean_sea_level_1_minute_mean,air_pressure_near_surface_mean_sea_level_1_minute_mean_qc,air_temperature_near_surface_1_minute_mean,air_temperature_near_surface_1_minute_mean_qc,air_temperature_near_surface_secondary_1_minute_mean,air_temperature_near_surface_secondary_1_minute_mean_qc,air_temperature_near_surface_sensor2_1_minute_mean,air_temperature_near_surface_sensor2_1_minute_mean_qc,cloud_base_height_layer1_1_minute_30_minute_rolling_min,cloud_base_height_layer1_1_minute_30_minute_rolling_min_qc,cloud_base_height_layer2_1_minute_30_minute_rolling_min,cloud_base_height_layer2_1_minute_30_minute_rolling_min_qc,cloud_base_height_layer3_1_minute_30_minute_rolling_min,cloud_base_height_layer3_1_minute_30_minute_rolling_min_qc,cloud_cover_layer1_1_minute_30_minute_weighted_mean,cloud_cover_layer1_1_minute_30_minute_weighted_mean_qc,cloud_cover_layer2_1_minute_30_minute_weighted_mean,cloud_cover_layer2_1_minute_30_minute_weighted_mean_qc,cloud_cover_layer3_1_minute_30_minute_weighted_mean,cloud_cover_layer3_1_minute_30_minute_weighted_mean_qc,cloud_cover_total_1_minute_30_minute_weighted_mean,cloud_cover_total_1_minute_30_minute_weighted_mean_qc,dew_point_temperature_1_minute_mean,dew_point_temperature_1_minute_mean_qc,direct_solar_irradiance_1_minute_60_minute_total,direct_solar_irradiance_1_minute_60_minute_total_qc,direct_solar_irradiance_1_minute_binary,direct_solar_irradiance_1_minute_binary_qc,direct_solar_irradiance_1_minute_mean,direct_solar_irradiance_1_minute_mean_qc,direct_solar_irradiance_secondary_1_minute_mean,direct_solar_irradiance_secondary_1_minute_mean_qc,global_radiation_1_minute_mean,global_radiation_1_minute_mean_qc,land_surface_temperature_concrete_1_minute_mean,land_surface_temperature_concrete_1_minute_mean_qc,land_surface_temperature_grass_1_minute_mean,land_surface_temperature_grass_1_minute_mean_qc,meteorological_optical_range_horizontal_1_minute_mean,meteorological_optical_range_horizontal_1_minute_mean_qc,precipitation_intensity_1_minute_rolling_algorithm,precipitation_intensity_1_minute_rolling_algorithm_qc,present_weather_1_minute_10_minute_weighted_mean,present_weather_1_minute_10_minute_weighted_mean_qc,relative_humidity_near_surface_1_minute_mean,relative_humidity_near_surface_1_minute_mean_qc,snow_depth_1_minute_mean,snow_depth_1_minute_mean_qc,soil_temperature_100cm_1_minute_mean,soil_temperature_100cm_1_minute_mean_qc,soil_temperature_10cm_1_minute_mean,soil_temperature_10cm_1_minute_mean_qc,soil_temperature_30cm_1_minute_mean,soil_temperature_30cm_1_minute_mean_qc,wind_direction_near_surface_1_minute_mean,wind_direction_near_surface_1_minute_mean_qc,wind_speed_near_surface_1_minute_mean,wind_speed_near_surface_1_minute_mean_qc
2026-09-30 00:00:00+00:00,Aberporth Automatic Weather Station,-4.57,52.14,0.0,"{""good"": []}",984.94,"{""good"": []}",,,17.45149626,"{""good"": []}",,,,,900.0,"{""good"": []}",,"{""good"": []}",,"{""good"": []}",8.0,"{""good"": []}",,"{""good"": []}",,"{""good"": []}",8.0,"{""good"": []}",,,-0.134754077,"{""good"": []}",,,-0.06179213385,"{""good"": []}",,,0.0,"{""good"": []}",16.80034724,"{""good"": []}",16.88402371,"{""good"": []}",4929.5,"{""good"": []}",2.448979592,"{""good"": []}",RA,"{""good"": []}",97.3,"{""good"": []}",,,15.73257176,"{""good"": []}",15.76850903,"{""good"": []}",13.92579589,"{""good"": []}",150.8248416,"{""good"": []}",24.96083333,"{""good"": []}"
2026-09-30 00:01:00+00:00,Aberporth Automatic Weather Station,-4.57,52.14,0.0,"{""good"": []}",984.935,"{""good"": []}",,,17.45200342,"{""good"": []}",,,,,900.0,"{""good"": []}",,"{""good"": []}",,"{""good"": []}",8.0,"{""good"": []}",,"{""good"": []}",,"{""good"": []}",8.0,"{""good"": []}",,,-0.1331759779,"{""good"": []}",,,-0.08641852926,"{""good"": []}",,,0.0,"{""good"": []}",16.80674579,"{""good"": []}",16.89127202,"{""good"": []}",4622.5,"{""good"": []}",2.448979592,"{""good"": []}",RA,"{""good"": []}",97.3,"{""good"": []}",,,15.73231941,"{""good"": []}",15.76841147,"{""good"": []}",13.92624624,"{""good"": []}",150.314564,"{""good"": []}",25.9215,"{""good"": []}"
2026-09-30 00:02:00+00:00,Aberporth Automatic Weather Station,-4.57,52.14,0.2,"{""good"": []}",984.915,"{""good"": []}",,,17.46071261,"{""good"": []}",,,,,900.0,"{""good"": []}",,"{""good"": []}",,"{""good"": []}",8.0,"{""good"": []}",,"{""good"": []}",,"{""good"": []}",8.0,"{""good"": []}",,,-0.1323115418,"{""good"": []}",,,-0.1021492726,"{""good"": []}",,,0.0,"{""good"": []}",16.81122804,"{""good"": []}",16.89716408,"{""good"": []}",5068.0,"{""good"": []}",2.175226586,"{""good"": []}",RA,"{""good"": []}",97.35,"{""good"": []}",,,15.73262174,"{""good"": []}",15.76876418,"{""good"": []}",13.92634631,"{""good"": []}",153.9843805,"{""good"": []}",24.74479167,"{""good"": []}"
2026-09-30 00:03:00+00:00,Aberporth Automatic Weather Station,-4.57,52.14,0.0,"{""good"": []}",984.92,"{""good"": []}",,,17.45441931,"{""good"": []}",,,,,900.0,"{""good"": []}",,"{""good"": []}",,"{""good"": []}",8.0,"{""good"": []}",,"{""good"": []}",,"{""good"": []}",8.0,"{""good"": []}",,,-0.1302178801,"{""good"": []}",,,-0.09325361842,"{""good"": []}",,,0.0,"{""good"": []}",16.81440108,"{""good"": []}",16.89998147,"{""good"": []}",4672.5,"{""good"": []}",2.175226586,"{""good"": []}",RA,"{""good"": []}",97.325,"{""good"": []}",,,15.73241935,"{""good"": []}",15.7689643,"{""good"": []}",13.92700682,"{""good"": []}",148.4164335,"{""good"": []}",25.14141667,"{""good"": []}"
2026-09-30 00:04:00+00:00,Aberporth Automatic Weather Station,-4.57,52.14,0.0,"{""good"": []}",984.96,"{""good"": []}",,,17.45945345,"{""good"": []}",,,,,900.0,"{""good"": []}",,"{""good"": []}",,"{""good"": []}",8.0,"{""good"": []}",,"{""good"": []}",,"{""good"": []}",8.0,"{""good"": []}",,,-0.1289438414,"{""good"": []}",,,-0.08873040075,"{""good"": []}",,,0.0,"{""good"": []}",16.8176216,"{""good"": []}",16.90169489,"{""good"": []}",4416.5,"{""good"": []}",2.175226586,"{""good"": []}",RA,"{""good"": []}",97.375,"{""good"": []}",,,15.73241935,"{""good"": []}",15.76972227,"{""good"": []}",13.92730706,"{""good"": []}",153.4847993,"{""good"": []}",26.3045,"{""good"": []}"
2026-09-30 00:05:00+00:00,Aberporth Automatic Weather Station,-4.57,52.14,0.0,"{""good"": []}",984.97,"{""good"": []}",,,17.47461584,"{""good"": []}",,,,,900.0,"{""good"": []}",,"{""good"": []}",,"{""good"": []}",8.0,"{""good"": []}",,"{""good"": []}",,"{""good"": []}",8.0,"{""good"": []}",,,-0.127382495,"{""good"": []}",,,-0.07362789126,"{""good"": []}",,,0.0,"{""good"": []}",16.81847857,"{""good"": []}",16.90250414,"{""good"": []}",4644.0,"{""good"": []}",2.175226586,"{""good"": []}",RA,"{""good"": []}",97.35,"{""good"": []}",,,15.73247182,"{""good"": []}",15.76957218,"{""good"": []}",13.92760728,"{""good"": []}",154.2173483,"{""good"": []}",26.442125,"{""good"": []}"
2026-09-30 00:06:00+00:00,Aberporth Automatic Weather Station,-4.57,52.14,0.0,"{""good"": []}",984.94,"{""good"": []}",,,17.47647709,"{""good"": []}",,,,,900.0,"{""good"": []}",,"{""good"": []}",,"{""good"": []}",8.0,"{""good"": []}",,"{""good"": []}",,"{""good"": []}",8.0,"{""good"": []}",,,-0.1261641589,"{""good"": []}",,,-0.09946047707,"{""good"": []}",,,0.0,"{""good"": []}",16.81969032,"{""good"": []}",16.903206,"{""good"": []}",5111.5,"{""good"": []}",2.175226586,"{""good"": []}",RA,"{""good"": []}",97.3,"{""good"": []}",,,15.7323219,"{""good"": []}",15.76987487,"{""good"": []}",13.92795755,"{""good"": []}",153.9081054,"{""good"": []}",24.276125,"{""good"": []}"
2026-09-30 00:07:00+00:00,Aberporth Automatic Weather Station,-4.57,52.14,0.2,"{""good"": []}",984.965,"{""good"": []}",,,17.47471577,"{""good"": []}",,,,,900.0,"{""good"": []}",,"{""good"": []}",,"{""good"": []}",8.0,"{""good"": []}",,"{""good"": []}",,"{""good"": []}",8.0,"{""good"": []}",,,-0.1246329673,"{""good"": []}",,,-0.1004405166,"{""good"": []}",,,0.0,"{""good"": []}",16.82331309,"{""good"": []}",16.90411266,"{""good"": []}",4365.0,"{""good"": []}",2.517482517,"{""good"": []}",RA,"{""good"": []}",97.3,"{""good"": []}",,,15.73201958,"{""good"": []}",15.77037517,"{""good"": []}",13.92841791,"{""good"": []}",154.8797527,"{""good"": []}",26.070125,"{""good"": []}"
2026-09-30 00:08:00+00:00,Aberporth Automatic Weather Station,-4.57,52.14,0.0,"{""good"": []}",984.92,"{""good"": []}",,,17.4815637,"{""good"": []}",,,,,900.0,"{""good"": []}",,"{""good"": []}",,"{""good"": []}",8.0,"{""good"": []}",,"{""good"": []}",,"{""good"": []}",8.0,"{""good"": []}",,,-0.1241040026,"{""good"": []}",,,-0.0897104397,"{""good"": []}",,,0.0,"{""good"": []}",16.82945931,"{""good"": []}",16.90703245,"{""good"": []}",3609.0,"{""good"": []}",2.517482517,"{""good"": []}",RA,"{""good"": []}",97.3,"{""good"": []}",,,15.73191963,"{""good"": []}",15.77032765,"{""good"": []}",13.92856802,"{""good"": []}",152.1436755,"{""good"": []}",25.39975,"{""good"": []}"
2026-09-30 00:09:00+00:00,Aberporth Automatic Weather Station,-4.57,52.14,0.0,"{""good"": []}",984.93,"{""good"": []}",,,17.49058018,"{""good"": []}",,,,,900.0,"{""good"": []}",,"{""good"": []}",,"{""good"": []}",8.0,"{""good"": []}",,"{""good"": []}",,"{""good"": []}",8.0,"{""good"": []}",,,-0.1223399488,"{""good"": []}",,,-0.07722134816,"{""good"": []}",,,0.0,"{""good"": []}",16.83303461,"{""good"": []}",16.90748454,"{""good"": []}",3849.5,"{""good"": []}",2.517482517,"{""good"": []}",RA,"{""good"": []}",97.25,"{""good"": []}",,,15.73216949,"{""good"": []}",15.77068036,"{""good"": []}",13.92901837,"{""good"": []}",150.4963604,"{""good"": []}",27.23470833,"{""good"": []}"
2026-09-30 00:10:00+00:00,Aberporth Automatic Weather Station,-4.57,52.14,0.2,"{""good"": []}",984.885,"{""good"": []}",,,17.49319844,"{""good"": []}",,,,,900.0,"{""good"": []}",,"{""good"": []}",,"{""good"": []}",8.0,"{""good"": []}",,"{""good"": []}",,"{""good"": []}",8.0,"{""good"": []}",,,-0.1204481567,"{""good"": []}",,,-0.09976203223,"{""good"": []}",,,0.0,"{""good"": []}",16.83414392,"{""good"": []}",16.90718482,"{""good"": []}",3606.5,"{""good"": []}",4.235294118,"{""good"": []}",RA,"{""good"": []}",97.15,"{""good"": []}",,,15.73206954,"{""good"": []}",15.77063033,"{""good"": []}",13.92947372,"{""good"": []}",150.7933324,"{""good"": []}",24.63820833,"{""good"": []}"
2026-09-30 00:11:00+00:00,Aberporth Automatic Weather Station,-4.57,52.14,0.0,"{""good"": []}",984.955,"{""good"": []}",,,17.48458418,"{""good"": []}",,,,,900.0,"{""good"": []}",,"{""good"": []}",,"{""good"": []}",8.0,"{""good"": []}",,"{""good"": []}",,"{""good"": []}",8.0,"{""good"": []}",,,-0.1187636785,"{""good"": []}",,,-0.1026267135,"{""good"": []}",,,0.0,"{""good"": []}",16.83550309,"{""good"": []}",16.90723477,"{""good"": []}",3747.0,"{""good"": []}",4.235294118,"{""good"": []}",RA,"{""good"": []}",97.225,"{""good"": []}",,,15.73186966,"{""good"": []}",15.77108311,"{""good"": []}",13.92977895,"{""good"": []}",154.0738052,"{""good"": []}",22.19145833,"{""good"": []}"
2026-09-30 00:12:00+00:00,Aberporth Automatic Weather Station,-4.57,52.14,0.0,"{""good"": []}",984.94,"{""good"": []}",,,17.48161616,"{""good"": []}",,,,,900.0,"{""good"": []}",,"{""good"": []}",,"{""good"": []}",8.0,"{""good"": []}",,"{""good"": []}",,"{""good"": []}",8.0,"{""good"": []}",,,-0.1169749151,"{""good"": []}",,,-0.09350489799,"{""good"": []}",,,0.0,"{""good"": []}",16.83711459,"{""good"": []}",16.90849361,"{""good"": []}",3774.5,"{""good"": []}",4.235294118,"{""good"": []}",RA,"{""good"": []}",97.3,"{""good"": []}",,,15.73186966,"{""good"": []}",15.7713858,"{""good"": []}",13.93007918,"{""good"": []}",152.3925026,"{""good"": []}",21.013,"{""good"": []}"
2026-09-30 00:13:00+00:00,Aberporth Automatic Weather Station,-4.57,52.14,0.4,"{""good"": []}",984.945,"{""good"": []}",,,17.47139049,"{""good"": []}",,,,,900.0,"{""good"": []}",,"{""good"": []}",,"{""good"": []}",8.0,"{""good"": []}",,"{""good"": []}",,"{""good"": []}",8.0,"{""good"": []}",,,-0.1162796806,"{""good"": []}",,,-0.1033303432,"{""good"": []}",,,0.0,"{""good"": []}",16.83917832,"{""good"": []}",16.90995226,"{""good"": []}",3362.5,"{""good"": []}",0.0,"{""good"": []}",RA,"{""good"": []}",97.4,"{""good"": []}",,,15.73176722,"{""good"": []}",15.77113314,"{""good"": []}",13.93053453,"{""good"": []}",152.0554413,"{""good"": []}",23.76029167,"{""good"": []}"
2026-09-30 00:14:00+00:00,Aberporth Automatic Weather Station,-4.57,52.14,0.0,"{""good"": []}",984.935,"{""good"": []}",,,17.47979738,"{""good"": []}",,,,,900.0,"{""good"": []}",,"{""good"": []}",,"{""good"": []}",8.0,"{""good"": []}",,"{""good"": []}",,"{""good"": []}",8.0,"{""good"": []}",,,-0.1148820913,"{""good"": []}",,,-0.06867747726,"{""good"": []}",,,0.0,"{""good"": []}",16.83786913,"{""good"": []}",16.90909805,"{""good"": []}",3901.5,"{""good"": []}",0.0,"{""good"": []}",RA,"{""good"": []}",97.5,"{""good"": []}",,,15.7316198,"{""good"": []}",15.77214376,"{""good"": []}",13.93108996,"{""good"": []}",156.9397626,"{""good"": []}",25.80358333,"{""good"": []}"
2026-09-30 00:15:00+00:00,Aberporth Automatic Weather Station,-4.57,52.14,0.0,"{""good"": []}",984.81,"{""good"": []}",,,17.49042779,"{""good"": []}",,,,,900.0,"{""good"": []}",,"{""good"": []}",,"{""good"": []}",8.0,"{""good"": []}",,"{""good"": []}",,"{""good"": []}",8.0,"{""good"": []}",,,-0.113628575,"{""good"": []}",,,-0.07335146501,"{""good"": []}",,,0.0,"{""good"": []}",16.84008777,"{""good"": []}",16.9120678,"{""good"": []}",4775.5,"{""good"": []}",0.0,"{""good"": []}",RA,"{""good"": []}",97.525,"{""good"": []}",,,15.73191963,"{""good"": []}",15.77224382,"{""good"": []}",13.93144023,"{""good"": []}",149.8061265,"{""good"": []}",26.38583333,"{""good"": []}"
2026-09-30 00:16:00+00:00,Aberporth Automatic Weather Station,-4.57,52.14,0.4,"{""good"": []}",984.72,"{""good"": []}",,,17.49667362,"{""good"": []}",,,,,900.0,"{""good"": []}",,"{""good"": []}",,"{""good"": []}",8.0,"{""good"": []}",,"{""good"": []}",,"{""good"": []}",8.0,"{""good"": []}",,,-0.1122267979,"{""good"": []}",,,-0.09006221946,"{""good"": []}",,,0.0,"{""good"": []}",16.84325831,"{""good"": []}",16.91534228,"{""good"": []}",3921.5,"{""good"": []}",0.0,"{""good"": []}",RA,"{""good"": []}",97.4,"{""good"": []}",,,15.73176721,"{""good"": []}",15.7726966,"{""good"": []}",13.93169042,"{""good"": []}",151.3391224,"{""good"": []}",26.38004167,"{""good"": []}"
2026-09-30 00:17:00+00:00,Aberporth Automatic Weather Station,-4.57,52.14,0.0,"{""good"": []}",984.74,"{""good"": []}",,,17.50513298,"{""good"": []}",,,,,900.0,"{""good"": []}",,"{""good"": []}",,"{""good"": []}",8.0,"{""good"": []}",,"{""good"": []}",,"{""good"": []}",8.0,"{""good"": []}",,,-0.1114628779,"{""good"": []}",,,-0.1033051876,"{""good"": []}",,,0.0,"{""good"": []}",16.84814281,"{""good"": []}",16.91871416,"{""good"": []}",3898.5,"{""good"": []}",0.0,"{""good"": []}",RA,"{""good"": []}",97.35,"{""good"": []}",,,15.73141492,"{""good"": []}",15.77259654,"{""good"": []}",13.93219832,"{""good"": []}",149.6015237,"{""good"": []}",26.662375,"{""good"": []}"
2026-09-30 00:18:00+00:00,Aberporth Automatic Weather Station,-4.57,52.14,0.0,"{""good"": []}",984.765,"{""good"": []}",,,17.500601,"{""good"": []}",,,,,900.0,"{""good"": []}",,"{""good"": []}",,"{""good"": []}",8.0,"{""good"": []}",,"{""good"": []}",,"{""good"": []}",8.0,"{""good"": []}",,,-0.1120747691,"{""good"": []}",,,-0.1458234124,"{""good"": []}",,,0.0,"{""good"": []}",16.84809284,"{""good"": []}",16.91926865,"{""good"": []}",3141.0,"{""good"": []}",0.0,"{""good"": []}",RA,"{""good"": []}",97.2,"{""good"": []}",,,15.73151736,"{""good"": []}",15.77314938,"{""good"": []}",13.93250105,"{""good"": []}",150.0768282,"{""good"": []}",22.30966667,"{""good"": []}"
2026-09-30 00:19:00+00:00,Aberporth Automatic Weather Station,-4.57,52.14,0.0,"{""good"": []}",984.7,"{""good"": []}",,,17.49818262,"{""good"": []}",,,,,900.0,"{""good"": []}",,"{""good"": []}",,"{""good"": []}",8.0,"{""good"": []}",,"{""good"": []}",,"{""good"": []}",8.0,"{""good"": []}",,,-0.1116320815,"{""good"": []}",,,-0.1165733053,"{""good"": []}",,,0.0,"{""good"": []}",16.84739077,"{""good"": []}",16.91725551,"{""good"": []}",3623.5,"{""good"": []}",0.0,"{""good"": []}",RA,"{""good"": []}",97.225,"{""good"": []}",,,15.73156733,"{""good"": []}",15.77299928,"{""good"": []}",13.93295139,"{""good"": []}",150.8820256,"{""good"": []}",25.58866667,"{""good"": []}"
2026-09-30 00:20:00+00:00,Aberporth Automatic Weather Station,-4.57,52.14,0.0,"{""good"": []}",984.675,"{""good"": []}",,,17.51928604,"{""good"": []}",,,,,900.0,"{""good"": []}",,"{""good"": []}",,"{""good"": []}",8.0,"{""good"": []}",,"{""good"": []}",,"{""good"": []}",8.0,"{""good"": []}",,,-0.1103341714,"{""good"": []}",,,-0.08558926967,"{""good"": []}",,,0.0,"{""good"": []}",16.84990672,"{""good"": []}",16.92022277,"{""good"": []}",4368.5,"{""good"": []}",0.0,"{""good"": []}",RA,"{""good"": []}",97.225,"{""good"": []}",,,15.73151736,"{""good"": []}",15.77426006,"{""good"": []}",13.93341175,"{""good"": []}",156.4876426,"{""good"": []}",32.28925,"{""good"": []}"
2026-09-30 00:21:00+00:00,Aberporth Automatic Weather Station,-4.57,52.14,0.2,"{""good"": []}",984.545,"{""good"": []}",,,17.43114983,"{""good"": []}",,,,,900.0,"{""good"": []}",,"{""good"": []}",,"{""good"": []}",8.0,"{""good"": []}",,"{""good"": []}",,"{""good"": []}",8.0,"{""good"": []}",,,-0.1087254995,"{""good"": []}",,,-0.04206589263,"{""good"": []}",,,0.0,"{""good"": []}",16.85816663,"{""good"": []}",16.93175212,"{""good"": []}",5509.5,"{""good"": []}",2.748091603,"{""good"": []}",RA,"{""good"": []}",97.125,"{""good"": []}",,,15.73131497,"{""good"": []}",15.77481791,"{""good"": []}",13.93350932,"{""good"": []}",157.1368542,"{""good"": []}",31.91120833,"{""good"": []}"
2026-09-30 00:22:00+00:00,Aberporth Automatic Weather Station,-4.57,52.14,0.0,"{""good"": []}",984.59,"{""good"": []}",,,17.43331589,"{""good"": []}",,,,,900.0,"{""good"": []}",,"{""good"": []}",,"{""good"": []}",8.0,"{""good"": []}",,"{""good"": []}",,"{""good"": []}",8.0,"{""good"": []}",,,-0.1074032982,"{""good"": []}",,,-0.07601514058,"{""good"": []}",,,0.0,"{""good"": []}",16.86793562,"{""good"": []}",16.94388841,"{""good"": []}",5504.5,"{""good"": []}",2.748091603,"{""good"": []}",RA,"{""good"": []}",96.9,"{""good"": []}",,,15.73116256,"{""good"": []}",15.77446269,"{""good"": []}",13.93406224,"{""good"": []}",156.6248273,"{""good"": []}",24.99929167,"{""good"": []}"
2026-09-30 00:23:00+00:00,Aberporth Automatic Weather Station,-4.57,52.14,0.0,"{""good"": []}",984.735,"{""good"": []}",,,17.43442265,"{""good"": []}",,,,,900.0,"{""good"": []}",,"{""good"": []}",,"{""good"": []}",8.0,"{""good"": []}",,"{""good"": []}",,"{""good"": []}",8.0,"{""good"": []}",,,-0.1061971092,"{""good"": []}",,,-0.1026015965,"{""good"": []}",,,0.0,"{""good"": []}",16.87106119,"{""good"": []}",16.94892625,"{""good"": []}",6221.5,"{""good"": []}",2.748091603,"{""good"": []}",RA,"{""good"": []}",96.85,"{""good"": []}",,,15.731265,"{""good"": []}",15.7749655,"{""good"": []}",13.9342674,"{""good"": []}",156.46848,"{""good"": []}",23.18375,"{""good"": []}"
2026-09-30 00:24:00+00:00,Aberporth Automatic Weather Station,-4.57,52.14,0.0,"{""good"": []}",984.715,"{""good"": []}",,,17.44484819,"{""good"": []}",,,,,900.0,"{""good"": []}",,"{""good"": []}",,"{""good"": []}",8.0,"{""good"": []}",,"{""good"": []}",,"{""good"": []}",8.0,"{""good"": []}",,,-0.1042797698,"{""good"": []}",,,-0.0505092329,"{""good"": []}",,,0.0,"{""good"": []}",16.87207057,"{""good"": []}",16.94927593,"{""good"": []}",5786.5,"{""good"": []}",2.748091603,"{""good"": []}",RA,"{""good"": []}",96.975,"{""good"": []}",,,15.73111258,"{""good"": []}",15.7756209,"{""good"": []}",13.93477279,"{""good"": []}",157.2028194,"{""good"": []}",30.16220833,"{""good"": []}"
2026-09-30 00:25:00+00:00,Aberporth Automatic Weather Station,-4.57,52.14,0.0,"{""good"": []}",984.745,"{""good"": []}",,,17.45613067,"{""good"": []}",,,,,900.0,"{""good"": []}",,"{""good"": []}",,"{""good"": []}",8.0,"{""good"": []}",,"{""good"": []}",,"{""good"": []}",8.0,"{""good"": []}",,,-0.1029357898,"{""good"": []}",,,-0.07023547311,"{""good"": []}",,,0.0,"{""good"": []}",16.87730734,"{""good"": []}",16.95174365,"{""good"": []}",3965.5,"{""good"": []}",2.748091603,"{""good"": []}",RA,"{""good"": []}",96.9,"{""good"": []}",,,15.731265,"{""good"": []}",15.77622627,"{""good"": []}",13.93492291,"{""good"": []}",156.3258509,"{""good"": []}",27.918125,"{""good"": []}"
2026-09-30 00:26:00+00:00,Aberporth Automatic Weather Station,-4.57,52.14,0.0,"{""good"": []}",984.74,"{""good"": []}",,,17.44117315,"{""good"": []}",,,,,900.0,"{""good"": []}",,"{""good"": []}",,"{""good"": []}",8.0,"{""good"": []}",,"{""good"": []}",,"{""good"": []}",8.0,"{""good"": []}",,,-0.1019695819,"{""good"": []}",,,-0.08589081791,"{""good"": []}",,,0.0,"{""good"": []}",16.88108502,"{""good"": []}",16.95501812,"{""good"": []}",3627.0,"{""good"": []}",2.748091603,"{""good"": []}",RA,"{""good"": []}",96.925,"{""good"": []}",,,15.7309102,"{""good"": []}",15.77607368,"{""good"": []}",13.93537326,"{""good"": []}",154.8782896,"{""good"": []}",27.799,"{""good"": []}"
2026-09-30 00:27:00+00:00,Aberporth Automatic Weather Station,-4.57,52.14,0.0,"{""good"": []}",984.77,"{""good"": []}",,,17.2666146,"{""good"": []}",,,,,900.0,"{""good"": []}",,"{""good"": []}",,"{""good"": []}",8.0,"{""good"": []}",,"{""good"": []}",,"{""good"": []}",8.0,"{""good"": []}",,,-0.1008697715,"{""good"": []}",,,-0.05757046837,"{""good"": []}",,,0.0,"{""good"": []}",16.88193949,"{""good"": []}",16.95607215,"{""good"": []}",4434.5,"{""good"": []}",1.756097561,"{""good"": []}",RA,"{""good"": []}",97.0,"{""good"": []}",,,15.73096017,"{""good"": []}",15.77668155,"{""good"": []}",13.93572853,"{""good"": []}",161.0054267,"{""good"": []}",30.15116667,"{""good"": []}"
2026-09-30 00:28:00+00:00,Aberporth Automatic Weather Station,-4.57,52.14,0.2,"{""good"": []}",984.695,"{""good"": []}",,,17.23337427,"{""good"": []}",,,,,900.0,"{""good"": []}",,"{""good"": []}",,"{""good"": []}",8.0,"{""good"": []}",,"{""good"": []}",,"{""good"": []}",8.0,"{""good"": []}",,,-0.09898007362,"{""good"": []}",,,-0.01178548634,"{""good"": []}",,,0.0,"{""good"": []}",16.88315125,"{""good"": []}",16.95667909,"{""good"": []}",6947.0,"{""good"": []}",1.70212766,"{""good"": []}",RA,"{""good"": []}",97.0,"{""good"": []}",,,15.7309127,"{""good"": []}",15.77678411,"{""good"": []}",13.93603126,"{""good"": []}",159.6978698,"{""good"": []}",26.02016667,"{""good"": []}"
2026-09-30 00:29:00+00:00,Aberporth Automatic Weather Station,-4.57,52.14,0.0,"{""good"": []}",984.725,"{""good"": []}",,,17.21836678,"{""good"": []}",,,,,900.0,"{""good"": []}",,"{""good"": []}",,"{""good"": []}",8.0,"{""good"": []}",,"{""good"": []}",,"{""good"": []}",8.0,"{""good"": []}",,,-0.09733370805,"{""good"": []}",,,-0.03226559741,"{""good"": []}",,,0.0,"{""good"": []}",16.88244418,"{""good"": []}",16.954064,"{""good"": []}",6293.0,"{""good"": []}",1.70212766,"{""good"": []}",RA,"{""good"": []}",97.0,"{""good"": []}",,,15.73101014,"{""good"": []}",15.77718186,"{""good"": []}",13.93638403,"{""good"": []}",160.0769513,"{""good"": []}",28.98283333,"{""good"": []}"
2026-09-30 00:30:00+00:00,Aberporth Automatic Weather Station,-4.57,52.14,0.0,"{""good"": []}",984.74,"{""good"": []}",,,17.20532298,"{""good"": []}",,,,,900.0,"{""good"": []}",,"{""good"": []}",,"{""good"": []}",8.0,"{""good"": []}",,"{""good"": []}",,"{""good"": []}",8.0,"{""good"": []}",,,-0.09528360361,"{""good"": []}",,,0.01241371263,"{""good"": []}",,,0.0,"{""good"": []}",16.87957345,"{""good"": []}",16.94952819,"{""good"": []}",6486.0,"{""good"": []}",1.70212766,"{""good"": []}",RA,"{""good"": []}",96.925,"{""good"": []}",,,15.73086023,"{""good"": []}",15.77768967,"{""good"": []}",13.93688692,"{""good"": []}",153.1261578,"{""good"": []}",31.41404167,"{""good"": []}"
2026-09-30 00:31:00+00:00,Aberporth Automatic Weather Station,-4.57,52.14,0.0,"{""good"": []}",984.705,"{""good"": []}",,,17.21318024,"{""good"": []}",,,,,900.0,"{""good"": []}",,"{""good"": []}",,"{""good"": []}",8.0,"{""good"": []}",,"{""good"": []}",,"{""good"": []}",8.0,"{""good"": []}",,,-0.09292357575,"{""good"": []}",,,-0.01399683895,"{""good"": []}",,,0.0,"{""good"": []}",16.87710497,"{""good"": []}",16.94625622,"{""good"": []}",6340.5,"{""good"": []}",1.70212766,"{""good"": []}",RA,"{""good"": []}",96.9,"{""good"": []}",,,15.73096017,"{""good"": []}",15.77753958,"{""good"": []}",13.93709208,"{""good"": []}",159.3389594,"{""good"": []}",32.19883333,"{""good"": []}"
2026-09-30 00:32:00+00:00,Aberporth Automatic Weather Station,-4.57,52.14,0.0,"{""good"": []}",984.755,"{""good"": []}",,,17.17923539,"{""good"": []}",,,,,900.0,"{""good"": []}",,"{""good"": []}",,"{""good"": []}",8.0,"{""good"": []}",,"{""good"": []}",,"{""good"": []}",8.0,"{""good"": []}",,,-0.08974434326,"{""good"": []}",,,-7.538653637e-05,"{""good"": []}",,,0.0,"{""good"": []}",16.87302499,"{""good"": []}",16.93996453,"{""good"": []}",5617.0,"{""good"": []}",1.70212766,"{""good"": []}",RA,"{""good"": []}",96.8,"{""good"": []}",,,15.7305579,"{""good"": []}",15.77859773,"{""good"": []}",13.93739481,"{""good"": []}",158.5421997,"{""good"": []}",25.11483333,"{""good"": []}"
2026-09-30 00:33:00+00:00,Aberporth Automatic Weather Station,-4.57,52.14,0.0,"{""good"": []}",984.655,"{""good"": []}",,,17.17168043,"{""good"": []}",,,,,900.0,"{""good"": []}",,"{""good"": []}",,"{""good"": []}",8.0,"{""good"": []}",,"{""good"": []}",,"{""good"": []}",8.0,"{""good"": []}",,,-0.08677368096,"{""good"": []}",,,0.01666051129,"{""good"": []}",,,0.0,"{""good"": []}",16.86692874,"{""good"": []}",16.93185702,"{""good"": []}",6042.5,"{""good"": []}",1.70212766,"{""good"": []}",RA,"{""good"": []}",96.7,"{""good"": []}",,,15.73071031,"{""good"": []}",15.77910054,"{""good"": []}",13.93779512,"{""good"": []}",157.9790664,"{""good"": []}",33.73979167,"{""good"": []}"
2026-09-30 00:34:00+00:00,Aberporth Automatic Weather Station,-4.57,52.14,0.0,"{""good"": []}",984.525,"{""good"": []}",,,17.16463013,"{""good"": []}",,,,,900.0,"{""good"": []}",,"{""good"": []}",,"{""good"": []}",8.0,"{""good"": []}",,"{""good"": []}",,"{""good"": []}",8.0,"{""good"": []}",,,-0.08403378583,"{""good"": []}",,,0.04178948521,"{""good"": []}",,,0.0,"{""good"": []}",16.86048271,"{""good"": []}",16.92128429,"{""good"": []}",4116.5,"{""good"": []}",1.70212766,"{""good"": []}",RA,"{""good"": []}",96.475,"{""good"": []}",,,15.73041048,"{""good"": []}",15.77980597,"{""good"": []}",13.93809785,"{""good"": []}",154.9875167,"{""good"": []}",32.12191667,"{""good"": []}"
2026-09-30 00:35:00+00:00,Aberporth Automatic Weather Station,-4.57,52.14,0.0,"{""good"": []}",984.655,"{""good"": []}",,,17.18024472,"{""good"": []}",,,,,900.0,"{""good"": []}",,"{""good"": []}",,"{""good"": []}",8.0,"{""good"": []}",,"{""good"": []}",,"{""good"": []}",8.0,"{""good"": []}",,,-0.08098061594,"{""good"": []}",,,0.07475870561,"{""good"": []}",,,0.0,"{""good"": []}",16.85277746,"{""good"": []}",16.91085892,"{""good"": []}",4095.0,"{""good"": []}",1.70212766,"{""good"": []}",RA,"{""good"": []}",96.275,"{""good"": []}",,,15.73066034,"{""good"": []}",15.77975594,"{""good"": []}",13.93850566,"{""good"": []}",156.0587647,"{""good"": []}",30.66225,"{""good"": []}"
2026-09-30 00:36:00+00:00,Aberporth Automatic Weather Station,-4.57,52.14,0.0,"{""good"": []}",984.655,"{""good"": []}",,,17.1952497,"{""good"": []}",,,,,900.0,"{""good"": []}",,"{""good"": []}",,"{""good"": []}",8.0,"{""good"": []}",,"{""good"": []}",,"{""good"": []}",8.0,"{""good"": []}",,,-0.07763553103,"{""good"": []}",,,0.09498754607,"{""good"": []}",,,0.0,"{""good"": []}",16.84864999,"{""good"": []}",16.9025516,"{""good"": []}",4134.0,"{""good"": []}",1.70212766,"{""good"": []}",RA,"{""good"": []}",96.2,"{""good"": []}",,,15.73046045,"{""good"": []}",15.78051391,"{""good"": []}",13.93875585,"{""good"": []}",158.5446911,"{""good"": []}",29.43604167,"{""good"": []}"
2026-09-30 00:37:00+00:00,Aberporth Automatic Weather Station,-4.57,52.14,0.0,"{""good"": []}",984.75,"{""good"": []}",,,17.20310696,"{""good"": []}",,,,,900.0,"{""good"": []}",,"{""good"": []}",,"{""good"": []}",8.0,"{""good"": []}",,"{""good"": []}",,"{""good"": []}",8.0,"{""good"": []}",,,-0.07387916843,"{""good"": []}",,,0.1263233859,"{""good"": []}",,,0.0,"{""good"": []}",16.84416526,"{""good"": []}",16.89781847,"{""good"": []}",6556.5,"{""good"": []}",1.70212766,"{""good"": []}",RA,"{""good"": []}",96.2,"{""good"": []}",,,15.7305579,"{""good"": []}",15.78051391,"{""good"": []}",13.93905609,"{""good"": []}",156.9615419,"{""good"": []}",28.02125,"{""good"": []}"
2026-09-30 00:38:00+00:00,Aberporth Automatic Weather Station,-4.57,52.14,0.0,"{""good"": []}",984.76,"{""good"": []}",,,17.22209429,"{""good"": []}",,,,,900.0,"{""good"": []}",,"{""good"": []}",,"{""good"": []}",8.0,"{""good"": []}",,"{""good"": []}",,"{""good"": []}",8.0,"{""good"": []}",,,-0.07068820806,"{""good"": []}",,,0.08865502886,"{""good"": []}",,,0.0,"{""good"": []}",16.84134699,"{""good"": []}",16.89006563,"{""good"": []}",3975.0,"{""good"": []}",1.112828439,"{""good"": []}",RA,"{""good"": []}",96.2,"{""good"": []}",,,15.73071031,"{""good"": []}",15.78111928,"{""good"": []}",13.9394589,"{""good"": []}",162.2146779,"{""good"": []}",26.713,"{""good"": []}"
2026-09-30 00:39:00+00:00,Aberporth Automatic Weather Station,-4.57,52.14,0.2,"{""good"": []}",984.695,"{""good"": []}",,,17.21781215,"{""good"": []}",,,,,900.0,"{""good"": []}",,"{""good"": []}",,"{""good"": []}",8.0,"{""good"": []}",,"{""good"": []}",,"{""good"": []}",8.0,"{""good"": []}",,,-0.06830849485,"{""good"": []}",,,0.03812065362,"{""good"": []}",,,0.0,"{""good"": []}",16.83797157,"{""good"": []}",16.87954286,"{""good"": []}",2901.5,"{""good"": []}",1.052631579,"{""good"": []}",RA,"{""good"": []}",96.2,"{""good"": []}",,,15.73071031,"{""good"": []}",15.78167212,"{""good"": []}",13.9397166,"{""good"": []}",163.8557009,"{""good"": []}",25.35291667,"{""good"": []}"
2026-09-30 00:40:00+00:00,Aberporth Automatic Weather Station,-4.57,52.14,0.0,"{""good"": []}",984.61,"{""good"": []}",,,17.22375569,"{""good"": []}",,,,,900.0,"{""good"": []}",,"{""good"": []}",,"{""good"": []}",8.0,"{""good"": []}",,"{""good"": []}",,"{""good"": []}",8.0,"{""good"": []}",,,-0.06485703106,"{""good"": []}",,,0.1119244387,"{""good"": []}",,,0.0,"{""good"": []}",16.83308708,"{""good"": []}",16.86897012,"{""good"": []}",2840.5,"{""good"": []}",1.052631579,"{""good"": []}",RA,"{""good"": []}",96.275,"{""good"": []}",,,15.73020809,"{""good"": []}",15.7821299,"{""good"": []}",13.94006686,"{""good"": []}",154.8272466,"{""good"": []}",31.597,"{""good"": []}"
2026-09-30 00:41:00+00:00,Aberporth Automatic Weather Station,-4.57,52.14,0.0,"{""good"": []}",984.65,"{""good"": []}",,,17.24183612,"{""good"": []}",,,,,900.0,"{""good"": []}",,"{""good"": []}",,"{""good"": []}",8.0,"{""good"": []}",,"{""good"": []}",,"{""good"": []}",8.0,"{""good"": []}",,,-0.05922479055,"{""good"": []}",,,0.252093881,"{""good"": []}",,,0.0,"{""good"": []}",16.8293094,"{""good"": []}",16.87370325,"{""good"": []}",10373.5,"{""good"": []}",1.052631579,"{""good"": []}",RA,"{""good"": []}",96.175,"{""good"": []}",,,15.73030554,"{""good"": []}",15.78298293,"{""good"": []}",13.94046717,"{""good"": []}",163.112227,"{""good"": []}",29.33716667,"{""good"": []}"
2026-09-30 00:42:00+00:00,Aberporth Automatic Weather Station,-4.57,52.14,0.0,"{""good"": []}",984.715,"{""good"": []}",,,17.26762142,"{""good"": []}",,,,,900.0,"{""good"": []}",,"{""good"": []}",,"{""good"": []}",8.0,"{""good"": []}",,"{""good"": []}",,"{""good"": []}",8.0,"{""good"": []}",,,-0.05336973981,"{""good"": []}",,,0.2397555674,"{""good"": []}",,,0.0,"{""good"": []}",16.82805018,"{""good"": []}",16.88498033,"{""good"": []}",18579.0,"{""good"": []}",1.052631579,"{""good"": []}",RA,"{""good"": []}",96.1,"{""good"": []}",,,15.73045796,"{""good"": []}",15.78363833,"{""good"": []}",13.9407699,"{""good"": []}",166.1995124,"{""good"": []}",30.44629167,"{""good"": []}"
2026-09-30 00:43:00+00:00,Aberporth Automatic Weather Station,-4.57,52.14,0.0,"{""good"": []}",984.695,"{""good"": []}",,,17.296732,"{""good"": []}",,,,,900.0,"{""good"": []}",,"{""good"": []}",,"{""good"": []}",8.0,"{""good"": []}",,"{""good"": []}",,"{""good"": []}",8.0,"{""good"": []}",,,-0.04840509205,"{""good"": []}",,,0.2043991242,"{""good"": []}",,,0.0,"{""good"": []}",16.82588401,"{""good"": []}",16.89334011,"{""good"": []}",20160.5,"{""good"": []}",1.052631579,"{""good"": []}",RA,"{""good"": []}",96.0,"{""good"": []}",,,15.73005568,"{""good"": []}",15.78373839,"{""good"": []}",13.9410251,"{""good"": []}",162.6860946,"{""good"": []}",29.85016667,"{""good"": []}"
2026-09-30 00:44:00+00:00,Aberporth Automatic Weather Station,-4.57,52.14,0.0,"{""good"": []}",984.715,"{""good"": []}",,,17.33561107,"{""good"": []}",,,,,900.0,"{""good"": []}",,"{""good"": []}",,"{""good"": []}",8.0,"{""good"": []}",,"{""good"": []}",,"{""good"": []}",8.0,"{""good"": []}",,,-0.04612547503,"{""good"": []}",,,0.1014456969,"{""good"": []}",,,0.0,"{""good"": []}",16.82472473,"{""good"": []}",16.89771856,"{""good"": []}",17744.5,"{""good"": []}",1.052631579,"{""good"": []}",RA,"{""good"": []}",95.85,"{""good"": []}",,,15.7305579,"{""good"": []}",15.78444383,"{""good"": []}",13.9412778,"{""good"": []}",162.4468127,"{""good"": []}",26.31416667,"{""good"": []}"
2026-09-30 00:45:00+00:00,Aberporth Automatic Weather Station,-4.57,52.14,0.0,"{""good"": []}",984.785,"{""good"": []}",,,17.35464837,"{""good"": []}",,,,,900.0,"{""good"": []}",,"{""good"": []}",,"{""good"": []}",8.0,"{""good"": []}",,"{""good"": []}",,"{""good"": []}",8.0,"{""good"": []}",,,-0.0453506659,"{""good"": []}",,,-0.06415428151,"{""good"": []}",,,0.0,"{""good"": []}",16.81999014,"{""good"": []}",16.88996572,"{""good"": []}",19381.0,"{""good"": []}",1.052631579,"{""good"": []}",RA,"{""good"": []}",95.9,"{""good"": []}",,,15.73025557,"{""good"": []}",15.78469648,"{""good"": []}",13.94152798,"{""good"": []}",162.5606147,"{""good"": []}",21.32029167,"{""good"": []}"
2026-09-30 00:46:00+00:00,Aberporth Automatic Weather Station,-4.57,52.14,0.0,"{""good"": []}",984.715,"{""good"": []}",,,17.34820267,"{""good"": []}",,,,,900.0,"{""good"": []}",,"{""good"": []}",,"{""good"": []}",8.0,"{""good"": []}",,"{""good"": []}",,"{""good"": []}",8.0,"{""good"": []}",,,-0.04506670987,"{""good"": []}",,,-0.1044611635,"{""good"": []}",,,0.0,"{""good"": []}",16.81127551,"{""good"": []}",16.87048123,"{""good"": []}",7766.5,"{""good"": []}",1.052631579,"{""good"": []}",RA,"{""good"": []}",96.125,"{""good"": []}",,,15.73000571,"{""good"": []}",15.78575964,"{""good"": []}",13.94187825,"{""good"": []}",162.7552043,"{""good"": []}",25.01020833,"{""good"": []}"
2026-09-30 00:47:00+00:00,Aberporth Automatic Weather Station,-4.57,52.14,0.0,"{""good"": []}",984.7,"{""good"": []}",,,17.35343917,"{""good"": []}",,,,,900.0,"{""good"": []}",,"{""good"": []}",,"{""good"": []}",8.0,"{""good"": []}",,"{""good"": []}",,"{""good"": []}",8.0,"{""good"": []}",,,-0.04364608599,"{""good"": []}",,,-0.06254602499,"{""good"": []}",,,0.0,"{""good"": []}",16.80659339,"{""good"": []}",16.85617944,"{""good"": []}",3943.0,"{""good"": []}",1.052631579,"{""good"": []}",RA,"{""good"": []}",96.3,"{""good"": []}",,,15.73005568,"{""good"": []}",15.78560704,"{""good"": []}",13.94218849,"{""good"": []}",166.165258,"{""good"": []}",28.03541667,"{""good"": []}"
2026-09-30 00:48:00+00:00,Aberporth Automatic Weather Station,-4.57,52.14,0.0,"{""good"": []}",984.7,"{""good"": []}",,,17.37222664,"{""good"": []}",,,,,900.0,"{""good"": []}",,"{""good"": []}",,"{""good"": []}",8.0,"{""good"": []}",,"{""good"": []}",,"{""good"": []}",8.0,"{""good"": []}",,,-0.04138154752,"{""good"": []}",,,0.003970378706,"{""good"": []}",,,0.0,"{""good"": []}",16.80332041,"{""good"": []}",16.84726768,"{""good"": []}",3982.0,"{""good"": []}",1.052631579,"{""good"": []}",RA,"{""good"": []}",96.325,"{""good"": []}",,,15.73035551,"{""good"": []}",15.78610985,"{""good"": []}",13.94248873,"{""good"": []}",165.598866,"{""good"": []}",25.86275,"{""good"": []}"
2026-09-30 00:49:00+00:00,Aberporth Automatic Weather Station,-4.57,52.14,0.0,"{""good"": []}",984.665,"{""good"": []}",,,17.39232073,"{""good"": []}",,,,,900.0,"{""good"": []}",,"{""good"": []}",,"{""good"": []}",8.0,"{""good"": []}",,"{""good"": []}",,"{""good"": []}",8.0,"{""good"": []}",,,-0.0383019921,"{""good"": []}",,,0.06106341965,"{""good"": []}",,,0.0,"{""good"": []}",16.80065205,"{""good"": []}",16.8410734,"{""good"": []}",4797.0,"{""good"": []}",1.052631579,"{""good"": []}",RA,"{""good"": []}",96.4,"{""good"": []}",,,15.72980083,"{""good"": []}",15.78722053,"{""good"": []}",13.94278895,"{""good"": []}",160.0468896,"{""good"": []}",29.33675,"{""good"": []}"
2026-09-30 00:50:00+00:00,Aberporth Automatic Weather Station,-4.57,52.14,0.0,"{""good"": []}",984.69,"{""good"": []}",,,17.40793282,"{""good"": []}",,,,,800.0,"{""good"": []}",,"{""good"": []}",,"{""good"": []}",8.0,"{""good"": []}",,"{""good"": []}",,"{""good"": []}",8.0,"{""good"": []}",,,-0.03561193604,"{""good"": []}",,,0.03231586977,"{""good"": []}",,,0.0,"{""good"": []}",16.79994249,"{""good"": []}",16.83734934,"{""good"": []}",4228.5,"{""good"": []}",1.052631579,"{""good"": []}",RA,"{""good"": []}",96.475,"{""good"": []}",,,15.72990327,"{""good"": []}",15.78767581,"{""good"": []}",13.94283899,"{""good"": []}",162.2079519,"{""good"": []}",25.56108333,"{""good"": []}"
2026-09-30 00:51:00+00:00,Aberporth Automatic Weather Station,-4.57,52.14,0.0,"{""good"": []}",984.57,"{""good"": []}",,,17.39262303,"{""good"": []}",,,,,800.0,"{""good"": []}",,"{""good"": []}",,"{""good"": []}",8.0,"{""good"": []}",,"{""good"": []}",,"{""good"": []}",8.0,"{""good"": []}",,,-0.03305548178,"{""good"": []}",,,0.05689201503,"{""good"": []}",,,0.0,"{""good"": []}",16.79858332,"{""good"": []}",16.83272112,"{""good"": []}",4460.5,"{""good"": []}",1.052631579,"{""good"": []}",RA,"{""good"": []}",96.575,"{""good"": []}",,,15.7298508,"{""good"": []}",15.787976,"{""good"": []}",13.94334438,"{""good"": []}",161.0209998,"{""good"": []}",32.31425,"{""good"": []}"
2026-09-30 00:52:00+00:00,Aberporth Automatic Weather Station,-4.57,52.14,0.0,"{""good"": []}",984.59,"{""good"": []}",,,17.39735488,"{""good"": []}",,,,,800.0,"{""good"": []}",,"{""good"": []}",,"{""good"": []}",8.0,"{""good"": []}",,"{""good"": []}",,"{""good"": []}",8.0,"{""good"": []}",,,-0.02988252992,"{""good"": []}",,,0.07754803559,"{""good"": []}",,,0.0,"{""good"": []}",16.7924421,"{""good"": []}",16.82747846,"{""good"": []}",3655.0,"{""good"": []}",1.052631579,"{""good"": []}",RA,"{""good"": []}",96.625,"{""good"": []}",,,15.72970088,"{""good"": []}",15.78843128,"{""good"": []}",13.94359958,"{""good"": []}",159.8947084,"{""good"": []}",28.28945833,"{""good"": []}"
2026-09-30 00:53:00+00:00,Aberporth Automatic Weather Station,-4.57,52.14,0.0,"{""good"": []}",984.675,"{""good"": []}",,,17.42188351,"{""good"": []}",,,,,800.0,"{""good"": []}",,"{""good"": []}",,"{""good"": []}",8.0,"{""good"": []}",,"{""good"": []}",,"{""good"": []}",8.0,"{""good"": []}",,,-0.02506111719,"{""good"": []}",,,0.1659769094,"{""good"": []}",,,0.0,"{""good"": []}",16.78750515,"{""good"": []}",16.82088455,"{""good"": []}",6000.0,"{""good"": []}",1.052631579,"{""good"": []}",-RA,"{""good"": []}",96.75,"{""good"": []}",,,15.72980332,"{""good"": []}",15.78838125,"{""good"": []}",13.94394985,"{""good"": []}",161.323126,"{""good"": []}",30.73733333,"{""good"": []}"
2026-09-30 00:54:00+00:00,Aberporth Automatic Weather Station,-4.57,52.14,0.0,"{""good"": []}",984.48,"{""good"": []}",,,17.45829922,"{""good"": []}",,,,,800.0,"{""good"": []}",,"{""good"": []}",,"{""good"": []}",8.0,"{""good"": []}",,"{""good"": []}",,"{""good"": []}",8.0,"{""good"": []}",,,-0.01943180755,"{""good"": []}",,,0.1946993416,"{""good"": []}",,,0.0,"{""good"": []}",16.78977125,"{""good"": []}",16.8237544,"{""good"": []}",9771.0,"{""good"": []}",1.052631579,"{""good"": []}",-RA,"{""good"": []}",96.75,"{""good"": []}",,,15.72975085,"{""good"": []}",15.78933683,"{""good"": []}",13.94430012,"{""good"": []}",160.9680943,"{""good"": []}",31.50358333,"{""good"": []}"
2026-09-30 00:55:00+00:00,Aberporth Automatic Weather Station,-4.57,52.14,0.0,"{""good"": []}",984.6,"{""good"": []}",,,17.4757201,"{""good"": []}",,,,,800.0,"{""good"": []}",,"{""good"": []}",,"{""good"": []}",8.0,"{""good"": []}",,"{""good"": []}",,"{""good"": []}",8.0,"{""good"": []}",,,-0.01617299792,"{""good"": []}",,,0.07450743673,"{""good"": []}",,,0.0,"{""good"": []}",16.7874052,"{""good"": []}",16.82616967,"{""good"": []}",12537.5,"{""good"": []}",1.052631579,"{""good"": []}",-RA,"{""good"": []}",96.675,"{""good"": []}",,,15.72960094,"{""good"": []}",15.78989218,"{""good"": []}",13.94450277,"{""good"": []}",161.0809808,"{""good"": []}",29.494,"{""good"": []}"
2026-09-30 00:56:00+00:00,Aberporth Automatic Weather Station,-4.57,52.14,0.0,"{""good"": []}",984.645,"{""good"": []}",,,17.47441097,"{""good"": []}",,,,,800.0,"{""good"": []}",,"{""good"": []}",,"{""good"": []}",8.0,"{""good"": []}",,"{""good"": []}",,"{""good"": []}",8.0,"{""good"": []}",,,-0.01584213346,"{""good"": []}",,,-0.05601249587,"{""good"": []}",,,0.0,"{""good"": []}",16.7801022,"{""good"": []}",16.81881896,"{""good"": []}",5037.0,"{""good"": []}",0.690316395,"{""good"": []}",-RA,"{""good"": []}",96.7,"{""good"": []}",,,15.72955097,"{""good"": []}",15.79095283,"{""good"": []}",13.94475547,"{""good"": []}",160.8557105,"{""good"": []}",28.71683333,"{""good"": []}"
2026-09-30 00:57:00+00:00,Aberporth Automatic Weather Station,-4.57,52.14,0.2,"{""good"": []}",984.6,"{""good"": []}",,,17.33500897,"{""good"": []}",,,,,800.0,"{""good"": []}",,"{""good"": []}",,"{""good"": []}",8.0,"{""good"": []}",,"{""good"": []}",,"{""good"": []}",8.0,"{""good"": []}",,,-0.01451616143,"{""good"": []}",,,-0.003643702808,"{""good"": []}",,,0.0,"{""good"": []}",16.76806212,"{""good"": []}",16.80174973,"{""good"": []}",2546.0,"{""good"": []}",0.6617647059,"{""good"": []}",RA,"{""good"": []}",96.775,"{""good"": []}",,,15.72924864,"{""good"": []}",15.79110292,"{""good"": []}",13.94511074,"{""good"": []}",161.9521392,"{""good"": []}",31.8975,"{""good"": []}"
2026-09-30 00:58:00+00:00,Aberporth Automatic Weather Station,-4.57,52.14,0.0,"{""good"": []}",984.625,"{""good"": []}",,,17.34910956,"{""good"": []}",,,,,800.0,"{""good"": []}",,"{""good"": []}",,"{""good"": []}",8.0,"{""good"": []}",,"{""good"": []}",,"{""good"": []}",8.0,"{""good"": []}",,,-0.01050348308,"{""good"": []}",,,0.146677831,"{""good"": []}",,,0.0,"{""good"": []}",16.75934998,"{""good"": []}",16.79314268,"{""good"": []}",5153.0,"{""good"": []}",0.6617647059,"{""good"": []}",RA,"{""good"": []}",96.775,"{""good"": []}",,,15.72935108,"{""good"": []}",15.79140311,"{""good"": []}",13.94546101,"{""good"": []}",162.7620824,"{""good"": []}",29.20345833,"{""good"": []}"
2026-09-30 00:59:00+00:00,Aberporth Automatic Weather Station,-4.57,52.14,0.0,"{""good"": []}",984.7,"{""good"": []}",,,17.38995231,"{""good"": []}",,,,,800.0,"{""good"": []}",,"{""good"": []}",,"{""good"": []}",8.0,"{""good"": []}",,"{""good"": []}",,"{""good"": []}",8.0,"{""good"": []}",,,-0.00720991216,"{""good"": []}",,,0.1396668468,"{""good"": []}",,,0.0,"{""good"": []}",16.75779094,"{""good"": []}",16.79611244,"{""good"": []}",6196.5,"{""good"": []}",0.6617647059,"{""good"": []}",RA,"{""good"": []}",96.725,"{""good"": []}",,,15.72910122,"{""good"": []}",15.79231116,"{""good"": []}",13.94561112,"{""good"": []}",160.0683817,"{""good"": []}",26.58808333,"{""good"": []}"
2026-09-30 01:00:00+00:00,Aberporth Automatic Weather Station,-4.57,52.14,0.0,"{""good"": []}",984.785,"{""good"": []}",,,17.40712336,"{""good"": []}",,,,,800.0,"{""good"": []}",,"{""good"": []}",,"{""good"": []}",8.0,"{""good"": []}",,"{""good"": []}",,"{""good"": []}",8.0,"{""good"": []}",,,-0.004505615738,"{""good"": []}",,,0.1004656514,"{""good"": []}",,,0.0,"{""good"": []}",16.75829563,"{""good"": []}",16.79671688,"{""good"": []}",5213.5,"{""good"": []}",0.6617647059,"{""good"": []}",RA,"{""good"": []}",96.775,"{""good"": []}",,,15.72934858,"{""good"": []}",15.79281898,"{""good"": []}",13.94612152,"{""good"": []}",160.9979526,"{""good"": []}",27.14329167,"{""good"": []}"
2026-09-30 01:01:00+00:00,Aberporth Automatic Weather Station,-4.57,52.14,0.0,"{""good"": []}",984.645,"{""good"": []}",,,17.41624228,"{""good"": []}",,,,,800.0,"{""good"": []}",,"{""good"": []}",,"{""good"": []}",8.0,"{""good"": []}",,"{""good"": []}",,"{""good"": []}",8.0,"{""good"": []}",,,-0.001556312058,"{""good"": []}",,,0.09053969158,"{""good"": []}",,,0.0,"{""good"": []}",16.7589977,"{""good"": []}",16.79686924,"{""good"": []}",5015.5,"{""good"": []}",0.6617647059,"{""good"": []}",RA,"{""good"": []}",96.85,"{""good"": []}",,,15.72909872,"{""good"": []}",15.7936745,"{""good"": []}",13.94637171,"{""good"": []}",163.166839,"{""good"": []}",34.67375,"{""good"": []}"
2026-09-30 01:02:00+00:00,Aberporth Automatic Weather Station,-4.57,52.14,0.0,"{""good"": []}",984.605,"{""good"": []}",,,17.4305977,"{""good"": []}",,,,,800.0,"{""good"": []}",,"{""good"": []}",,"{""good"": []}",8.0,"{""good"": []}",,"{""good"": []}",,"{""good"": []}",8.0,"{""good"": []}",,,0.001987711064,"{""good"": []}",,,0.1104921147,"{""good"": []}",,,0.0,"{""good"": []}",16.75486774,"{""good"": []}",16.79253824,"{""good"": []}",3574.0,"{""good"": []}",0.6617647059,"{""good"": []}",RA,"{""good"": []}",96.7,"{""good"": []}",,,15.72924864,"{""good"": []}",15.7936745,"{""good"": []}",13.94667194,"{""good"": []}",161.2137161,"{""good"": []}",28.888875,"{""good"": []}"
2026-09-30 01:03:00+00:00,Aberporth Automatic Weather Station,-4.57,52.14,0.0,"{""good"": []}",984.74,"{""good"": []}",,,17.44222744,"{""good"": []}",,,,,800.0,"{""good"": []}",,"{""good"": []}",,"{""good"": []}",8.0,"{""good"": []}",,"{""good"": []}",,"{""good"": []}",8.0,"{""good"": []}",,,0.005237306402,"{""good"": []}",,,0.1017221018,"{""good"": []}",,,0.0,"{""good"": []}",16.74998325,"{""good"": []}",16.78594433,"{""good"": []}",4349.0,"{""good"": []}",0.6617647059,"{""good"": []}",RA,"{""good"": []}",96.725,"{""good"": []}",,,15.72894381,"{""good"": []}",15.79417981,"{""good"": []}",13.94687209,"{""good"": []}",161.8758752,"{""good"": []}",30.65745833,"{""good"": []}"
2026-09-30 01:04:00+00:00,Aberporth Automatic Weather Station,-4.57,52.14,0.0,"{""good"": []}",984.755,"{""good"": []}",,,17.44258221,"{""good"": []}",,,,,800.0,"{""good"": []}",,"{""good"": []}",,"{""good"": []}",8.0,"{""good"": []}",,"{""good"": []}",,"{""good"": []}",8.0,"{""good"": []}",,,0.00829382722,"{""good"": []}",,,0.09466084836,"{""good"": []}",,,0.0,"{""good"": []}",16.74872153,"{""good"": []}",16.78130862,"{""good"": []}",4462.5,"{""good"": []}",0.6617647059,"{""good"": []}",RA,"{""good"": []}",96.725,"{""good"": []}",,,15.72884387,"{""good"": []}",15.79458256,"{""good"": []}",13.94738248,"{""good"": []}",166.5629396,"{""good"": []}",26.529125,"{""good"": []}"
2026-09-30 01:05:00+00:00,Aberporth Automatic Weather Station,-4.57,52.14,0.0,"{""good"": []}",984.69,"{""good"": []}",,,17.36331009,"{""good"": []}",,,,,800.0,"{""good"": []}",,"{""good"": []}",,"{""good"": []}",8.0,"{""good"": []}",,"{""good"": []}",,"{""good"": []}",8.0,"{""good"": []}",,,0.01165692175,"{""good"": []}",,,0.1281577808,"{""good"": []}",,,0.0,"{""good"": []}",16.74852165,"{""good"": []}",16.77984997,"{""good"": []}",5567.0,"{""good"": []}",0.6617647059,"{""good"": []}",RA,"{""good"": []}",96.925,"{""good"": []}",,,15.72889633,"{""good"": []}",15.79498531,"{""good"": []}",13.94763267,"{""good"": []}",164.6258015,"{""good"": []}",25.99729167,"{""good"": []}"
2026-09-30 01:06:00+00:00,Aberporth Automatic Weather Station,-4.57,52.14,0.0,"{""good"": []}",984.7,"{""good"": []}",,,17.35213254,"{""good"": []}",,,,,800.0,"{""good"": []}",,"{""good"": []}",,"{""good"": []}",8.0,"{""good"": []}",,"{""good"": []}",,"{""good"": []}",8.0,"{""good"": []}",,,0.01515152468,"{""good"": []}",,,0.1102156983,"{""good"": []}",,,0.0,"{""good"": []}",16.74776711,"{""good"": []}",16.7825175,"{""good"": []}",4978.0,"{""good"": []}",0.6617647059,"{""good"": []}",RA,"{""good"": []}",97.075,"{""good"": []}",,,15.72909872,"{""good"": []}",15.79584334,"{""good"": []}",13.94788287,"{""good"": []}",164.5853207,"{""good"": []}",27.43779167,"{""good"": []}"
2026-09-30 01:07:00+00:00,Aberporth Automatic Weather Station,-4.57,52.14,0.0,"{""good"": []}",984.69,"{""good"": []}",,,17.355203,"{""good"": []}",,,,,700.0,"{""good"": []}",,"{""good"": []}",,"{""good"": []}",8.0,"{""good"": []}",,"{""good"": []}",,"{""good"": []}",8.0,"{""good"": []}",,,0.01855147528,"{""good"": []}",,,0.1035565196,"{""good"": []}",,,0.0,"{""good"": []}",16.74791952,"{""good"": []}",16.78266986,"{""good"": []}",4657.0,"{""good"": []}",0.6617647059,"{""good"": []}",RA,"{""good"": []}",97.2,"{""good"": []}",,,15.72904875,"{""good"": []}",15.79639617,"{""good"": []}",13.9481831,"{""good"": []}",160.5834651,"{""good"": []}",27.659625,"{""good"": []}"
2026-09-30 01:08:00+00:00,Aberporth Automatic Weather Station,-4.57,52.14,0.0,"{""good"": []}",984.755,"{""good"": []}",,,17.34734823,"{""good"": []}",,,,,700.0,"{""good"": []}",,"{""good"": []}",,"{""good"": []}",8.0,"{""good"": []}",,"{""good"": []}",,"{""good"": []}",8.0,"{""good"": []}",,,0.02173782955,"{""good"": []}",,,0.1014708167,"{""good"": []}",,,0.0,"{""good"": []}",16.74610564,"{""good"": []}",16.780357,"{""good"": []}",3910.5,"{""good"": []}",0.6617647059,"{""good"": []}",RA,"{""good"": []}",97.35,"{""good"": []}",,,15.72904625,"{""good"": []}",15.79725671,"{""good"": []}",13.94859091,"{""good"": []}",159.9002051,"{""good"": []}",31.436,"{""good"": []}"
2026-09-30 01:09:00+00:00,Aberporth Automatic Weather Station,-4.57,52.14,0.0,"{""good"": []}",984.775,"{""good"": []}",,,17.27976083,"{""good"": []}",,,,,700.0,"{""good"": []}",,"{""good"": []}",,"{""good"": []}",8.0,"{""good"": []}",,"{""good"": []}",,"{""good"": []}",8.0,"{""good"": []}",,,0.02484879718,"{""good"": []}",,,0.1094367096,"{""good"": []}",,,0.0,"{""good"": []}",16.74217806,"{""good"": []}",16.7746123,"{""good"": []}",4406.5,"{""good"": []}",0.6617647059,"{""good"": []}",RA,"{""good"": []}",97.4,"{""good"": []}",,,15.72864398,"{""good"": []}",15.79780954,"{""good"": []}",13.94894369,"{""good"": []}",163.9774048,"{""good"": []}",26.14808333,"{""good"": []}"
2026-09-30 01:10:00+00:00,Aberporth Automatic Weather Station,-4.57,52.14,0.0,"{""good"": []}",984.855,"{""good"": []}",,,17.18558116,"{""good"": []}",,,,,700.0,"{""good"": []}",,"{""good"": []}",,"{""good"": []}",8.0,"{""good"": []}",,"{""good"": []}",,"{""good"": []}",8.0,"{""good"": []}",,,0.02808624705,"{""good"": []}",,,0.09448495967,"{""good"": []}",,,0.0,"{""good"": []}",16.73749344,"{""good"": []}",16.76746391,"{""good"": []}",4785.0,"{""good"": []}",0.6617647059,"{""good"": []}",-RA,"{""good"": []}",97.5,"{""good"": []}",,,15.72859151,"{""good"": []}",15.79750936,"{""good"": []}",13.94934399,"{""good"": []}",161.8053094,"{""good"": []}",24.56595833,"{""good"": []}"
2026-09-30 01:11:00+00:00,Aberporth Automatic Weather Station,-4.57,52.14,0.0,"{""good"": []}",984.88,"{""good"": []}",,,17.18034465,"{""good"": []}",,,,,700.0,"{""good"": []}",,"{""good"": []}",,"{""good"": []}",8.0,"{""good"": []}",,"{""good"": []}",,"{""good"": []}",8.0,"{""good"": []}",,,0.03125124109,"{""good"": []}",,,0.08727292922,"{""good"": []}",,,0.0,"{""good"": []}",16.73371577,"{""good"": []}",16.76157435,"{""good"": []}",5000.0,"{""good"": []}",0.6617647059,"{""good"": []}",-RA,"{""good"": []}",97.6,"{""good"": []}",,,15.72809179,"{""good"": []}",15.79901779,"{""good"": []}",13.94954415,"{""good"": []}",165.9242441,"{""good"": []}",22.63620833,"{""good"": []}"
2026-09-30 01:12:00+00:00,Aberporth Automatic Weather Station,-4.57,52.14,0.0,"{""good"": []}",984.845,"{""good"": []}",,,17.17238995,"{""good"": []}",,,,,700.0,"{""good"": []}",,"{""good"": []}",,"{""good"": []}",8.0,"{""good"": []}",,"{""good"": []}",,"{""good"": []}",8.0,"{""good"": []}",,,0.03434168597,"{""good"": []}",,,0.09192179458,"{""good"": []}",,,0.0,"{""good"": []}",16.72732221,"{""good"": []}",16.75391893,"{""good"": []}",5437.5,"{""good"": []}",0.6617647059,"{""good"": []}",-RA,"{""good"": []}",97.7,"{""good"": []}",,,15.72844159,"{""good"": []}",15.79891773,"{""good"": []}",13.94985188,"{""good"": []}",162.8074598,"{""good"": []}",28.22204167,"{""good"": []}"
2026-09-30 01:13:00+00:00,Aberporth Automatic Weather Station,-4.57,52.14,0.0,"{""good"": []}",984.905,"{""good"": []}",,,17.19590677,"{""good"": []}",,,,,700.0,"{""good"": []}",,"{""good"": []}",,"{""good"": []}",8.0,"{""good"": []}",,"{""good"": []}",,"{""good"": []}",8.0,"{""good"": []}",,,0.03758458022,"{""good"": []}",,,0.09124331178,"{""good"": []}",,,0.0,"{""good"": []}",16.72379187,"{""good"": []}",16.7491883,"{""good"": []}",6382.5,"{""good"": []}",0.6617647059,"{""good"": []}",-RA,"{""good"": []}",97.725,"{""good"": []}",,,15.72859401,"{""good"": []}",15.79942053,"{""good"": []}",13.95005454,"{""good"": []}",164.7125506,"{""good"": []}",24.77729167,"{""good"": []}"
2026-09-30 01:14:00+00:00,Aberporth Automatic Weather Station,-4.57,52.14,0.0,"{""good"": []}",984.995,"{""good"": []}",,,17.20950519,"{""good"": []}",,,,,700.0,"{""good"": []}",,"{""good"": []}",,"{""good"": []}",8.0,"{""good"": []}",,"{""good"": []}",,"{""good"": []}",8.0,"{""good"": []}",,,0.04031316809,"{""good"": []}",,,0.09503779518,"{""good"": []}",,,0.0,"{""good"": []}",16.723592,"{""good"": []}",16.74812927,"{""good"": []}",8533.5,"{""good"": []}",0.6617647059,"{""good"": []}",-RA,"{""good"": []}",97.775,"{""good"": []}",,,15.72849406,"{""good"": []}",15.80048119,"{""good"": []}",13.95030473,"{""good"": []}",162.3315144,"{""good"": []}",22.48966667,"{""good"": []}"
2026-09-30 01:15:00+00:00,Aberporth Automatic Weather Station,-4.57,52.14,0.0,"{""good"": []}",984.995,"{""good"": []}",,,17.21056199,"{""good"": []}",,,,,700.0,"{""good"": []}",,"{""good"": []}",,"{""good"": []}",8.0,"{""good"": []}",,"{""good"": []}",,"{""good"": []}",8.0,"{""good"": []}",,,0.0422903995,"{""good"": []}",,,0.04528241953,"{""good"": []}",,,0.0,"{""good"": []}",16.72353953,"{""good"": []}",16.74782705,"{""good"": []}",8140.0,"{""good"": []}",0.6617647059,"{""good"": []}",-RA,"{""good"": []}",97.825,"{""good"": []}",,,15.72799185,"{""good"": []}",15.80043116,"{""good"": []}",13.95075758,"{""good"": []}",160.4261362,"{""good"": []}",21.67375,"{""good"": []}"
2026-09-30 01:16:00+00:00,Aberporth Automatic Weather Station,-4.57,52.14,0.0,"{""good"": []}",985.06,"{""good"": []}",,,17.19958182,"{""good"": []}",,,,,700.0,"{""good"": []}",,"{""good"": []}",,"{""good"": []}",8.0,"{""good"": []}",,"{""good"": []}",,"{""good"": []}",8.0,"{""good"": []}",,,0.04445274748,"{""good"": []}",,,0.03967865896,"{""good"": []}",,,0.0,"{""good"": []}",16.72177812,"{""good"": []}",16.74596377,"{""good"": []}",7582.0,"{""good"": []}",0.6617647059,"{""good"": []}",DZ,"{""good"": []}",97.9,"{""good"": []}",,,15.72834165,"{""good"": []}",15.80129169,"{""good"": []}",13.95101278,"{""good"": []}",167.2063157,"{""good"": []}",22.870375,"{""good"": []}"
2026-09-30 01:17:00+00:00,Aberporth Automatic Weather Station,-4.57,52.14,0.0,"{""good"": []}",984.975,"{""good"": []}",,,17.20195023,"{""good"": []}",,,,,600.0,"{""good"": []}",,"{""good"": []}",,"{""good"": []}",8.0,"{""good"": []}",,"{""good"": []}",,"{""good"": []}",8.0,"{""good"": []}",,,0.04743723183,"{""good"": []}",,,0.07576387386,"{""good"": []}",,,0.0,"{""good"": []}",16.72026655,"{""good"": []}",16.74405304,"{""good"": []}",6220.0,"{""good"": []}",0.6617647059,"{""good"": []}",DZ,"{""good"": []}",97.95,"{""good"": []}",,,15.72794188,"{""good"": []}",15.8017945,"{""good"": []}",13.95146562,"{""good"": []}",166.41384,"{""good"": []}",24.32345833,"{""good"": []}"
2026-09-30 01:18:00+00:00,Aberporth Automatic Weather Station,-4.57,52.14,0.0,"{""good"": []}",985.055,"{""good"": []}",,,17.20930033,"{""good"": []}",,,,,600.0,"{""good"": []}",,"{""good"": []}",,"{""good"": []}",8.0,"{""good"": []}",,"{""good"": []}",,"{""good"": []}",8.0,"{""good"": []}",,,0.05085519084,"{""good"": []}",,,0.05925412772,"{""good"": []}",,,0.0,"{""good"": []}",16.71905979,"{""good"": []}",16.74264434,"{""good"": []}",5986.0,"{""good"": []}",0.6617647059,"{""good"": []}",DZ,"{""good"": []}",97.975,"{""good"": []}",,,15.72834165,"{""good"": []}",15.80300524,"{""good"": []}",13.95171582,"{""good"": []}",168.5256136,"{""good"": []}",20.84275,"{""good"": []}"
2026-09-30 01:19:00+00:00,Aberporth Automatic Weather Station,-4.57,52.14,0.0,"{""good"": []}",985.01,"{""good"": []}",,,17.20089094,"{""good"": []}",,,,,600.0,"{""good"": []}",,"{""good"": []}",,"{""good"": []}",8.0,"{""good"": []}",,"{""good"": []}",,"{""good"": []}",8.0,"{""good"": []}",,,0.05356451309,"{""good"": []}",,,0.04598602985,"{""good"": []}",,,0.0,"{""good"": []}",16.71492733,"{""good"": []}",16.73725432,"{""good"": []}",9772.5,"{""good"": []}",0.6617647059,"{""good"": []}",DZ,"{""good"": []}",97.975,"{""good"": []}",,,15.72814177,"{""good"": []}",15.80300524,"{""good"": []}",13.95206609,"{""good"": []}",169.4601626,"{""good"": []}",25.09316667,"{""good"": []}"
2026-09-30 01:20:00+00:00,Aberporth Automatic Weather Station,-4.57,52.14,0.0,"{""good"": []}",985.085,"{""good"": []}",,,17.20895057,"{""good"": []}",,,,,600.0,"{""good"": []}",,"{""good"": []}",,"{""good"": []}",8.0,"{""good"": []}",,"{""good"": []}",,"{""good"": []}",8.0,"{""good"": []}",,,0.05599197186,"{""good"": []}",,,0.06005825682,"{""good"": []}",,,0.0,"{""good"": []}",16.71004285,"{""good"": []}",16.73352777,"{""good"": []}",8118.0,"{""good"": []}",0.6617647059,"{""good"": []}",DZ,"{""good"": []}",97.925,"{""good"": []}",,,15.72794187,"{""good"": []}",15.80320537,"{""good"": []}",13.95231878,"{""good"": []}",165.7177673,"{""good"": []}",23.603375,"{""good"": []}"
2026-09-30 01:21:00+00:00,Aberporth Automatic Weather Station,-4.57,52.14,0.0,"{""good"": []}",985.11,"{""good"": []}",,,17.21071189,"{""good"": []}",,,,,600.0,"{""good"": []}",,"{""good"": []}",,"{""good"": []}",8.0,"{""good"": []}",,"{""good"": []}",,"{""good"": []}",8.0,"{""good"": []}",,,0.0578607298,"{""good"": []}",,,0.07005958383,"{""good"": []}",,,0.0,"{""good"": []}",16.70420394,"{""good"": []}",16.7275358,"{""good"": []}",9330.0,"{""good"": []}",0.6617647059,"{""good"": []}",DZ,"{""good"": []}",97.8,"{""good"": []}",,,15.72814176,"{""good"": []}",15.80386077,"{""good"": []}",13.95267655,"{""good"": []}",169.4226449,"{""good"": []}",23.589875,"{""good"": []}"
2026-09-30 01:22:00+00:00,Aberporth Automatic Weather Station,-4.57,52.14,0.0,"{""good"": []}",985.05,"{""good"": []}",,,17.21766225,"{""good"": []}",,,,,600.0,"{""good"": []}",,"{""good"": []}",,"{""good"": []}",8.0,"{""good"": []}",,"{""good"": []}",,"{""good"": []}",8.0,"{""good"": []}",,,0.06026264073,"{""good"": []}",,,0.06809951503,"{""good"": []}",,,0.0,"{""good"": []}",16.69931695,"{""good"": []}",16.72184856,"{""good"": []}",8756.5,"{""good"": []}",0.6617647059,"{""good"": []}",DZ,"{""good"": []}",97.775,"{""good"": []}",,,15.7278919,"{""good"": []}",15.80476882,"{""good"": []}",13.9528767,"{""good"": []}",165.7038551,"{""good"": []}",22.71125,"{""good"": []}"
2026-09-30 01:23:00+00:00,Aberporth Automatic Weather Station,-4.57,52.14,0.0,"{""good"": []}",985.145,"{""good"": []}",,,17.21967841,"{""good"": []}",,,,,600.0,"{""good"": []}",,"{""good"": []}",,"{""good"": []}",8.0,"{""good"": []}",,"{""good"": []}",,"{""good"": []}",8.0,"{""good"": []}",,,0.06270140762,"{""good"": []}",,,0.04372441677,"{""good"": []}",,,0.0,"{""good"": []}",16.69508705,"{""good"": []}",16.71641108,"{""good"": []}",8299.5,"{""good"": []}",0.6617647059,"{""good"": []}",DZ,"{""good"": []}",97.7,"{""good"": []}",,,15.7275371,"{""good"": []}",15.80481886,"{""good"": []}",13.95338209,"{""good"": []}",168.9767676,"{""good"": []}",24.40645833,"{""good"": []}"
2026-09-30 01:24:00+00:00,Aberporth Automatic Weather Station,-4.57,52.14,0.0,"{""good"": []}",985.15,"{""good"": []}",,,17.21207348,"{""good"": []}",,,,,600.0,"{""good"": []}",,"{""good"": []}",,"{""good"": []}",8.0,"{""good"": []}",,"{""good"": []}",,"{""good"": []}",8.0,"{""good"": []}",,,0.06418652989,"{""good"": []}",,,0.0385981036,"{""good"": []}",,,0.0,"{""good"": []}",16.69105453,"{""good"": []}",16.71203013,"{""good"": []}",6809.5,"{""good"": []}",0.4403669725,"{""good"": []}",-RA,"{""good"": []}",97.625,"{""good"": []}",,,15.72809179,"{""good"": []}",15.80532417,"{""good"": []}",13.95343214,"{""good"": []}",172.9392257,"{""good"": []}",26.23358333,"{""good"": []}"
2026-09-30 01:25:00+00:00,Aberporth Automatic Weather Station,-4.57,52.14,0.0,"{""good"": []}",985.23,"{""good"": []}",,,17.20834597,"{""good"": []}",,,,,600.0,"{""good"": []}",,"{""good"": []}",,"{""good"": []}",8.0,"{""good"": []}",,"{""good"": []}",,"{""good"": []}",8.0,"{""good"": []}",,,0.06688286844,"{""good"": []}",,,0.09154483966,"{""good"": []}",,,0.0,"{""good"": []}",16.68390144,"{""good"": []}",16.70432475,"{""good"": []}",7262.0,"{""good"": []}",0.4247787611,"{""good"": []}",-RA,"{""good"": []}",97.475,"{""good"": []}",,,15.72773949,"{""good"": []}",15.80567438,"{""good"": []}",13.95383744,"{""good"": []}",182.1462956,"{""good"": []}",26.97533333,"{""good"": []}"
2026-09-30 01:26:00+00:00,Aberporth Automatic Weather Station,-4.57,52.14,0.0,"{""good"": []}",985.425,"{""good"": []}",,,17.2145893,"{""good"": []}",,,,,600.0,"{""good"": []}",,"{""good"": []}",,"{""good"": []}",8.0,"{""good"": []}",,"{""good"": []}",,"{""good"": []}",8.0,"{""good"": []}",,,0.06952057271,"{""good"": []}",,,0.07237143851,"{""good"": []}",,,0.0,"{""good"": []}",16.67952164,"{""good"": []}",16.69667431,"{""good"": []}",9258.0,"{""good"": []}",0.4102564103,"{""good"": []}",-RA,"{""good"": []}",97.425,"{""good"": []}",,,15.72783943,"{""good"": []}",15.80592954,"{""good"": []}",13.95413768,"{""good"": []}",189.4612826,"{""good"": []}",18.5005,"{""good"": []}"
2026-09-30 01:27:00+00:00,Aberporth Automatic Weather Station,-4.57,52.14,0.0,"{""good"": []}",985.51,"{""good"": []}",,,17.19047039,"{""good"": []}",,,,,600.0,"{""good"": []}",,"{""good"": []}",,"{""good"": []}",8.0,"{""good"": []}",,"{""good"": []}",,"{""good"": []}",8.0,"{""good"": []}",,,0.07034480292,"{""good"": []}",,,-0.008116655993,"{""good"": []}",,,0.0,"{""good"": []}",16.67302314,"{""good"": []}",16.68700575,"{""good"": []}",8822.5,"{""good"": []}",0.3966942149,"{""good"": []}",-RA,"{""good"": []}",97.5,"{""good"": []}",,,15.72783943,"{""good"": []}",15.80673504,"{""good"": []}",13.95443791,"{""good"": []}",197.4879779,"{""good"": []}",19.21175,"{""good"": []}"
2026-09-30 01:28:00+00:00,Aberporth Automatic Weather Station,-4.57,52.14,0.0,"{""good"": []}",985.475,"{""good"": []}",,,17.08818113,"{""good"": []}",,,,,600.0,"{""good"": []}",,"{""good"": []}",,"{""good"": []}",8.0,"{""good"": []}",,"{""good"": []}",,"{""good"": []}",8.0,"{""good"": []}",,,0.0693094891,"{""good"": []}",,,-0.07390431574,"{""good"": []}",,,0.0,"{""good"": []}",16.64955509,"{""good"": []}",16.65422604,"{""good"": []}",4874.5,"{""good"": []}",0.384,"{""good"": []}",-RA,"{""good"": []}",97.325,"{""good"": []}",,,15.72743716,"{""good"": []}",15.80739044,"{""good"": []}",13.95484322,"{""good"": []}",186.7120886,"{""good"": []}",20.68504167,"{""good"": []}"
2026-09-30 01:29:00+00:00,Aberporth Automatic Weather Station,-4.57,52.14,0.2,"{""good"": []}",985.42,"{""good"": []}",,,16.90833861,"{""good"": []}",,,,,600.0,"{""good"": []}",,"{""good"": []}",,"{""good"": []}",8.0,"{""good"": []}",,"{""good"": []}",,"{""good"": []}",8.0,"{""good"": []}",,,0.0670047431,"{""good"": []}",,,-0.1705503571,"{""good"": []}",,,0.0,"{""good"": []}",16.6019619,"{""good"": []}",16.5829319,"{""good"": []}",3485.5,"{""good"": []}",0.3771608172,"{""good"": []}",RA,"{""good"": []}",96.85,"{""good"": []}",,,15.72718481,"{""good"": []}",15.80784572,"{""good"": []}",13.95514845,"{""good"": []}",190.6553561,"{""good"": []}",21.83495833,"{""good"": []}"
2026-09-30 01:30:00+00:00,Aberporth Automatic Weather Station,-4.57,52.14,0.2,"{""good"": []}",985.6,"{""good"": []}",,,16.86708613,"{""good"": []}",,,,,600.0,"{""good"": []}",,"{""good"": []}",,"{""good"": []}",8.0,"{""good"": []}",,"{""good"": []}",,"{""good"": []}",8.0,"{""good"": []}",,,0.06809199001,"{""good"": []}",,,0.07764852687,"{""good"": []}",,,0.0,"{""good"": []}",16.54006001,"{""good"": []}",16.47926269,"{""good"": []}",1981.0,"{""good"": []}",9.350649351,"{""good"": []}",RA,"{""good"": []}",96.775,"{""good"": []}",,,15.72773949,"{""good"": []}",15.8081459,"{""good"": []}",13.95539865,"{""good"": []}",211.1263644,"{""good"": []}",19.624375,"{""good"": []}"
2026-09-30 01:31:00+00:00,Aberporth Automatic Weather Station,-4.57,52.14,0.0,"{""good"": []}",985.735,"{""good"": []}",,,16.41211464,"{""good"": []}",,,,,600.0,"{""good"": []}",,"{""good"": []}",,"{""good"": []}",8.0,"{""good"": []}",,"{""good"": []}",,"{""good"": []}",8.0,"{""good"": []}",,,0.05773215077,"{""good"": []}",,,-0.6355871928,"{""good"": []}",,,0.0,"{""good"": []}",16.47403067,"{""good"": []}",16.35988298,"{""good"": []}",1263.5,"{""good"": []}",9.350649351,"{""good"": []}",+RA,"{""good"": []}",95.75,"{""good"": []}",,,15.7275371,"{""good"": []}",15.80869874,"{""good"": []}",13.95579895,"{""good"": []}",226.9711976,"{""good"": []}",21.94391667,"{""good"": []}"
2026-09-30 01:32:00+00:00,Aberporth Automatic Weather Station,-4.57,52.14,0.0,"{""good"": []}",985.835,"{""good"": []}",,,15.69721406,"{""good"": []}",,,,,600.0,"{""good"": []}",,"{""good"": []}",,"{""good"": []}",8.0,"{""good"": []}",,"{""good"": []}",,"{""good"": []}",8.0,"{""good"": []}",,,0.05765215685,"{""good"": []}",,,-0.004875021887,"{""good"": []}",,,0.0,"{""good"": []}",16.21777346,"{""good"": []}",15.96247516,"{""good"": []}",2352.0,"{""good"": []}",5.581395349,"{""good"": []}",+RA,"{""good"": []}",94.025,"{""good"": []}",,,15.72768952,"{""good"": []}",15.80925408,"{""good"": []}",13.95610169,"{""good"": []}",219.1396702,"{""good"": []}",21.95225,"{""good"": []}"
2026-09-30 01:33:00+00:00,Aberporth Automatic Weather Station,-4.57,52.14,0.0,"{""good"": []}",985.895,"{""good"": []}",,,15.45643219,"{""good"": []}",,,,,600.0,"{""good"": []}",,"{""good"": []}",,"{""good"": []}",8.0,"{""good"": []}",,"{""good"": []}",,"{""good"": []}",8.0,"{""good"": []}",,,0.07012533826,"{""good"": []}",,,0.7650513958,"{""good"": []}",,,0.0,"{""good"": []}",15.98131157,"{""good"": []}",15.59028654,"{""good"": []}",3502.5,"{""good"": []}",3.80952381,"{""good"": []}",+RA,"{""good"": []}",94.4,"{""good"": []}",,,15.72733472,"{""good"": []}",15.8096093,"{""good"": []}",13.95630685,"{""good"": []}",220.3894854,"{""good"": []}",22.20466667,"{""good"": []}"
2026-09-30 01:34:00+00:00,Aberporth Automatic Weather Station,-4.57,52.14,0.0,"{""good"": []}",985.985,"{""good"": []}",,,15.38194688,"{""good"": []}",,,,,600.0,"{""good"": []}",,"{""good"": []}",,"{""good"": []}",8.0,"{""good"": []}",,"{""good"": []}",,"{""good"": []}",8.0,"{""good"": []}",,,0.08987796497,"{""good"": []}",,,1.226947088,"{""good"": []}",,,0.0,"{""good"": []}",15.81016695,"{""good"": []}",15.32122014,"{""good"": []}",3413.5,"{""good"": []}",0.0,"{""good"": []}",+RA,"{""good"": []}",95.175,"{""good"": []}",,,15.72723228,"{""good"": []}",15.80991199,"{""good"": []}",13.95680973,"{""good"": []}",218.2359852,"{""good"": []}",19.84695833,"{""good"": []}"
2026-09-30 01:35:00+00:00,Aberporth Automatic Weather Station,-4.57,52.14,0.2,"{""good"": []}",986.05,"{""good"": []}",,,15.25543378,"{""good"": []}",,,,,600.0,"{""good"": []}",,"{""good"": []}",,"{""good"": []}",8.0,"{""good"": []}",,"{""good"": []}",,"{""good"": []}",8.0,"{""good"": []}",,,0.1058507715,"{""good"": []}",,,1.0331271,"{""good"": []}",,,0.0,"{""good"": []}",15.6837498,"{""good"": []}",15.1391034,"{""good"": []}",3490.5,"{""good"": []}",2.647058824,"{""good"": []}",+RA,"{""good"": []}",95.7,"{""good"": []}",,,15.72738719,"{""good"": []}",15.81087008,"{""good"": []}",13.95716,"{""good"": []}",221.0992598,"{""good"": []}",18.88883333,"{""good"": []}"
2026-09-30 01:36:00+00:00,Aberporth Automatic Weather Station,-4.57,52.14,0.0,"{""good"": []}",985.965,"{""good"": []}",,,15.20371078,"{""good"": []}",,,,,500.0,"{""good"": []}",,"{""good"": []}",,"{""good"": []}",8.0,"{""good"": []}",,"{""good"": []}",,"{""good"": []}",8.0,"{""good"": []}",,,0.119776822,"{""good"": []}",,,0.9305505714,"{""good"": []}",,,0.0,"{""good"": []}",15.5817626,"{""good"": []}",14.99606306,"{""good"": []}",1815.0,"{""good"": []}",2.647058824,"{""good"": []}",+RA,"{""good"": []}",96.275,"{""good"": []}",,,15.72713483,"{""good"": []}",15.81071999,"{""good"": []}",13.95736266,"{""good"": []}",222.4659877,"{""good"": []}",18.437625,"{""good"": []}"
2026-09-30 01:37:00+00:00,Aberporth Automatic Weather Station,-4.57,52.14,0.2,"{""good"": []}",986.05,"{""good"": []}",,,15.17530723,"{""good"": []}",,,,,500.0,"{""good"": []}",,"{""good"": []}",,"{""good"": []}",8.0,"{""good"": []}",,"{""good"": []}",,"{""good"": []}",8.0,"{""good"": []}",,,0.1301910982,"{""good"": []}",,,0.7511799585,"{""good"": []}",,,0.0,"{""good"": []}",15.51865646,"{""good"": []}",14.90376834,"{""good"": []}",1743.5,"{""good"": []}",6.206896552,"{""good"": []}",+RA,"{""good"": []}",96.8,"{""good"": []}",,,15.72698242,"{""good"": []}",15.81137289,"{""good"": []}",13.95767039,"{""good"": []}",221.9318832,"{""good"": []}",16.90583333,"{""good"": []}"
2026-09-30 01:38:00+00:00,Aberporth Automatic Weather Station,-4.57,52.14,0.0,"{""good"": []}",986.005,"{""good"": []}",,,15.11632907,"{""good"": []}",,,,,500.0,"{""good"": []}",,"{""good"": []}",,"{""good"": []}",8.0,"{""good"": []}",,"{""good"": []}",,"{""good"": []}",8.0,"{""good"": []}",,,0.137346986,"{""good"": []}",,,0.5180082997,"{""good"": []}",,,0.0,"{""good"": []}",15.47518822,"{""good"": []}",14.84657368,"{""good"": []}",2224.0,"{""good"": []}",6.206896552,"{""good"": []}",+RA,"{""good"": []}",97.075,"{""good"": []}",,,15.72723228,"{""good"": []}",15.81197826,"{""good"": []}",13.95802066,"{""good"": []}",224.8803193,"{""good"": []}",19.15133333,"{""good"": []}"
2026-09-30 01:39:00+00:00,Aberporth Automatic Weather Station,-4.57,52.14,0.0,"{""good"": []}",986.05,"{""good"": []}",,,15.06627247,"{""good"": []}",,,,,500.0,"{""good"": []}",,"{""good"": []}",,"{""good"": []}",8.0,"{""good"": []}",,"{""good"": []}",,"{""good"": []}",8.0,"{""good"": []}",,,0.1439408216,"{""good"": []}",,,0.4337507869,"{""good"": []}",,,0.0,"{""good"": []}",15.42416964,"{""good"": []}",14.79425701,"{""good"": []}",2572.0,"{""good"": []}",6.206896552,"{""good"": []}",+RA,"{""good"": []}",97.325,"{""good"": []}",,,15.72678253,"{""good"": []}",15.81248357,"{""good"": []}",13.95817078,"{""good"": []}",220.9856773,"{""good"": []}",16.6385,"{""good"": []}"
2026-09-30 01:40:00+00:00,Aberporth Automatic Weather Station,-4.57,52.14,0.4,"{""good"": []}",986.035,"{""good"": []}",,,14.97375669,"{""good"": []}",,,,,500.0,"{""good"": []}",,"{""good"": []}",,"{""good"": []}",8.0,"{""good"": []}",,"{""good"": []}",,"{""good"": []}",8.0,"{""good"": []}",,,0.145174232,"{""good"": []}",,,0.1859290648,"{""good"": []}",,,0.0,"{""good"": []}",15.37672635,"{""good"": []}",14.74813962,"{""good"": []}",2558.5,"{""good"": []}",0.0,"{""good"": []}",+RA,"{""good"": []}",97.35,"{""good"": []}",,,15.72703239,"{""good"": []}",15.81329157,"{""good"": []}",13.95852355,"{""good"": []}",217.8096154,"{""good"": []}",19.93433333,"{""good"": []}"
2026-09-30 01:41:00+00:00,Aberporth Automatic Weather Station,-4.57,52.14,0.0,"{""good"": []}",986.14,"{""good"": []}",,,14.91981517,"{""good"": []}",,,,,500.0,"{""good"": []}",,"{""good"": []}",,"{""good"": []}",8.0,"{""good"": []}",,"{""good"": []}",,"{""good"": []}",8.0,"{""good"": []}",,,0.144259533,"{""good"": []}",,,0.1972119435,"{""good"": []}",,,0.0,"{""good"": []}",15.29946392,"{""good"": []}",14.68228047,"{""good"": []}",2128.0,"{""good"": []}",0.0,"{""good"": []}",+RA,"{""good"": []}",97.475,"{""good"": []}",,,15.72703239,"{""good"": []}",15.8131915,"{""good"": []}",13.95893136,"{""good"": []}",220.2865844,"{""good"": []}",19.90583333,"{""good"": []}"
2026-09-30 01:42:00+00:00,Aberporth Automatic Weather Station,-4.57,52.14,0.0,"{""good"": []}",986.19,"{""good"": []}",,,14.87701123,"{""good"": []}",,,,,500.0,"{""good"": []}",,"{""good"": []}",,"{""good"": []}",8.0,"{""good"": []}",,"{""good"": []}",,"{""good"": []}",8.0,"{""good"": []}",,,0.1429783698,"{""good"": []}",,,0.162885775,"{""good"": []}",,,0.0,"{""good"": []}",15.23781689,"{""good"": []}",14.62890729,"{""good"": []}",3818.5,"{""good"": []}",0.0,"{""good"": []}",+RA,"{""good"": []}",97.6,"{""good"": []}",,,15.72708236,"{""good"": []}",15.813997,"{""good"": []}",13.95928163,"{""good"": []}",223.8140626,"{""good"": []}",18.60541667,"{""good"": []}"
2026-09-30 01:43:00+00:00,Aberporth Automatic Weather Station,-4.57,52.14,0.0,"{""good"": []}",986.225,"{""good"": []}",,,14.83359769,"{""good"": []}",,,,,500.0,"{""good"": []}",,"{""good"": []}",,"{""good"": []}",8.0,"{""good"": []}",,"{""good"": []}",,"{""good"": []}",8.0,"{""good"": []}",,,0.1409420823,"{""good"": []}",,,0.08222187246,"{""good"": []}",,,0.0,"{""good"": []}",15.19344671,"{""good"": []}",14.59286059,"{""good"": []}",3426.5,"{""good"": []}",0.0,"{""good"": []}",+RA,"{""good"": []}",97.7,"{""good"": []}",,,15.72658265,"{""good"": []}",15.81450231,"{""good"": []}",13.95953183,"{""good"": []}",221.0100956,"{""good"": []}",22.08316667,"{""good"": []}"
2026-09-30 01:44:00+00:00,Aberporth Automatic Weather Station,-4.57,52.14,0.0,"{""good"": []}",986.235,"{""good"": []}",,,14.78444298,"{""good"": []}",,,,,500.0,"{""good"": []}",,"{""good"": []}",,"{""good"": []}",8.0,"{""good"": []}",,"{""good"": []}",,"{""good"": []}",8.0,"{""good"": []}",,,0.1412356685,"{""good"": []}",,,0.1190608656,"{""good"": []}",,,0.0,"{""good"": []}",15.13089023,"{""good"": []}",14.53898537,"{""good"": []}",3301.5,"{""good"": []}",0.0,"{""good"": []}",RA,"{""good"": []}",97.65,"{""good"": []}",,,15.72663261,"{""good"": []}",15.81465241,"{""good"": []}",13.9598871,"{""good"": []}",220.2584825,"{""good"": []}",17.64416667,"{""good"": []}"
2026-09-30 01:45:00+00:00,Aberporth Automatic Weather Station,-4.57,52.14,0.0,"{""good"": []}",986.27,"{""good"": []}",,,14.77522913,"{""good"": []}",,,,,500.0,"{""good"": []}",,"{""good"": []}",,"{""good"": []}",8.0,"{""good"": []}",,"{""good"": []}",,"{""good"": []}",8.0,"{""good"": []}",,,0.143133742,"{""good"": []}",,,0.04973013365,"{""good"": []}",,,0.0,"{""good"": []}",15.09790554,"{""good"": []}",14.50504922,"{""good"": []}",3372.0,"{""good"": []}",0.0,"{""good"": []}",RA,"{""good"": []}",97.775,"{""good"": []}",,,15.72688247,"{""good"": []}",15.81505766,"{""good"": []}",13.95999218,"{""good"": []}",222.8051631,"{""good"": []}",22.55475,"{""good"": []}"
2026-09-30 01:46:00+00:00,Aberporth Automatic Weather Station,-4.57,52.14,0.0,"{""good"": []}",986.26,"{""good"": []}",,,14.7300018,"{""good"": []}",,,,,500.0,"{""good"": []}",,"{""good"": []}",,"{""good"": []}",8.0,"{""good"": []}",,"{""good"": []}",,"{""good"": []}",8.0,"{""good"": []}",,,0.1457052722,"{""good"": []}",,,0.04983064356,"{""good"": []}",,,0.0,"{""good"": []}",15.05776275,"{""good"": []}",14.46779115,"{""good"": []}",3175.5,"{""good"": []}",0.0,"{""good"": []}",RA,"{""good"": []}",97.75,"{""good"": []}",,,15.72673256,"{""good"": []}",15.81566053,"{""good"": []}",13.96044253,"{""good"": []}",221.4416318,"{""good"": []}",19.75704167,"{""good"": []}"
2026-09-30 01:47:00+00:00,Aberporth Automatic Weather Station,-4.57,52.14,0.2,"{""good"": []}",986.28,"{""good"": []}",,,14.7048186,"{""good"": []}",,,,,500.0,"{""good"": []}",,"{""good"": []}",,"{""good"": []}",8.0,"{""good"": []}",,"{""good"": []}",,"{""good"": []}",8.0,"{""good"": []}",,,0.1472842082,"{""good"": []}",,,0.03219013893,"{""good"": []}",,,0.0,"{""good"": []}",15.01691541,"{""good"": []}",14.43541606,"{""good"": []}",2377.0,"{""good"": []}",1.743341404,"{""good"": []}",RA,"{""good"": []}",97.8,"{""good"": []}",,,15.72698491,"{""good"": []}",15.81631592,"{""good"": []}",13.96084283,"{""good"": []}",220.6274127,"{""good"": []}",20.047875,"{""good"": []}"
2026-09-30 01:48:00+00:00,Aberporth Automatic Weather Station,-4.57,52.14,0.0,"{""good"": []}",986.275,"{""good"": []}",,,14.69384092,"{""good"": []}",,,,,500.0,"{""good"": []}",,"{""good"": []}",,"{""good"": []}",8.0,"{""good"": []}",,"{""good"": []}",,"{""good"": []}",8.0,"{""good"": []}",,,0.1472720624,"{""good"": []}",,,0.003241628885,"{""good"": []}",,,0.0,"{""good"": []}",14.98377332,"{""good"": []}",14.40656522,"{""good"": []}",2354.5,"{""good"": []}",1.743341404,"{""good"": []}",RA,"{""good"": []}",97.875,"{""good"": []}",,,15.72663012,"{""good"": []}",15.81631843,"{""good"": []}",13.9611981,"{""good"": []}",222.0674209,"{""good"": []}",19.748625,"{""good"": []}"
2026-09-30 01:49:00+00:00,Aberporth Automatic Weather Station,-4.57,52.14,0.0,"{""good"": []}",986.3,"{""good"": []}",,,14.66905995,"{""good"": []}",,,,,500.0,"{""good"": []}",,"{""good"": []}",,"{""good"": []}",8.0,"{""good"": []}",,"{""good"": []}",,"{""good"": []}",8.0,"{""good"": []}",,,0.145834686,"{""good"": []}",,,-0.02517916255,"{""good"": []}",,,0.0,"{""good"": []}",14.95592296,"{""good"": []}",14.38446314,"{""good"": []}",2494.0,"{""good"": []}",1.743341404,"{""good"": []}",RA,"{""good"": []}",97.975,"{""good"": []}",,,15.72627781,"{""good"": []}",15.81641599,"{""good"": []}",13.9611981,"{""good"": []}",220.5742496,"{""good"": []}",18.80004167,"{""good"": []}"
2026-09-30 01:50:00+00:00,Aberporth Automatic Weather Station,-4.57,52.14,0.0,"{""good"": []}",986.315,"{""good"": []}",,,14.64075633,"{""good"": []}",,,,,500.0,"{""good"": []}",,"{""good"": []}",,"{""good"": []}",8.0,"{""good"": []}",,"{""good"": []}",,"{""good"": []}",8.0,"{""good"": []}",,,0.1445196052,"{""good"": []}",,,-0.04658897726,"{""good"": []}",,,0.0,"{""good"": []}",14.93240245,"{""good"": []}",14.36054523,"{""good"": []}",2681.0,"{""good"": []}",1.743341404,"{""good"": []}",RA,"{""good"": []}",98.025,"{""good"": []}",,,15.72658264,"{""good"": []}",15.81762924,"{""good"": []}",13.96155338,"{""good"": []}",219.5618338,"{""good"": []}",18.35366667,"{""good"": []}"
2026-09-30 01:51:00+00:00,Aberporth Automatic Weather Station,-4.57,52.14,0.0,"{""good"": []}",986.32,"{""good"": []}",,,14.62907413,"{""good"": []}",,,,,500.0,"{""good"": []}",,"{""good"": []}",,"{""good"": []}",8.0,"{""good"": []}",,"{""good"": []}",,"{""good"": []}",8.0,"{""good"": []}",,,0.1426562944,"{""good"": []}",,,-0.05490663503,"{""good"": []}",,,0.0,"{""good"": []}",14.90883196,"{""good"": []}",14.3382908,"{""good"": []}",2810.5,"{""good"": []}",1.743341404,"{""good"": []}",RA,"{""good"": []}",98.1,"{""good"": []}",,,15.72678003,"{""good"": []}",15.81732655,"{""good"": []}",13.9621038,"{""good"": []}",218.8282472,"{""good"": []}",19.02408333,"{""good"": []}"
2026-09-30 01:52:00+00:00,Aberporth Automatic Weather Station,-4.57,52.14,0.0,"{""good"": []}",986.33,"{""good"": []}",,,14.62413742,"{""good"": []}",,,,,500.0,"{""good"": []}",,"{""good"": []}",,"{""good"": []}",8.0,"{""good"": []}",,"{""good"": []}",,"{""good"": []}",8.0,"{""good"": []}",,,0.1402548056,"{""good"": []}",,,-0.06654129419,"{""good"": []}",,,0.0,"{""good"": []}",14.87992226,"{""good"": []}",14.32061962,"{""good"": []}",3021.5,"{""good"": []}",1.743341404,"{""good"": []}",UP,"{""good"": []}",98.225,"{""good"": []}",,,15.72643023,"{""good"": []}",15.81797945,"{""good"": []}",13.96230646,"{""good"": []}",219.3892079,"{""good"": []}",16.30933333,"{""good"": []}"
2026-09-30 01:53:00+00:00,Aberporth Automatic Weather Station,-4.57,52.14,0.0,"{""good"": []}",986.365,"{""good"": []}",,,14.61965791,"{""good"": []}",,,,,500.0,"{""good"": []}",,"{""good"": []}",,"{""good"": []}",8.0,"{""good"": []}",,"{""good"": []}",,"{""good"": []}",8.0,"{""good"": []}",,,0.1358786001,"{""good"": []}",,,-0.09659541656,"{""good"": []}",,,0.0,"{""good"": []}",14.86863671,"{""good"": []}",14.31331887,"{""good"": []}",3487.0,"{""good"": []}",1.743341404,"{""good"": []}",UP,"{""good"": []}",98.35,"{""good"": []}",,,15.72642523,"{""good"": []}",15.81843473,"{""good"": []}",13.96261169,"{""good"": []}",216.0817942,"{""good"": []}",16.142,"{""good"": []}"
2026-09-30 01:54:00+00:00,Aberporth Automatic Weather Station,-4.57,52.14,0.0,"{""good"": []}",986.41,"{""good"": []}",,,14.60278417,"{""good"": []}",,,,,500.0,"{""good"": []}",,"{""good"": []}",,"{""good"": []}",8.0,"{""good"": []}",,"{""good"": []}",,"{""good"": []}",8.0,"{""good"": []}",,,0.1307447573,"{""good"": []}",,,-0.1133312274,"{""good"": []}",,,0.0,"{""good"": []}",14.84940106,"{""good"": []}",14.30702219,"{""good"": []}",4633.0,"{""good"": []}",1.743341404,"{""good"": []}",UP,"{""good"": []}",98.4,"{""good"": []}",,,15.72627781,"{""good"": []}",15.8190426,"{""good"": []}",13.96286438,"{""good"": []}",214.7596599,"{""good"": []}",16.56158333,"{""good"": []}"
2026-09-30 01:55:00+00:00,Aberporth Automatic Weather Station,-4.57,52.14,0.0,"{""good"": []}",986.405,"{""good"": []}",,,14.59362028,"{""good"": []}",,,,,500.0,"{""good"": []}",,"{""good"": []}",,"{""good"": []}",8.0,"{""good"": []}",,"{""good"": []}",,"{""good"": []}",8.0,"{""good"": []}",,,0.127590241,"{""good"": []}",,,-0.1147635401,"{""good"": []}",,,0.0,"{""good"": []}",14.83106485,"{""good"": []}",14.29760838,"{""good"": []}",4012.5,"{""good"": []}",1.743341404,"{""good"": []}",UP,"{""good"": []}",98.525,"{""good"": []}",,,15.72617538,"{""good"": []}",15.81924273,"{""good"": []}",13.96326469,"{""good"": []}",216.9729159,"{""good"": []}",14.79825,"{""good"": []}"
2026-09-30 01:56:00+00:00,Aberporth Automatic Weather Station,-4.57,52.14,0.2,"{""good"": []}",986.45,"{""good"": []}",,,14.57488278,"{""good"": []}",,,,,500.0,"{""good"": []}",,"{""good"": []}",,"{""good"": []}",8.0,"{""good"": []}",,"{""good"": []}",,"{""good"": []}",8.0,"{""good"": []}",,,0.126162926,"{""good"": []}",,,-0.1416513974,"{""good"": []}",,,0.0,"{""good"": []}",14.81918217,"{""good"": []}",14.28738533,"{""good"": []}",3726.0,"{""good"": []}",1.398058252,"{""good"": []}",UP,"{""good"": []}",98.55,"{""good"": []}",,,15.72637776,"{""good"": []}",15.81934529,"{""good"": []}",13.96326469,"{""good"": []}",216.3500832,"{""good"": []}",17.35375,"{""good"": []}"
2026-09-30 01:57:00+00:00,Aberporth Automatic Weather Station,-4.57,52.14,0.0,"{""good"": []}",986.48,"{""good"": []}",,,14.57352369,"{""good"": []}",,,,,500.0,"{""good"": []}",,"{""good"": []}",,"{""good"": []}",8.0,"{""good"": []}",,"{""good"": []}",,"{""good"": []}",8.0,"{""good"": []}",,,0.1240357685,"{""good"": []}",,,-0.1312731522,"{""good"": []}",,,0.0,"{""good"": []}",14.79717322,"{""good"": []}",14.27731963,"{""good"": []}",3561.5,"{""good"": []}",1.398058252,"{""good"": []}",-RA,"{""good"": []}",98.625,"{""good"": []}",,,15.72612789,"{""good"": []}",15.81989813,"{""good"": []}",13.96351738,"{""good"": []}",209.7010568,"{""good"": []}",15.65466667,"{""good"": []}"
2026-09-30 01:58:00+00:00,Aberporth Automatic Weather Station,-4.57,52.14,0.0,"{""good"": []}",986.48,"{""good"": []}",,,14.57211213,"{""good"": []}",,,,,500.0,"{""good"": []}",3700.0,"{""good"": []}",,"{""good"": []}",7.0,"{""good"": []}",3.0,"{""good"": []}",,"{""good"": []}",8.0,"{""good"": []}",,,0.1191121768,"{""good"": []}",,,-0.148737675,"{""good"": []}",,,0.0,"{""good"": []}",14.78629242,"{""good"": []}",14.27273636,"{""good"": []}",4279.0,"{""good"": []}",1.398058252,"{""good"": []}",-RA,"{""good"": []}",98.7,"{""good"": []}",,,15.72602546,"{""good"": []}",15.82010076,"{""good"": []}",13.96382262,"{""good"": []}",213.5519291,"{""good"": []}",15.790875,"{""good"": []}"
2026-09-30 01:59:00+00:00,Aberporth Automatic Weather Station,-4.57,52.14,0.0,"{""good"": []}",986.505,"{""good"": []}",,,14.57422821,"{""good"": []}",,,,,500.0,"{""good"": []}",,"{""good"": []}",,"{""good"": []}",8.0,"{""good"": []}",,"{""good"": []}",,"{""good"": []}",8.0,"{""good"": []}",,,0.1142262791,"{""good"": []}",,,-0.1534870107,"{""good"": []}",,,0.0,"{""good"": []}",14.77621862,"{""good"": []}",14.27132766,"{""good"": []}",6262.5,"{""good"": []}",1.398058252,"{""good"": []}",-RA,"{""good"": []}",98.75,"{""good"": []}",,,15.72597299,"{""good"": []}",15.82095378,"{""good"": []}",13.96402528,"{""good"": []}",212.4038428,"{""good"": []}",15.292,"{""good"": []}"
2026-09-30 02:00:00+00:00,Aberporth Automatic Weather Station,-4.57,52.14,0.0,"{""good"": []}",986.545,"{""good"": []}",,,14.5663185,"{""good"": []}",,,,,500.0,"{""good"": []}",,"{""good"": []}",,"{""good"": []}",8.0,"{""good"": []}",,"{""good"": []}",,"{""good"": []}",8.0,"{""good"": []}",,,0.1099007594,"{""good"": []}",,,-0.1590655358,"{""good"": []}",,,0.0,"{""good"": []}",14.77435727,"{""good"": []}",14.27253405,"{""good"": []}",6499.0,"{""good"": []}",1.398058252,"{""good"": []}",-RA,"{""good"": []}",98.825,"{""good"": []}",,,15.72622785,"{""good"": []}",15.82105384,"{""good"": []}",13.96437555,"{""good"": []}",209.7660593,"{""good"": []}",14.109625,"{""good"": []}"
2026-09-30 02:01:00+00:00,Aberporth Automatic Weather Station,-4.57,52.14,0.0,"{""good"": []}",986.535,"{""good"": []}",,,14.55735697,"{""good"": []}",,,,,500.0,"{""good"": []}",,"{""good"": []}",,"{""good"": []}",8.0,"{""good"": []}",,"{""good"": []}",,"{""good"": []}",8.0,"{""good"": []}",,,0.1056070711,"{""good"": []}",,,-0.1670816034,"{""good"": []}",,,0.0,"{""good"": []}",14.76493807,"{""good"": []}",14.27097299,"{""good"": []}",3887.5,"{""good"": []}",1.398058252,"{""good"": []}",-RA,"{""good"": []}",98.875,"{""good"": []}",,,15.72617787,"{""good"": []}",15.82120643,"{""good"": []}",13.96477585,"{""good"": []}",206.2730326,"{""good"": []}",15.64858333,"{""good"": []}"
2026-09-30 02:02:00+00:00,Aberporth Automatic Weather Station,-4.57,52.14,0.0,"{""good"": []}",986.585,"{""good"": []}",,,14.56717792,"{""good"": []}",,,,,500.0,"{""good"": []}",,"{""good"": []}",,"{""good"": []}",8.0,"{""good"": []}",,"{""good"": []}",,"{""good"": []}",8.0,"{""good"": []}",,,0.1009569706,"{""good"": []}",,,-0.1685139146,"{""good"": []}",,,0.0,"{""good"": []}",14.76337652,"{""good"": []}",14.27092553,"{""good"": []}",3967.0,"{""good"": []}",1.398058252,"{""good"": []}",-RA,"{""good"": []}",98.975,"{""good"": []}",,,15.72602296,"{""good"": []}",15.82176178,"{""good"": []}",13.96492847,"{""good"": []}",211.6049822,"{""good"": []}",12.13779167,"{""good"": []}"
2026-09-30 02:03:00+00:00,Aberporth Automatic Weather Station,-4.57,52.14,0.0,"{""good"": []}",986.585,"{""good"": []}",,,14.55670241,"{""good"": []}",,,,,500.0,"{""good"": []}",1600.0,"{""good"": []}",,"{""good"": []}",1.0,"{""good"": []}",8.0,"{""good"": []}",,"{""good"": []}",8.0,"{""good"": []}",,,0.09618248429,"{""good"": []}",,,-0.1847470779,"{""good"": []}",,,0.0,"{""good"": []}",14.75788741,"{""good"": []}",14.27112535,"{""good"": []}",4059.0,"{""good"": []}",1.398058252,"{""good"": []}",-RA,"{""good"": []}",99.0,"{""good"": []}",,,15.7261254,"{""good"": []}",15.82161169,"{""good"": []}",13.96523371,"{""good"": []}",210.5220131,"{""good"": []}",13.51741667,"{""good"": []}"
2026-09-30 02:04:00+00:00,Aberporth Automatic Weather Station,-4.57,52.14,0.2,"{""good"": []}",986.58,"{""good"": []}",,,14.56224372,"{""good"": []}",,,,,500.0,"{""good"": []}",1600.0,"{""good"": []}",,"{""good"": []}",1.0,"{""good"": []}",8.0,"{""good"": []}",,"{""good"": []}",8.0,"{""good"": []}",,,0.09153071244,"{""good"": []}",,,-0.1844454626,"{""good"": []}",,,0.0,"{""good"": []}",14.74565244,"{""good"": []}",14.27474701,"{""good"": []}",3229.0,"{""good"": []}",1.428571429,"{""good"": []}",-RA,"{""good"": []}",99.05,"{""good"": []}",,,15.72592302,"{""good"": []}",15.82226959,"{""good"": []}",13.96543636,"{""good"": []}",211.5408212,"{""good"": []}",14.285625,"{""good"": []}"
2026-09-30 02:05:00+00:00,Aberporth Automatic Weather Station,-4.57,52.14,0.0,"{""good"": []}",986.61,"{""good"": []}",,,14.55443892,"{""good"": []}",,,,,500.0,"{""good"": []}",1600.0,"{""good"": []}",,"{""good"": []}",1.0,"{""good"": []}",8.0,"{""good"": []}",,"{""good"": []}",8.0,"{""good"": []}",,,0.08619585302,"{""good"": []}",,,-0.1919337841,"{""good"": []}",,,0.0,"{""good"": []}",14.74519522,"{""good"": []}",14.27802148,"{""good"": []}",2855.0,"{""good"": []}",1.428571429,"{""good"": []}",-RA,"{""good"": []}",99.05,"{""good"": []}",,,15.72612291,"{""good"": []}",15.82191437,"{""good"": []}",13.96568656,"{""good"": []}",208.9463423,"{""good"": []}",12.77333333,"{""good"": []}"
2026-09-30 02:06:00+00:00,Aberporth Automatic Weather Station,-4.57,52.14,0.0,"{""good"": []}",986.655,"{""good"": []}",,,14.55307733,"{""good"": []}",,,,,500.0,"{""good"": []}",1600.0,"{""good"": []}",,"{""good"": []}",1.0,"{""good"": []}",8.0,"{""good"": []}",,"{""good"": []}",8.0,"{""good"": []}",,,0.08117384962,"{""good"": []}",,,-0.1911045057,"{""good"": []}",,,0.0,"{""good"": []}",14.73754243,"{""good"": []}",14.27887819,"{""good"": []}",2743.5,"{""good"": []}",1.428571429,"{""good"": []}",-RA,"{""good"": []}",99.125,"{""good"": []}",,,15.72617787,"{""good"": []}",15.82226709,"{""good"": []}",13.96618944,"{""good"": []}",207.6251625,"{""good"": []}",12.735125,"{""good"": []}"
2026-09-30 02:07:00+00:00,Aberporth Automatic Weather Station,-4.57,52.14,0.0,"{""good"": []}",986.695,"{""good"": []}",,,14.55514345,"{""good"": []}",,,,,500.0,"{""good"": []}",1600.0,"{""good"": []}",,"{""good"": []}",1.0,"{""good"": []}",8.0,"{""good"": []}",,"{""good"": []}",8.0,"{""good"": []}",,,0.07628000418,"{""good"": []}",,,-0.1900742072,"{""good"": []}",,,0.0,"{""good"": []}",14.72923006,"{""good"": []}",14.28184794,"{""good"": []}",2634.0,"{""good"": []}",1.428571429,"{""good"": []}",-RA,"{""good"": []}",99.175,"{""good"": []}",,,15.72597548,"{""good"": []}",15.82241718,"{""good"": []}",13.9663971,"{""good"": []}",208.9905951,"{""good"": []}",15.24545833,"{""good"": []}"
2026-09-30 02:08:00+00:00,Aberporth Automatic Weather Station,-4.57,52.14,0.0,"{""good"": []}",986.705,"{""good"": []}",,,14.56057982,"{""good"": []}",,,,,500.0,"{""good"": []}",2000.0,"{""good"": []}",,"{""good"": []}",2.0,"{""good"": []}",8.0,"{""good"": []}",,"{""good"": []}",8.0,"{""good"": []}",,,0.07152101755,"{""good"": []}",,,-0.1840683808,"{""good"": []}",,,0.0,"{""good"": []}",14.72031305,"{""good"": []}",14.2848202,"{""good"": []}",2843.0,"{""good"": []}",1.428571429,"{""good"": []}",-RA,"{""good"": []}",99.225,"{""good"": []}",,,15.72572313,"{""good"": []}",15.8227699,"{""good"": []}",13.96669733,"{""good"": []}",204.5064658,"{""good"": []}",15.67291667,"{""good"": []}"
2026-09-30 02:09:00+00:00,Aberporth Automatic Weather Station,-4.57,52.14,0.0,"{""good"": []}",986.72,"{""good"": []}",,,14.55755684,"{""good"": []}",,,,,500.0,"{""good"": []}",2100.0,"{""good"": []}",,"{""good"": []}",2.0,"{""good"": []}",8.0,"{""good"": []}",,"{""good"": []}",8.0,"{""good"": []}",,,0.06661712076,"{""good"": []}",,,-0.1847970977,"{""good"": []}",,,0.0,"{""good"": []}",14.71321242,"{""good"": []}",14.28980559,"{""good"": []}",3038.0,"{""good"": []}",1.428571429,"{""good"": []}",-RA,"{""good"": []}",99.225,"{""good"": []}",,,15.72602296,"{""good"": []}",15.82302255,"{""good"": []}",13.96694752,"{""good"": []}",208.5170409,"{""good"": []}",15.69225,"{""good"": []}"
2026-09-30 02:10:00+00:00,Aberporth Automatic Weather Station,-4.57,52.14,0.0,"{""good"": []}",986.765,"{""good"": []}",,,14.55630018,"{""good"": []}",,,,,500.0,"{""good"": []}",2100.0,"{""good"": []}",,"{""good"": []}",2.0,"{""good"": []}",8.0,"{""good"": []}",,"{""good"": []}",8.0,"{""good"": []}",,,0.06175678333,"{""good"": []}",,,-0.1971352867,"{""good"": []}",,,0.0,"{""good"": []}",14.69891122,"{""good"": []}",14.29624964,"{""good"": []}",2691.5,"{""good"": []}",1.428571429,"{""good"": []}",-RA,"{""good"": []}",99.3,"{""good"": []}",,,15.72557071,"{""good"": []}",15.82231712,"{""good"": []}",13.96714768,"{""good"": []}",205.2348942,"{""good"": []}",16.73366667,"{""good"": []}"
2026-09-30 02:11:00+00:00,Aberporth Automatic Weather Station,-4.57,52.14,0.2,"{""good"": []}",986.76,"{""good"": []}",,,14.56596872,"{""good"": []}",,,,,500.0,"{""good"": []}",2200.0,"{""good"": []}",,"{""good"": []}",2.0,"{""good"": []}",8.0,"{""good"": []}",,"{""good"": []}",8.0,"{""good"": []}",,,0.05722144655,"{""good"": []}",,,-0.1848472776,"{""good"": []}",,,0.0,"{""good"": []}",14.69296738,"{""good"": []}",14.29730616,"{""good"": []}",2240.0,"{""good"": []}",1.860465116,"{""good"": []}",RA,"{""good"": []}",99.275,"{""good"": []}",,,15.72572313,"{""good"": []}",15.82251974,"{""good"": []}",13.96755049,"{""good"": []}",203.1058333,"{""good"": []}",15.919875,"{""good"": []}"
2026-09-30 02:12:00+00:00,Aberporth Automatic Weather Station,-4.57,52.14,0.0,"{""good"": []}",986.75,"{""good"": []}",,,14.56954384,"{""good"": []}",,,,,500.0,"{""good"": []}",2300.0,"{""good"": []}",,"{""good"": []}",3.0,"{""good"": []}",7.0,"{""good"": []}",,"{""good"": []}",8.0,"{""good"": []}",,,0.05239252119,"{""good"": []}",,,-0.1978137268,"{""good"": []}",,,0.0,"{""good"": []}",14.69432655,"{""good"": []}",14.30259378,"{""good"": []}",1974.0,"{""good"": []}",1.860465116,"{""good"": []}",RA,"{""good"": []}",99.3,"{""good"": []}",,,15.7254208,"{""good"": []}",15.82252224,"{""good"": []}",13.96815846,"{""good"": []}",201.4171434,"{""good"": []}",15.21533333,"{""good"": []}"
2026-09-30 02:13:00+00:00,Aberporth Automatic Weather Station,-4.57,52.14,0.2,"{""good"": []}",986.725,"{""good"": []}",,,14.55307483,"{""good"": []}",,,,,500.0,"{""good"": []}",2400.0,"{""good"": []}",,"{""good"": []}",3.0,"{""good"": []}",7.0,"{""good"": []}",,"{""good"": []}",8.0,"{""good"": []}",,,0.04752464696,"{""good"": []}",,,-0.200829142,"{""good"": []}",,,0.0,"{""good"": []}",14.69165569,"{""good"": []}",14.30103022,"{""good"": []}",2050.0,"{""good"": []}",5.669291339,"{""good"": []}",RA,"{""good"": []}",99.3,"{""good"": []}",,,15.72557321,"{""good"": []}",15.82272237,"{""good"": []}",13.96825853,"{""good"": []}",204.4273786,"{""good"": []}",16.2165,"{""good"": []}"
2026-09-30 02:14:00+00:00,Aberporth Automatic Weather Station,-4.57,52.14,0.0,"{""good"": []}",986.72,"{""good"": []}",,,14.55811147,"{""good"": []}",,,,,500.0,"{""good"": []}",1300.0,"{""good"": []}",2500.0,"{""good"": []}",3.0,"{""good"": []}",1.0,"{""good"": []}",7.0,"{""good"": []}",8.0,"{""good"": []}",,,0.04281173317,"{""good"": []}",,,-0.1877370324,"{""good"": []}",,,0.0,"{""good"": []}",14.67972054,"{""good"": []}",14.29297766,"{""good"": []}",2365.5,"{""good"": []}",5.669291339,"{""good"": []}",RA,"{""good"": []}",99.3,"{""good"": []}",,,15.72567315,"{""good"": []}",15.82216702,"{""good"": []}",13.96845868,"{""good"": []}",208.2504691,"{""good"": []}",13.58633333,"{""good"": []}"
2026-09-30 02:15:00+00:00,Aberporth Automatic Weather Station,-4.57,52.14,0.4,"{""good"": []}",986.705,"{""good"": []}",,,14.55272256,"{""good"": []}",,,,,500.0,"{""good"": []}",1300.0,"{""good"": []}",2700.0,"{""good"": []}",4.0,"{""good"": []}",1.0,"{""good"": []}",8.0,"{""good"": []}",8.0,"{""good"": []}",,,0.0388686043,"{""good"": []}",,,-0.1913053124,"{""good"": []}",,,0.0,"{""good"": []}",14.67010147,"{""good"": []}",14.28829449,"{""good"": []}",2184.0,"{""good"": []}",0.0,"{""good"": []}",+RA,"{""good"": []}",99.375,"{""good"": []}",,,15.72572313,"{""good"": []}",15.82272237,"{""good"": []}",13.96865884,"{""good"": []}",204.5545123,"{""good"": []}",13.06608333,"{""good"": []}"
2026-09-30 02:16:00+00:00,Aberporth Automatic Weather Station,-4.57,52.14,0.2,"{""good"": []}",986.69,"{""good"": []}",,,14.53842211,"{""good"": []}",,,,,500.0,"{""good"": []}",1300.0,"{""good"": []}",2700.0,"{""good"": []}",4.0,"{""good"": []}",1.0,"{""good"": []}",8.0,"{""good"": []}",8.0,"{""good"": []}",,,0.0348417142,"{""good"": []}",,,-0.2019347469,"{""good"": []}",,,0.0,"{""good"": []}",14.65982529,"{""good"": []}",14.28431566,"{""good"": []}",2109.5,"{""good"": []}",8.470588235,"{""good"": []}",+RA,"{""good"": []}",99.4,"{""good"": []}",,,15.72567316,"{""good"": []}",15.82221456,"{""good"": []}",13.96906916,"{""good"": []}",203.3997238,"{""good"": []}",15.32658333,"{""good"": []}"
2026-09-30 02:17:00+00:00,Aberporth Automatic Weather Station,-4.57,52.14,0.0,"{""good"": []}",986.655,"{""good"": []}",,,14.5192349,"{""good"": []}",,,,,500.0,"{""good"": []}",1300.0,"{""good"": []}",2900.0,"{""good"": []}",4.0,"{""good"": []}",1.0,"{""good"": []}",8.0,"{""good"": []}",8.0,"{""good"": []}",,,0.0303017739,"{""good"": []}",,,-0.1966325445,"{""good"": []}",,,0.0,"{""good"": []}",14.64557157,"{""good"": []}",14.27167984,"{""good"": []}",2017.0,"{""good"": []}",8.470588235,"{""good"": []}",+RA,"{""good"": []}",99.325,"{""good"": []}",,,15.7254233,"{""good"": []}",15.822117,"{""good"": []}",13.96931934,"{""good"": []}",209.1895618,"{""good"": []}",15.60816667,"{""good"": []}"
2026-09-30 02:18:00+00:00,Aberporth Automatic Weather Station,-4.57,52.14,0.2,"{""good"": []}",986.7,"{""good"": []}",,,14.51238198,"{""good"": []}",,,,,500.0,"{""good"": []}",1300.0,"{""good"": []}",2900.0,"{""good"": []}",5.0,"{""good"": []}",3.0,"{""good"": []}",7.0,"{""good"": []}",8.0,"{""good"": []}",,,0.02653161435,"{""good"": []}",,,-0.1669554448,"{""good"": []}",,,0.0,"{""good"": []}",14.61822341,"{""good"": []}",14.25596935,"{""good"": []}",2805.0,"{""good"": []}",5.333333333,"{""good"": []}",+RA,"{""good"": []}",99.35,"{""good"": []}",,,15.72567315,"{""good"": []}",15.82166422,"{""good"": []}",13.9695195,"{""good"": []}",210.4180307,"{""good"": []}",13.931,"{""good"": []}"
2026-09-30 02:19:00+00:00,Aberporth Automatic Weather Station,-4.57,52.14,0.0,"{""good"": []}",986.75,"{""good"": []}",,,14.51505269,"{""good"": []}",,,,,500.0,"{""good"": []}",1300.0,"{""good"": []}",2900.0,"{""good"": []}",5.0,"{""good"": []}",4.0,"{""good"": []}",7.0,"{""good"": []}",8.0,"{""good"": []}",,,0.02314718369,"{""good"": []}",,,-0.1570798102,"{""good"": []}",,,0.0,"{""good"": []}",14.6034675,"{""good"": []}",14.24781189,"{""good"": []}",3273.0,"{""good"": []}",5.333333333,"{""good"": []}",+RA,"{""good"": []}",99.4,"{""good"": []}",,,15.72552324,"{""good"": []}",15.82166172,"{""good"": []}",13.96981973,"{""good"": []}",209.1889385,"{""good"": []}",12.49854167,"{""good"": []}"
2026-09-30 02:20:00+00:00,Aberporth Automatic Weather Station,-4.57,52.14,0.0,"{""good"": []}",986.775,"{""good"": []}",,,14.4946563,"{""good"": []}",,,,,500.0,"{""good"": []}",1300.0,"{""good"": []}",2900.0,"{""good"": []}",5.0,"{""good"": []}",4.0,"{""good"": []}",8.0,"{""good"": []}",8.0,"{""good"": []}",,,0.01895863181,"{""good"": []}",,,-0.1912548557,"{""good"": []}",,,0.0,"{""good"": []}",14.5956573,"{""good"": []}",14.24328108,"{""good"": []}",3256.5,"{""good"": []}",5.333333333,"{""good"": []}",+RA,"{""good"": []}",99.425,"{""good"": []}",,,15.72557321,"{""good"": []}",15.82141156,"{""good"": []}",13.970175,"{""good"": []}",211.385884,"{""good"": []}",16.19908333,"{""good"": []}"
2026-09-30 02:21:00+00:00,Aberporth Automatic Weather Station,-4.57,52.14,0.0,"{""good"": []}",986.795,"{""good"": []}",,,14.47919411,"{""good"": []}",,,,,500.0,"{""good"": []}",1300.0,"{""good"": []}",2900.0,"{""good"": []}",5.0,"{""good"": []}",4.0,"{""good"": []}",8.0,"{""good"": []}",8.0,"{""good"": []}",,,0.0148287123,"{""good"": []}",,,-0.1777355872,"{""good"": []}",,,0.0,"{""good"": []}",14.57375079,"{""good"": []}",14.23446922,"{""good"": []}",3463.5,"{""good"": []}",5.333333333,"{""good"": []}",+RA,"{""good"": []}",99.375,"{""good"": []}",,,15.72511847,"{""good"": []}",15.82055354,"{""good"": []}",13.97033013,"{""good"": []}",213.7948376,"{""good"": []}",16.17479167,"{""good"": []}"
2026-09-30 02:22:00+00:00,Aberporth Automatic Weather Station,-4.57,52.14,0.0,"{""good"": []}",986.82,"{""good"": []}",,,14.46247527,"{""good"": []}",,,,,500.0,"{""good"": []}",1300.0,"{""good"": []}",2900.0,"{""good"": []}",5.0,"{""good"": []}",4.0,"{""good"": []}",8.0,"{""good"": []}",8.0,"{""good"": []}",,,0.01127214753,"{""good"": []}",,,-0.1452943711,"{""good"": []}",,,0.0,"{""good"": []}",14.55541709,"{""good"": []}",14.22248529,"{""good"": []}",4390.0,"{""good"": []}",2.80155642,"{""good"": []}",+RA,"{""good"": []}",99.4,"{""good"": []}",,,15.72532335,"{""good"": []}",15.82040094,"{""good"": []}",13.97088054,"{""good"": []}",214.4845145,"{""good"": []}",15.04129167,"{""good"": []}"
2026-09-30 02:23:00+00:00,Aberporth Automatic Weather Station,-4.57,52.14,0.0,"{""good"": []}",986.805,"{""good"": []}",,,14.47451224,"{""good"": []}",,,,,500.0,"{""good"": []}",1300.0,"{""good"": []}",2900.0,"{""good"": []}",6.0,"{""good"": []}",4.0,"{""good"": []}",8.0,"{""good"": []}",8.0,"{""good"": []}",,,0.008355112842,"{""good"": []}",,,-0.1312976643,"{""good"": []}",,,0.0,"{""good"": []}",14.55159194,"{""good"": []}",14.21725263,"{""good"": []}",4593.5,"{""good"": []}",2.271293375,"{""good"": []}",+RA,"{""good"": []}",99.45,"{""good"": []}",,,15.72526838,"{""good"": []}",15.81969551,"{""good"": []}",13.97113324,"{""good"": []}",217.1851684,"{""good"": []}",10.96999583,"{""good"": []}"
2026-09-30 02:24:00+00:00,Aberporth Automatic Weather Station,-4.57,52.14,0.2,"{""good"": []}",986.795,"{""good"": []}",,,14.47335051,"{""good"": []}",,,,,500.0,"{""good"": []}",1300.0,"{""good"": []}",2900.0,"{""good"": []}",6.0,"{""good"": []}",4.0,"{""good"": []}",7.0,"{""good"": []}",8.0,"{""good"": []}",,,0.00513653426,"{""good"": []}",,,-0.1545166113,"{""good"": []}",,,0.0,"{""good"": []}",14.55556949,"{""good"": []}",14.21644338,"{""good"": []}",3880.5,"{""good"": []}",2.215384615,"{""good"": []}",+RA,"{""good"": []}",99.425,"{""good"": []}",,,15.72496605,"{""good"": []}",15.8191902,"{""good"": []}",13.97148852,"{""good"": []}",214.8229883,"{""good"": []}",12.71875,"{""good"": []}"
2026-09-30 02:25:00+00:00,Aberporth Automatic Weather Station,-4.57,52.14,0.0,"{""good"": []}",986.77,"{""good"": []}",,,14.43507605,"{""good"": []}",,,,,500.0,"{""good"": []}",1300.0,"{""good"": []}",2900.0,"{""good"": []}",6.0,"{""good"": []}",4.0,"{""good"": []}",7.0,"{""good"": []}",8.0,"{""good"": []}",,,0.0005136704837,"{""good"": []}",,,-0.1858269869,"{""good"": []}",,,0.0,"{""good"": []}",14.54479112,"{""good"": []}",14.21070618,"{""good"": []}",3088.0,"{""good"": []}",2.215384615,"{""good"": []}",+RA,"{""good"": []}",99.425,"{""good"": []}",,,15.725066,"{""good"": []}",15.81929026,"{""good"": []}",13.97164113,"{""good"": []}",212.6141162,"{""good"": []}",11.627875,"{""good"": []}"
2026-09-30 02:26:00+00:00,Aberporth Automatic Weather Station,-4.57,52.14,0.0,"{""good"": []}",986.79,"{""good"": []}",,,14.41377276,"{""good"": []}",,,,,500.0,"{""good"": []}",1300.0,"{""good"": []}",2900.0,"{""good"": []}",6.0,"{""good"": []}",4.0,"{""good"": []}",7.0,"{""good"": []}",8.0,"{""good"": []}",,,-0.003732677697,"{""good"": []}",,,-0.1824094524,"{""good"": []}",,,0.0,"{""good"": []}",14.52837374,"{""good"": []}",14.19464351,"{""good"": []}",2451.5,"{""good"": []}",2.215384615,"{""good"": []}",+RA,"{""good"": []}",99.425,"{""good"": []}",,,15.72516594,"{""good"": []}",15.81863735,"{""good"": []}",13.97209148,"{""good"": []}",215.5435535,"{""good"": []}",13.90475,"{""good"": []}"
2026-09-30 02:27:00+00:00,Aberporth Automatic Weather Station,-4.57,52.14,0.2,"{""good"": []}",986.82,"{""good"": []}",,,14.36864786,"{""good"": []}",,,,,500.0,"{""good"": []}",1300.0,"{""good"": []}",2900.0,"{""good"": []}",6.0,"{""good"": []}",4.0,"{""good"": []}",6.0,"{""good"": []}",8.0,"{""good"": []}",,,-0.006573478587,"{""good"": []}",,,-0.1785647094,"{""good"": []}",,,0.0,"{""good"": []}",14.50756905,"{""good"": []}",14.17213681,"{""good"": []}",2288.5,"{""good"": []}",3.103448276,"{""good"": []}",+RA,"{""good"": []}",99.35,"{""good"": []}",,,15.72486361,"{""good"": []}",15.81818207,"{""good"": []}",13.97214151,"{""good"": []}",209.8105626,"{""good"": []}",13.65,"{""good"": []}"
2026-09-30 02:28:00+00:00,Aberporth Automatic Weather Station,-4.57,52.14,0.0,"{""good"": []}",986.81,"{""good"": []}",,,14.34004194,"{""good"": []}",,,,,500.0,"{""good"": []}",1300.0,"{""good"": []}",2900.0,"{""good"": []}",6.0,"{""good"": []}",4.0,"{""good"": []}",6.0,"{""good"": []}",8.0,"{""good"": []}",,,-0.008021717947,"{""good"": []}",,,-0.1607986773,"{""good"": []}",,,0.0,"{""good"": []}",14.48989493,"{""good"": []}",14.14696257,"{""good"": []}",2155.5,"{""good"": []}",3.103448276,"{""good"": []}",+RA,"{""good"": []}",99.325,"{""good"": []}",,,15.72491608,"{""good"": []}",15.81737658,"{""good"": []}",13.9726444,"{""good"": []}",213.2226785,"{""good"": []}",13.25479167,"{""good"": []}"
2026-09-30 02:29:00+00:00,Aberporth Automatic Weather Station,-4.57,52.14,0.0,"{""good"": []}",986.795,"{""good"": []}",,,14.32045002,"{""good"": []}",,,,,500.0,"{""good"": []}",1300.0,"{""good"": []}",3200.0,"{""good"": []}",5.0,"{""good"": []}",4.0,"{""good"": []}",5.0,"{""good"": []}",8.0,"{""good"": []}",,,-0.007489378996,"{""good"": []}",,,-0.13861002,"{""good"": []}",,,0.0,"{""good"": []}",14.46501525,"{""good"": []}",14.12037713,"{""good"": []}",1985.0,"{""good"": []}",3.103448276,"{""good"": []}",+RA,"{""good"": []}",99.325,"{""good"": []}",,,15.72476367,"{""good"": []}",15.8169238,"{""good"": []}",13.97269444,"{""good"": []}",210.5346825,"{""good"": []}",11.71,"{""good"": []}"
2026-09-30 02:30:00+00:00,Aberporth Automatic Weather Station,-4.57,52.14,0.0,"{""good"": []}",986.815,"{""good"": []}",,,14.32060241,"{""good"": []}",,,,,400.0,"{""good"": []}",1300.0,"{""good"": []}",3200.0,"{""good"": []}",6.0,"{""good"": []}",4.0,"{""good"": []}",5.0,"{""good"": []}",8.0,"{""good"": []}",,,-0.01083779404,"{""good"": []}",,,-0.1232563758,"{""good"": []}",,,0.0,"{""good"": []}",14.45342988,"{""good"": []}",14.1004905,"{""good"": []}",2462.5,"{""good"": []}",3.103448276,"{""good"": []}",RA,"{""good"": []}",99.4,"{""good"": []}",,,15.7243639,"{""good"": []}",15.81666865,"{""good"": []}",13.97325237,"{""good"": []}",203.5469929,"{""good"": []}",13.03058333,"{""good"": []}"
2026-09-30 02:31:00+00:00,Aberporth Automatic Weather Station,-4.57,52.14,0.0,"{""good"": []}",986.825,"{""good"": []}",,,14.29803996,"{""good"": []}",,,,,400.0,"{""good"": []}",1300.0,"{""good"": []}",3300.0,"{""good"": []}",5.0,"{""good"": []}",3.0,"{""good"": []}",5.0,"{""good"": []}",8.0,"{""good"": []}",,,-0.002843820892,"{""good"": []}",,,-0.1559488039,"{""good"": []}",,,0.0,"{""good"": []}",14.43978079,"{""good"": []}",14.08810445,"{""good"": []}",2908.5,"{""good"": []}",3.103448276,"{""good"": []}",RA,"{""good"": []}",99.4,"{""good"": []}",,,15.7247137,"{""good"": []}",15.81591068,"{""good"": []}",13.97345252,"{""good"": []}",211.3403717,"{""good"": []}",14.17083333,"{""good"": []}"
2026-09-30 02:32:00+00:00,Aberporth Automatic Weather Station,-4.57,52.14,0.0,"{""good"": []}",986.835,"{""good"": []}",,,14.28146852,"{""good"": []}",,,,,400.0,"{""good"": []}",1300.0,"{""good"": []}",3300.0,"{""good"": []}",5.0,"{""good"": []}",3.0,"{""good"": []}",5.0,"{""good"": []}",8.0,"{""good"": []}",,,-0.005079856905,"{""good"": []}",,,-0.1390371827,"{""good"": []}",,,0.0,"{""good"": []}",14.41706478,"{""good"": []}",14.06907204,"{""good"": []}",3680.0,"{""good"": []}",3.103448276,"{""good"": []}",RA,"{""good"": []}",99.4,"{""good"": []}",,,15.72481364,"{""good"": []}",15.81485503,"{""good"": []}",13.97375776,"{""good"": []}",206.0667172,"{""good"": []}",11.67854167,"{""good"": []}"
2026-09-30 02:33:00+00:00,Aberporth Automatic Weather Station,-4.57,52.14,0.0,"{""good"": []}",986.86,"{""good"": []}",,,14.29496702,"{""good"": []}",,,,,400.0,"{""good"": []}",1300.0,"{""good"": []}",3300.0,"{""good"": []}",5.0,"{""good"": []}",3.0,"{""good"": []}",4.0,"{""good"": []}",8.0,"{""good"": []}",,,-0.02007554512,"{""good"": []}",,,-0.1346898972,"{""good"": []}",,,0.0,"{""good"": []}",14.40714588,"{""good"": []}",14.05769255,"{""good"": []}",5049.0,"{""good"": []}",2.0,"{""good"": []}",RA,"{""good"": []}",99.475,"{""good"": []}",,,15.72466372,"{""good"": []}",15.81445228,"{""good"": []}",13.97406299,"{""good"": []}",204.0759778,"{""good"": []}",11.43795417,"{""good"": []}"
2026-09-30 02:34:00+00:00,Aberporth Automatic Weather Station,-4.57,52.14,0.0,"{""good"": []}",986.865,"{""good"": []}",,,14.29280346,"{""good"": []}",,,,,400.0,"{""good"": []}",1300.0,"{""good"": []}",3300.0,"{""good"": []}",6.0,"{""good"": []}",3.0,"{""good"": []}",4.0,"{""good"": []}",8.0,"{""good"": []}",,,-0.04318872504,"{""good"": []}",,,-0.159843707,"{""good"": []}",,,0.0,"{""good"": []}",14.40830267,"{""good"": []}",14.05678589,"{""good"": []}",6551.5,"{""good"": []}",1.714285714,"{""good"": []}",RA,"{""good"": []}",99.5,"{""good"": []}",,,15.72461375,"{""good"": []}",15.81344416,"{""good"": []}",13.97426315,"{""good"": []}",203.2768746,"{""good"": []}",9.699045833,"{""good"": []}"
2026-09-30 02:35:00+00:00,Aberporth Automatic Weather Station,-4.57,52.14,0.0,"{""good"": []}",986.89,"{""good"": []}",,,14.27648435,"{""good"": []}",,,,,400.0,"{""good"": []}",1300.0,"{""good"": []}",3300.0,"{""good"": []}",6.0,"{""good"": []}",3.0,"{""good"": []}",4.0,"{""good"": []}",8.0,"{""good"": []}",,,-0.06363277944,"{""good"": []}",,,-0.1935161645,"{""good"": []}",,,0.0,"{""good"": []}",14.41399167,"{""good"": []}",14.05890143,"{""good"": []}",6844.5,"{""good"": []}",1.5,"{""good"": []}",RA,"{""good"": []}",99.5,"{""good"": []}",,,15.72436139,"{""good"": []}",15.81303641,"{""good"": []}",13.97431319,"{""good"": []}",204.1227134,"{""good"": []}",10.36624583,"{""good"": []}"
2026-09-30 02:36:00+00:00,Aberporth Automatic Weather Station,-4.57,52.14,0.0,"{""good"": []}",986.915,"{""good"": []}",,,14.25724468,"{""good"": []}",,,,,400.0,"{""good"": []}",1300.0,"{""good"": []}",2000.0,"{""good"": []}",5.0,"{""good"": []}",3.0,"{""good"": []}",3.0,"{""good"": []}",8.0,"{""good"": []}",,,-0.08233078754,"{""good"": []}",,,-0.191329915,"{""good"": []}",,,0.0,"{""good"": []}",14.40542944,"{""good"": []}",14.05280706,"{""good"": []}",6445.5,"{""good"": []}",1.333333333,"{""good"": []}",RA,"{""good"": []}",99.5,"{""good"": []}",,,15.72411154,"{""good"": []}",15.81248107,"{""good"": []}",13.97471349,"{""good"": []}",202.151759,"{""good"": []}",11.11220833,"{""good"": []}"
2026-09-30 02:37:00+00:00,Aberporth Automatic Weather Station,-4.57,52.14,0.0,"{""good"": []}",986.925,"{""good"": []}",,,14.19555084,"{""good"": []}",,,,,400.0,"{""good"": []}",1300.0,"{""good"": []}",2000.0,"{""good"": []}",5.0,"{""good"": []}",4.0,"{""good"": []}",4.0,"{""good"": []}",8.0,"{""good"": []}",,,-0.09847108028,"{""good"": []}",,,-0.2172376058,"{""good"": []}",,,0.0,"{""good"": []}",14.39344432,"{""good"": []}",14.03840786,"{""good"": []}",5468.5,"{""good"": []}",0.0,"{""good"": []}",RA,"{""good"": []}",99.425,"{""good"": []}",,,15.72411403,"{""good"": []}",15.8110752,"{""good"": []}",13.9751163,"{""good"": []}",202.5386958,"{""good"": []}",11.57104167,"{""good"": []}"
2026-09-30 02:38:00+00:00,Aberporth Automatic Weather Station,-4.57,52.14,0.0,"{""good"": []}",986.95,"{""good"": []}",,,14.15203986,"{""good"": []}",,,,,400.0,"{""good"": []}",,"{""good"": []}",,"{""good"": []}",8.0,"{""good"": []}",,"{""good"": []}",,"{""good"": []}",8.0,"{""good"": []}",,,-0.110027857,"{""good"": []}",,,-0.1753983037,"{""good"": []}",,,0.0,"{""good"": []}",14.37712437,"{""good"": []}",14.01328358,"{""good"": []}",4765.5,"{""good"": []}",0.0,"{""good"": []}",RA,"{""good"": []}",99.4,"{""good"": []}",,,15.7243639,"{""good"": []}",15.81016464,"{""good"": []}",13.97532396,"{""good"": []}",200.9582538,"{""good"": []}",12.775625,"{""good"": []}"
2026-09-30 02:39:00+00:00,Aberporth Automatic Weather Station,-4.57,52.14,0.0,"{""good"": []}",986.96,"{""good"": []}",,,14.12182002,"{""good"": []}",,,,,400.0,"{""good"": []}",,"{""good"": []}",,"{""good"": []}",8.0,"{""good"": []}",,"{""good"": []}",,"{""good"": []}",8.0,"{""good"": []}",,,-0.1193146581,"{""good"": []}",,,-0.123457277,"{""good"": []}",,,0.0,"{""good"": []}",14.35486807,"{""good"": []}",13.98780462,"{""good"": []}",4212.0,"{""good"": []}",0.0,"{""good"": []}",RA,"{""good"": []}",99.375,"{""good"": []}",,,15.72446384,"{""good"": []}",15.80945921,"{""good"": []}",13.97572427,"{""good"": []}",205.364254,"{""good"": []}",12.688625,"{""good"": []}"
2026-09-30 02:40:00+00:00,Aberporth Automatic Weather Station,-4.57,52.14,0.0,"{""good"": []}",986.97,"{""good"": []}",,,14.09336651,"{""good"": []}",,,,,400.0,"{""good"": []}",,"{""good"": []}",,"{""good"": []}",8.0,"{""good"": []}",,"{""good"": []}",,"{""good"": []}",8.0,"{""good"": []}",,,-0.12421981,"{""good"": []}",,,-0.1083800504,"{""good"": []}",,,0.0,"{""good"": []}",14.3299834,"{""good"": []}",13.96041742,"{""good"": []}",3333.5,"{""good"": []}",0.0,"{""good"": []}",RA,"{""good"": []}",99.4,"{""good"": []}",,,15.72421398,"{""good"": []}",15.80829849,"{""good"": []}",13.97582434,"{""good"": []}",206.113202,"{""good"": []}",12.346,"{""good"": []}"
2026-09-30 02:41:00+00:00,Aberporth Automatic Weather Station,-4.57,52.14,0.0,"{""good"": []}",986.98,"{""good"": []}",,,14.05851475,"{""good"": []}",,,,,400.0,"{""good"": []}",,"{""good"": []}",,"{""good"": []}",8.0,"{""good"": []}",,"{""good"": []}",,"{""good"": []}",8.0,"{""good"": []}",,,-0.1293670364,"{""good"": []}",,,-0.1116216386,"{""good"": []}",,,0.0,"{""good"": []}",14.31205194,"{""good"": []}",13.93252319,"{""good"": []}",3854.5,"{""good"": []}",0.0,"{""good"": []}",RA,"{""good"": []}",99.4,"{""good"": []}",,,15.72451381,"{""good"": []}",15.80774065,"{""good"": []}",13.97632973,"{""good"": []}",208.7112783,"{""good"": []}",14.53970833,"{""good"": []}"
2026-09-30 02:42:00+00:00,Aberporth Automatic Weather Station,-4.57,52.14,0.0,"{""good"": []}",986.955,"{""good"": []}",,,14.01852393,"{""good"": []}",,,,,400.0,"{""good"": []}",,"{""good"": []}",,"{""good"": []}",8.0,"{""good"": []}",,"{""good"": []}",,"{""good"": []}",8.0,"{""good"": []}",,,-0.1334400047,"{""good"": []}",,,-0.08149232285,"{""good"": []}",,,0.0,"{""good"": []}",14.27579426,"{""good"": []}",13.89586706,"{""good"": []}",5522.5,"{""good"": []}",0.0,"{""good"": []}",RA,"{""good"": []}",99.325,"{""good"": []}",,,15.72421398,"{""good"": []}",15.80688763,"{""good"": []}",13.97658493,"{""good"": []}",202.5081593,"{""good"": []}",14.006,"{""good"": []}"
2026-09-30 02:43:00+00:00,Aberporth Automatic Weather Station,-4.57,52.14,0.0,"{""good"": []}",986.93,"{""good"": []}",,,13.99445499,"{""good"": []}",,,,,400.0,"{""good"": []}",,"{""good"": []}",,"{""good"": []}",8.0,"{""good"": []}",,"{""good"": []}",,"{""good"": []}",8.0,"{""good"": []}",,,-0.1361706684,"{""good"": []}",,,-0.08161795433,"{""good"": []}",,,0.0,"{""good"": []}",14.24597513,"{""good"": []}",13.85856153,"{""good"": []}",5785.5,"{""good"": []}",0.0,"{""good"": []}",RA,"{""good"": []}",99.325,"{""good"": []}",,,15.72416401,"{""good"": []}",15.80572441,"{""good"": []}",13.97663497,"{""good"": []}",204.3458411,"{""good"": []}",14.32825,"{""good"": []}"
2026-09-30 02:44:00+00:00,Aberporth Automatic Weather Station,-4.57,52.14,0.0,"{""good"": []}",986.91,"{""good"": []}",,,13.98609057,"{""good"": []}",,,,,400.0,"{""good"": []}",,"{""good"": []}",,"{""good"": []}",8.0,"{""good"": []}",,"{""good"": []}",,"{""good"": []}",8.0,"{""good"": []}",,,-0.1394818105,"{""good"": []}",,,-0.07960765797,"{""good"": []}",,,0.0,"{""good"": []}",14.21872691,"{""good"": []}",13.8247228,"{""good"": []}",7705.0,"{""good"": []}",0.0,"{""good"": []}",-RA,"{""good"": []}",99.35,"{""good"": []}",,,15.72431392,"{""good"": []}",15.80426601,"{""good"": []}",13.97703528,"{""good"": []}",201.9361754,"{""good"": []}",13.00954167,"{""good"": []}"
2026-09-30 02:45:00+00:00,Aberporth Automatic Weather Station,-4.57,52.14,0.0,"{""good"": []}",986.89,"{""good"": []}",,,13.99405026,"{""good"": []}",,,,,400.0,"{""good"": []}",,"{""good"": []}",,"{""good"": []}",8.0,"{""good"": []}",,"{""good"": []}",,"{""good"": []}",8.0,"{""good"": []}",,,-0.1418849577,"{""good"": []}",,,-0.09445870127,"{""good"": []}",,,0.0,"{""good"": []}",14.19999094,"{""good"": []}",13.80282303,"{""good"": []}",11682.0,"{""good"": []}",0.0,"{""good"": []}",-RA,"{""good"": []}",99.4,"{""good"": []}",,,15.72360932,"{""good"": []}",15.8037582,"{""good"": []}",13.97733551,"{""good"": []}",195.5477341,"{""good"": []}",13.77158333,"{""good"": []}"
2026-09-30 02:46:00+00:00,Aberporth Automatic Weather Station,-4.57,52.14,0.0,"{""good"": []}",986.845,"{""good"": []}",,,14.01203076,"{""good"": []}",,,,,400.0,"{""good"": []}",,"{""good"": []}",,"{""good"": []}",8.0,"{""good"": []}",,"{""good"": []}",,"{""good"": []}",8.0,"{""good"": []}",,,-0.144616453,"{""good"": []}",,,-0.1140590708,"{""good"": []}",,,0.0,"{""good"": []}",14.19460426,"{""good"": []}",13.79562218,"{""good"": []}",13486.0,"{""good"": []}",0.0,"{""good"": []}",-RA,"{""good"": []}",99.525,"{""good"": []}",,,15.72431392,"{""good"": []}",15.80270256,"{""good"": []}",13.97774082,"{""good"": []}",195.2184301,"{""good"": []}",13.52570833,"{""good"": []}"
2026-09-30 02:47:00+00:00,Aberporth Automatic Weather Station,-4.57,52.14,0.2,"{""good"": []}",986.875,"{""good"": []}",,,14.02391534,"{""good"": []}",,,,,400.0,"{""good"": []}",,"{""good"": []}",,"{""good"": []}",8.0,"{""good"": []}",,"{""good"": []}",,"{""good"": []}",8.0,"{""good"": []}",,,-0.1475225896,"{""good"": []}",,,-0.1421780603,"{""good"": []}",,,0.0,"{""good"": []}",14.19188343,"{""good"": []}",13.79859194,"{""good"": []}",8181.0,"{""good"": []}",0.6015037594,"{""good"": []}",-RA,"{""good"": []}",99.5,"{""good"": []}",,,15.72396162,"{""good"": []}",15.80093897,"{""good"": []}",13.97799351,"{""good"": []}",195.8194101,"{""good"": []}",12.213125,"{""good"": []}"
2026-09-30 02:48:00+00:00,Aberporth Automatic Weather Station,-4.57,52.14,0.0,"{""good"": []}",987.0,"{""good"": []}",,,14.0361047,"{""good"": []}",,,,,400.0,"{""good"": []}",,"{""good"": []}",,"{""good"": []}",8.0,"{""good"": []}",,"{""good"": []}",,"{""good"": []}",8.0,"{""good"": []}",,,-0.1505304928,"{""good"": []}",,,-0.1772325603,"{""good"": []}",,,0.0,"{""good"": []}",14.18700144,"{""good"": []}",13.80357733,"{""good"": []}",5936.5,"{""good"": []}",0.6015037594,"{""good"": []}",-RA,"{""good"": []}",99.525,"{""good"": []}",,,15.72370676,"{""good"": []}",15.80038113,"{""good"": []}",13.97844636,"{""good"": []}",196.4730782,"{""good"": []}",12.589375,"{""good"": []}"
2026-09-30 02:49:00+00:00,Aberporth Automatic Weather Station,-4.57,52.14,0.0,"{""good"": []}",987.135,"{""good"": []}",,,14.06133537,"{""good"": []}",,,,,400.0,"{""good"": []}",,"{""good"": []}",,"{""good"": []}",8.0,"{""good"": []}",,"{""good"": []}",,"{""good"": []}",8.0,"{""good"": []}",,,-0.1534537918,"{""good"": []}",,,-0.2005771016,"{""good"": []}",,,0.0,"{""good"": []}",14.18322127,"{""good"": []}",13.81102545,"{""good"": []}",4972.5,"{""good"": []}",0.6015037594,"{""good"": []}",-RA,"{""good"": []}",99.6,"{""good"": []}",,,15.72411404,"{""good"": []}",15.79892023,"{""good"": []}",13.97864651,"{""good"": []}",191.9544301,"{""good"": []}",11.98541667,"{""good"": []}"
2026-09-30 02:50:00+00:00,Aberporth Automatic Weather Station,-4.57,52.14,0.0,"{""good"": []}",987.245,"{""good"": []}",,,14.06697661,"{""good"": []}",,,,,400.0,"{""good"": []}",4300.0,"{""good"": []}",,"{""good"": []}",7.0,"{""good"": []}",7.0,"{""good"": []}",,"{""good"": []}",8.0,"{""good"": []}",,,-0.1563322738,"{""good"": []}",,,-0.2192979004,"{""good"": []}",,,0.0,"{""good"": []}",14.18055291,"{""good"": []}",13.82054416,"{""good"": []}",6591.5,"{""good"": []}",0.6015037594,"{""good"": []}",-RA,"{""good"": []}",99.6,"{""good"": []}",,,15.72366179,"{""good"": []}",15.79796214,"{""good"": []}",13.97894925,"{""good"": []}",196.8145269,"{""good"": []}",14.86725,"{""good"": []}"
2026-09-30 02:51:00+00:00,Aberporth Automatic Weather Station,-4.57,52.14,0.0,"{""good"": []}",987.325,"{""good"": []}",,,14.06561502,"{""good"": []}",,,,,400.0,"{""good"": []}",4200.0,"{""good"": []}",,"{""good"": []}",7.0,"{""good"": []}",7.0,"{""good"": []}",,"{""good"": []}",8.0,"{""good"": []}",,,-0.1591839503,"{""good"": []}",,,-0.2260072262,"{""good"": []}",,,0.0,"{""good"": []}",14.17168837,"{""good"": []}",13.82970819,"{""good"": []}",7914.5,"{""good"": []}",0.6015037594,"{""good"": []}",-RA,"{""good"": []}",99.6,"{""good"": []}",,,15.72391165,"{""good"": []}",15.79655377,"{""good"": []}",13.97910437,"{""good"": []}",192.7069486,"{""good"": []}",17.25208333,"{""good"": []}"
2026-09-30 02:52:00+00:00,Aberporth Automatic Weather Station,-4.57,52.14,0.0,"{""good"": []}",987.395,"{""good"": []}",,,14.09980971,"{""good"": []}",,,,,400.0,"{""good"": []}",4200.0,"{""good"": []}",,"{""good"": []}",6.0,"{""good"": []}",7.0,"{""good"": []}",,"{""good"": []}",8.0,"{""good"": []}",,,-0.161580796,"{""good"": []}",,,-0.2103520324,"{""good"": []}",,,0.0,"{""good"": []}",14.16262145,"{""good"": []}",13.84194438,"{""good"": []}",14693.5,"{""good"": []}",0.6015037594,"{""good"": []}",-RA,"{""good"": []}",99.575,"{""good"": []}",,,15.72390915,"{""good"": []}",15.79558818,"{""good"": []}",13.97945714,"{""good"": []}",191.7761122,"{""good"": []}",16.03929167,"{""good"": []}"
2026-09-30 02:53:00+00:00,Aberporth Automatic Weather Station,-4.57,52.14,0.0,"{""good"": []}",987.425,"{""good"": []}",,,14.08334069,"{""good"": []}",,,,,400.0,"{""good"": []}",1700.0,"{""good"": []}",4100.0,"{""good"": []}",5.0,"{""good"": []}",4.0,"{""good"": []}",7.0,"{""good"": []}",8.0,"{""good"": []}",,,-0.1638063436,"{""good"": []}",,,-0.230128274,"{""good"": []}",,,0.0,"{""good"": []}",14.15758205,"{""good"": []}",13.85317401,"{""good"": []}",11350.0,"{""good"": []}",0.6015037594,"{""good"": []}",-RA,"{""good"": []}",99.525,"{""good"": []}",,,15.72360682,"{""good"": []}",15.79337182,"{""good"": []}",13.97975737,"{""good"": []}",193.6852528,"{""good"": []}",16.23733333,"{""good"": []}"
2026-09-30 02:54:00+00:00,Aberporth Automatic Weather Station,-4.57,52.14,0.0,"{""good"": []}",987.43,"{""good"": []}",,,14.02850228,"{""good"": []}",,,,,400.0,"{""good"": []}",1700.0,"{""good"": []}",3900.0,"{""good"": []}",5.0,"{""good"": []}",3.0,"{""good"": []}",7.0,"{""good"": []}",8.0,"{""good"": []}",,,-0.1665294359,"{""good"": []}",,,-0.2767167655,"{""good"": []}",,,0.0,"{""good"": []}",14.14322839,"{""good"": []}",13.84969722,"{""good"": []}",6223.0,"{""good"": []}",0.6015037594,"{""good"": []}",RA,"{""good"": []}",99.325,"{""good"": []}",,,15.72360932,"{""good"": []}",15.79286901,"{""good"": []}",13.98016268,"{""good"": []}",198.7432012,"{""good"": []}",18.41858333,"{""good"": []}"
2026-09-30 02:55:00+00:00,Aberporth Automatic Weather Station,-4.57,52.14,0.2,"{""good"": []}",987.435,"{""good"": []}",,,14.00049846,"{""good"": []}",,,,,400.0,"{""good"": []}",1700.0,"{""good"": []}",3900.0,"{""good"": []}",5.0,"{""good"": []}",4.0,"{""good"": []}",7.0,"{""good"": []}",8.0,"{""good"": []}",,,-0.1680677124,"{""good"": []}",,,-0.2070601285,"{""good"": []}",,,0.0,"{""good"": []}",14.10459968,"{""good"": []}",13.81434988,"{""good"": []}",1912.5,"{""good"": []}",1.678321678,"{""good"": []}",+RA,"{""good"": []}",99.2,"{""good"": []}",,,15.72350438,"{""good"": []}",15.79135557,"{""good"": []}",13.98036784,"{""good"": []}",193.1181745,"{""good"": []}",16.53641667,"{""good"": []}"
2026-09-30 02:56:00+00:00,Aberporth Automatic Weather Station,-4.57,52.14,0.2,"{""good"": []}",987.41,"{""good"": []}",,,13.93980894,"{""good"": []}",,,,,400.0,"{""good"": []}",1700.0,"{""good"": []}",3900.0,"{""good"": []}",4.0,"{""good"": []}",2.0,"{""good"": []}",7.0,"{""good"": []}",8.0,"{""good"": []}",,,-0.1692860131,"{""good"": []}",,,-0.2147494405,"{""good"": []}",,,0.0,"{""good"": []}",14.07704915,"{""good"": []}",13.77437431,"{""good"": []}",1643.0,"{""good"": []}",9.72972973,"{""good"": []}",+RA,"{""good"": []}",99.1,"{""good"": []}",,,15.72345691,"{""good"": []}",15.78973958,"{""good"": []}",13.98066807,"{""good"": []}",188.9309953,"{""good"": []}",16.70279167,"{""good"": []}"
2026-09-30 02:57:00+00:00,Aberporth Automatic Weather Station,-4.57,52.14,0.0,"{""good"": []}",987.415,"{""good"": []}",,,13.92727231,"{""good"": []}",,,,,400.0,"{""good"": []}",1700.0,"{""good"": []}",3900.0,"{""good"": []}",4.0,"{""good"": []}",1.0,"{""good"": []}",8.0,"{""good"": []}",8.0,"{""good"": []}",,,-0.1694091254,"{""good"": []}",,,-0.1386598926,"{""good"": []}",,,0.0,"{""good"": []}",14.04758729,"{""good"": []}",13.731424,"{""good"": []}",2058.5,"{""good"": []}",9.72972973,"{""good"": []}",+RA,"{""good"": []}",99.1,"{""good"": []}",,,15.72360682,"{""good"": []}",15.78832871,"{""good"": []}",13.98106838,"{""good"": []}",197.0106034,"{""good"": []}",15.81433333,"{""good"": []}"
2026-09-30 02:58:00+00:00,Aberporth Automatic Weather Station,-4.57,52.14,0.0,"{""good"": []}",987.38,"{""good"": []}",,,13.91216239,"{""good"": []}",,,,,400.0,"{""good"": []}",3900.0,"{""good"": []}",,"{""good"": []}",6.0,"{""good"": []}",8.0,"{""good"": []}",,"{""good"": []}",8.0,"{""good"": []}",,,-0.1686301173,"{""good"": []}",,,-0.1019971841,"{""good"": []}",,,0.0,"{""good"": []}",14.03031042,"{""good"": []}",13.70161904,"{""good"": []}",2187.0,"{""good"": []}",4.5,"{""good"": []}",+RA,"{""good"": []}",99.1,"{""good"": []}",,,15.72350688,"{""good"": []}",15.7873206,"{""good"": []}",13.98136861,"{""good"": []}",191.4715832,"{""good"": []}",15.9645,"{""good"": []}"
2026-09-30 02:59:00+00:00,Aberporth Automatic Weather Station,-4.57,52.14,0.0,"{""good"": []}",987.35,"{""good"": []}",,,13.86703499,"{""good"": []}",,,,,400.0,"{""good"": []}",4100.0,"{""good"": []}",,"{""good"": []}",6.0,"{""good"": []}",8.0,"{""good"": []}",,"{""good"": []}",8.0,"{""good"": []}",,,-0.16834028,"{""good"": []}",,,-0.1360967742,"{""good"": []}",,,0.0,"{""good"": []}",14.01197921,"{""good"": []}",13.67282064,"{""good"": []}",2741.0,"{""good"": []}",0.0,"{""good"": []}",+RA,"{""good"": []}",99.025,"{""good"": []}",,,15.72350938,"{""good"": []}",15.78560704,"{""good"": []}",13.98177892,"{""good"": []}",197.1380575,"{""good"": []}",18.07866667,"{""good"": []}"
2026-09-30 03:00:00+00:00,Aberporth Automatic Weather Station,-4.57,52.14,0.2,"{""good"": []}",987.365,"{""good"": []}",,,13.85162527,"{""good"": []}",,,,,400.0,"{""good"": []}",4100.0,"{""good"": []}",,"{""good"": []}",6.0,"{""good"": []}",8.0,"{""good"": []}",,"{""good"": []}",8.0,"{""good"": []}",,,-0.1669313806,"{""good"": []}",,,-0.07453157058,"{""good"": []}",,,0.0,"{""good"": []}",13.97994644,"{""good"": []}",13.63581234,"{""good"": []}",2402.0,"{""good"": []}",2.748091603,"{""good"": []}",+RA,"{""good"": []}",98.975,"{""good"": []}",,,15.72330449,"{""good"": []}",15.78409361,"{""good"": []}",13.98192904,"{""good"": []}",192.2568079,"{""good"": []}",15.67545833,"{""good"": []}"
2026-09-30 03:01:00+00:00,Aberporth Automatic Weather Station,-4.57,52.14,0.0,"{""good"": []}",987.38,"{""good"": []}",,,13.83223321,"{""good"": []}",,,,,500.0,"{""good"": []}",4100.0,"{""good"": []}",,"{""good"": []}",6.0,"{""good"": []}",8.0,"{""good"": []}",,"{""good"": []}",8.0,"{""good"": []}",,,-0.1658470586,"{""good"": []}",,,-0.1020222845,"{""good"": []}",,,0.0,"{""good"": []}",13.96080572,"{""good"": []}",13.6106381,"{""good"": []}",3351.0,"{""good"": []}",2.748091603,"{""good"": []}",+RA,"{""good"": []}",99.05,"{""good"": []}",,,15.72345691,"{""good"": []}",15.78283534,"{""good"": []}",13.98212919,"{""good"": []}",194.1291631,"{""good"": []}",16.85279167,"{""good"": []}"
2026-09-30 03:02:00+00:00,Aberporth Automatic Weather Station,-4.57,52.14,0.0,"{""good"": []}",987.35,"{""good"": []}",,,13.81722822,"{""good"": []}",,,,,500.0,"{""good"": []}",4100.0,"{""good"": []}",,"{""good"": []}",6.0,"{""good"": []}",8.0,"{""good"": []}",,"{""good"": []}",8.0,"{""good"": []}",,,-0.1645194078,"{""good"": []}",,,-0.08885486872,"{""good"": []}",,,0.0,"{""good"": []}",13.93542135,"{""good"": []}",13.58375044,"{""good"": []}",3877.5,"{""good"": []}",2.748091603,"{""good"": []}",+RA,"{""good"": []}",98.925,"{""good"": []}",,,15.72350438,"{""good"": []}",15.78152203,"{""good"": []}",13.98232935,"{""good"": []}",194.8333917,"{""good"": []}",16.191375,"{""good"": []}"
2026-09-30 03:03:00+00:00,Aberporth Automatic Weather Station,-4.57,52.14,0.0,"{""good"": []}",987.415,"{""good"": []}",,,13.82871056,"{""good"": []}",,,,,500.0,"{""good"": []}",4100.0,"{""good"": []}",,"{""good"": []}",6.0,"{""good"": []}",8.0,"{""good"": []}",,"{""good"": []}",8.0,"{""good"": []}",,,-0.1630196246,"{""good"": []}",,,-0.09476008758,"{""good"": []}",,,0.0,"{""good"": []}",13.92016075,"{""good"": []}",13.5687468,"{""good"": []}",3987.0,"{""good"": []}",2.748091603,"{""good"": []}",+RA,"{""good"": []}",99.0,"{""good"": []}",,,15.72315458,"{""good"": []}",15.77990603,"{""good"": []}",13.98267961,"{""good"": []}",195.7826998,"{""good"": []}",15.46775,"{""good"": []}"
2026-09-30 03:04:00+00:00,Aberporth Automatic Weather Station,-4.57,52.14,0.2,"{""good"": []}",987.42,"{""good"": []}",,,13.82639461,"{""good"": []}",,,,,600.0,"{""good"": []}",4100.0,"{""good"": []}",,"{""good"": []}",6.0,"{""good"": []}",8.0,"{""good"": []}",,"{""good"": []}",8.0,"{""good"": []}",,,-0.1616978368,"{""good"": []}",,,-0.105138192,"{""good"": []}",,,0.0,"{""good"": []}",13.90525493,"{""good"": []}",13.55902828,"{""good"": []}",5032.0,"{""good"": []}",3.171806167,"{""good"": []}",+RA,"{""good"": []}",99.0,"{""good"": []}",,,15.72325452,"{""good"": []}",15.77864526,"{""good"": []}",13.98308743,"{""good"": []}",192.318287,"{""good"": []}",15.76970833,"{""good"": []}"
2026-09-30 03:05:00+00:00,Aberporth Automatic Weather Station,-4.57,52.14,0.0,"{""good"": []}",987.41,"{""good"": []}",,,13.83722238,"{""good"": []}",,,,,600.0,"{""good"": []}",4100.0,"{""good"": []}",,"{""good"": []}",5.0,"{""good"": []}",8.0,"{""good"": []}",,"{""good"": []}",8.0,"{""good"": []}",,,-0.160601788,"{""good"": []}",,,-0.1261708571,"{""good"": []}",,,0.0,"{""good"": []}",13.89039658,"{""good"": []}",13.55318867,"{""good"": []}",5720.5,"{""good"": []}",3.171806167,"{""good"": []}",+RA,"{""good"": []}",99.0,"{""good"": []}",,,15.72315458,"{""good"": []}",15.77713433,"{""good"": []}",13.98354028,"{""good"": []}",191.2756512,"{""good"": []}",12.867,"{""good"": []}"
2026-09-30 03:06:00+00:00,Aberporth Automatic Weather Station,-4.57,52.14,0.0,"{""good"": []}",987.41,"{""good"": []}",,,13.8464887,"{""good"": []}",,,,,600.0,"{""good"": []}",4100.0,"{""good"": []}",,"{""good"": []}",5.0,"{""good"": []}",8.0,"{""good"": []}",,"{""good"": []}",8.0,"{""good"": []}",,,-0.1600233898,"{""good"": []}",,,-0.1564006109,"{""good"": []}",,,0.0,"{""good"": []}",13.88752584,"{""good"": []}",13.55323863,"{""good"": []}",9843.0,"{""good"": []}",3.171806167,"{""good"": []}",+RA,"{""good"": []}",99.025,"{""good"": []}",,,15.72290222,"{""good"": []}",15.77556837,"{""good"": []}",13.98364035,"{""good"": []}",193.9121717,"{""good"": []}",13.56366667,"{""good"": []}"
2026-09-30 03:07:00+00:00,Aberporth Automatic Weather Station,-4.57,52.14,0.0,"{""good"": []}",987.415,"{""good"": []}",,,13.85726651,"{""good"": []}",,,,,600.0,"{""good"": []}",4100.0,"{""good"": []}",,"{""good"": []}",5.0,"{""good"": []}",8.0,"{""good"": []}",,"{""good"": []}",8.0,"{""good"": []}",,,-0.1596514654,"{""good"": []}",,,-0.1677587426,"{""good"": []}",,,0.0,"{""good"": []}",13.88828038,"{""good"": []}",13.5564107,"{""good"": []}",12253.5,"{""good"": []}",3.171806167,"{""good"": []}",+RA,"{""good"": []}",99.05,"{""good"": []}",,,15.72269984,"{""good"": []}",15.77405994,"{""good"": []}",13.98404817,"{""good"": []}",187.6715109,"{""good"": []}",12.57445833,"{""good"": []}"
2026-09-30 03:08:00+00:00,Aberporth Automatic Weather Station,-4.57,52.14,0.0,"{""good"": []}",987.43,"{""good"": []}",,,13.86441674,"{""good"": []}",,,,,600.0,"{""good"": []}",4100.0,"{""good"": []}",,"{""good"": []}",5.0,"{""good"": []}",8.0,"{""good"": []}",,"{""good"": []}",8.0,"{""good"": []}",,,-0.1597699692,"{""good"": []}",,,-0.1911786101,"{""good"": []}",,,0.0,"{""good"": []}",13.89784949,"{""good"": []}",13.56567713,"{""good"": []}",11692.5,"{""good"": []}",3.171806167,"{""good"": []}",+RA,"{""good"": []}",99.1,"{""good"": []}",,,15.72264987,"{""good"": []}",15.77314938,"{""good"": []}",13.98429836,"{""good"": []}",190.349077,"{""good"": []}",11.44352083,"{""good"": []}"
2026-09-30 03:09:00+00:00,Aberporth Automatic Weather Station,-4.57,52.14,0.0,"{""good"": []}",987.42,"{""good"": []}",,,13.88542023,"{""good"": []}",,,,,600.0,"{""good"": []}",4100.0,"{""good"": []}",,"{""good"": []}",4.0,"{""good"": []}",7.0,"{""good"": []}",,"{""good"": []}",8.0,"{""good"": []}",,,-0.1599316109,"{""good"": []}",,,-0.194495599,"{""good"": []}",,,0.0,"{""good"": []}",13.91371722,"{""good"": []}",13.58334831,"{""good"": []}",12893.0,"{""good"": []}",3.171806167,"{""good"": []}",RA,"{""good"": []}",99.125,"{""good"": []}",,,15.72295219,"{""good"": []}",15.77128323,"{""good"": []}",13.98460109,"{""good"": []}",192.3249622,"{""good"": []}",9.186033333,"{""good"": []}"
2026-09-30 03:10:00+00:00,Aberporth Automatic Weather Station,-4.57,52.14,0.0,"{""good"": []}",987.385,"{""good"": []}",,,13.87731064,"{""good"": []}",,,,,600.0,"{""good"": []}",4100.0,"{""good"": []}",,"{""good"": []}",4.0,"{""good"": []}",7.0,"{""good"": []}",,"{""good"": []}",8.0,"{""good"": []}",,,-0.1602712457,"{""good"": []}",,,-0.2175133788,"{""good"": []}",,,0.0,"{""good"": []}",13.92862054,"{""good"": []}",13.60247813,"{""good"": []}",14191.0,"{""good"": []}",1.841432225,"{""good"": []}",RA,"{""good"": []}",99.175,"{""good"": []}",,,15.72285225,"{""good"": []}",15.76926699,"{""good"": []}",13.98490132,"{""good"": []}",189.4399838,"{""good"": []}",10.90966667,"{""good"": []}"
2026-09-30 03:11:00+00:00,Aberporth Automatic Weather Station,-4.57,52.14,0.0,"{""good"": []}",987.415,"{""good"": []}",,,13.85852317,"{""good"": []}",,,,,600.0,"{""good"": []}",4100.0,"{""good"": []}",,"{""good"": []}",4.0,"{""good"": []}",7.0,"{""good"": []}",,"{""good"": []}",8.0,"{""good"": []}",,,-0.1605501549,"{""good"": []}",,,-0.2015818288,"{""good"": []}",,,0.0,"{""good"": []}",13.92393843,"{""good"": []}",13.60907454,"{""good"": []}",18867.0,"{""good"": []}",1.596452328,"{""good"": []}",RA,"{""good"": []}",99.175,"{""good"": []}",,,15.72270234,"{""good"": []}",15.76770353,"{""good"": []}",13.98525159,"{""good"": []}",192.3410271,"{""good"": []}",12.032125,"{""good"": []}"
2026-09-30 03:12:00+00:00,Aberporth Automatic Weather Station,-4.57,52.14,0.0,"{""good"": []}",987.425,"{""good"": []}",,,13.87262376,"{""good"": []}",,,,,600.0,"{""good"": []}",4100.0,"{""good"": []}",,"{""good"": []}",5.0,"{""good"": []}",8.0,"{""good"": []}",,"{""good"": []}",8.0,"{""good"": []}",,,-0.1604521334,"{""good"": []}",,,-0.1919324357,"{""good"": []}",,,0.0,"{""good"": []}",13.91704017,"{""good"": []}",13.61144485,"{""good"": []}",16630.5,"{""good"": []}",1.409001957,"{""good"": []}",RA,"{""good"": []}",99.225,"{""good"": []}",,,15.72235003,"{""good"": []}",15.76593994,"{""good"": []}",13.98556183,"{""good"": []}",190.8977882,"{""good"": []}",11.07258333,"{""good"": []}"
2026-09-30 03:13:00+00:00,Aberporth Automatic Weather Station,-4.57,52.14,0.0,"{""good"": []}",987.415,"{""good"": []}",,,13.85736644,"{""good"": []}",,,,,600.0,"{""good"": []}",4100.0,"{""good"": []}",,"{""good"": []}",5.0,"{""good"": []}",8.0,"{""good"": []}",,"{""good"": []}",8.0,"{""good"": []}",,,-0.1605760816,"{""good"": []}",,,-0.208266036,"{""good"": []}",,,0.0,"{""good"": []}",13.91245549,"{""good"": []}",13.61144235,"{""good"": []}",21688.0,"{""good"": []}",0.0,"{""good"": []}",RA,"{""good"": []}",99.2,"{""good"": []}",,,15.72254992,"{""good"": []}",15.76503439,"{""good"": []}",13.98586206,"{""good"": []}",187.5499435,"{""good"": []}",10.5609875,"{""good"": []}"
2026-09-30 03:14:00+00:00,Aberporth Automatic Weather Station,-4.57,52.14,0.0,"{""good"": []}",987.405,"{""good"": []}",,,13.85374136,"{""good"": []}",,,,,600.0,"{""good"": []}",4100.0,"{""good"": []}",,"{""good"": []}",6.0,"{""good"": []}",8.0,"{""good"": []}",,"{""good"": []}",8.0,"{""good"": []}",,,-0.1611519275,"{""good"": []}",,,-0.2222877837,"{""good"": []}",,,0.0,"{""good"": []}",13.90344105,"{""good"": []}",13.60439636,"{""good"": []}",24469.5,"{""good"": []}",0.0,"{""good"": []}",RA,"{""good"": []}",99.25,"{""good"": []}",,,15.72244998,"{""good"": []}",15.76296562,"{""good"": []}",13.98636245,"{""good"": []}",188.4731287,"{""good"": []}",11.954375,"{""good"": []}"
2026-09-30 03:15:00+00:00,Aberporth Automatic Weather Station,-4.57,52.14,0.0,"{""good"": []}",987.43,"{""good"": []}",,,13.84910945,"{""good"": []}",,,,,600.0,"{""good"": []}",1300.0,"{""good"": []}",4100.0,"{""good"": []}",3.0,"{""good"": []}",3.0,"{""good"": []}",8.0,"{""good"": []}",8.0,"{""good"": []}",,,-0.1615803518,"{""good"": []}",,,-0.217010771,"{""good"": []}",,,0.0,"{""good"": []}",13.89060145,"{""good"": []}",13.5977475,"{""good"": []}",21763.5,"{""good"": []}",0.0,"{""good"": []}",RA,"{""good"": []}",99.2,"{""good"": []}",,,15.72260239,"{""good"": []}",15.7618049,"{""good"": []}",13.98666768,"{""good"": []}",188.753046,"{""good"": []}",11.64958333,"{""good"": []}"
2026-09-30 03:16:00+00:00,Aberporth Automatic Weather Station,-4.57,52.14,0.0,"{""good"": []}",987.445,"{""good"": []}",,,13.85429599,"{""good"": []}",,,,,600.0,"{""good"": []}",1300.0,"{""good"": []}",4100.0,"{""good"": []}",3.0,"{""good"": []}",3.0,"{""good"": []}",8.0,"{""good"": []}",8.0,"{""good"": []}",,,-0.1615882896,"{""good"": []}",,,-0.2024110162,"{""good"": []}",,,0.0,"{""good"": []}",13.88717356,"{""good"": []}",13.59563446,"{""good"": []}",17803.5,"{""good"": []}",0.0,"{""good"": []}",RA,"{""good"": []}",99.25,"{""good"": []}",,,15.72249995,"{""good"": []}",15.75908323,"{""good"": []}",13.987073,"{""good"": []}",185.8999302,"{""good"": []}",9.898283333,"{""good"": []}"
2026-09-30 03:17:00+00:00,Aberporth Automatic Weather Station,-4.57,52.14,0.0,"{""good"": []}",987.465,"{""good"": []}",,,13.85011378,"{""good"": []}",,,,,600.0,"{""good"": []}",1300.0,"{""good"": []}",4100.0,"{""good"": []}",3.0,"{""good"": []}",3.0,"{""good"": []}",8.0,"{""good"": []}",8.0,"{""good"": []}",,,-0.1617658463,"{""good"": []}",,,-0.207285947,"{""good"": []}",,,0.0,"{""good"": []}",13.89427419,"{""good"": []}",13.59986555,"{""good"": []}",22737.0,"{""good"": []}",0.0,"{""good"": []}",-RA,"{""good"": []}",99.3,"{""good"": []}",,,15.72229507,"{""good"": []}",15.75792001,"{""good"": []}",13.9874733,"{""good"": []}",185.3575256,"{""good"": []}",11.43661667,"{""good"": []}"
2026-09-30 03:18:00+00:00,Aberporth Automatic Weather Station,-4.57,52.14,0.0,"{""good"": []}",987.465,"{""good"": []}",,,13.84336328,"{""good"": []}",,,,,600.0,"{""good"": []}",4100.0,"{""good"": []}",6400.0,"{""good"": []}",7.0,"{""good"": []}",6.0,"{""good"": []}",3.0,"{""good"": []}",8.0,"{""good"": []}",,,-0.1621406659,"{""good"": []}",,,-0.1894446204,"{""good"": []}",,,0.0,"{""good"": []}",13.89462897,"{""good"": []}",13.60711385,"{""good"": []}",22013.5,"{""good"": []}",0.0,"{""good"": []}",-RA,"{""good"": []}",99.275,"{""good"": []}",,,15.72254992,"{""good"": []}",15.75661421,"{""good"": []}",13.98772349,"{""good"": []}",185.905053,"{""good"": []}",10.2982375,"{""good"": []}"
2026-09-30 03:19:00+00:00,Aberporth Automatic Weather Station,-4.57,52.14,0.0,"{""good"": []}",987.45,"{""good"": []}",,,13.86215325,"{""good"": []}",,,,,600.0,"{""good"": []}",4100.0,"{""good"": []}",6400.0,"{""good"": []}",7.0,"{""good"": []}",6.0,"{""good"": []}",3.0,"{""good"": []}",8.0,"{""good"": []}",,,-0.1623906815,"{""good"": []}",,,-0.1720807414,"{""good"": []}",,,0.0,"{""good"": []}",13.89709496,"{""good"": []}",13.617232,"{""good"": []}",19904.0,"{""good"": []}",0.0,"{""good"": []}",-RA,"{""good"": []}",99.325,"{""good"": []}",,,15.72249995,"{""good"": []}",15.75469303,"{""good"": []}",13.98798119,"{""good"": []}",188.1580503,"{""good"": []}",8.493875,"{""good"": []}"
2026-09-30 03:20:00+00:00,Aberporth Automatic Weather Station,-4.57,52.14,0.0,"{""good"": []}",987.415,"{""good"": []}",,,13.86824668,"{""good"": []}",,,,,600.0,"{""good"": []}",,"{""good"": []}",,"{""good"": []}",8.0,"{""good"": []}",,"{""good"": []}",,"{""good"": []}",8.0,"{""good"": []}",,,-0.1619387687,"{""good"": []}",,,-0.164140089,"{""good"": []}",,,0.0,"{""good"": []}",13.90278645,"{""good"": []}",13.63062963,"{""good"": []}",19828.0,"{""good"": []}",0.0,"{""good"": []}",-RA,"{""good"": []}",99.325,"{""good"": []}",,,15.72209518,"{""good"": []}",15.75298198,"{""good"": []}",13.98833396,"{""good"": []}",189.9580406,"{""good"": []}",9.216470833,"{""good"": []}"
2026-09-30 03:21:00+00:00,Aberporth Automatic Weather Station,-4.57,52.14,0.0,"{""good"": []}",987.415,"{""good"": []}",,,13.84890709,"{""good"": []}",,,,,600.0,"{""good"": []}",,"{""good"": []}",,"{""good"": []}",8.0,"{""good"": []}",,"{""good"": []}",,"{""good"": []}",8.0,"{""good"": []}",,,-0.1619085989,"{""good"": []}",,,-0.1759254033,"{""good"": []}",,,0.0,"{""good"": []}",13.90696388,"{""good"": []}",13.63802779,"{""good"": []}",25074.0,"{""good"": []}",0.0,"{""good"": []}",-RA,"{""good"": []}",99.375,"{""good"": []}",,,15.72265236,"{""good"": []}",15.75141601,"{""good"": []}",13.98868423,"{""good"": []}",187.7744309,"{""good"": []}",11.17329167,"{""good"": []}"
2026-09-30 03:22:00+00:00,Aberporth Automatic Weather Station,-4.57,52.14,0.0,"{""good"": []}",987.43,"{""good"": []}",,,13.82644207,"{""good"": []}",,,,,600.0,"{""good"": []}",,"{""good"": []}",,"{""good"": []}",8.0,"{""good"": []}",,"{""good"": []}",,"{""good"": []}",8.0,"{""good"": []}",,,-0.1621544273,"{""good"": []}",,,-0.1600440708,"{""good"": []}",,,0.0,"{""good"": []}",13.90419558,"{""good"": []}",13.63686886,"{""good"": []}",25276.5,"{""good"": []}",0.0,"{""good"": []}",-RA,"{""good"": []}",99.3,"{""good"": []}",,,15.72184532,"{""good"": []}",15.74975499,"{""good"": []}",13.98908454,"{""good"": []}",190.0448354,"{""good"": []}",10.74966667,"{""good"": []}"
2026-09-30 03:23:00+00:00,Aberporth Automatic Weather Station,-4.57,52.14,0.0,"{""good"": []}",987.45,"{""good"": []}",,,13.83142875,"{""good"": []}",,,,,600.0,"{""good"": []}",,"{""good"": []}",,"{""good"": []}",8.0,"{""good"": []}",,"{""good"": []}",,"{""good"": []}",8.0,"{""good"": []}",,,-0.1622298012,"{""good"": []}",,,-0.1358200998,"{""good"": []}",,,0.0,"{""good"": []}",13.89931109,"{""good"": []}",13.63309235,"{""good"": []}",27842.5,"{""good"": []}",0.0,"{""good"": []}",-RA,"{""good"": []}",99.35,"{""good"": []}",,,15.72189529,"{""good"": []}",15.74758115,"{""good"": []}",13.9892897,"{""good"": []}",187.4264217,"{""good"": []}",10.158925,"{""good"": []}"
2026-09-30 03:24:00+00:00,Aberporth Automatic Weather Station,-4.57,52.14,0.0,"{""good"": []}",987.415,"{""good"": []}",,,13.82201253,"{""good"": []}",,,,,600.0,"{""good"": []}",,"{""good"": []}",,"{""good"": []}",8.0,"{""good"": []}",,"{""good"": []}",,"{""good"": []}",8.0,"{""good"": []}",,,-0.1621007941,"{""good"": []}",,,-0.1467761843,"{""good"": []}",,,0.0,"{""good"": []}",13.90460033,"{""good"": []}",13.62977042,"{""good"": []}",30681.5,"{""good"": []}",0.0,"{""good"": []}",-RA,"{""good"": []}",99.35,"{""good"": []}",,,15.72209768,"{""good"": []}",15.74617529,"{""good"": []}",13.98954239,"{""good"": []}",186.8567794,"{""good"": []}",9.293066667,"{""good"": []}"
2026-09-30 03:25:00+00:00,Aberporth Automatic Weather Station,-4.57,52.14,0.0,"{""good"": []}",987.37,"{""good"": []}",,,13.833295,"{""good"": []}",,,,,600.0,"{""good"": []}",,"{""good"": []}",,"{""good"": []}",8.0,"{""good"": []}",,"{""good"": []}",,"{""good"": []}",8.0,"{""good"": []}",,,-0.1614683745,"{""good"": []}",,,-0.147881813,"{""good"": []}",,,0.0,"{""good"": []}",13.90716625,"{""good"": []}",13.6274051,"{""good"": []}",30758.0,"{""good"": []}",0.0,"{""good"": []}",-RA,"{""good"": []}",99.325,"{""good"": []}",,,15.72214765,"{""good"": []}",15.74354867,"{""good"": []}",13.99009531,"{""good"": []}",189.0999004,"{""good"": []}",8.545729167,"{""good"": []}"
2026-09-30 03:26:00+00:00,Aberporth Automatic Weather Station,-4.57,52.14,0.0,"{""good"": []}",987.33,"{""good"": []}",,,13.82825586,"{""good"": []}",,,,,600.0,"{""good"": []}",,"{""good"": []}",,"{""good"": []}",8.0,"{""good"": []}",,"{""good"": []}",,"{""good"": []}",8.0,"{""good"": []}",,,-0.1609469399,"{""good"": []}",,,-0.1511233748,"{""good"": []}",,,0.0,"{""good"": []}",13.90918251,"{""good"": []}",13.63274018,"{""good"": []}",23659.5,"{""good"": []}",0.0,"{""good"": []}",-RA,"{""good"": []}",99.425,"{""good"": []}",,,15.72184532,"{""good"": []}",15.74214031,"{""good"": []}",13.99035301,"{""good"": []}",182.6282603,"{""good"": []}",8.552733333,"{""good"": []}"
2026-09-30 03:27:00+00:00,Aberporth Automatic Weather Station,-4.57,52.14,0.0,"{""good"": []}",987.315,"{""good"": []}",,,13.82437845,"{""good"": []}",,,,,600.0,"{""good"": []}",,"{""good"": []}",,"{""good"": []}",8.0,"{""good"": []}",,"{""good"": []}",,"{""good"": []}",8.0,"{""good"": []}",,,-0.1605168069,"{""good"": []}",,,-0.1527567279,"{""good"": []}",,,0.0,"{""good"": []}",13.907571,"{""good"": []}",13.63445359,"{""good"": []}",24645.5,"{""good"": []}",0.0,"{""good"": []}",-RA,"{""good"": []}",99.4,"{""good"": []}",,,15.72194526,"{""good"": []}",15.74057684,"{""good"": []}",13.99055567,"{""good"": []}",180.0769647,"{""good"": []}",8.798808333,"{""good"": []}"
2026-09-30 03:28:00+00:00,Aberporth Automatic Weather Station,-4.57,52.14,0.0,"{""good"": []}",987.31,"{""good"": []}",,,13.81833498,"{""good"": []}",,,,,600.0,"{""good"": []}",,"{""good"": []}",,"{""good"": []}",8.0,"{""good"": []}",,"{""good"": []}",,"{""good"": []}",8.0,"{""good"": []}",,,-0.1606361547,"{""good"": []}",,,-0.1679595473,"{""good"": []}",,,0.0,"{""good"": []}",13.9104942,"{""good"": []}",13.62977292,"{""good"": []}",42130.0,"{""good"": []}",0.0,"{""good"": []}",-RA,"{""good"": []}",99.4,"{""good"": []}",,,15.72194526,"{""good"": []}",15.73875823,"{""good"": []}",13.99075583,"{""good"": []}",188.9471441,"{""good"": []}",9.4029375,"{""good"": []}"
2026-09-30 03:29:00+00:00,Aberporth Automatic Weather Station,-4.57,52.14,0.0,"{""good"": []}",987.27,"{""good"": []}",,,13.80755967,"{""good"": []}",,,,,600.0,"{""good"": []}",,"{""good"": []}",,"{""good"": []}",8.0,"{""good"": []}",,"{""good"": []}",,"{""good"": []}",8.0,"{""good"": []}",,,-0.1611018601,"{""good"": []}",,,-0.1665523428,"{""good"": []}",,,0.0,"{""good"": []}",13.90222929,"{""good"": []}",13.62659835,"{""good"": []}",36887.5,"{""good"": []}",0.0,"{""good"": []}",-RA,"{""good"": []}",99.4,"{""good"": []}",,,15.72194526,"{""good"": []}",15.73674199,"{""good"": []}",13.99120617,"{""good"": []}",184.4614442,"{""good"": []}",9.252070833,"{""good"": []}"
2026-09-30 03:30:00+00:00,Aberporth Automatic Weather Station,-4.57,52.14,0.0,"{""good"": []}",987.235,"{""good"": []}",,,13.81496223,"{""good"": []}",,,,,600.0,"{""good"": []}",,"{""good"": []}",,"{""good"": []}",8.0,"{""good"": []}",,"{""good"": []}",,"{""good"": []}",8.0,"{""good"": []}",,,-0.1618427246,"{""good"": []}",,,-0.1677082463,"{""good"": []}",,,0.0,"{""good"": []}",13.89301497,"{""good"": []}",13.62327392,"{""good"": []}",48460.0,"{""good"": []}",0.0,"{""good"": []}",-RA,"{""good"": []}",99.425,"{""good"": []}",,,15.72159296,"{""good"": []}",15.73538115,"{""good"": []}",13.99145636,"{""good"": []}",183.7092491,"{""good"": []}",8.288183333,"{""good"": []}"
2026-09-30 03:31:00+00:00,Aberporth Automatic Weather Station,-4.57,52.14,0.0,"{""good"": []}",987.215,"{""good"": []}",,,13.81108232,"{""good"": []}",,,,,600.0,"{""good"": []}",,"{""good"": []}",,"{""good"": []}",8.0,"{""good"": []}",,"{""good"": []}",,"{""good"": []}",8.0,"{""good"": []}",,,-0.1623038214,"{""good"": []}",,,-0.1836146145,"{""good"": []}",,,0.0,"{""good"": []}",13.89528107,"{""good"": []}",13.61954736,"{""good"": []}",47190.5,"{""good"": []}",0.0,"{""good"": []}",-RA,"{""good"": []}",99.425,"{""good"": []}",,,15.72184532,"{""good"": []}",15.73260944,"{""good"": []}",13.99191421,"{""good"": []}",186.9184957,"{""good"": []}",8.612729167,"{""good"": []}"
2026-09-30 03:32:00+00:00,Aberporth Automatic Weather Station,-4.57,52.14,0.0,"{""good"": []}",987.19,"{""good"": []}",,,13.80640044,"{""good"": []}",,,,,600.0,"{""good"": []}",,"{""good"": []}",,"{""good"": []}",8.0,"{""good"": []}",,"{""good"": []}",,"{""good"": []}",8.0,"{""good"": []}",,,-0.1630681378,"{""good"": []}",,,-0.1848961645,"{""good"": []}",,,0.0,"{""good"": []}",13.89220797,"{""good"": []}",13.61718455,"{""good"": []}",45880.5,"{""good"": []}",0.0,"{""good"": []}",-RA,"{""good"": []}",99.425,"{""good"": []}",,,15.72174537,"{""good"": []}",15.73104348,"{""good"": []}",13.99231702,"{""good"": []}",182.1405597,"{""good"": []}",7.3606625,"{""good"": []}"
2026-09-30 03:33:00+00:00,Aberporth Automatic Weather Station,-4.57,52.14,0.0,"{""good"": []}",987.065,"{""good"": []}",,,13.80393209,"{""good"": []}",,,,,600.0,"{""good"": []}",,"{""good"": []}",,"{""good"": []}",8.0,"{""good"": []}",,"{""good"": []}",,"{""good"": []}",8.0,"{""good"": []}",,,-0.1644309333,"{""good"": []}",,,-0.2164576295,"{""good"": []}",,,0.0,"{""good"": []}",13.88515981,"{""good"": []}",13.61209675,"{""good"": []}",54769.0,"{""good"": []}",0.0,"{""good"": []}",-RA,"{""good"": []}",99.475,"{""good"": []}",,,15.72169541,"{""good"": []}",15.72942999,"{""good"": []}",13.99231703,"{""good"": []}",177.3196864,"{""good"": []}",7.493491667,"{""good"": []}"
2026-09-30 03:34:00+00:00,Aberporth Automatic Weather Station,-4.57,52.14,0.0,"{""good"": []}",987.0,"{""good"": []}",,,13.77764213,"{""good"": []}",,,,,600.0,"{""good"": []}",,"{""good"": []}",,"{""good"": []}",8.0,"{""good"": []}",,"{""good"": []}",,"{""good"": []}",8.0,"{""good"": []}",,,-0.1662368275,"{""good"": []}",,,-0.2681973567,"{""good"": []}",,,0.0,"{""good"": []}",13.85640002,"{""good"": []}",13.58158744,"{""good"": []}",57226.5,"{""good"": []}",0.0,"{""good"": []}",-RA,"{""good"": []}",99.4,"{""good"": []}",,,15.72174538,"{""good"": []}",15.72716109,"{""good"": []}",13.99291999,"{""good"": []}",178.0723065,"{""good"": []}",7.700475,"{""good"": []}"
2026-09-30 03:35:00+00:00,Aberporth Automatic Weather Station,-4.57,52.14,0.0,"{""good"": []}",987.12,"{""good"": []}",,,13.76152538,"{""good"": []}",,,,,600.0,"{""good"": []}",,"{""good"": []}",,"{""good"": []}",8.0,"{""good"": []}",,"{""good"": []}",,"{""good"": []}",8.0,"{""good"": []}",,,-0.1680586334,"{""good"": []}",,,-0.3028245216,"{""good"": []}",,,0.0,"{""good"": []}",13.81615979,"{""good"": []}",13.54075266,"{""good"": []}",58846.5,"{""good"": []}",0.0,"{""good"": []}",-RA,"{""good"": []}",99.4,"{""good"": []}",,,15.7213431,"{""good"": []}",15.72549757,"{""good"": []}",13.99327526,"{""good"": []}",173.0690621,"{""good"": []}",9.4846875,"{""good"": []}"
2026-09-30 03:36:00+00:00,Aberporth Automatic Weather Station,-4.57,52.14,0.0,"{""good"": []}",987.215,"{""good"": []}",,,13.76016629,"{""good"": []}",,,,,600.0,"{""good"": []}",,"{""good"": []}",,"{""good"": []}",8.0,"{""good"": []}",,"{""good"": []}",,"{""good"": []}",8.0,"{""good"": []}",,,-0.1700869141,"{""good"": []}",,,-0.3130267537,"{""good"": []}",,,0.0,"{""good"": []}",13.78482908,"{""good"": []}",13.51804364,"{""good"": []}",44528.5,"{""good"": []}",0.0,"{""good"": []}",-RADZ,"{""good"": []}",99.425,"{""good"": []}",,,15.72129063,"{""good"": []}",15.72373399,"{""good"": []}",13.99352795,"{""good"": []}",170.2848049,"{""good"": []}",10.06254167,"{""good"": []}"
2026-09-30 03:37:00+00:00,Aberporth Automatic Weather Station,-4.57,52.14,0.0,"{""good"": []}",987.3,"{""good"": []}",,,13.76062098,"{""good"": []}",,,,,600.0,"{""good"": []}",,"{""good"": []}",,"{""good"": []}",8.0,"{""good"": []}",,"{""good"": []}",,"{""good"": []}",8.0,"{""good"": []}",,,-0.1717793069,"{""good"": []}",,,-0.3187811744,"{""good"": []}",,,0.0,"{""good"": []}",13.76690012,"{""good"": []}",13.50560764,"{""good"": []}",43836.5,"{""good"": []}",0.0,"{""good"": []}",-RADZ,"{""good"": []}",99.5,"{""good"": []}",,,15.72113572,"{""good"": []}",15.72166521,"{""good"": []}",13.99357799,"{""good"": []}",170.490372,"{""good"": []}",10.06858333,"{""good"": []}"
2026-09-30 03:38:00+00:00,Aberporth Automatic Weather Station,-4.57,52.14,0.0,"{""good"": []}",987.38,"{""good"": []}",,,13.75860733,"{""good"": []}",,,,,600.0,"{""good"": []}",,"{""good"": []}",,"{""good"": []}",8.0,"{""good"": []}",,"{""good"": []}",,"{""good"": []}",8.0,"{""good"": []}",,,-0.174205877,"{""good"": []}",,,-0.3209925109,"{""good"": []}",,,0.0,"{""good"": []}",13.75587192,"{""good"": []}",13.50017016,"{""good"": []}",41856.5,"{""good"": []}",0.0,"{""good"": []}",-RADZ,"{""good"": []}",99.525,"{""good"": []}",,,15.72149302,"{""good"": []}",15.719699,"{""good"": []}",13.994236,"{""good"": []}",170.4746662,"{""good"": []}",11.55783333,"{""good"": []}"
2026-09-30 03:39:00+00:00,Aberporth Automatic Weather Station,-4.57,52.14,0.0,"{""good"": []}",987.43,"{""good"": []}",,,13.7641961,"{""good"": []}",,,,,600.0,"{""good"": []}",,"{""good"": []}",,"{""good"": []}",8.0,"{""good"": []}",,"{""good"": []}",,"{""good"": []}",8.0,"{""good"": []}",,,-0.1772924953,"{""good"": []}",,,-0.3086543733,"{""good"": []}",,,0.0,"{""good"": []}",13.74745959,"{""good"": []}",13.49971808,"{""good"": []}",48682.5,"{""good"": []}",0.0,"{""good"": []}",-DZ,"{""good"": []}",99.6,"{""good"": []}",,,15.72139307,"{""good"": []}",15.7175827,"{""good"": []}",13.99448869,"{""good"": []}",170.2552609,"{""good"": []}",12.019125,"{""good"": []}"
2026-09-30 03:40:00+00:00,Aberporth Automatic Weather Station,-4.57,52.14,0.0,"{""good"": []}",987.515,"{""good"": []}",,,13.77099406,"{""good"": []}",,,,,600.0,"{""good"": []}",,"{""good"": []}",,"{""good"": []}",8.0,"{""good"": []}",,"{""good"": []}",,"{""good"": []}",8.0,"{""good"": []}",,,-0.180418483,"{""good"": []}",,,-0.295939314,"{""good"": []}",,,0.0,"{""good"": []}",13.74051137,"{""good"": []}",13.50334473,"{""good"": []}",43703.0,"{""good"": []}",0.0,"{""good"": []}",-DZ,"{""good"": []}",99.6,"{""good"": []}",,,15.72093833,"{""good"": []}",15.71561399,"{""good"": []}",13.99468884,"{""good"": []}",173.8804068,"{""good"": []}",12.87454167,"{""good"": []}"
2026-09-30 03:41:00+00:00,Aberporth Automatic Weather Station,-4.57,52.14,0.0,"{""good"": []}",987.62,"{""good"": []}",,,13.78630385,"{""good"": []}",,,,,600.0,"{""good"": []}",,"{""good"": []}",,"{""good"": []}",8.0,"{""good"": []}",,"{""good"": []}",,"{""good"": []}",8.0,"{""good"": []}",,,-0.1831964399,"{""good"": []}",,,-0.278299053,"{""good"": []}",,,0.0,"{""good"": []}",13.73849511,"{""good"": []}",13.51446945,"{""good"": []}",48656.5,"{""good"": []}",0.0,"{""good"": []}",RERA,"{""good"": []}",99.625,"{""good"": []}",,,15.72119068,"{""good"": []}",15.71339513,"{""good"": []}",13.99503912,"{""good"": []}",177.5107531,"{""good"": []}",14.21929167,"{""good"": []}"
2026-09-30 03:42:00+00:00,Aberporth Automatic Weather Station,-4.57,52.14,0.0,"{""good"": []}",987.665,"{""good"": []}",,,13.79949755,"{""good"": []}",,,,,600.0,"{""good"": []}",,"{""good"": []}",,"{""good"": []}",8.0,"{""good"": []}",,"{""good"": []}",,"{""good"": []}",8.0,"{""good"": []}",,,-0.1867165294,"{""good"": []}",,,-0.2926976908,"{""good"": []}",,,0.0,"{""good"": []}",13.74050887,"{""good"": []}",13.52881869,"{""good"": []}",66362.0,"{""good"": []}",0.0,"{""good"": []}",RERA,"{""good"": []}",99.675,"{""good"": []}",,,15.72058603,"{""good"": []}",15.71208432,"{""good"": []}",13.99539189,"{""good"": []}",175.3753628,"{""good"": []}",13.23395833,"{""good"": []}"
2026-09-30 03:43:00+00:00,Aberporth Automatic Weather Station,-4.57,52.14,0.0,"{""good"": []}",987.725,"{""good"": []}",,,13.81314844,"{""good"": []}",,,,,600.0,"{""good"": []}",3200.0,"{""good"": []}",5900.0,"{""good"": []}",7.0,"{""good"": []}",3.0,"{""good"": []}",5.0,"{""good"": []}",8.0,"{""good"": []}",,,-0.190399117,"{""good"": []}",,,-0.3025732088,"{""good"": []}",,,0.0,"{""good"": []}",13.74297735,"{""good"": []}",13.53919161,"{""good"": []}",74176.5,"{""good"": []}",0.0,"{""good"": []}",RERA,"{""good"": []}",99.7,"{""good"": []}",,,15.7209908,"{""good"": []}",15.70936015,"{""good"": []}",13.99589978,"{""good"": []}",177.1519033,"{""good"": []}",14.38,"{""good"": []}"
2026-09-30 03:44:00+00:00,Aberporth Automatic Weather Station,-4.57,52.14,0.0,"{""good"": []}",987.75,"{""good"": []}",,,13.82528535,"{""good"": []}",,,,,600.0,"{""good"": []}",3200.0,"{""good"": []}",5900.0,"{""good"": []}",7.0,"{""good"": []}",4.0,"{""good"": []}",5.0,"{""good"": []}",8.0,"{""good"": []}",,,-0.1942588611,"{""good"": []}",,,-0.3111923053,"{""good"": []}",,,0.0,"{""good"": []}",13.74212038,"{""good"": []}",13.54810338,"{""good"": []}",75000.0,"{""good"": []}",0.0,"{""good"": []}",RERA,"{""good"": []}",99.625,"{""good"": []}",,,15.72119068,"{""good"": []}",15.70774916,"{""good"": []}",13.99614997,"{""good"": []}",176.893962,"{""good"": []}",14.711125,"{""good"": []}"
2026-09-30 03:45:00+00:00,Aberporth Automatic Weather Station,-4.57,52.14,0.0,"{""good"": []}",987.74,"{""good"": []}",,,13.83561095,"{""good"": []}",,,,,700.0,"{""good"": []}",3200.0,"{""good"": []}",5900.0,"{""good"": []}",6.0,"{""good"": []}",4.0,"{""good"": []}",5.0,"{""good"": []}",8.0,"{""good"": []}",,,-0.1983045561,"{""good"": []}",,,-0.3372004033,"{""good"": []}",,,0.0,"{""good"": []}",13.74025653,"{""good"": []}",13.55626083,"{""good"": []}",75000.0,"{""good"": []}",0.0,"{""good"": []}",RERA,"{""good"": []}",99.6,"{""good"": []}",,,15.7213431,"{""good"": []}",15.7060331,"{""good"": []}",13.99635012,"{""good"": []}",180.4639336,"{""good"": []}",13.30954167,"{""good"": []}"
2026-09-30 03:46:00+00:00,Aberporth Automatic Weather Station,-4.57,52.14,0.0,"{""good"": []}",987.65,"{""good"": []}",,,13.8400455,"{""good"": []}",,,,,700.0,"{""good"": []}",3200.0,"{""good"": []}",5900.0,"{""good"": []}",6.0,"{""good"": []}",4.0,"{""good"": []}",5.0,"{""good"": []}",8.0,"{""good"": []}",,,-0.2021668111,"{""good"": []}",,,-0.3457943673,"{""good"": []}",,,0.0,"{""good"": []}",13.74222282,"{""good"": []}",13.56426594,"{""good"": []}",73078.5,"{""good"": []}",0.0,"{""good"": []}",RERA,"{""good"": []}",99.575,"{""good"": []}",,,15.72103827,"{""good"": []}",15.70431705,"{""good"": []}",13.99650024,"{""good"": []}",176.257528,"{""good"": []}",13.134875,"{""good"": []}"
2026-09-30 03:47:00+00:00,Aberporth Automatic Weather Station,-4.57,52.14,0.0,"{""good"": []}",987.57,"{""good"": []}",,,13.84331332,"{""good"": []}",,,,,700.0,"{""good"": []}",3200.0,"{""good"": []}",6000.0,"{""good"": []}",5.0,"{""good"": []}",4.0,"{""good"": []}",5.0,"{""good"": []}",8.0,"{""good"": []}",,,-0.2054607396,"{""good"": []}",,,-0.3398137742,"{""good"": []}",,,0.0,"{""good"": []}",13.74554327,"{""good"": []}",13.57297539,"{""good"": []}",49465.5,"{""good"": []}",0.0,"{""good"": []}",RERA,"{""good"": []}",99.5,"{""good"": []}",,,15.72108825,"{""good"": []}",15.70184553,"{""good"": []}",13.99701063,"{""good"": []}",180.1666818,"{""good"": []}",14.28583333,"{""good"": []}"
2026-09-30 03:48:00+00:00,Aberporth Automatic Weather Station,-4.57,52.14,0.0,"{""good"": []}",987.585,"{""good"": []}",,,13.84880466,"{""good"": []}",,,,,700.0,"{""good"": []}",3200.0,"{""good"": []}",6000.0,"{""good"": []}",5.0,"{""good"": []}",4.0,"{""good"": []}",5.0,"{""good"": []}",8.0,"{""good"": []}",,,-0.2082948123,"{""good"": []}",,,-0.3472769217,"{""good"": []}",,,0.0,"{""good"": []}",13.74343207,"{""good"": []}",13.57791084,"{""good"": []}",15339.5,"{""good"": []}",0.0,"{""good"": []}",RERA,"{""good"": []}",99.45,"{""good"": []}",,,15.7209858,"{""good"": []}",15.69922392,"{""good"": []}",13.99726082,"{""good"": []}",178.2591988,"{""good"": []}",14.12141667,"{""good"": []}"
2026-09-30 03:49:00+00:00,Aberporth Automatic Weather Station,-4.57,52.14,0.0,"{""good"": []}",987.605,"{""good"": []}",,,13.85898037,"{""good"": []}",,,,,700.0,"{""good"": []}",3200.0,"{""good"": []}",6000.0,"{""good"": []}",5.0,"{""good"": []}",4.0,"{""good"": []}",5.0,"{""good"": []}",8.0,"{""good"": []}",,,-0.2109554957,"{""good"": []}",,,-0.360218104,"{""good"": []}",,,0.0,"{""good"": []}",13.74050887,"{""good"": []}",13.57967171,"{""good"": []}",15638.0,"{""good"": []}",0.0,"{""good"": []}",-RA,"{""good"": []}",99.4,"{""good"": []}",,,15.72093833,"{""good"": []}",15.69751036,"{""good"": []}",13.99741093,"{""good"": []}",176.9404344,"{""good"": []}",13.00466667,"{""good"": []}"
2026-09-30 03:50:00+00:00,Aberporth Automatic Weather Station,-4.57,52.14,0.0,"{""good"": []}",987.63,"{""good"": []}",,,13.86099152,"{""good"": []}",,,,,700.0,"{""good"": []}",2300.0,"{""good"": []}",3200.0,"{""good"": []}",4.0,"{""good"": []}",1.0,"{""good"": []}",4.0,"{""good"": []}",8.0,"{""good"": []}",,,-0.2129339382,"{""good"": []}",,,-0.3380044484,"{""good"": []}",,,0.0,"{""good"": []}",13.74438899,"{""good"": []}",13.58340076,"{""good"": []}",43918.5,"{""good"": []}",0.0,"{""good"": []}",-RA,"{""good"": []}",99.35,"{""good"": []}",,,15.72093583,"{""good"": []}",15.69574678,"{""good"": []}",13.9980139,"{""good"": []}",176.1312687,"{""good"": []}",14.390125,"{""good"": []}"
2026-09-30 03:51:00+00:00,Aberporth Automatic Weather Station,-4.57,52.14,0.0,"{""good"": []}",987.605,"{""good"": []}",,,13.86295771,"{""good"": []}",,,,,700.0,"{""good"": []}",1900.0,"{""good"": []}",3200.0,"{""good"": []}",4.0,"{""good"": []}",2.0,"{""good"": []}",4.0,"{""good"": []}",8.0,"{""good"": []}",,,-0.2147838068,"{""good"": []}",,,-0.3369993456,"{""good"": []}",,,0.0,"{""good"": []}",13.74378435,"{""good"": []}",13.5874795,"{""good"": []}",37721.0,"{""good"": []}",0.0,"{""good"": []}",-RA,"{""good"": []}",99.3,"{""good"": []}",,,15.72073594,"{""good"": []}",15.69337282,"{""good"": []}",13.99806394,"{""good"": []}",177.4651508,"{""good"": []}",13.09008333,"{""good"": []}"
2026-09-30 03:52:00+00:00,Aberporth Automatic Weather Station,-4.57,52.14,0.0,"{""good"": []}",987.605,"{""good"": []}",,,13.86557847,"{""good"": []}",,,,,700.0,"{""good"": []}",1700.0,"{""good"": []}",3200.0,"{""good"": []}",3.0,"{""good"": []}",2.0,"{""good"": []}",4.0,"{""good"": []}",8.0,"{""good"": []}",,,-0.2169322871,"{""good"": []}",,,-0.3392608482,"{""good"": []}",,,0.0,"{""good"": []}",13.73749073,"{""good"": []}",13.58470955,"{""good"": []}",31152.0,"{""good"": []}",0.0,"{""good"": []}",-RA,"{""good"": []}",99.25,"{""good"": []}",,,15.72073594,"{""good"": []}",15.69171179,"{""good"": []}",13.99841921,"{""good"": []}",173.6712873,"{""good"": []}",12.45844167,"{""good"": []}"
2026-09-30 03:53:00+00:00,Aberporth Automatic Weather Station,-4.57,52.14,0.0,"{""good"": []}",987.59,"{""good"": []}",,,13.86330748,"{""good"": []}",,,,,700.0,"{""good"": []}",1700.0,"{""good"": []}",3200.0,"{""good"": []}",3.0,"{""good"": []}",2.0,"{""good"": []}",4.0,"{""good"": []}",8.0,"{""good"": []}",,,-0.2190874678,"{""good"": []}",,,-0.3594391162,"{""good"": []}",,,0.0,"{""good"": []}",13.73084232,"{""good"": []}",13.57594515,"{""good"": []}",32270.5,"{""good"": []}",0.0,"{""good"": []}",-RA,"{""good"": []}",99.175,"{""good"": []}",,,15.72073594,"{""good"": []}",15.6900983,"{""good"": []}",13.99872194,"{""good"": []}",176.0159151,"{""good"": []}",13.4693125,"{""good"": []}"
2026-09-30 03:54:00+00:00,Aberporth Automatic Weather Station,-4.57,52.14,0.0,"{""good"": []}",987.58,"{""good"": []}",,,13.85640958,"{""good"": []}",,,,,700.0,"{""good"": []}",1700.0,"{""good"": []}",3200.0,"{""good"": []}",3.0,"{""good"": []}",2.0,"{""good"": []}",4.0,"{""good"": []}",8.0,"{""good"": []}",,,-0.2206818599,"{""good"": []}",,,-0.3723802906,"{""good"": []}",,,0.0,"{""good"": []}",13.72207522,"{""good"": []}",13.56607677,"{""good"": []}",22972.0,"{""good"": []}",0.0,"{""good"": []}",-RA,"{""good"": []}",99.125,"{""good"": []}",,,15.720636,"{""good"": []}",15.68772685,"{""good"": []}",13.99907222,"{""good"": []}",172.7075739,"{""good"": []}",12.89545833,"{""good"": []}"
2026-09-30 03:55:00+00:00,Aberporth Automatic Weather Station,-4.57,52.14,0.0,"{""good"": []}",987.575,"{""good"": []}",,,13.86058929,"{""good"": []}",,,,,700.0,"{""good"": []}",1700.0,"{""good"": []}",3200.0,"{""good"": []}",3.0,"{""good"": []}",2.0,"{""good"": []}",4.0,"{""good"": []}",8.0,"{""good"": []}",,,-0.2236017883,"{""good"": []}",,,-0.3822558323,"{""good"": []}",,,0.0,"{""good"": []}",13.71129936,"{""good"": []}",13.55621088,"{""good"": []}",23475.5,"{""good"": []}",0.0,"{""good"": []}",-RA,"{""good"": []}",99.05,"{""good"": []}",,,15.72038614,"{""good"": []}",15.68555801,"{""good"": []}",13.99947752,"{""good"": []}",170.4632074,"{""good"": []}",12.51175,"{""good"": []}"
2026-09-30 03:56:00+00:00,Aberporth Automatic Weather Station,-4.57,52.14,0.0,"{""good"": []}",987.57,"{""good"": []}",,,13.86512377,"{""good"": []}",,,,,700.0,"{""good"": []}",3200.0,"{""good"": []}",6100.0,"{""good"": []}",5.0,"{""good"": []}",4.0,"{""good"": []}",5.0,"{""good"": []}",8.0,"{""good"": []}",,,-0.2266494534,"{""good"": []}",,,-0.3976093515,"{""good"": []}",,,0.0,"{""good"": []}",13.70046853,"{""good"": []}",13.54387478,"{""good"": []}",21176.5,"{""good"": []}",0.0,"{""good"": []}",-RA,"{""good"": []}",99.0,"{""good"": []}",,,15.72078592,"{""good"": []}",15.68404708,"{""good"": []}",13.99978276,"{""good"": []}",175.6624446,"{""good"": []}",11.20470417,"{""good"": []}"
2026-09-30 03:57:00+00:00,Aberporth Automatic Weather Station,-4.57,52.14,0.2,"{""good"": []}",987.52,"{""good"": []}",,,13.85660945,"{""good"": []}",,,,,700.0,"{""good"": []}",3200.0,"{""good"": []}",6100.0,"{""good"": []}",5.0,"{""good"": []}",4.0,"{""good"": []}",5.0,"{""good"": []}",8.0,"{""good"": []}",,,-0.2310482018,"{""good"": []}",,,-0.4025847964,"{""good"": []}",,,0.0,"{""good"": []}",13.69034726,"{""good"": []}",13.52942563,"{""good"": []}",26565.0,"{""good"": []}",0.2245088868,"{""good"": []}",-RA,"{""good"": []}",98.975,"{""good"": []}",,,15.72038614,"{""good"": []}",15.68172565,"{""good"": []}",13.99993287,"{""good"": []}",174.6169048,"{""good"": []}",12.026375,"{""good"": []}"
2026-09-30 03:58:00+00:00,Aberporth Automatic Weather Station,-4.57,52.14,0.0,"{""good"": []}",987.48,"{""good"": []}",,,13.84512961,"{""good"": []}",,,,,700.0,"{""good"": []}",3200.0,"{""good"": []}",6100.0,"{""good"": []}",5.0,"{""good"": []}",3.0,"{""good"": []}",5.0,"{""good"": []}",8.0,"{""good"": []}",,,-0.2362091854,"{""good"": []}",,,-0.4116561981,"{""good"": []}",,,0.0,"{""good"": []}",13.6789143,"{""good"": []}",13.51557843,"{""good"": []}",29188.0,"{""good"": []}",0.2245088868,"{""good"": []}",-RA,"{""good"": []}",98.9,"{""good"": []}",,,15.72053605,"{""good"": []}",15.67991204,"{""good"": []}",14.00023311,"{""good"": []}",174.506333,"{""good"": []}",12.3355,"{""good"": []}"
2026-09-30 03:59:00+00:00,Aberporth Automatic Weather Station,-4.57,52.14,0.0,"{""good"": []}",987.49,"{""good"": []}",,,13.85041857,"{""good"": []}",,,,,700.0,"{""good"": []}",3200.0,"{""good"": []}",6100.0,"{""good"": []}",5.0,"{""good"": []}",3.0,"{""good"": []}",5.0,"{""good"": []}",8.0,"{""good"": []}",,,-0.2407285514,"{""good"": []}",,,-0.4072587327,"{""good"": []}",,,0.0,"{""good"": []}",13.66984488,"{""good"": []}",13.50505565,"{""good"": []}",26949.5,"{""good"": []}",0.2245088868,"{""good"": []}",-RA,"{""good"": []}",98.9,"{""good"": []}",,,15.72038614,"{""good"": []}",15.67714033,"{""good"": []}",14.00058838,"{""good"": []}",174.5727112,"{""good"": []}",11.16345833,"{""good"": []}"
2026-09-30 04:00:00+00:00,Aberporth Automatic Weather Station,-4.57,52.14,0.0,"{""good"": []}",987.5,"{""good"": []}",,,13.85207747,"{""good"": []}",,,,,700.0,"{""good"": []}",3200.0,"{""good"": []}",6100.0,"{""good"": []}",5.0,"{""good"": []}",3.0,"{""good"": []}",5.0,"{""good"": []}",8.0,"{""good"": []}",,,-0.2464922033,"{""good"": []}",,,-0.420350686,"{""good"": []}",,,0.0,"{""good"": []}",13.66616965,"{""good"": []}",13.49881142,"{""good"": []}",25653.0,"{""good"": []}",0.2245088868,"{""good"": []}",-RA,"{""good"": []}",98.9,"{""good"": []}",,,15.72043611,"{""good"": []}",15.67501903,"{""good"": []}",14.00109377,"{""good"": []}",176.5291629,"{""good"": []}",13.19666667,"{""good"": []}"
2026-09-30 04:01:00+00:00,Aberporth Automatic Weather Station,-4.57,52.14,0.0,"{""good"": []}",987.46,"{""good"": []}",,,13.84336828,"{""good"": []}",,,,,700.0,"{""good"": []}",3200.0,"{""good"": []}",6100.0,"{""good"": []}",6.0,"{""good"": []}",3.0,"{""good"": []}",6.0,"{""good"": []}",8.0,"{""good"": []}",,,-0.2518588232,"{""good"": []}",,,-0.4240194781,"{""good"": []}",,,0.0,"{""good"": []}",13.65816458,"{""good"": []}",13.49271954,"{""good"": []}",29350.0,"{""good"": []}",0.2245088868,"{""good"": []}",-RA,"{""good"": []}",98.85,"{""good"": []}",,,15.72038614,"{""good"": []}",15.67340554,"{""good"": []}",14.00114381,"{""good"": []}",175.9287418,"{""good"": []}",11.42616667,"{""good"": []}"
2026-09-30 04:02:00+00:00,Aberporth Automatic Weather Station,-4.57,52.14,0.0,"{""good"": []}",987.425,"{""good"": []}",,,13.84195423,"{""good"": []}",,,,,700.0,"{""good"": []}",3200.0,"{""good"": []}",6100.0,"{""good"": []}",6.0,"{""good"": []}",3.0,"{""good"": []}",4.0,"{""good"": []}",8.0,"{""good"": []}",,,-0.2575349437,"{""good"": []}",,,-0.4294220977,"{""good"": []}",,,0.0,"{""good"": []}",13.6470814,"{""good"": []}",13.48254644,"{""good"": []}",34992.0,"{""good"": []}",0.2245088868,"{""good"": []}",-RA,"{""good"": []}",98.875,"{""good"": []}",,,15.72033617,"{""good"": []}",15.67108411,"{""good"": []}",14.00149408,"{""good"": []}",176.5872047,"{""good"": []}",10.16857917,"{""good"": []}"
2026-09-30 04:03:00+00:00,Aberporth Automatic Weather Station,-4.57,52.14,0.0,"{""good"": []}",987.46,"{""good"": []}",,,13.8406426,"{""good"": []}",,,,,700.0,"{""good"": []}",3200.0,"{""good"": []}",6100.0,"{""good"": []}",6.0,"{""good"": []}",3.0,"{""good"": []}",4.0,"{""good"": []}",8.0,"{""good"": []}",,,-0.262917897,"{""good"": []}",,,-0.4177372875,"{""good"": []}",,,0.0,"{""good"": []}",13.63917377,"{""good"": []}",13.47333496,"{""good"": []}",41617.5,"{""good"": []}",0.2245088868,"{""good"": []}",-RA,"{""good"": []}",98.825,"{""good"": []}",,,15.72033617,"{""good"": []}",15.66952315,"{""good"": []}",14.00169423,"{""good"": []}",175.2395379,"{""good"": []}",12.4715,"{""good"": []}"
2026-09-30 04:04:00+00:00,Aberporth Automatic Weather Station,-4.57,52.14,0.0,"{""good"": []}",987.56,"{""good"": []}",,,13.8521824,"{""good"": []}",,,,,700.0,"{""good"": []}",3200.0,"{""good"": []}",6100.0,"{""good"": []}",6.0,"{""good"": []}",3.0,"{""good"": []}",4.0,"{""good"": []}",8.0,"{""good"": []}",,,-0.2681697628,"{""good"": []}",,,-0.4202501364,"{""good"": []}",,,0.0,"{""good"": []}",13.64073781,"{""good"": []}",13.47635217,"{""good"": []}",44667.5,"{""good"": []}",0.0,"{""good"": []}",-RA,"{""good"": []}",98.875,"{""good"": []}",,,15.71998387,"{""good"": []}",15.66750441,"{""good"": []}",14.00210205,"{""good"": []}",173.9632598,"{""good"": []}",11.678375,"{""good"": []}"
2026-09-30 04:05:00+00:00,Aberporth Automatic Weather Station,-4.57,52.14,0.0,"{""good"": []}",987.59,"{""good"": []}",,,13.86094156,"{""good"": []}",,,,,700.0,"{""good"": []}",3200.0,"{""good"": []}",6300.0,"{""good"": []}",6.0,"{""good"": []}",3.0,"{""good"": []}",4.0,"{""good"": []}",8.0,"{""good"": []}",,,-0.2725308196,"{""good"": []}",,,-0.3878342705,"{""good"": []}",,,0.0,"{""good"": []}",13.65302524,"{""good"": []}",13.4942781,"{""good"": []}",41724.5,"{""good"": []}",0.0,"{""good"": []}",DZ,"{""good"": []}",98.85,"{""good"": []}",,,15.71988143,"{""good"": []}",15.66528804,"{""good"": []}",14.00215459,"{""good"": []}",174.8026551,"{""good"": []}",11.93491667,"{""good"": []}"
2026-09-30 04:06:00+00:00,Aberporth Automatic Weather Station,-4.57,52.14,0.0,"{""good"": []}",987.66,"{""good"": []}",,,13.88108812,"{""good"": []}",,,,,700.0,"{""good"": []}",3200.0,"{""good"": []}",6300.0,"{""good"": []}",6.0,"{""good"": []}",3.0,"{""good"": []}",4.0,"{""good"": []}",8.0,"{""good"": []}",,,-0.2757003618,"{""good"": []}",,,-0.3465731416,"{""good"": []}",,,0.0,"{""good"": []}",13.67120655,"{""good"": []}",13.52146549,"{""good"": []}",45069.0,"{""good"": []}",0.0,"{""good"": []}",DZ,"{""good"": []}",98.9,"{""good"": []}",,,15.71978149,"{""good"": []}",15.66356949,"{""good"": []}",14.00270501,"{""good"": []}",174.0209439,"{""good"": []}",12.9695,"{""good"": []}"
2026-09-30 04:07:00+00:00,Aberporth Automatic Weather Station,-4.57,52.14,0.0,"{""good"": []}",987.725,"{""good"": []}",,,13.89871136,"{""good"": []}",,,,,900.0,"{""good"": []}",3200.0,"{""good"": []}",6800.0,"{""good"": []}",6.0,"{""good"": []}",3.0,"{""good"": []}",4.0,"{""good"": []}",8.0,"{""good"": []}",,,-0.2789586908,"{""good"": []}",,,-0.3632584816,"{""good"": []}",,,0.0,"{""good"": []}",13.68641718,"{""good"": []}",13.54855546,"{""good"": []}",53276.5,"{""good"": []}",0.0,"{""good"": []}",-DZ,"{""good"": []}",98.9,"{""good"": []}",,,15.7199314,"{""good"": []}",15.66170584,"{""good"": []}",14.00290516,"{""good"": []}",175.4088668,"{""good"": []}",11.3477,"{""good"": []}"
2026-09-30 04:08:00+00:00,Aberporth Automatic Weather Station,-4.57,52.14,0.0,"{""good"": []}",987.745,"{""good"": []}",,,13.91191006,"{""good"": []}",,,,,900.0,"{""good"": []}",3200.0,"{""good"": []}",6800.0,"{""good"": []}",6.0,"{""good"": []}",3.0,"{""good"": []}",4.0,"{""good"": []}",8.0,"{""good"": []}",,,-0.2818509801,"{""good"": []}",,,-0.3647159668,"{""good"": []}",,,0.0,"{""good"": []}",13.69301312,"{""good"": []}",13.56351164,"{""good"": []}",51894.0,"{""good"": []}",0.0,"{""good"": []}",-DZ,"{""good"": []}",98.9,"{""good"": []}",,,15.7199314,"{""good"": []}",15.65913426,"{""good"": []}",14.00331298,"{""good"": []}",176.1703827,"{""good"": []}",10.26845417,"{""good"": []}"
2026-09-30 04:09:00+00:00,Aberporth Automatic Weather Station,-4.57,52.14,0.0,"{""good"": []}",987.75,"{""good"": []}",,,13.91890789,"{""good"": []}",,,,,900.0,"{""good"": []}",3200.0,"{""good"": []}",6800.0,"{""good"": []}",7.0,"{""good"": []}",3.0,"{""good"": []}",4.0,"{""good"": []}",8.0,"{""good"": []}",,,-0.284820748,"{""good"": []}",,,-0.3726816766,"{""good"": []}",,,0.0,"{""good"": []}",13.69684576,"{""good"": []}",13.57131443,"{""good"": []}",54142.0,"{""good"": []}",0.0,"{""good"": []}",-DZ,"{""good"": []}",98.925,"{""good"": []}",,,15.71962907,"{""good"": []}",15.65772589,"{""good"": []}",14.00356567,"{""good"": []}",171.8243164,"{""good"": []}",10.42666667,"{""good"": []}"
2026-09-30 04:10:00+00:00,Aberporth Automatic Weather Station,-4.57,52.14,0.0,"{""good"": []}",987.725,"{""good"": []}",,,13.92591072,"{""good"": []}",,,,,900.0,"{""good"": []}",6800.0,"{""good"": []}",8500.0,"{""good"": []}",7.0,"{""good"": []}",4.0,"{""good"": []}",5.0,"{""good"": []}",8.0,"{""good"": []}",,,-0.287436622,"{""good"": []}",,,-0.3744658146,"{""good"": []}",,,0.0,"{""good"": []}",13.70137297,"{""good"": []}",13.57821305,"{""good"": []}",52139.5,"{""good"": []}",0.0,"{""good"": []}",-DZ,"{""good"": []}",98.95,"{""good"": []}",,,15.71973151,"{""good"": []}",15.65525437,"{""good"": []}",14.00366574,"{""good"": []}",169.7373349,"{""good"": []}",10.54816667,"{""good"": []}"
2026-09-30 04:11:00+00:00,Aberporth Automatic Weather Station,-4.57,52.14,0.0,"{""good"": []}",987.7,"{""good"": []}",,,13.93975898,"{""good"": []}",,,,,1000.0,"{""good"": []}",8200.0,"{""good"": []}",,"{""good"": []}",7.0,"{""good"": []}",5.0,"{""good"": []}",,"{""good"": []}",8.0,"{""good"": []}",,,-0.2902212763,"{""good"": []}",,,-0.3686610913,"{""good"": []}",,,0.0,"{""good"": []}",13.70227992,"{""good"": []}",13.58490936,"{""good"": []}",52697.5,"{""good"": []}",0.0,"{""good"": []}",-DZ,"{""good"": []}",99.0,"{""good"": []}",,,15.71962907,"{""good"": []}",15.65343576,"{""good"": []}",14.00391594,"{""good"": []}",172.9870804,"{""good"": []}",12.006625,"{""good"": []}"
2026-09-30 04:12:00+00:00,Aberporth Automatic Weather Station,-4.57,52.14,0.0,"{""good"": []}",987.675,"{""good"": []}",,,13.95884625,"{""good"": []}",,,,,1000.0,"{""good"": []}",8200.0,"{""good"": []}",,"{""good"": []}",7.0,"{""good"": []}",5.0,"{""good"": []}",,"{""good"": []}",8.0,"{""good"": []}",,,-0.2934314406,"{""good"": []}",,,-0.3845422914,"{""good"": []}",,,0.0,"{""good"": []}",13.70464846,"{""good"": []}",13.59598663,"{""good"": []}",49061.0,"{""good"": []}",0.0,"{""good"": []}",-DZ,"{""good"": []}",99.025,"{""good"": []}",,,15.71977898,"{""good"": []}",15.65046142,"{""good"": []}",14.00426621,"{""good"": []}",167.9014598,"{""good"": []}",11.20054167,"{""good"": []}"
2026-09-30 04:13:00+00:00,Aberporth Automatic Weather Station,-4.57,52.14,0.0,"{""good"": []}",987.59,"{""good"": []}",,,13.96378545,"{""good"": []}",,,,,1000.0,"{""good"": []}",,"{""good"": []}",,"{""good"": []}",8.0,"{""good"": []}",,"{""good"": []}",,"{""good"": []}",8.0,"{""good"": []}",,,-0.296634904,"{""good"": []}",,,-0.4004738395,"{""good"": []}",,,0.0,"{""good"": []}",13.70480086,"{""good"": []}",13.6055503,"{""good"": []}",49413.5,"{""good"": []}",0.0,"{""good"": []}",RERA,"{""good"": []}",99.025,"{""good"": []}",,,15.71988143,"{""good"": []}",15.64915312,"{""good"": []}",14.00462398,"{""good"": []}",167.619106,"{""good"": []}",10.093425,"{""good"": []}"
2026-09-30 04:14:00+00:00,Aberporth Automatic Weather Station,-4.57,52.14,0.0,"{""good"": []}",987.53,"{""good"": []}",,,13.95592569,"{""good"": []}",,,,,1000.0,"{""good"": []}",,"{""good"": []}",,"{""good"": []}",8.0,"{""good"": []}",,"{""good"": []}",,"{""good"": []}",8.0,"{""good"": []}",,,-0.3001344651,"{""good"": []}",,,-0.4322614472,"{""good"": []}",,,0.0,"{""good"": []}",13.69951411,"{""good"": []}",13.60499831,"{""good"": []}",52498.0,"{""good"": []}",0.0,"{""good"": []}",RERA,"{""good"": []}",99.075,"{""good"": []}",,,15.7195766,"{""good"": []}",15.64728447,"{""good"": []}",14.00467652,"{""good"": []}",166.3568666,"{""good"": []}",9.700091667,"{""good"": []}"
2026-09-30 04:15:00+00:00,Aberporth Automatic Weather Station,-4.57,52.14,0.0,"{""good"": []}",987.525,"{""good"": []}",,,13.95794185,"{""good"": []}",,,,,1000.0,"{""good"": []}",,"{""good"": []}",,"{""good"": []}",8.0,"{""good"": []}",,"{""good"": []}",,"{""good"": []}",8.0,"{""good"": []}",,,-0.3038082521,"{""good"": []}",,,-0.4374379913,"{""good"": []}",,,0.0,"{""good"": []}",13.68777634,"{""good"": []}",13.5954821,"{""good"": []}",50522.5,"{""good"": []}",0.0,"{""good"": []}",RERA,"{""good"": []}",99.1,"{""good"": []}",,,15.71927677,"{""good"": []}",15.64501558,"{""good"": []}",14.00502679,"{""good"": []}",168.3230068,"{""good"": []}",11.04658333,"{""good"": []}"
2026-09-30 04:16:00+00:00,Aberporth Automatic Weather Station,-4.57,52.14,0.0,"{""good"": []}",987.595,"{""good"": []}",,,13.96937173,"{""good"": []}",,,,,1000.0,"{""good"": []}",,"{""good"": []}",,"{""good"": []}",8.0,"{""good"": []}",,"{""good"": []}",,"{""good"": []}",8.0,"{""good"": []}",,,-0.3074979544,"{""good"": []}",,,-0.4237931574,"{""good"": []}",,,0.0,"{""good"": []}",13.68490561,"{""good"": []}",13.59628636,"{""good"": []}",53799.0,"{""good"": []}",0.0,"{""good"": []}",RERA,"{""good"": []}",99.1,"{""good"": []}",,,15.71917682,"{""good"": []}",15.64299933,"{""good"": []}",14.00512687,"{""good"": []}",165.835414,"{""good"": []}",11.49283333,"{""good"": []}"
2026-09-30 04:17:00+00:00,Aberporth Automatic Weather Station,-4.57,52.14,0.0,"{""good"": []}",987.59,"{""good"": []}",,,13.97788355,"{""good"": []}",,,,,1000.0,"{""good"": []}",,"{""good"": []}",,"{""good"": []}",8.0,"{""good"": []}",,"{""good"": []}",,"{""good"": []}",8.0,"{""good"": []}",,,-0.3115277308,"{""good"": []}",,,-0.4490725306,"{""good"": []}",,,0.0,"{""good"": []}",13.6896402,"{""good"": []}",13.60842264,"{""good"": []}",46856.0,"{""good"": []}",0.0,"{""good"": []}",RERA,"{""good"": []}",99.15,"{""good"": []}",,,15.71937671,"{""good"": []}",15.64057785,"{""good"": []}",14.00552718,"{""good"": []}",166.6491569,"{""good"": []}",14.46475,"{""good"": []}"
2026-09-30 04:18:00+00:00,Aberporth Automatic Weather Station,-4.57,52.14,0.0,"{""good"": []}",987.655,"{""good"": []}",,,13.99566168,"{""good"": []}",,,,,1000.0,"{""good"": []}",,"{""good"": []}",,"{""good"": []}",8.0,"{""good"": []}",,"{""good"": []}",,"{""good"": []}",8.0,"{""good"": []}",,,-0.3153175304,"{""good"": []}",,,-0.4168325979,"{""good"": []}",,,0.0,"{""good"": []}",13.70001631,"{""good"": []}",13.62835922,"{""good"": []}",47603.5,"{""good"": []}",0.0,"{""good"": []}",RERA,"{""good"": []}",99.2,"{""good"": []}",,,15.71937671,"{""good"": []}",15.63901689,"{""good"": []}",14.00572983,"{""good"": []}",166.4201912,"{""good"": []}",14.00454167,"{""good"": []}"
2026-09-30 04:19:00+00:00,Aberporth Automatic Weather Station,-4.57,52.14,0.0,"{""good"": []}",987.7,"{""good"": []}",,,14.00371881,"{""good"": []}",,,,,1000.0,"{""good"": []}",,"{""good"": []}",,"{""good"": []}",8.0,"{""good"": []}",,"{""good"": []}",,"{""good"": []}",8.0,"{""good"": []}",,,-0.3190218933,"{""good"": []}",,,-0.3943425148,"{""good"": []}",,,0.0,"{""good"": []}",13.71522444,"{""good"": []}",13.65066361,"{""good"": []}",52892.5,"{""good"": []}",0.0,"{""good"": []}",RERA,"{""good"": []}",99.2,"{""good"": []}",,,15.71917682,"{""good"": []}",15.63674799,"{""good"": []}",14.00613765,"{""good"": []}",171.6976033,"{""good"": []}",13.32033333,"{""good"": []}"
2026-09-30 04:20:00+00:00,Aberporth Automatic Weather Station,-4.57,52.14,0.0,"{""good"": []}",987.72,"{""good"": []}",,,14.01147614,"{""good"": []}",,,,,1000.0,"{""good"": []}",,"{""good"": []}",,"{""good"": []}",8.0,"{""good"": []}",,"{""good"": []}",,"{""good"": []}",8.0,"{""good"": []}",,,-0.3227706506,"{""good"": []}",,,-0.3890655239,"{""good"": []}",,,0.0,"{""good"": []}",13.72983295,"{""good"": []}",13.66899168,"{""good"": []}",49620.5,"{""good"": []}",0.0,"{""good"": []}",RERA,"{""good"": []}",99.225,"{""good"": []}",,,15.71953163,"{""good"": []}",15.63517953,"{""good"": []}",14.00643787,"{""good"": []}",169.7965735,"{""good"": []}",12.537125,"{""good"": []}"
2026-09-30 04:21:00+00:00,Aberporth Automatic Weather Station,-4.57,52.14,0.0,"{""good"": []}",987.735,"{""good"": []}",,,14.01248546,"{""good"": []}",,,,,1000.0,"{""good"": []}",,"{""good"": []}",,"{""good"": []}",8.0,"{""good"": []}",,"{""good"": []}",,"{""good"": []}",8.0,"{""good"": []}",,,-0.3262036247,"{""good"": []}",,,-0.3819038533,"{""good"": []}",,,0.0,"{""good"": []}",13.73955446,"{""good"": []}",13.68198467,"{""good"": []}",50578.0,"{""good"": []}",0.0,"{""good"": []}",RERA,"{""good"": []}",99.25,"{""good"": []}",,,15.71902441,"{""good"": []}",15.63326835,"{""good"": []}",14.00663803,"{""good"": []}",171.6621652,"{""good"": []}",12.40029167,"{""good"": []}"
2026-09-30 04:22:00+00:00,Aberporth Automatic Weather Station,-4.57,52.14,0.0,"{""good"": []}",987.745,"{""good"": []}",,,14.01963569,"{""good"": []}",,,,,1000.0,"{""good"": []}",,"{""good"": []}",,"{""good"": []}",8.0,"{""good"": []}",,"{""good"": []}",,"{""good"": []}",8.0,"{""good"": []}",,,-0.3296537729,"{""good"": []}",,,-0.3670529577,"{""good"": []}",,,0.0,"{""good"": []}",13.7461529,"{""good"": []}",13.69230514,"{""good"": []}",51114.0,"{""good"": []}",0.0,"{""good"": []}",RERA,"{""good"": []}",99.3,"{""good"": []}",,,15.71932424,"{""good"": []}",15.63084436,"{""good"": []}",14.00689573,"{""good"": []}",168.8456186,"{""good"": []}",13.537,"{""good"": []}"
2026-09-30 04:23:00+00:00,Aberporth Automatic Weather Station,-4.57,52.14,0.0,"{""good"": []}",987.765,"{""good"": []}",,,14.02542683,"{""good"": []}",,,,,1000.0,"{""good"": []}",,"{""good"": []}",,"{""good"": []}",8.0,"{""good"": []}",,"{""good"": []}",,"{""good"": []}",8.0,"{""good"": []}",,,-0.3333367798,"{""good"": []}",,,-0.356800516,"{""good"": []}",,,0.0,"{""good"": []}",13.74569818,"{""good"": []}",13.69839452,"{""good"": []}",53921.5,"{""good"": []}",0.0,"{""good"": []}",RERA,"{""good"": []}",99.3,"{""good"": []}",,,15.71887449,"{""good"": []}",15.62837535,"{""good"": []}",14.00734858,"{""good"": []}",168.2952249,"{""good"": []}",14.65208333,"{""good"": []}"
2026-09-30 04:24:00+00:00,Aberporth Automatic Weather Station,-4.57,52.14,0.0,"{""good"": []}",987.775,"{""good"": []}",,,14.03212236,"{""good"": []}",,,,,1000.0,"{""good"": []}",,"{""good"": []}",,"{""good"": []}",8.0,"{""good"": []}",,"{""good"": []}",,"{""good"": []}",8.0,"{""good"": []}",,,-0.3368162451,"{""good"": []}",,,-0.3555441044,"{""good"": []}",,,0.0,"{""good"": []}",13.74055884,"{""good"": []}",13.69784253,"{""good"": []}",57321.5,"{""good"": []}",0.0,"{""good"": []}",RERA,"{""good"": []}",99.25,"{""good"": []}",,,15.71902691,"{""good"": []}",15.62640913,"{""good"": []}",14.00744866,"{""good"": []}",167.512584,"{""good"": []}",15.61779167,"{""good"": []}"
2026-09-30 04:25:00+00:00,Aberporth Automatic Weather Station,-4.57,52.14,0.0,"{""good"": []}",987.815,"{""good"": []}",,,14.0433074,"{""good"": []}",,,,,1000.0,"{""good"": []}",,"{""good"": []}",,"{""good"": []}",8.0,"{""good"": []}",,"{""good"": []}",,"{""good"": []}",8.0,"{""good"": []}",,,-0.3406881345,"{""good"": []}",,,-0.380195174,"{""good"": []}",,,0.0,"{""good"": []}",13.74136585,"{""good"": []}",13.70383699,"{""good"": []}",56826.0,"{""good"": []}",0.0,"{""good"": []}",RERA,"{""good"": []}",99.3,"{""good"": []}",,,15.71872458,"{""good"": []}",15.62439039,"{""good"": []}",14.00774888,"{""good"": []}",166.7873067,"{""good"": []}",16.55095833,"{""good"": []}"
2026-09-30 04:26:00+00:00,Aberporth Automatic Weather Station,-4.57,52.14,0.0,"{""good"": []}",987.84,"{""good"": []}",,,14.05639866,"{""good"": []}",,,,,1000.0,"{""good"": []}",,"{""good"": []}",,"{""good"": []}",8.0,"{""good"": []}",,"{""good"": []}",,"{""good"": []}",8.0,"{""good"": []}",,,-0.3450525445,"{""good"": []}",,,-0.4129879735,"{""good"": []}",,,0.0,"{""good"": []}",13.74554577,"{""good"": []}",13.71405754,"{""good"": []}",56537.5,"{""good"": []}",0.0,"{""good"": []}",RERA,"{""good"": []}",99.225,"{""good"": []}",,,15.71866961,"{""good"": []}",15.62237415,"{""good"": []}",14.00784896,"{""good"": []}",169.5227762,"{""good"": []}",13.67654167,"{""good"": []}"
2026-09-30 04:27:00+00:00,Aberporth Automatic Weather Station,-4.57,52.14,0.0,"{""good"": []}",987.89,"{""good"": []}",,,14.06284437,"{""good"": []}",,,,,1000.0,"{""good"": []}",,"{""good"": []}",,"{""good"": []}",8.0,"{""good"": []}",,"{""good"": []}",,"{""good"": []}",8.0,"{""good"": []}",,,-0.3491765578,"{""good"": []}",,,-0.4001975306,"{""good"": []}",,,0.0,"{""good"": []}",13.75234409,"{""good"": []}",13.72225996,"{""good"": []}",56537.5,"{""good"": []}",0.0,"{""good"": []}",RERA,"{""good"": []}",99.2,"{""good"": []}",,,15.71877455,"{""good"": []}",15.62020531,"{""good"": []}",14.00794904,"{""good"": []}",170.8012802,"{""good"": []}",13.48683333,"{""good"": []}"
2026-09-30 04:28:00+00:00,Aberporth Automatic Weather Station,-4.57,52.14,0.0,"{""good"": []}",987.91,"{""good"": []}",,,14.06329906,"{""good"": []}",,,,,1000.0,"{""good"": []}",,"{""good"": []}",,"{""good"": []}",8.0,"{""good"": []}",,"{""good"": []}",,"{""good"": []}",8.0,"{""good"": []}",,,-0.3528034439,"{""good"": []}",,,-0.3855727086,"{""good"": []}",,,0.0,"{""good"": []}",13.761411,"{""good"": []}",13.7315289,"{""good"": []}",55437.0,"{""good"": []}",0.0,"{""good"": []}",RERA,"{""good"": []}",99.125,"{""good"": []}",,,15.71877205,"{""good"": []}",15.61833917,"{""good"": []}",14.00825677,"{""good"": []}",169.9349027,"{""good"": []}",14.51520833,"{""good"": []}"
2026-09-30 04:29:00+00:00,Aberporth Automatic Weather Station,-4.57,52.14,0.0,"{""good"": []}",987.925,"{""good"": []}",,,14.0674313,"{""good"": []}",,,,,1000.0,"{""good"": []}",,"{""good"": []}",,"{""good"": []}",8.0,"{""good"": []}",,"{""good"": []}",,"{""good"": []}",8.0,"{""good"": []}",,,-0.3558502781,"{""good"": []}",,,-0.3493623962,"{""good"": []}",,,0.0,"{""good"": []}",13.77057786,"{""good"": []}",13.74184687,"{""good"": []}",55420.0,"{""good"": []}",0.0,"{""good"": []}",RERA,"{""good"": []}",99.125,"{""good"": []}",,,15.71867211,"{""good"": []}",15.61647552,"{""good"": []}",14.00860955,"{""good"": []}",170.8364467,"{""good"": []}",13.11933333,"{""good"": []}"
2026-09-30 04:30:00+00:00,Aberporth Automatic Weather Station,-4.57,52.14,0.0,"{""good"": []}",987.92,"{""good"": []}",,,14.07614299,"{""good"": []}",,,,,1000.0,"{""good"": []}",,"{""good"": []}",,"{""good"": []}",8.0,"{""good"": []}",,"{""good"": []}",,"{""good"": []}",8.0,"{""good"": []}",,,-0.35849715,"{""good"": []}",,,-0.3265205615,"{""good"": []}",,,0.0,"{""good"": []}",13.77656917,"{""good"": []}",13.74849323,"{""good"": []}",51965.5,"{""good"": []}",0.0,"{""good"": []}",RERA,"{""good"": []}",99.1,"{""good"": []}",,,15.71862214,"{""good"": []}",15.61430669,"{""good"": []}",14.00885974,"{""good"": []}",172.062634,"{""good"": []}",13.51195833,"{""good"": []}"
2026-09-30 04:31:00+00:00,Aberporth Automatic Weather Station,-4.57,52.14,0.0,"{""good"": []}",987.97,"{""good"": []}",,,14.08681837,"{""good"": []}",,,,,1000.0,"{""good"": []}",,"{""good"": []}",,"{""good"": []}",8.0,"{""good"": []}",,"{""good"": []}",,"{""good"": []}",8.0,"{""good"": []}",,,-0.3614007521,"{""good"": []}",,,-0.3578307414,"{""good"": []}",,,0.0,"{""good"": []}",13.78145616,"{""good"": []}",13.75403561,"{""good"": []}",44552.5,"{""good"": []}",0.0,"{""good"": []}",RERA,"{""good"": []}",99.05,"{""good"": []}",,,15.7181674,"{""good"": []}",15.61223792,"{""good"": []}",14.00915997,"{""good"": []}",172.8346134,"{""good"": []}",13.42541667,"{""good"": []}"
2026-09-30 04:32:00+00:00,Aberporth Automatic Weather Station,-4.57,52.14,0.0,"{""good"": []}",988.03,"{""good"": []}",,,14.08248876,"{""good"": []}",,,,,1000.0,"{""good"": []}",,"{""good"": []}",,"{""good"": []}",8.0,"{""good"": []}",,"{""good"": []}",,"{""good"": []}",8.0,"{""good"": []}",,,-0.364387698,"{""good"": []}",,,-0.3641129182,"{""good"": []}",,,0.0,"{""good"": []}",13.78195835,"{""good"": []}",13.75428288,"{""good"": []}",41458.5,"{""good"": []}",0.0,"{""good"": []}",REDZ,"{""good"": []}",99.025,"{""good"": []}",,,15.71857217,"{""good"": []}",15.61012162,"{""good"": []}",14.00931009,"{""good"": []}",169.5909209,"{""good"": []}",13.06491667,"{""good"": []}"
2026-09-30 04:33:00+00:00,Aberporth Automatic Weather Station,-4.57,52.14,0.0,"{""good"": []}",988.03,"{""good"": []}",,,14.08570911,"{""good"": []}",,,,,1000.0,"{""good"": []}",,"{""good"": []}",,"{""good"": []}",8.0,"{""good"": []}",,"{""good"": []}",,"{""good"": []}",8.0,"{""good"": []}",,,-0.366761088,"{""good"": []}",,,-0.35886103,"{""good"": []}",,,0.0,"{""good"": []}",13.78488155,"{""good"": []}",13.75725763,"{""good"": []}",46696.5,"{""good"": []}",0.0,"{""good"": []}",REDZ,"{""good"": []}",99.0,"{""good"": []}",,,15.71831731,"{""good"": []}",15.60845559,"{""good"": []}",14.00966536,"{""good"": []}",167.6176782,"{""good"": []}",13.43616667,"{""good"": []}"
2026-09-30 04:34:00+00:00,Aberporth Automatic Weather Station,-4.57,52.14,0.0,"{""good"": []}",988.045,"{""good"": []}",,,14.09391864,"{""good"": []}",,,,,1000.0,"{""good"": []}",,"{""good"": []}",,"{""good"": []}",8.0,"{""good"": []}",,"{""good"": []}",,"{""good"": []}",8.0,"{""good"": []}",,,-0.3683889969,"{""good"": []}",,,-0.3658718881,"{""good"": []}",,,0.0,"{""good"": []}",13.79072295,"{""good"": []}",13.76163609,"{""good"": []}",40098.5,"{""good"": []}",0.0,"{""good"": []}",REDZ,"{""good"": []}",99.0,"{""good"": []}",,,15.71856967,"{""good"": []}",15.60608413,"{""good"": []}",14.00996809,"{""good"": []}",170.9355989,"{""good"": []}",11.60516667,"{""good"": []}"
2026-09-30 04:35:00+00:00,Aberporth Automatic Weather Station,-4.57,52.14,0.0,"{""good"": []}",988.05,"{""good"": []}",,,14.10107136,"{""good"": []}",,,,,1000.0,"{""good"": []}",,"{""good"": []}",,"{""good"": []}",8.0,"{""good"": []}",,"{""good"": []}",,"{""good"": []}",8.0,"{""good"": []}",,,-0.3697450979,"{""good"": []}",,,-0.3841905852,"{""good"": []}",,,0.0,"{""good"": []}",13.79580982,"{""good"": []}",13.7662718,"{""good"": []}",23275.0,"{""good"": []}",0.0,"{""good"": []}",REDZ,"{""good"": []}",98.925,"{""good"": []}",,,15.71872458,"{""good"": []}",15.60361512,"{""good"": []}",14.01017075,"{""good"": []}",168.5593416,"{""good"": []}",11.36079167,"{""good"": []}"
2026-09-30 04:36:00+00:00,Aberporth Automatic Weather Station,-4.57,52.14,0.0,"{""good"": []}",988.055,"{""good"": []}",,,14.10434418,"{""good"": []}",,,,,1000.0,"{""good"": []}",,"{""good"": []}",,"{""good"": []}",8.0,"{""good"": []}",,"{""good"": []}",,"{""good"": []}",8.0,"{""good"": []}",,,-0.3708788106,"{""good"": []}",,,-0.3810495136,"{""good"": []}",,,0.0,"{""good"": []}",13.80084672,"{""good"": []}",13.77195655,"{""good"": []}",16784.5,"{""good"": []}",0.0,"{""good"": []}",REDZ,"{""good"": []}",98.9,"{""good"": []}",,,15.71826984,"{""good"": []}",15.60190156,"{""good"": []}",14.01027082,"{""good"": []}",169.0789893,"{""good"": []}",12.302125,"{""good"": []}"
2026-09-30 04:37:00+00:00,Aberporth Automatic Weather Station,-4.57,52.14,0.0,"{""good"": []}",988.06,"{""good"": []}",,,14.11225141,"{""good"": []}",,,,,1000.0,"{""good"": []}",,"{""good"": []}",,"{""good"": []}",8.0,"{""good"": []}",,"{""good"": []}",,"{""good"": []}",8.0,"{""good"": []}",,,-0.3720041479,"{""good"": []}",,,-0.3863014096,"{""good"": []}",,,0.0,"{""good"": []}",13.80533146,"{""good"": []}",13.77739402,"{""good"": []}",19838.0,"{""good"": []}",0.0,"{""good"": []}",REDZ,"{""good"": []}",98.9,"{""good"": []}",,,15.71826734,"{""good"": []}",15.59957763,"{""good"": []}",14.01052352,"{""good"": []}",169.0026746,"{""good"": []}",12.7255,"{""good"": []}"
2026-09-30 04:38:00+00:00,Aberporth Automatic Weather Station,-4.57,52.14,0.0,"{""good"": []}",988.08,"{""good"": []}",,,14.11879954,"{""good"": []}",,,,,1000.0,"{""good"": []}",,"{""good"": []}",,"{""good"": []}",8.0,"{""good"": []}",,"{""good"": []}",,"{""good"": []}",8.0,"{""good"": []}",,,-0.3731604772,"{""good"": []}",,,-0.3903722717,"{""good"": []}",,,0.0,"{""good"": []}",13.81076811,"{""good"": []}",13.78635824,"{""good"": []}",11053.5,"{""good"": []}",0.0,"{""good"": []}",REDZ,"{""good"": []}",98.875,"{""good"": []}",,,15.71831981,"{""good"": []}",15.5974113,"{""good"": []}",14.01077872,"{""good"": []}",168.6062058,"{""good"": []}",12.46779167,"{""good"": []}"
2026-09-30 04:39:00+00:00,Aberporth Automatic Weather Station,-4.57,52.14,0.0,"{""good"": []}",988.07,"{""good"": []}",,,14.12595227,"{""good"": []}",,,,,1000.0,"{""good"": []}",,"{""good"": []}",,"{""good"": []}",8.0,"{""good"": []}",,"{""good"": []}",,"{""good"": []}",8.0,"{""good"": []}",,,-0.3746656758,"{""good"": []}",,,-0.3989662871,"{""good"": []}",,,0.0,"{""good"": []}",13.81489807,"{""good"": []}",13.79370895,"{""good"": []}",4628.5,"{""good"": []}",0.0,"{""good"": []}",REDZ,"{""good"": []}",98.85,"{""good"": []}",,,15.71846723,"{""good"": []}",15.59574778,"{""good"": []}",14.01118152,"{""good"": []}",165.8540914,"{""good"": []}",10.32575833,"{""good"": []}"
2026-09-30 04:40:00+00:00,Aberporth Automatic Weather Station,-4.57,52.14,0.0,"{""good"": []}",988.055,"{""good"": []}",,,14.11537432,"{""good"": []}",,,,,1000.0,"{""good"": []}",,"{""good"": []}",,"{""good"": []}",8.0,"{""good"": []}",,"{""good"": []}",,"{""good"": []}",8.0,"{""good"": []}",,,-0.3761537027,"{""good"": []}",,,-0.3852209312,"{""good"": []}",,,0.0,"{""good"": []}",13.80976123,"{""good"": []}",13.78998239,"{""good"": []}",4570.5,"{""good"": []}",0.0,"{""good"": []}",-RADZ,"{""good"": []}",98.85,"{""good"": []}",,,15.71781509,"{""good"": []}",15.59337632,"{""good"": []}",14.01133164,"{""good"": []}",166.2136539,"{""good"": []}",10.40558333,"{""good"": []}"
2026-09-30 04:41:00+00:00,Aberporth Automatic Weather Station,-4.57,52.14,0.0,"{""good"": []}",988.05,"{""good"": []}",,,14.10248292,"{""good"": []}",,,,,1000.0,"{""good"": []}",,"{""good"": []}",,"{""good"": []}",8.0,"{""good"": []}",,"{""good"": []}",,"{""good"": []}",8.0,"{""good"": []}",,,-0.3779252646,"{""good"": []}",,,-0.3845927659,"{""good"": []}",,,0.0,"{""good"": []}",13.79450063,"{""good"": []}",13.77472649,"{""good"": []}",8304.0,"{""good"": []}",0.0,"{""good"": []}",-RADZ,"{""good"": []}",98.85,"{""good"": []}",,,15.71796501,"{""good"": []}",15.59186539,"{""good"": []}",14.01133164,"{""good"": []}",168.3383624,"{""good"": []}",10.5655,"{""good"": []}"
2026-09-30 04:42:00+00:00,Aberporth Automatic Weather Station,-4.57,52.14,0.0,"{""good"": []}",988.02,"{""good"": []}",,,14.08807754,"{""good"": []}",,,,,1000.0,"{""good"": []}",,"{""good"": []}",,"{""good"": []}",8.0,"{""good"": []}",,"{""good"": []}",,"{""good"": []}",8.0,"{""good"": []}",,,-0.3801876712,"{""good"": []}",,,-0.4284420898,"{""good"": []}",,,0.0,"{""good"": []}",13.76337479,"{""good"": []}",13.7423514,"{""good"": []}",9654.5,"{""good"": []}",0.0,"{""good"": []}",-RADZ,"{""good"": []}",98.85,"{""good"": []}",,,15.71791504,"{""good"": []}",15.58924377,"{""good"": []}",14.01153179,"{""good"": []}",172.4001889,"{""good"": []}",11.42776667,"{""good"": []}"
2026-09-30 04:43:00+00:00,Aberporth Automatic Weather Station,-4.57,52.14,0.0,"{""good"": []}",988.025,"{""good"": []}",,,14.06974726,"{""good"": []}",,,,,1000.0,"{""good"": []}",,"{""good"": []}",,"{""good"": []}",8.0,"{""good"": []}",,"{""good"": []}",,"{""good"": []}",8.0,"{""good"": []}",,,-0.3831984917,"{""good"": []}",,,-0.4832224357,"{""good"": []}",,,0.0,"{""good"": []}",13.71422006,"{""good"": []}",13.68943529,"{""good"": []}",7841.0,"{""good"": []}",0.0,"{""good"": []}",-RADZ,"{""good"": []}",98.85,"{""good"": []}",,,15.71791753,"{""good"": []}",15.58747769,"{""good"": []}",14.01173445,"{""good"": []}",173.7131812,"{""good"": []}",11.809375,"{""good"": []}"
2026-09-30 04:44:00+00:00,Aberporth Automatic Weather Station,-4.57,52.14,0.0,"{""good"": []}",987.995,"{""good"": []}",,,14.0632466,"{""good"": []}",,,,,1000.0,"{""good"": []}",,"{""good"": []}",,"{""good"": []}",8.0,"{""good"": []}",,"{""good"": []}",,"{""good"": []}",8.0,"{""good"": []}",,,-0.3866314733,"{""good"": []}",,,-0.5171712021,"{""good"": []}",,,0.0,"{""good"": []}",13.68007109,"{""good"": []}",13.6475415,"{""good"": []}",15110.0,"{""good"": []}",0.0,"{""good"": []}",-RADZ,"{""good"": []}",98.875,"{""good"": []}",,,15.71811742,"{""good"": []}",15.58565907,"{""good"": []}",14.01198464,"{""good"": []}",173.4371728,"{""good"": []}",10.89970833,"{""good"": []}"
2026-09-30 04:45:00+00:00,Aberporth Automatic Weather Station,-4.57,52.14,0.0,"{""good"": []}",987.965,"{""good"": []}",,,14.04819164,"{""good"": []}",,,,,1000.0,"{""good"": []}",,"{""good"": []}",,"{""good"": []}",8.0,"{""good"": []}",,"{""good"": []}",,"{""good"": []}",8.0,"{""good"": []}",,,-0.3905439908,"{""good"": []}",,,-0.5719514512,"{""good"": []}",,,0.0,"{""good"": []}",13.64622443,"{""good"": []}",13.60741607,"{""good"": []}",17073.0,"{""good"": []}",0.0,"{""good"": []}",-RADZ,"{""good"": []}",98.9,"{""good"": []}",,,15.71776512,"{""good"": []}",15.58319005,"{""good"": []}",14.01213976,"{""good"": []}",172.8819305,"{""good"": []}",10.95835,"{""good"": []}"
2026-09-30 04:46:00+00:00,Aberporth Automatic Weather Station,-4.57,52.14,0.0,"{""good"": []}",987.97,"{""good"": []}",,,14.03363885,"{""good"": []}",,,,,1000.0,"{""good"": []}",,"{""good"": []}",,"{""good"": []}",8.0,"{""good"": []}",,"{""good"": []}",,"{""good"": []}",8.0,"{""good"": []}",,,-0.3953234445,"{""good"": []}",,,-0.6325615896,"{""good"": []}",,,0.0,"{""good"": []}",13.60129959,"{""good"": []}",13.55323863,"{""good"": []}",19353.0,"{""good"": []}",0.0,"{""good"": []}",-RADZ,"{""good"": []}",98.875,"{""good"": []}",,,15.71786756,"{""good"": []}",15.58142647,"{""good"": []}",14.01234241,"{""good"": []}",175.3833438,"{""good"": []}",11.19233333,"{""good"": []}"
2026-09-30 04:47:00+00:00,Aberporth Automatic Weather Station,-4.57,52.14,0.0,"{""good"": []}",987.935,"{""good"": []}",,,14.0182766,"{""good"": []}",,,,,900.0,"{""good"": []}",,"{""good"": []}",,"{""good"": []}",8.0,"{""good"": []}",,"{""good"": []}",,"{""good"": []}",8.0,"{""good"": []}",,,-0.4014229866,"{""good"": []}",,,-0.7057863029,"{""good"": []}",,,0.0,"{""good"": []}",13.55325168,"{""good"": []}",13.50032002,"{""good"": []}",22476.0,"{""good"": []}",0.0,"{""good"": []}",-RADZ,"{""good"": []}",98.9,"{""good"": []}",,,15.71781509,"{""good"": []}",15.57951279,"{""good"": []}",14.01259261,"{""good"": []}",171.4330921,"{""good"": []}",11.046875,"{""good"": []}"
2026-09-30 04:48:00+00:00,Aberporth Automatic Weather Station,-4.57,52.14,0.0,"{""good"": []}",987.92,"{""good"": []}",,,13.98372714,"{""good"": []}",,,,,900.0,"{""good"": []}",,"{""good"": []}",,"{""good"": []}",8.0,"{""good"": []}",,"{""good"": []}",,"{""good"": []}",8.0,"{""good"": []}",,,-0.4084849543,"{""good"": []}",,,-0.7709949842,"{""good"": []}",,,0.0,"{""good"": []}",13.50434679,"{""good"": []}",13.44105977,"{""good"": []}",25602.5,"{""good"": []}",0.0,"{""good"": []}",-RADZ,"{""good"": []}",98.85,"{""good"": []}",,,15.71786756,"{""good"": []}",15.57719137,"{""good"": []}",14.01279276,"{""good"": []}",175.1499285,"{""good"": []}",12.54204167,"{""good"": []}"
2026-09-30 04:49:00+00:00,Aberporth Automatic Weather Station,-4.57,52.14,0.0,"{""good"": []}",987.905,"{""good"": []}",,,14.00382124,"{""good"": []}",,,,,900.0,"{""good"": []}",,"{""good"": []}",,"{""good"": []}",8.0,"{""good"": []}",,"{""good"": []}",,"{""good"": []}",8.0,"{""good"": []}",,,-0.4154451508,"{""good"": []}",,,-0.7778298932,"{""good"": []}",,,0.0,"{""good"": []}",13.46420901,"{""good"": []}",13.39805951,"{""good"": []}",26591.5,"{""good"": []}",0.0,"{""good"": []}",-RADZ,"{""good"": []}",98.9,"{""good"": []}",,,15.71761521,"{""good"": []}",15.57507006,"{""good"": []}",14.01304796,"{""good"": []}",176.2365473,"{""good"": []}",11.68633333,"{""good"": []}"
2026-09-30 04:50:00+00:00,Aberporth Automatic Weather Station,-4.57,52.14,0.0,"{""good"": []}",987.9,"{""good"": []}",,,14.01485138,"{""good"": []}",,,,,900.0,"{""good"": []}",,"{""good"": []}",,"{""good"": []}",8.0,"{""good"": []}",,"{""good"": []}",,"{""good"": []}",8.0,"{""good"": []}",,,-0.4227584033,"{""good"": []}",,,-0.7767995947,"{""good"": []}",,,0.0,"{""good"": []}",13.45861495,"{""good"": []}",13.40027496,"{""good"": []}",27524.0,"{""good"": []}",0.0,"{""good"": []}",-RADZ,"{""good"": []}",99.0,"{""good"": []}",,,15.71781759,"{""good"": []}",15.57305632,"{""good"": []}",14.01319557,"{""good"": []}",175.4358025,"{""good"": []}",12.59495833,"{""good"": []}"
2026-09-30 04:51:00+00:00,Aberporth Automatic Weather Station,-4.57,52.14,0.0,"{""good"": []}",987.885,"{""good"": []}",,,14.00205992,"{""good"": []}",,,,,900.0,"{""good"": []}",,"{""good"": []}",,"{""good"": []}",8.0,"{""good"": []}",,"{""good"": []}",,"{""good"": []}",8.0,"{""good"": []}",,,-0.4299497822,"{""good"": []}",,,-0.7684820838,"{""good"": []}",,,0.0,"{""good"": []}",13.4906977,"{""good"": []}",13.4443817,"{""good"": []}",31738.0,"{""good"": []}",0.0,"{""good"": []}",-RADZ,"{""good"": []}",98.95,"{""good"": []}",,,15.71811742,"{""good"": []}",15.57093502,"{""good"": []}",14.01345327,"{""good"": []}",172.5960364,"{""good"": []}",13.03904167,"{""good"": []}"
2026-09-30 04:52:00+00:00,Aberporth Automatic Weather Station,-4.57,52.14,0.0,"{""good"": []}",987.86,"{""good"": []}",,,14.0235131,"{""good"": []}",,,,,900.0,"{""good"": []}",,"{""good"": []}",,"{""good"": []}",8.0,"{""good"": []}",,"{""good"": []}",,"{""good"": []}",8.0,"{""good"": []}",,,-0.4358328006,"{""good"": []}",,,-0.6922419494,"{""good"": []}",,,0.0,"{""good"": []}",13.50243297,"{""good"": []}",13.46079654,"{""good"": []}",21668.5,"{""good"": []}",0.0,"{""good"": []}",DZ,"{""good"": []}",98.975,"{""good"": []}",,,15.71761271,"{""good"": []}",15.56897131,"{""good"": []}",14.01350331,"{""good"": []}",175.5332121,"{""good"": []}",13.76370833,"{""good"": []}"
2026-09-30 04:53:00+00:00,Aberporth Automatic Weather Station,-4.57,52.14,0.0,"{""good"": []}",987.885,"{""good"": []}",,,14.01041934,"{""good"": []}",,,,,700.0,"{""good"": []}",,"{""good"": []}",,"{""good"": []}",8.0,"{""good"": []}",,"{""good"": []}",,"{""good"": []}",8.0,"{""good"": []}",,,-0.4437462061,"{""good"": []}",,,-0.834243446,"{""good"": []}",,,0.0,"{""good"": []}",13.46878869,"{""good"": []}",13.43657892,"{""good"": []}",12005.0,"{""good"": []}",0.0,"{""good"": []}",DZ,"{""good"": []}",98.975,"{""good"": []}",,,15.71761271,"{""good"": []}",15.56695007,"{""good"": []}",14.01380354,"{""good"": []}",176.158242,"{""good"": []}",13.09345833,"{""good"": []}"
2026-09-30 04:54:00+00:00,Aberporth Automatic Weather Station,-4.57,52.14,0.0,"{""good"": []}",987.88,"{""good"": []}",,,14.00663936,"{""good"": []}",,,,,700.0,"{""good"": []}",,"{""good"": []}",,"{""good"": []}",8.0,"{""good"": []}",,"{""good"": []}",,"{""good"": []}",8.0,"{""good"": []}",,,-0.4520968506,"{""good"": []}",,,-0.8734189601,"{""good"": []}",,,0.0,"{""good"": []}",13.41011482,"{""good"": []}",13.38839343,"{""good"": []}",14458.0,"{""good"": []}",0.0,"{""good"": []}",DZ,"{""good"": []}",98.9,"{""good"": []}",,,15.71706052,"{""good"": []}",15.56524152,"{""good"": []}",14.01400369,"{""good"": []}",172.0386249,"{""good"": []}",13.765875,"{""good"": []}"
2026-09-30 04:55:00+00:00,Aberporth Automatic Weather Station,-4.57,52.14,0.0,"{""good"": []}",987.865,"{""good"": []}",,,13.97279944,"{""good"": []}",,,,,700.0,"{""good"": []}",,"{""good"": []}",,"{""good"": []}",8.0,"{""good"": []}",,"{""good"": []}",,"{""good"": []}",8.0,"{""good"": []}",,,-0.4615024768,"{""good"": []}",,,-0.9465934085,"{""good"": []}",,,0.0,"{""good"": []}",13.37380218,"{""good"": []}",13.35158744,"{""good"": []}",24548.5,"{""good"": []}",0.0,"{""good"": []}",-DZ,"{""good"": []}",98.825,"{""good"": []}",,,15.71741032,"{""good"": []}",15.56317274,"{""good"": []}",14.01420385,"{""good"": []}",169.5628588,"{""good"": []}",12.45620833,"{""good"": []}"
2026-09-30 04:56:00+00:00,Aberporth Automatic Weather Station,-4.57,52.14,0.0,"{""good"": []}",987.86,"{""good"": []}",,,13.96111223,"{""good"": []}",,,,,700.0,"{""good"": []}",,"{""good"": []}",,"{""good"": []}",8.0,"{""good"": []}",,"{""good"": []}",,"{""good"": []}",8.0,"{""good"": []}",,,-0.4701739294,"{""good"": []}",,,-0.9178965046,"{""good"": []}",,,0.0,"{""good"": []}",13.3424215,"{""good"": []}",13.31614269,"{""good"": []}",28868.5,"{""good"": []}",0.0,"{""good"": []}",-DZ,"{""good"": []}",98.775,"{""good"": []}",,,15.71746279,"{""good"": []}",15.56054863,"{""good"": []}",14.01425639,"{""good"": []}",169.2103642,"{""good"": []}",12.57391667,"{""good"": []}"
2026-09-30 04:57:00+00:00,Aberporth Automatic Weather Station,-4.57,52.14,0.0,"{""good"": []}",987.865,"{""good"": []}",,,13.94540271,"{""good"": []}",,,,,700.0,"{""good"": []}",,"{""good"": []}",,"{""good"": []}",8.0,"{""good"": []}",,"{""good"": []}",,"{""good"": []}",8.0,"{""good"": []}",,,-0.4788717676,"{""good"": []}",,,-0.924455089,"{""good"": []}",,,0.0,"{""good"": []}",13.32252875,"{""good"": []}",13.29066373,"{""good"": []}",31428.5,"{""good"": []}",0.0,"{""good"": []}",-DZ,"{""good"": []}",98.825,"{""good"": []}",,,15.71731038,"{""good"": []}",15.55919029,"{""good"": []}",14.01451158,"{""good"": []}",170.5566749,"{""good"": []}",12.26279167,"{""good"": []}"
2026-09-30 04:58:00+00:00,Aberporth Automatic Weather Station,-4.57,52.14,0.0,"{""good"": []}",987.88,"{""good"": []}",,,13.97083575,"{""good"": []}",,,,,700.0,"{""good"": []}",,"{""good"": []}",,"{""good"": []}",8.0,"{""good"": []}",,"{""good"": []}",,"{""good"": []}",8.0,"{""good"": []}",,,-0.4857268434,"{""good"": []}",,,-0.8229607493,"{""good"": []}",,,0.0,"{""good"": []}",13.34871762,"{""good"": []}",13.31523603,"{""good"": []}",30207.5,"{""good"": []}",0.0,"{""good"": []}",-DZ,"{""good"": []}",98.925,"{""good"": []}",,,15.71715796,"{""good"": []}",15.55737418,"{""good"": []}",14.01486436,"{""good"": []}",175.3371467,"{""good"": []}",13.43499583,"{""good"": []}"
2026-09-30 04:59:00+00:00,Aberporth Automatic Weather Station,-4.57,52.14,0.0,"{""good"": []}",987.88,"{""good"": []}",,,14.00402361,"{""good"": []}",,,,,700.0,"{""good"": []}",,"{""good"": []}",,"{""good"": []}",8.0,"{""good"": []}",,"{""good"": []}",,"{""good"": []}",8.0,"{""good"": []}",,,-0.4913916613,"{""good"": []}",,,-0.7471478035,"{""good"": []}",,,0.0,"{""good"": []}",13.3945494,"{""good"": []}",13.37323744,"{""good"": []}",31640.5,"{""good"": []}",0.0,"{""good"": []}",-DZ,"{""good"": []}",99.0,"{""good"": []}",,,15.71705802,"{""good"": []}",15.55510278,"{""good"": []}",14.01506451,"{""good"": []}",173.5330145,"{""good"": []}",11.664125,"{""good"": []}"
2026-09-30 05:00:00+00:00,Aberporth Automatic Weather Station,-4.57,52.14,0.0,"{""good"": []}",987.91,"{""good"": []}",,,14.00810088,"{""good"": []}",,,,,700.0,"{""good"": []}",,"{""good"": []}",,"{""good"": []}",8.0,"{""good"": []}",,"{""good"": []}",,"{""good"": []}",8.0,"{""good"": []}",,,-0.4970703006,"{""good"": []}",,,-0.7610690471,"{""good"": []}",,,0.0,"{""good"": []}",13.40019093,"{""good"": []}",13.39700298,"{""good"": []}",33222.0,"{""good"": []}",0.0,"{""good"": []}",-DZ,"{""good"": []}",98.975,"{""good"": []}",,,15.71706052,"{""good"": []}",15.5525312,"{""good"": []}",14.0153147,"{""good"": []}",174.6103154,"{""good"": []}",12.30995833,"{""good"": []}"
2026-09-30 05:01:00+00:00,Aberporth Automatic Weather Station,-4.57,52.14,0.0,"{""good"": []}",987.92,"{""good"": []}",,,13.99132957,"{""good"": []}",,,,,700.0,"{""good"": []}",,"{""good"": []}",,"{""good"": []}",8.0,"{""good"": []}",,"{""good"": []}",,"{""good"": []}",8.0,"{""good"": []}",,,-0.504265448,"{""good"": []}",,,-0.8557283215,"{""good"": []}",,,0.0,"{""good"": []}",13.38855559,"{""good"": []}",13.39705543,"{""good"": []}",33256.0,"{""good"": []}",0.0,"{""good"": []}",-DZ,"{""good"": []}",98.95,"{""good"": []}",,,15.71710799,"{""good"": []}",15.5510703,"{""good"": []}",14.0155674,"{""good"": []}",169.8900672,"{""good"": []}",11.416875,"{""good"": []}"
2026-09-30 05:02:00+00:00,Aberporth Automatic Weather Station,-4.57,52.14,0.0,"{""good"": []}",987.94,"{""good"": []}",,,13.94247967,"{""good"": []}",,,,,700.0,"{""good"": []}",,"{""good"": []}",,"{""good"": []}",8.0,"{""good"": []}",,"{""good"": []}",,"{""good"": []}",8.0,"{""good"": []}",,,-0.5125310723,"{""good"": []}",,,-0.9253595532,"{""good"": []}",,,0.0,"{""good"": []}",13.34332844,"{""good"": []}",13.34997643,"{""good"": []}",32028.5,"{""good"": []}",0.0,"{""good"": []}",-DZ,"{""good"": []}",98.85,"{""good"": []}",,,15.71710799,"{""good"": []}",15.54920665,"{""good"": []}",14.01546481,"{""good"": []}",167.3748037,"{""good"": []}",11.28158333,"{""good"": []}"
2026-09-30 05:03:00+00:00,Aberporth Automatic Weather Station,-4.57,52.14,0.0,"{""good"": []}",987.965,"{""good"": []}",,,13.91427598,"{""good"": []}",,,,,700.0,"{""good"": []}",,"{""good"": []}",,"{""good"": []}",8.0,"{""good"": []}",,"{""good"": []}",,"{""good"": []}",8.0,"{""good"": []}",,,-0.5209721768,"{""good"": []}",,,-0.9242035587,"{""good"": []}",,,0.0,"{""good"": []}",13.29482831,"{""good"": []}",13.28507889,"{""good"": []}",30596.5,"{""good"": []}",0.0,"{""good"": []}",-DZ,"{""good"": []}",98.825,"{""good"": []}",,,15.71695808,"{""good"": []}",15.54713538,"{""good"": []}",14.01576755,"{""good"": []}",167.9972657,"{""good"": []}",11.61616667,"{""good"": []}"
2026-09-30 05:04:00+00:00,Aberporth Automatic Weather Station,-4.57,52.14,0.0,"{""good"": []}",987.975,"{""good"": []}",,,13.92596068,"{""good"": []}",,,,,700.0,"{""good"": []}",,"{""good"": []}",,"{""good"": []}",8.0,"{""good"": []}",,"{""good"": []}",,"{""good"": []}",8.0,"{""good"": []}",,,-0.5286782712,"{""good"": []}",,,-0.8826157968,"{""good"": []}",,,0.0,"{""good"": []}",13.28666583,"{""good"": []}",13.27022012,"{""good"": []}",31136.0,"{""good"": []}",0.0,"{""good"": []}",-DZ,"{""good"": []}",98.925,"{""good"": []}",,,15.71705802,"{""good"": []}",15.54526673,"{""good"": []}",14.01571751,"{""good"": []}",167.3889657,"{""good"": []}",13.2591625,"{""good"": []}"
2026-09-30 05:05:00+00:00,Aberporth Automatic Weather Station,-4.57,52.14,0.0,"{""good"": []}",987.96,"{""good"": []}",,,13.9553211,"{""good"": []}",,,,,700.0,"{""good"": []}",,"{""good"": []}",,"{""good"": []}",8.0,"{""good"": []}",,"{""good"": []}",,"{""good"": []}",8.0,"{""good"": []}",,,-0.5352426905,"{""good"": []}",,,-0.7816994326,"{""good"": []}",,,0.0,"{""good"": []}",13.32383795,"{""good"": []}",13.31735157,"{""good"": []}",31485.5,"{""good"": []}",0.0,"{""good"": []}",-DZ,"{""good"": []}",99.025,"{""good"": []}",,,15.71705802,"{""good"": []}",15.54345812,"{""good"": []}",14.01607529,"{""good"": []}",168.4045183,"{""good"": []}",14.24666667,"{""good"": []}"
2026-09-30 05:06:00+00:00,Aberporth Automatic Weather Station,-4.57,52.14,0.0,"{""good"": []}",987.94,"{""good"": []}",,,13.99712321,"{""good"": []}",,,,,700.0,"{""good"": []}",,"{""good"": []}",,"{""good"": []}",8.0,"{""good"": []}",,"{""good"": []}",,"{""good"": []}",8.0,"{""good"": []}",,,-0.5417480556,"{""good"": []}",,,-0.7368950475,"{""good"": []}",,,0.0,"{""good"": []}",13.38709899,"{""good"": []}",13.39136569,"{""good"": []}",32790.5,"{""good"": []}",0.0,"{""good"": []}",REDZ,"{""good"": []}",99.15,"{""good"": []}",,,15.71675819,"{""good"": []}",15.54093157,"{""good"": []}",14.01632548,"{""good"": []}",166.3422936,"{""good"": []}",12.07770833,"{""good"": []}"
2026-09-30 05:07:00+00:00,Aberporth Automatic Weather Station,-4.57,52.14,0.0,"{""good"": []}",987.95,"{""good"": []}",,,13.99193667,"{""good"": []}",,,,,700.0,"{""good"": []}",,"{""good"": []}",,"{""good"": []}",8.0,"{""good"": []}",,"{""good"": []}",,"{""good"": []}",8.0,"{""good"": []}",,,-0.5472394837,"{""good"": []}",,,-0.6927441677,"{""good"": []}",,,0.0,"{""good"": []}",13.41998374,"{""good"": []}",13.43612683,"{""good"": []}",31584.5,"{""good"": []}",0.0,"{""good"": []}",REDZ,"{""good"": []}",99.15,"{""good"": []}",,,15.71665825,"{""good"": []}",15.53942063,"{""good"": []}",14.01657567,"{""good"": []}",171.1276293,"{""good"": []}",12.08379167,"{""good"": []}"
2026-09-30 05:08:00+00:00,Aberporth Automatic Weather Station,-4.57,52.14,0.0,"{""good"": []}",987.955,"{""good"": []}",,,14.02089485,"{""good"": []}",,,,,700.0,"{""good"": []}",,"{""good"": []}",,"{""good"": []}",8.0,"{""good"": []}",,"{""good"": []}",,"{""good"": []}",8.0,"{""good"": []}",,,-0.5522593327,"{""good"": []}",,,-0.6659069079,"{""good"": []}",,,0.0,"{""good"": []}",13.44481595,"{""good"": []}",13.46925372,"{""good"": []}",32724.5,"{""good"": []}",0.0,"{""good"": []}",REDZ,"{""good"": []}",99.175,"{""good"": []}",,,15.71696057,"{""good"": []}",15.53780714,"{""good"": []}",14.01662571,"{""good"": []}",168.9465152,"{""good"": []}",13.32158333,"{""good"": []}"
2026-09-30 05:09:00+00:00,Aberporth Automatic Weather Station,-4.57,52.14,0.0,"{""good"": []}",987.97,"{""good"": []}",,,14.05821245,"{""good"": []}",,,,,700.0,"{""good"": []}",,"{""good"": []}",,"{""good"": []}",8.0,"{""good"": []}",,"{""good"": []}",,"{""good"": []}",8.0,"{""good"": []}",,,-0.5568385958,"{""good"": []}",,,-0.6474374614,"{""good"": []}",,,0.0,"{""good"": []}",13.48158081,"{""good"": []}",13.52272682,"{""good"": []}",35916.5,"{""good"": []}",0.0,"{""good"": []}",REDZ,"{""good"": []}",99.225,"{""good"": []}",,,15.71660578,"{""good"": []}",15.53568834,"{""good"": []}",14.01682586,"{""good"": []}",170.6429104,"{""good"": []}",14.13233333,"{""good"": []}"
2026-09-30 05:10:00+00:00,Aberporth Automatic Weather Station,-4.57,52.14,0.0,"{""good"": []}",987.965,"{""good"": []}",,,14.07281771,"{""good"": []}",,,,,700.0,"{""good"": []}",,"{""good"": []}",,"{""good"": []}",8.0,"{""good"": []}",,"{""good"": []}",,"{""good"": []}",8.0,"{""good"": []}",,,-0.5621947496,"{""good"": []}",,,-0.6958350415,"{""good"": []}",,,0.0,"{""good"": []}",13.50787462,"{""good"": []}",13.56622663,"{""good"": []}",36160.5,"{""good"": []}",0.0,"{""good"": []}",REDZ,"{""good"": []}",99.25,"{""good"": []}",,,15.7165583,"{""good"": []}",15.53301419,"{""good"": []}",14.01697848,"{""good"": []}",172.1480861,"{""good"": []}",12.46570833,"{""good"": []}"
2026-09-30 05:11:00+00:00,Aberporth Automatic Weather Station,-4.57,52.14,0.0,"{""good"": []}",987.965,"{""good"": []}",,,14.07412934,"{""good"": []}",,,,,700.0,"{""good"": []}",,"{""good"": []}",,"{""good"": []}",8.0,"{""good"": []}",,"{""good"": []}",,"{""good"": []}",8.0,"{""good"": []}",,,-0.5680585013,"{""good"": []}",,,-0.7204861941,"{""good"": []}",,,0.0,"{""good"": []}",13.51326131,"{""good"": []}",13.5802262,"{""good"": []}",35369.5,"{""good"": []}",0.0,"{""good"": []}",REDZ,"{""good"": []}",99.15,"{""good"": []}",,,15.71645586,"{""good"": []}",15.53180845,"{""good"": []}",14.01697848,"{""good"": []}",166.1345128,"{""good"": []}",12.74104167,"{""good"": []}"
2026-09-30 05:12:00+00:00,Aberporth Automatic Weather Station,-4.57,52.14,0.0,"{""good"": []}",987.955,"{""good"": []}",,,14.04658022,"{""good"": []}",,,,,700.0,"{""good"": []}",,"{""good"": []}",,"{""good"": []}",8.0,"{""good"": []}",,"{""good"": []}",,"{""good"": []}",8.0,"{""good"": []}",,,-0.5758856336,"{""good"": []}",,,-0.8541702293,"{""good"": []}",,,0.0,"{""good"": []}",13.46380426,"{""good"": []}",13.53385404,"{""good"": []}",35074.0,"{""good"": []}",0.0,"{""good"": []}",REDZ,"{""good"": []}",99.05,"{""good"": []}",,,15.71665575,"{""good"": []}",15.52983724,"{""good"": []}",14.01733626,"{""good"": []}",167.8738126,"{""good"": []}",12.32775,"{""good"": []}"
2026-09-30 05:13:00+00:00,Aberporth Automatic Weather Station,-4.57,52.14,0.0,"{""good"": []}",987.96,"{""good"": []}",,,14.01515368,"{""good"": []}",,,,,700.0,"{""good"": []}",,"{""good"": []}",,"{""good"": []}",8.0,"{""good"": []}",,"{""good"": []}",,"{""good"": []}",8.0,"{""good"": []}",,,-0.5858750782,"{""good"": []}",,,-0.999840514,"{""good"": []}",,,0.0,"{""good"": []}",13.36408066,"{""good"": []}",13.43048704,"{""good"": []}",34029.5,"{""good"": []}",0.0,"{""good"": []}",REDZ,"{""good"": []}",98.95,"{""good"": []}",,,15.71660827,"{""good"": []}",15.52746828,"{""good"": []}",14.01753641,"{""good"": []}",168.967304,"{""good"": []}",13.645875,"{""good"": []}"
2026-09-30 05:14:00+00:00,Aberporth Automatic Weather Station,-4.57,52.14,0.0,"{""good"": []}",987.99,"{""good"": []}",,,13.97476313,"{""good"": []}",,,,,700.0,"{""good"": []}",,"{""good"": []}",,"{""good"": []}",8.0,"{""good"": []}",,"{""good"": []}",,"{""good"": []}",8.0,"{""good"": []}",,,-0.596803074,"{""good"": []}",,,-1.087941196,"{""good"": []}",,,0.0,"{""good"": []}",13.26289547,"{""good"": []}",13.31498376,"{""good"": []}",35049.5,"{""good"": []}",0.0,"{""good"": []}",REDZ,"{""good"": []}",98.9,"{""good"": []}",,,15.71625347,"{""good"": []}",15.52560213,"{""good"": []}",14.01773656,"{""good"": []}",167.5490092,"{""good"": []}",13.466,"{""good"": []}"
2026-09-30 05:15:00+00:00,Aberporth Automatic Weather Station,-4.57,52.14,0.0,"{""good"": []}",988.0,"{""good"": []}",,,13.93678846,"{""good"": []}",,,,,700.0,"{""good"": []}",,"{""good"": []}",,"{""good"": []}",8.0,"{""good"": []}",,"{""good"": []}",,"{""good"": []}",8.0,"{""good"": []}",,,-0.6098958929,"{""good"": []}",,,-1.223007125,"{""good"": []}",,,0.0,"{""good"": []}",13.18110333,"{""good"": []}",13.20290481,"{""good"": []}",34865.0,"{""good"": []}",0.0,"{""good"": []}",REDZ,"{""good"": []}",98.825,"{""good"": []}",,,15.71655581,"{""good"": []}",15.5235884,"{""good"": []}",14.01773656,"{""good"": []}",167.9602993,"{""good"": []}",13.30208333,"{""good"": []}"
2026-09-30 05:16:00+00:00,Aberporth Automatic Weather Station,-4.57,52.14,0.0,"{""good"": []}",988.0,"{""good"": []}",,,13.89523868,"{""good"": []}",,,,,700.0,"{""good"": []}",,"{""good"": []}",,"{""good"": []}",8.0,"{""good"": []}",,"{""good"": []}",,"{""good"": []}",8.0,"{""good"": []}",,,-0.6240043215,"{""good"": []}",,,-1.270298873,"{""good"": []}",,,0.0,"{""good"": []}",13.096388,"{""good"": []}",13.10542987,"{""good"": []}",33722.0,"{""good"": []}",0.0,"{""good"": []}",REDZ,"{""good"": []}",98.775,"{""good"": []}",,,15.71645586,"{""good"": []}",15.52192237,"{""good"": []}",14.01793672,"{""good"": []}",168.5303721,"{""good"": []}",14.23833333,"{""good"": []}"
2026-09-30 05:17:00+00:00,Aberporth Automatic Weather Station,-4.57,52.14,0.0,"{""good"": []}",987.99,"{""good"": []}",,,13.86068922,"{""good"": []}",,,,,700.0,"{""good"": []}",,"{""good"": []}",,"{""good"": []}",8.0,"{""good"": []}",,"{""good"": []}",,"{""good"": []}",8.0,"{""good"": []}",,,-0.6374238069,"{""good"": []}",,,-1.254241657,"{""good"": []}",,,0.0,"{""good"": []}",13.03796398,"{""good"": []}",13.02788901,"{""good"": []}",33899.5,"{""good"": []}",0.0,"{""good"": []}",REDZ,"{""good"": []}",98.75,"{""good"": []}",,,15.71615353,"{""good"": []}",15.51975354,"{""good"": []}",14.01798676,"{""good"": []}",166.9252551,"{""good"": []}",14.82870833,"{""good"": []}"
2026-09-30 05:18:00+00:00,Aberporth Automatic Weather Station,-4.57,52.14,0.0,"{""good"": []}",987.965,"{""good"": []}",,,13.91156029,"{""good"": []}",,,,,700.0,"{""good"": []}",,"{""good"": []}",,"{""good"": []}",8.0,"{""good"": []}",,"{""good"": []}",,"{""good"": []}",8.0,"{""good"": []}",,,-0.6513366537,"{""good"": []}",,,-1.251603404,"{""good"": []}",,,0.0,"{""good"": []}",13.00175377,"{""good"": []}",12.99485953,"{""good"": []}",33775.5,"{""good"": []}",0.0,"{""good"": []}",REDZ,"{""good"": []}",98.925,"{""good"": []}",,,15.716201,"{""good"": []}",15.51743711,"{""good"": []}",14.01813687,"{""good"": []}",166.5911283,"{""good"": []}",16.05866667,"{""good"": []}"
2026-09-30 05:19:00+00:00,Aberporth Automatic Weather Station,-4.57,52.14,0.0,"{""good"": []}",987.995,"{""good"": []}",,,13.91120303,"{""good"": []}",,,,,700.0,"{""good"": []}",,"{""good"": []}",,"{""good"": []}",8.0,"{""good"": []}",,"{""good"": []}",,"{""good"": []}",8.0,"{""good"": []}",,,-0.666530638,"{""good"": []}",,,-1.305981574,"{""good"": []}",,,0.0,"{""good"": []}",12.99127522,"{""good"": []}",13.00477787,"{""good"": []}",35982.0,"{""good"": []}",0.0,"{""good"": []}",REDZ,"{""good"": []}",98.95,"{""good"": []}",,,15.71610106,"{""good"": []}",15.51602375,"{""good"": []}",14.01823695,"{""good"": []}",167.1425574,"{""good"": []}",15.69233333,"{""good"": []}"
2026-09-30 05:20:00+00:00,Aberporth Automatic Weather Station,-4.57,52.14,0.0,"{""good"": []}",988.005,"{""good"": []}",,,13.88712909,"{""good"": []}",,,,,700.0,"{""good"": []}",,"{""good"": []}",,"{""good"": []}",8.0,"{""good"": []}",,"{""good"": []}",,"{""good"": []}",8.0,"{""good"": []}",,,-0.6819591515,"{""good"": []}",,,-1.314776335,"{""good"": []}",,,0.0,"{""good"": []}",12.96397953,"{""good"": []}",12.99053103,"{""good"": []}",36564.5,"{""good"": []}",0.0,"{""good"": []}",REDZ,"{""good"": []}",98.85,"{""good"": []}",,,15.71625347,"{""good"": []}",15.51440775,"{""good"": []}",14.01823695,"{""good"": []}",168.3263868,"{""good"": []}",16.15316667,"{""good"": []}"
2026-09-30 05:21:00+00:00,Aberporth Automatic Weather Station,-4.57,52.14,0.0,"{""good"": []}",988.04,"{""good"": []}",,,13.88244721,"{""good"": []}",,,,,700.0,"{""good"": []}",,"{""good"": []}",,"{""good"": []}",8.0,"{""good"": []}",,"{""good"": []}",,"{""good"": []}",8.0,"{""good"": []}",,,-0.6988350673,"{""good"": []}",,,-1.394458798,"{""good"": []}",,,0.0,"{""good"": []}",12.94660024,"{""good"": []}",12.97940132,"{""good"": []}",37414.5,"{""good"": []}",0.0,"{""good"": []}",REDZ,"{""good"": []}",98.8,"{""good"": []}",,,15.71599862,"{""good"": []}",15.51223892,"{""good"": []}",14.01864476,"{""good"": []}",172.5516331,"{""good"": []}",15.6605,"{""good"": []}"
2026-09-30 05:22:00+00:00,Aberporth Automatic Weather Station,-4.57,52.14,0.0,"{""good"": []}",988.07,"{""good"": []}",,,13.8653761,"{""good"": []}",,,,,700.0,"{""good"": []}",,"{""good"": []}",,"{""good"": []}",8.0,"{""good"": []}",,"{""good"": []}",,"{""good"": []}",8.0,"{""good"": []}",,,-0.7165431536,"{""good"": []}",,,-1.429538138,"{""good"": []}",,,0.0,"{""good"": []}",12.91598159,"{""good"": []}",12.94556758,"{""good"": []}",37593.5,"{""good"": []}",0.0,"{""good"": []}",REDZ,"{""good"": []}",98.725,"{""good"": []}",,,15.71595115,"{""good"": []}",15.50966734,"{""good"": []}",14.0186973,"{""good"": []}",173.2195726,"{""good"": []}",15.20920833,"{""good"": []}"
2026-09-30 05:23:00+00:00,Aberporth Automatic Weather Station,-4.57,52.14,0.0,"{""good"": []}",988.08,"{""good"": []}",,,13.88869055,"{""good"": []}",,,,,700.0,"{""good"": []}",,"{""good"": []}",,"{""good"": []}",7.0,"{""good"": []}",,"{""good"": []}",,"{""good"": []}",7.0,"{""good"": []}",,,-0.7337612342,"{""good"": []}",,,-1.38988535,"{""good"": []}",,,0.0,"{""good"": []}",12.9045986,"{""good"": []}",12.93056144,"{""good"": []}",37590.0,"{""good"": []}",0.0,"{""good"": []}",REDZ,"{""good"": []}",98.7,"{""good"": []}",,,15.71605359,"{""good"": []}",15.50800631,"{""good"": []}",14.01864476,"{""good"": []}",170.122969,"{""good"": []}",14.715125,"{""good"": []}"
2026-09-30 05:24:00+00:00,Aberporth Automatic Weather Station,-4.57,52.14,0.0,"{""good"": []}",988.08,"{""good"": []}",,,13.82810596,"{""good"": []}",,,,,800.0,"{""good"": []}",,"{""good"": []}",,"{""good"": []}",7.0,"{""good"": []}",,"{""good"": []}",,"{""good"": []}",7.0,"{""good"": []}",,,-0.752760507,"{""good"": []}",,,-1.495500475,"{""good"": []}",,,0.0,"{""good"": []}",12.88807627,"{""good"": []}",12.92794385,"{""good"": []}",38484.0,"{""good"": []}",0.0,"{""good"": []}",REDZ,"{""good"": []}",98.5,"{""good"": []}",,,15.716206,"{""good"": []}",15.50578495,"{""good"": []}",14.01889746,"{""good"": []}",170.1072576,"{""good"": []}",15.62620833,"{""good"": []}"
2026-09-30 05:25:00+00:00,Aberporth Automatic Weather Station,-4.57,52.14,0.0,"{""good"": []}",988.09,"{""good"": []}",,,13.81662363,"{""good"": []}",,,,,800.0,"{""good"": []}",,"{""good"": []}",,"{""good"": []}",7.0,"{""good"": []}",,"{""good"": []}",,"{""good"": []}",7.0,"{""good"": []}",,,-0.7706880489,"{""good"": []}",,,-1.455847687,"{""good"": []}",,,0.0,"{""good"": []}",12.85156125,"{""good"": []}",12.89008134,"{""good"": []}",38149.0,"{""good"": []}",0.0,"{""good"": []}",REDZ,"{""good"": []}",98.425,"{""good"": []}",,,15.71615103,"{""good"": []}",15.50447414,"{""good"": []}",14.01939784,"{""good"": []}",173.653412,"{""good"": []}",14.48825,"{""good"": []}"
2026-09-30 05:26:00+00:00,Aberporth Automatic Weather Station,-4.57,52.14,0.0,"{""good"": []}",988.13,"{""good"": []}",,,13.82342159,"{""good"": []}",,,,,1000.0,"{""good"": []}",,"{""good"": []}",,"{""good"": []}",6.0,"{""good"": []}",,"{""good"": []}",,"{""good"": []}",6.0,"{""good"": []}",,,-0.7881385663,"{""good"": []}",,,-1.460019019,"{""good"": []}",,,0.0,"{""good"": []}",12.81253279,"{""good"": []}",12.84164859,"{""good"": []}",37634.5,"{""good"": []}",0.0,"{""good"": []}",REDZ,"{""good"": []}",98.375,"{""good"": []}",,,15.71595114,"{""good"": []}",15.50159987,"{""good"": []}",14.01939784,"{""good"": []}",172.5510606,"{""good"": []}",14.52433333,"{""good"": []}"
2026-09-30 05:27:00+00:00,Aberporth Automatic Weather Station,-4.57,52.14,0.0,"{""good"": []}",988.11,"{""good"": []}",,,13.90223901,"{""good"": []}",,,,,1000.0,"{""good"": []}",,"{""good"": []}",,"{""good"": []}",6.0,"{""good"": []}",,"{""good"": []}",,"{""good"": []}",6.0,"{""good"": []}",,,-0.8040897499,"{""good"": []}",,,-1.357268545,"{""good"": []}",,,0.0,"{""good"": []}",12.79696737,"{""good"": []}",12.83424293,"{""good"": []}",38019.0,"{""good"": []}",0.0,"{""good"": []}",REDZ,"{""good"": []}",98.575,"{""good"": []}",,,15.71569879,"{""good"": []}",15.49993885,"{""good"": []}",14.01949792,"{""good"": []}",171.8359009,"{""good"": []}",13.45966667,"{""good"": []}"
2026-09-30 05:28:00+00:00,Aberporth Automatic Weather Station,-4.57,52.14,0.0,"{""good"": []}",988.13,"{""good"": []}",,,13.90264124,"{""good"": []}",,,,,1000.0,"{""good"": []}",,"{""good"": []}",,"{""good"": []}",6.0,"{""good"": []}",,"{""good"": []}",,"{""good"": []}",6.0,"{""good"": []}",,,-0.8228657972,"{""good"": []}",,,-1.512135548,"{""good"": []}",,,0.0,"{""good"": []}",12.80149958,"{""good"": []}",12.86284151,"{""good"": []}",40024.5,"{""good"": []}",0.0,"{""good"": []}",REDZ,"{""good"": []}",98.475,"{""good"": []}",,,15.71579873,"{""good"": []}",15.49771749,"{""good"": []}",14.0196005,"{""good"": []}",173.3985435,"{""good"": []}",16.03095833,"{""good"": []}"
2026-09-30 05:29:00+00:00,Aberporth Automatic Weather Station,-4.57,52.14,0.0,"{""good"": []}",988.15,"{""good"": []}",,,13.88204748,"{""good"": []}",,,,,1000.0,"{""good"": []}",,"{""good"": []}",,"{""good"": []}",5.0,"{""good"": []}",,"{""good"": []}",,"{""good"": []}",5.0,"{""good"": []}",,,-0.8437250001,"{""good"": []}",,,-1.600914571,"{""good"": []}",,,0.0,"{""good"": []}",12.80396806,"{""good"": []}",12.87472553,"{""good"": []}",40824.0,"{""good"": []}",0.0,"{""good"": []}",REDZ,"{""good"": []}",98.25,"{""good"": []}",,,15.71589868,"{""good"": []}",15.49585134,"{""good"": []}",14.01965053,"{""good"": []}",174.6445946,"{""good"": []}",15.21333333,"{""good"": []}"
2026-09-30 05:30:00+00:00,Aberporth Automatic Weather Station,-4.57,52.14,0.0,"{""good"": []}",988.175,"{""good"": []}",,,13.85530282,"{""good"": []}",,,,,1000.0,"{""good"": []}",,"{""good"": []}",,"{""good"": []}",5.0,"{""good"": []}",,"{""good"": []}",,"{""good"": []}",5.0,"{""good"": []}",,,-0.8654322919,"{""good"": []}",,,-1.628958066,"{""good"": []}",,,0.0,"{""good"": []}",12.78039758,"{""good"": []}",12.85095999,"{""good"": []}",38951.0,"{""good"": []}",0.0,"{""good"": []}",REDZ,"{""good"": []}",98.05,"{""good"": []}",,,15.71579873,"{""good"": []}",15.49443797,"{""good"": []}",14.01980315,"{""good"": []}",172.9756859,"{""good"": []}",15.35033333,"{""good"": []}"
2026-09-30 05:31:00+00:00,Aberporth Automatic Weather Station,-4.57,52.14,0.0,"{""good"": []}",988.195,"{""good"": []}",,,13.87776034,"{""good"": []}",,,,,1000.0,"{""good"": []}",,"{""good"": []}",,"{""good"": []}",4.0,"{""good"": []}",,"{""good"": []}",,"{""good"": []}",4.0,"{""good"": []}",,,-0.885115901,"{""good"": []}",,,-1.538847291,"{""good"": []}",,,0.0,"{""good"": []}",12.74881952,"{""good"": []}",12.82719444,"{""good"": []}",38129.5,"{""good"": []}",0.0,"{""good"": []}",REDZ,"{""good"": []}",98.025,"{""good"": []}",,,15.71569879,"{""good"": []}",15.49257182,"{""good"": []}",14.01980315,"{""good"": []}",172.172048,"{""good"": []}",15.38458333,"{""good"": []}"
2026-09-30 05:32:00+00:00,Aberporth Automatic Weather Station,-4.57,52.14,0.0,"{""good"": []}",988.225,"{""good"": []}",,,13.90672352,"{""good"": []}",,,,,1000.0,"{""good"": []}",,"{""good"": []}",,"{""good"": []}",3.0,"{""good"": []}",,"{""good"": []}",,"{""good"": []}",3.0,"{""good"": []}",,,-0.9043262535,"{""good"": []}",,,-1.516734065,"{""good"": []}",,,0.0,"{""good"": []}",12.74605123,"{""good"": []}",12.83514959,"{""good"": []}",38659.0,"{""good"": []}",0.0,"{""good"": []}",REDZ,"{""good"": []}",98.05,"{""good"": []}",,,15.71574876,"{""good"": []}",15.49035546,"{""good"": []}",14.02015842,"{""good"": []}",172.6060945,"{""good"": []}",16.11729167,"{""good"": []}"
2026-09-30 05:33:00+00:00,Aberporth Automatic Weather Station,-4.57,52.14,0.0,"{""good"": []}",988.23,"{""good"": []}",,,13.90687341,"{""good"": []}",,,,,1000.0,"{""good"": []}",,"{""good"": []}",,"{""good"": []}",3.0,"{""good"": []}",,"{""good"": []}",,"{""good"": []}",3.0,"{""good"": []}",,,-0.922905462,"{""good"": []}",,,-1.473613543,"{""good"": []}",,,0.0,"{""good"": []}",12.75843859,"{""good"": []}",12.84355932,"{""good"": []}",39449.5,"{""good"": []}",0.0,"{""good"": []}",REDZ,"{""good"": []}",97.925,"{""good"": []}",,,15.71555137,"{""good"": []}",15.48823666,"{""good"": []}",14.02015842,"{""good"": []}",174.5156198,"{""good"": []}",14.64716667,"{""good"": []}"
2026-09-30 05:34:00+00:00,Aberporth Automatic Weather Station,-4.57,52.14,0.0,"{""good"": []}",988.255,"{""good"": []}",,,13.92117637,"{""good"": []}",,,,,1000.0,"{""good"": []}",,"{""good"": []}",,"{""good"": []}",3.0,"{""good"": []}",,"{""good"": []}",,"{""good"": []}",3.0,"{""good"": []}",,,-0.9418796069,"{""good"": []}",,,-1.504320581,"{""good"": []}",,,0.0,"{""good"": []}",12.76100702,"{""good"": []}",12.85231623,"{""good"": []}",39222.0,"{""good"": []}",0.0,"{""good"": []}",REDZ,"{""good"": []}",97.875,"{""good"": []}",,,15.71569879,"{""good"": []}",15.48657063,"{""good"": []}",14.0202585,"{""good"": []}",173.9056895,"{""good"": []}",15.46820833,"{""good"": []}"
2026-09-30 05:35:00+00:00,Aberporth Automatic Weather Station,-4.57,52.14,0.0,"{""good"": []}",988.28,"{""good"": []}",,,13.91372385,"{""good"": []}",,,,,1000.0,"{""good"": []}",,"{""good"": []}",,"{""good"": []}",3.0,"{""good"": []}",,"{""good"": []}",,"{""good"": []}",3.0,"{""good"": []}",,,-0.9612960133,"{""good"": []}",,,-1.54917497,"{""good"": []}",,,0.0,"{""good"": []}",12.76045235,"{""good"": []}",12.85458413,"{""good"": []}",39112.0,"{""good"": []}",0.0,"{""good"": []}",REDZ,"{""good"": []}",97.825,"{""good"": []}",,,15.71554887,"{""good"": []}",15.48490961,"{""good"": []}",14.0205087,"{""good"": []}",172.3659221,"{""good"": []}",14.670625,"{""good"": []}"
2026-09-30 05:36:00+00:00,Aberporth Automatic Weather Station,-4.57,52.14,0.0,"{""good"": []}",988.3,"{""good"": []}",,,13.87746054,"{""good"": []}",,,,,1000.0,"{""good"": []}",,"{""good"": []}",,"{""good"": []}",3.0,"{""good"": []}",,"{""good"": []}",,"{""good"": []}",3.0,"{""good"": []}",,,-0.9807191208,"{""good"": []}",,,-1.546435963,"{""good"": []}",,,0.0,"{""good"": []}",12.73204735,"{""good"": []}",12.82845578,"{""good"": []}",37773.5,"{""good"": []}",0.0,"{""good"": []}",REDZ,"{""good"": []}",97.675,"{""good"": []}",,,15.71575126,"{""good"": []}",15.48223797,"{""good"": []}",14.02070885,"{""good"": []}",174.0259767,"{""good"": []}",15.41395833,"{""good"": []}"
2026-09-30 05:37:00+00:00,Aberporth Automatic Weather Station,-4.57,52.14,0.0,"{""good"": []}",988.34,"{""good"": []}",,,13.87504465,"{""good"": []}",,,,,1000.0,"{""good"": []}",,"{""good"": []}",,"{""good"": []}",3.0,"{""good"": []}",,"{""good"": []}",,"{""good"": []}",3.0,"{""good"": []}",,,-0.9992539349,"{""good"": []}",,,-1.498390253,"{""good"": []}",,,0.0,"{""good"": []}",12.7063082,"{""good"": []}",12.80509236,"{""good"": []}",36753.5,"{""good"": []}",0.0,"{""good"": []}",REDZ,"{""good"": []}",97.675,"{""good"": []}",,,15.7154989,"{""good"": []}",15.48021922,"{""good"": []}",14.02055873,"{""good"": []}",174.4030136,"{""good"": []}",15.64970833,"{""good"": []}"
2026-09-30 05:38:00+00:00,Aberporth Automatic Weather Station,-4.57,52.14,0.0,"{""good"": []}",988.335,"{""good"": []}",,,13.89841156,"{""good"": []}",,,,,1000.0,"{""good"": []}",,"{""good"": []}",,"{""good"": []}",3.0,"{""good"": []}",,"{""good"": []}",,"{""good"": []}",3.0,"{""good"": []}",,,-1.017272776,"{""good"": []}",,,-1.471502748,"{""good"": []}",,,0.0,"{""good"": []}",12.68672026,"{""good"": []}",12.79512407,"{""good"": []}",36465.0,"{""good"": []}",0.0,"{""good"": []}",REDZ,"{""good"": []}",97.8,"{""good"": []}",,,15.71509663,"{""good"": []}",15.47775021,"{""good"": []}",14.02075888,"{""good"": []}",175.8363015,"{""good"": []}",16.03266667,"{""good"": []}"
2026-09-30 05:39:00+00:00,Aberporth Automatic Weather Station,-4.57,52.14,0.0,"{""good"": []}",988.335,"{""good"": []}",,,13.89816173,"{""good"": []}",,,,,1000.0,"{""good"": []}",,"{""good"": []}",,"{""good"": []}",3.0,"{""good"": []}",,"{""good"": []}",,"{""good"": []}",3.0,"{""good"": []}",,,-1.034480384,"{""good"": []}",,,-1.431422776,"{""good"": []}",,,0.0,"{""good"": []}",12.68964096,"{""good"": []}",12.79804138,"{""good"": []}",37278.5,"{""good"": []}",0.0,"{""good"": []}",REDZ,"{""good"": []}",97.75,"{""good"": []}",,,15.71499668,"{""good"": []}",15.47628681,"{""good"": []}",14.02101658,"{""good"": []}",173.1921781,"{""good"": []}",15.64479167,"{""good"": []}"
2026-09-30 05:40:00+00:00,Aberporth Automatic Weather Station,-4.57,52.14,0.0,"{""good"": []}",988.335,"{""good"": []}",,,13.8784174,"{""good"": []}",,,,,1000.0,"{""good"": []}",,"{""good"": []}",,"{""good"": []}",3.0,"{""good"": []}",,"{""good"": []}",,"{""good"": []}",3.0,"{""good"": []}",,,-1.053376629,"{""good"": []}",,,-1.518995631,"{""good"": []}",,,0.0,"{""good"": []}",12.69734621,"{""good"": []}",12.78892979,"{""good"": []}",37475.5,"{""good"": []}",0.0,"{""good"": []}",REDZ,"{""good"": []}",97.7,"{""good"": []}",,,15.7151466,"{""good"": []}",15.47356263,"{""good"": []}",14.02096654,"{""good"": []}",171.289974,"{""good"": []}",16.62358333,"{""good"": []}"
2026-09-30 05:41:00+00:00,Aberporth Automatic Weather Station,-4.57,52.14,0.0,"{""good"": []}",988.3,"{""good"": []}",,,13.88406113,"{""good"": []}",,,,,1000.0,"{""good"": []}",,"{""good"": []}",,"{""good"": []}",2.0,"{""good"": []}",,"{""good"": []}",,"{""good"": []}",2.0,"{""good"": []}",,,-1.070902532,"{""good"": []}",,,-1.436146935,"{""good"": []}",,,0.0,"{""good"": []}",12.68515372,"{""good"": []}",12.78671434,"{""good"": []}",37460.0,"{""good"": []}",0.0,"{""good"": []}",REDZ,"{""good"": []}",97.65,"{""good"": []}",,,15.71494921,"{""good"": []}",15.47245195,"{""good"": []}",14.02096404,"{""good"": []}",171.8500613,"{""good"": []}",15.2465,"{""good"": []}"
2026-09-30 05:42:00+00:00,Aberporth Automatic Weather Station,-4.57,52.14,0.0,"{""good"": []}",988.3,"{""good"": []}",,,13.87700834,"{""good"": []}",,,,,1000.0,"{""good"": []}",,"{""good"": []}",,"{""good"": []}",2.0,"{""good"": []}",,"{""good"": []}",,"{""good"": []}",2.0,"{""good"": []}",,,-1.089024398,"{""good"": []}",,,-1.515754053,"{""good"": []}",,,0.0,"{""good"": []}",12.68737236,"{""good"": []}",12.78963414,"{""good"": []}",37546.0,"{""good"": []}",0.0,"{""good"": []}",REDZ,"{""good"": []}",97.525,"{""good"": []}",,,15.71494671,"{""good"": []}",15.47028561,"{""good"": []}",14.02101408,"{""good"": []}",171.9642095,"{""good"": []}",16.694,"{""good"": []}"
2026-09-30 05:43:00+00:00,Aberporth Automatic Weather Station,-4.57,52.14,0.0,"{""good"": []}",988.285,"{""good"": []}",,,13.8727262,"{""good"": []}",,,,,1000.0,"{""good"": []}",,"{""good"": []}",,"{""good"": []}",2.0,"{""good"": []}",,"{""good"": []}",,"{""good"": []}",2.0,"{""good"": []}",,,-1.104932439,"{""good"": []}",,,-1.437704903,"{""good"": []}",,,0.0,"{""good"": []}",12.66898868,"{""good"": []}",12.7810246,"{""good"": []}",37925.0,"{""good"": []}",0.0,"{""good"": []}",REDZ,"{""good"": []}",97.425,"{""good"": []}",,,15.71499419,"{""good"": []}",15.46816681,"{""good"": []}",14.02101408,"{""good"": []}",171.8844443,"{""good"": []}",16.70420833,"{""good"": []}"
2026-09-30 05:44:00+00:00,Aberporth Automatic Weather Station,-4.57,52.14,0.0,"{""good"": []}",988.26,"{""good"": []}",,,13.89493638,"{""good"": []}",,,,,1100.0,"{""good"": []}",,"{""good"": []}",,"{""good"": []}",2.0,"{""good"": []}",,"{""good"": []}",,"{""good"": []}",2.0,"{""good"": []}",,,-1.120177921,"{""good"": []}",,,-1.431900099,"{""good"": []}",,,0.0,"{""good"": []}",12.66833658,"{""good"": []}",12.78777336,"{""good"": []}",37687.5,"{""good"": []}",0.0,"{""good"": []}",REDZ,"{""good"": []}",97.4,"{""good"": []}",,,15.71524904,"{""good"": []}",15.46594795,"{""good"": []}",14.02131931,"{""good"": []}",172.9742559,"{""good"": []}",16.59541667,"{""good"": []}"
2026-09-30 05:45:00+00:00,Aberporth Automatic Weather Station,-4.57,52.14,0.0,"{""good"": []}",988.305,"{""good"": []}",,,13.91891288,"{""good"": []}",,,,,1100.0,"{""good"": []}",,"{""good"": []}",,"{""good"": []}",1.0,"{""good"": []}",,"{""good"": []}",,"{""good"": []}",1.0,"{""good"": []}",,,-1.133830249,"{""good"": []}",,,-1.391091143,"{""good"": []}",,,0.0,"{""good"": []}",12.67503495,"{""good"": []}",12.78938438,"{""good"": []}",38663.5,"{""good"": []}",0.0,"{""good"": []}",REDZ,"{""good"": []}",97.35,"{""good"": []}",,,15.71504666,"{""good"": []}",15.46428693,"{""good"": []}",14.02141939,"{""good"": []}",174.830118,"{""good"": []}",16.81145833,"{""good"": []}"
2026-09-30 05:46:00+00:00,Aberporth Automatic Weather Station,-4.57,52.14,0.0,"{""good"": []}",988.315,"{""good"": []}",,,13.9233924,"{""good"": []}",,,,,1100.0,"{""good"": []}",,"{""good"": []}",,"{""good"": []}",1.0,"{""good"": []}",,"{""good"": []}",,"{""good"": []}",1.0,"{""good"": []}",,,-1.147985567,"{""good"": []}",,,-1.481880684,"{""good"": []}",,,0.0,"{""good"": []}",12.68702257,"{""good"": []}",12.80469023,"{""good"": []}",38936.0,"{""good"": []}",0.0,"{""good"": []}",REDZ,"{""good"": []}",97.25,"{""good"": []}",,,15.71469435,"{""good"": []}",15.461963,"{""good"": []}",14.02141939,"{""good"": []}",174.0998833,"{""good"": []}",14.93033333,"{""good"": []}"
2026-09-30 05:47:00+00:00,Aberporth Automatic Weather Station,-4.57,52.14,0.0,"{""good"": []}",988.34,"{""good"": []}",,,13.87947669,"{""good"": []}",,,,,1100.0,"{""good"": []}",,"{""good"": []}",,"{""good"": []}",1.0,"{""good"": []}",,"{""good"": []}",,"{""good"": []}",1.0,"{""good"": []}",,,-1.161814208,"{""good"": []}",,,-1.535504765,"{""good"": []}",,,0.0,"{""good"": []}",12.66289493,"{""good"": []}",12.79064321,"{""good"": []}",38825.0,"{""good"": []}",0.0,"{""good"": []}",REDZ,"{""good"": []}",97.0,"{""good"": []}",,,15.71499668,"{""good"": []}",15.45999929,"{""good"": []}",14.02161955,"{""good"": []}",174.5621543,"{""good"": []}",14.57175,"{""good"": []}"
2026-09-30 05:48:00+00:00,Aberporth Automatic Weather Station,-4.57,52.14,0.0,"{""good"": []}",988.375,"{""good"": []}",,,13.86910111,"{""good"": []}",,,,,1100.0,"{""good"": []}",,"{""good"": []}",,"{""good"": []}",1.0,"{""good"": []}",,"{""good"": []}",,"{""good"": []}",1.0,"{""good"": []}",,,-1.17321249,"{""good"": []}",,,-1.454891894,"{""good"": []}",,,0.0,"{""good"": []}",12.63791281,"{""good"": []}",12.7644599,"{""good"": []}",37352.0,"{""good"": []}",0.0,"{""good"": []}",REDZ,"{""good"": []}",96.925,"{""good"": []}",,,15.7147918,"{""good"": []}",15.45828323,"{""good"": []}",14.02161954,"{""good"": []}",176.3300356,"{""good"": []}",14.97633333,"{""good"": []}"
2026-09-30 05:49:00+00:00,Aberporth Automatic Weather Station,-4.57,52.14,0.0,"{""good"": []}",988.39,"{""good"": []}",,,13.93482477,"{""good"": []}",,,,,1100.0,"{""good"": []}",,"{""good"": []}",,"{""good"": []}",1.0,"{""good"": []}",,"{""good"": []}",,"{""good"": []}",1.0,"{""good"": []}",,,-1.183023903,"{""good"": []}",,,-1.36651465,"{""good"": []}",,,0.0,"{""good"": []}",12.63917454,"{""good"": []}",12.76012891,"{""good"": []}",37268.0,"{""good"": []}",0.0,"{""good"": []}",REDZ,"{""good"": []}",97.125,"{""good"": []}",,,15.71489674,"{""good"": []}",15.45621446,"{""good"": []}",14.0218197,"{""good"": []}",174.719786,"{""good"": []}",15.73083333,"{""good"": []}"
2026-09-30 05:50:00+00:00,Aberporth Automatic Weather Station,-4.57,52.14,0.0,"{""good"": []}",988.4,"{""good"": []}",,,13.90425266,"{""good"": []}",,,,,1100.0,"{""good"": []}",,"{""good"": []}",,"{""good"": []}",1.0,"{""good"": []}",,"{""good"": []}",,"{""good"": []}",1.0,"{""good"": []}",,,-1.194961607,"{""good"": []}",,,-1.493061823,"{""good"": []}",,,0.0,"{""good"": []}",12.6319215,"{""good"": []}",12.7737738,"{""good"": []}",37196.0,"{""good"": []}",0.0,"{""good"": []}",REDZ,"{""good"": []}",97.025,"{""good"": []}",,,15.71454194,"{""good"": []}",15.45349029,"{""good"": []}",14.02166958,"{""good"": []}",175.163844,"{""good"": []}",14.586125,"{""good"": []}"
2026-09-30 05:51:00+00:00,Aberporth Automatic Weather Station,-4.57,52.14,0.0,"{""good"": []}",988.42,"{""good"": []}",,,13.92782444,"{""good"": []}",,,,,1100.0,"{""good"": []}",,"{""good"": []}",,"{""good"": []}",1.0,"{""good"": []}",,"{""good"": []}",,"{""good"": []}",1.0,"{""good"": []}",,,-1.206219584,"{""good"": []}",,,-1.443960716,"{""good"": []}",,,0.0,"{""good"": []}",12.61973151,"{""good"": []}",12.76209459,"{""good"": []}",37037.0,"{""good"": []}",0.0,"{""good"": []}",REDZ,"{""good"": []}",97.05,"{""good"": []}",,,15.71438952,"{""good"": []}",15.45112133,"{""good"": []}",14.02191978,"{""good"": []}",175.0739285,"{""good"": []}",15.185375,"{""good"": []}"
2026-09-30 05:52:00+00:00,Aberporth Automatic Weather Station,-4.57,52.14,0.0,"{""good"": []}",988.445,"{""good"": []}",,,13.90259377,"{""good"": []}",,,,,1100.0,"{""good"": []}",,"{""good"": []}",,"{""good"": []}",1.0,"{""good"": []}",,"{""good"": []}",,"{""good"": []}",1.0,"{""good"": []}",,,-1.219216039,"{""good"": []}",,,-1.472029261,"{""good"": []}",,,0.0,"{""good"": []}",12.6145472,"{""good"": []}",12.76335093,"{""good"": []}",37052.5,"{""good"": []}",0.0,"{""good"": []}",REDZ,"{""good"": []}",97.0,"{""good"": []}",,,15.71403972,"{""good"": []}",15.44930771,"{""good"": []}",14.02196981,"{""good"": []}",175.5309071,"{""good"": []}",13.706,"{""good"": []}"
2026-09-30 05:53:00+00:00,Aberporth Automatic Weather Station,-4.57,52.14,0.0,"{""good"": []}",988.43,"{""good"": []}",,,13.90954413,"{""good"": []}",,,,,1100.0,"{""good"": []}",,"{""good"": []}",,"{""good"": []}",1.0,"{""good"": []}",,"{""good"": []}",,"{""good"": []}",1.0,"{""good"": []}",,,-1.228529488,"{""good"": []}",,,-1.393050356,"{""good"": []}",,,0.0,"{""good"": []}",12.58835333,"{""good"": []}",12.75982918,"{""good"": []}",36605.0,"{""good"": []}",0.0,"{""good"": []}",REDZ,"{""good"": []}",97.0,"{""good"": []}",,,15.71474683,"{""good"": []}",15.44723894,"{""good"": []}",14.02201985,"{""good"": []}",176.4712467,"{""good"": []}",14.17216667,"{""good"": []}"
2026-09-30 05:54:00+00:00,Aberporth Automatic Weather Station,-4.57,52.14,0.0,"{""good"": []}",988.44,"{""good"": []}",,,13.88809095,"{""good"": []}",,,,,1100.0,"{""good"": []}",1800.0,"{""good"": []}",,"{""good"": []}",1.0,"{""good"": []}",1.0,"{""good"": []}",,"{""good"": []}",2.0,"{""good"": []}",,,-1.237037564,"{""good"": []}",,,-1.383903579,"{""good"": []}",,,0.0,"{""good"": []}",12.59258323,"{""good"": []}",12.76184232,"{""good"": []}",37191.5,"{""good"": []}",0.0,"{""good"": []}",REDZ,"{""good"": []}",97.0,"{""good"": []}",,,15.71393728,"{""good"": []}",15.44527273,"{""good"": []}",14.02211993,"{""good"": []}",175.0947919,"{""good"": []}",13.65554167,"{""good"": []}"
2026-09-30 05:55:00+00:00,Aberporth Automatic Weather Station,-4.57,52.14,0.0,"{""good"": []}",988.415,"{""good"": []}",,,13.87001051,"{""good"": []}",,,,,1100.0,"{""good"": []}",1800.0,"{""good"": []}",,"{""good"": []}",1.0,"{""good"": []}",1.0,"{""good"": []}",,"{""good"": []}",2.0,"{""good"": []}",,,-1.242842229,"{""good"": []}",,,-1.294873262,"{""good"": []}",,,0.0,"{""good"": []}",12.59026965,"{""good"": []}",12.74980844,"{""good"": []}",36567.5,"{""good"": []}",0.0,"{""good"": []}",REDZ,"{""good"": []}",96.925,"{""good"": []}",,,15.71433955,"{""good"": []}",15.44295381,"{""good"": []}",14.02222001,"{""good"": []}",172.9621956,"{""good"": []}",15.26675,"{""good"": []}"
2026-09-30 05:56:00+00:00,Aberporth Automatic Weather Station,-4.57,52.14,0.0,"{""good"": []}",988.42,"{""good"": []}",,,13.98317502,"{""good"": []}",,,,,1800.0,"{""good"": []}",,"{""good"": []}",,"{""good"": []}",1.0,"{""good"": []}",,"{""good"": []}",,"{""good"": []}",1.0,"{""good"": []}",,,-1.246071639,"{""good"": []}",,,-1.111661131,"{""good"": []}",,,0.0,"{""good"": []}",12.63383282,"{""good"": []}",12.78802313,"{""good"": []}",36027.5,"{""good"": []}",0.0,"{""good"": []}",REDZ,"{""good"": []}",97.275,"{""good"": []}",,,15.7144395,"{""good"": []}",15.44083501,"{""good"": []}",14.02222001,"{""good"": []}",175.1861916,"{""good"": []}",16.05704167,"{""good"": []}"
2026-09-30 05:57:00+00:00,Aberporth Automatic Weather Station,-4.57,52.14,0.0,"{""good"": []}",988.41,"{""good"": []}",,,14.03106557,"{""good"": []}",,,,,1400.0,"{""good"": []}",1800.0,"{""good"": []}",,"{""good"": []}",1.0,"{""good"": []}",1.0,"{""good"": []}",,"{""good"": []}",2.0,"{""good"": []}",,,-1.249344607,"{""good"": []}",,,-1.12083313,"{""good"": []}",,,0.0,"{""good"": []}",12.72841958,"{""good"": []}",12.90241994,"{""good"": []}",37478.0,"{""good"": []}",0.0,"{""good"": []}",REDZ,"{""good"": []}",97.225,"{""good"": []}",,,15.71423961,"{""good"": []}",15.43881626,"{""good"": []}",14.02222001,"{""good"": []}",173.8489276,"{""good"": []}",15.44720833,"{""good"": []}"
2026-09-30 05:58:00+00:00,Aberporth Automatic Weather Station,-4.57,52.14,0.0,"{""good"": []}",988.42,"{""good"": []}",,,14.03605474,"{""good"": []}",,,,,1300.0,"{""good"": []}",,"{""good"": []}",,"{""good"": []}",2.0,"{""good"": []}",,"{""good"": []}",,"{""good"": []}",2.0,"{""good"": []}",,,-1.252537166,"{""good"": []}",,,-1.014514344,"{""good"": []}",,,0.0,"{""good"": []}",12.76936937,"{""good"": []}",12.97109399,"{""good"": []}",35620.0,"{""good"": []}",0.0,"{""good"": []}",REDZ,"{""good"": []}",97.0,"{""good"": []}",,,15.71413967,"{""good"": []}",15.43649984,"{""good"": []}",14.02242767,"{""good"": []}",172.1237565,"{""good"": []}",16.36720833,"{""good"": []}"
2026-09-30 05:59:00+00:00,Aberporth Automatic Weather Station,-4.57,52.14,0.0,"{""good"": []}",988.42,"{""good"": []}",,,14.08143197,"{""good"": []}",,,,,1300.0,"{""good"": []}",,"{""good"": []}",,"{""good"": []}",3.0,"{""good"": []}",,"{""good"": []}",,"{""good"": []}",3.0,"{""good"": []}",,,-1.255856208,"{""good"": []}",,,-0.9462902985,"{""good"": []}",,,0.0,"{""good"": []}",12.79626531,"{""good"": []}",13.00508009,"{""good"": []}",35641.5,"{""good"": []}",0.0,"{""good"": []}",REDZ,"{""good"": []}",96.975,"{""good"": []}",,,15.71413967,"{""good"": []}",15.43397829,"{""good"": []}",14.02252774,"{""good"": []}",172.2312275,"{""good"": []}",15.89691667,"{""good"": []}"
2026-09-30 06:00:00+00:00,Aberporth Automatic Weather Station,-4.57,52.14,0.0,"{""good"": []}",988.44,"{""good"": []}",,,14.09885534,"{""good"": []}",,,,,1300.0,"{""good"": []}",,"{""good"": []}",,"{""good"": []}",3.0,"{""good"": []}",,"{""good"": []}",,"{""good"": []}",3.0,"{""good"": []}",,,-1.259594476,"{""good"": []}",,,-0.9853651522,"{""good"": []}",,,0.0,"{""good"": []}",12.79993804,"{""good"": []}",13.00196047,"{""good"": []}",33459.5,"{""good"": []}",0.0,"{""good"": []}",REDZ,"{""good"": []}",96.85,"{""good"": []}",,,15.7140897,"{""good"": []}",15.43261745,"{""good"": []}",14.02258029,"{""good"": []}",174.8062471,"{""good"": []}",16.72879167,"{""good"": []}"
2026-09-30 06:01:00+00:00,Aberporth Automatic Weather Station,-4.57,52.14,0.0,"{""good"": []}",988.49,"{""good"": []}",,,14.07377708,"{""good"": []}",,,,,1300.0,"{""good"": []}",,"{""good"": []}",,"{""good"": []}",3.0,"{""good"": []}",,"{""good"": []}",,"{""good"": []}",3.0,"{""good"": []}",,,-1.2612655,"{""good"": []}",,,-0.9559897647,"{""good"": []}",,,0.0,"{""good"": []}",12.80905243,"{""good"": []}",13.00145594,"{""good"": []}",33890.0,"{""good"": []}",0.0,"{""good"": []}",REDZ,"{""good"": []}",96.625,"{""good"": []}",,,15.71423961,"{""good"": []}",15.43014593,"{""good"": []}",14.02268036,"{""good"": []}",173.5892519,"{""good"": []}",15.50245833,"{""good"": []}"
2026-09-30 06:02:00+00:00,Aberporth Automatic Weather Station,-4.57,52.14,0.0,"{""good"": []}",988.47,"{""good"": []}",,,14.12156769,"{""good"": []}",,,,,1300.0,"{""good"": []}",,"{""good"": []}",,"{""good"": []}",3.0,"{""good"": []}",,"{""good"": []}",,"{""good"": []}",3.0,"{""good"": []}",,,-1.259160122,"{""good"": []}",,,-0.7990368387,"{""good"": []}",,,0.0,"{""good"": []}",12.81071391,"{""good"": []}",12.99173742,"{""good"": []}",32749.5,"{""good"": []}",0.0,"{""good"": []}",REDZ,"{""good"": []}",96.625,"{""good"": []}",,,15.71433955,"{""good"": []}",15.4271691,"{""good"": []}",14.02268036,"{""good"": []}",171.271589,"{""good"": []}",17.36120833,"{""good"": []}"
2026-09-30 06:03:00+00:00,Aberporth Automatic Weather Station,-4.57,52.14,0.0,"{""good"": []}",988.48,"{""good"": []}",,,14.19525104,"{""good"": []}",,,,,1300.0,"{""good"": []}",,"{""good"": []}",,"{""good"": []}",4.0,"{""good"": []}",,"{""good"": []}",,"{""good"": []}",4.0,"{""good"": []}",,,-1.254144444,"{""good"": []}",,,-0.6232629083,"{""good"": []}",,,0.0,"{""good"": []}",12.83056419,"{""good"": []}",13.03655101,"{""good"": []}",32720.5,"{""good"": []}",0.0,"{""good"": []}",REDZ,"{""good"": []}",96.575,"{""good"": []}",,,15.71398975,"{""good"": []}",15.42535548,"{""good"": []}",14.02278044,"{""good"": []}",173.8680151,"{""good"": []}",16.778,"{""good"": []}"
2026-09-30 06:04:00+00:00,Aberporth Automatic Weather Station,-4.57,52.14,0.0,"{""good"": []}",988.51,"{""good"": []}",,,14.18110048,"{""good"": []}",,,,,1300.0,"{""good"": []}",,"{""good"": []}",,"{""good"": []}",4.0,"{""good"": []}",,"{""good"": []}",,"{""good"": []}",4.0,"{""good"": []}",,,-1.249826084,"{""good"": []}",,,-0.6235141578,"{""good"": []}",,,0.0,"{""good"": []}",12.84279915,"{""good"": []}",13.06686051,"{""good"": []}",31564.5,"{""good"": []}",0.0,"{""good"": []}",REDZ,"{""good"": []}",96.3,"{""good"": []}",,,15.71418964,"{""good"": []}",15.42308409,"{""good"": []}",14.02268036,"{""good"": []}",176.0808833,"{""good"": []}",15.39191667,"{""good"": []}"
2026-09-30 06:05:00+00:00,Aberporth Automatic Weather Station,-4.57,52.14,0.0,"{""good"": []}",988.49,"{""good"": []}",,,14.20053751,"{""good"": []}",,,,,1300.0,"{""good"": []}",,"{""good"": []}",,"{""good"": []}",4.0,"{""good"": []}",,"{""good"": []}",,"{""good"": []}",4.0,"{""good"": []}",,,-1.242927864,"{""good"": []}",,,-0.3678062396,"{""good"": []}",,,0.0,"{""good"": []}",12.82895018,"{""good"": []}",13.06640593,"{""good"": []}",30774.5,"{""good"": []}",0.0,"{""good"": []}",NSW,"{""good"": []}",96.2,"{""good"": []}",,,15.71373489,"{""good"": []}",15.42061507,"{""good"": []}",14.02278044,"{""good"": []}",173.812776,"{""good"": []}",16.60925,"{""good"": []}"
2026-09-30 06:06:00+00:00,Aberporth Automatic Weather Station,-4.57,52.14,0.0,"{""good"": []}",988.505,"{""good"": []}",,,14.21977718,"{""good"": []}",,,,,1500.0,"{""good"": []}",,"{""good"": []}",,"{""good"": []}",4.0,"{""good"": []}",,"{""good"": []}",,"{""good"": []}",4.0,"{""good"": []}",,,-1.234622031,"{""good"": []}",,,-0.2385450613,"{""good"": []}",,,0.0,"{""good"": []}",12.86233962,"{""good"": []}",13.09314123,"{""good"": []}",30504.0,"{""good"": []}",0.0,"{""good"": []}",NSW,"{""good"": []}",96.075,"{""good"": []}",,,15.71433955,"{""good"": []}",15.41824361,"{""good"": []}",14.02278044,"{""good"": []}",174.2982445,"{""good"": []}",15.505125,"{""good"": []}"
2026-09-30 06:07:00+00:00,Aberporth Automatic Weather Station,-4.57,52.14,0.0,"{""good"": []}",988.52,"{""good"": []}",,,14.20083981,"{""good"": []}",,,,,1500.0,"{""good"": []}",,"{""good"": []}",,"{""good"": []}",4.0,"{""good"": []}",,"{""good"": []}",,"{""good"": []}",4.0,"{""good"": []}",,,-1.226358918,"{""good"": []}",,,-0.1969573764,"{""good"": []}",,,0.0,"{""good"": []}",12.84476044,"{""good"": []}",13.08629255,"{""good"": []}",30056.5,"{""good"": []}",0.0,"{""good"": []}",NSW,"{""good"": []}",95.975,"{""good"": []}",,,15.71393728,"{""good"": []}",15.41567203,"{""good"": []}",14.02267786,"{""good"": []}",173.3916899,"{""good"": []}",16.785875,"{""good"": []}"
2026-09-30 06:08:00+00:00,Aberporth Automatic Weather Station,-4.57,52.14,0.0,"{""good"": []}",988.5,"{""good"": []}",,,14.25387443,"{""good"": []}",,,,,1500.0,"{""good"": []}",,"{""good"": []}",,"{""good"": []}",5.0,"{""good"": []}",,"{""good"": []}",,"{""good"": []}",5.0,"{""good"": []}",,,-1.213675697,"{""good"": []}",,,0.09508634636,"{""good"": []}",,,0.0,"{""good"": []}",12.81953098,"{""good"": []}",13.06081609,"{""good"": []}",29119.0,"{""good"": []}",0.0,"{""good"": []}",NSW,"{""good"": []}",96.0,"{""good"": []}",,,15.71368492,"{""good"": []}",15.41405854,"{""good"": []}",14.02288052,"{""good"": []}",172.9819562,"{""good"": []}",19.03508333,"{""good"": []}"
2026-09-30 06:09:00+00:00,Aberporth Automatic Weather Station,-4.57,52.14,0.0,"{""good"": []}",988.505,"{""good"": []}",,,14.29945152,"{""good"": []}",,,,,1500.0,"{""good"": []}",,"{""good"": []}",,"{""good"": []}",5.0,"{""good"": []}",,"{""good"": []}",,"{""good"": []}",5.0,"{""good"": []}",,,-1.200635232,"{""good"": []}",,,0.1349904403,"{""good"": []}",,,0.0,"{""good"": []}",12.83620072,"{""good"": []}",13.08110984,"{""good"": []}",29509.0,"{""good"": []}",0.0,"{""good"": []}",NSW,"{""good"": []}",95.95,"{""good"": []}",,,15.71398975,"{""good"": []}",15.41168708,"{""good"": []}",14.02268036,"{""good"": []}",174.5862809,"{""good"": []}",15.8555,"{""good"": []}"
2026-09-30 06:10:00+00:00,Aberporth Automatic Weather Station,-4.57,52.14,0.0,"{""good"": []}",988.52,"{""good"": []}",,,14.30065572,"{""good"": []}",,,,,1500.0,"{""good"": []}",,"{""good"": []}",,"{""good"": []}",5.0,"{""good"": []}",,"{""good"": []}",,"{""good"": []}",5.0,"{""good"": []}",,,-1.184324708,"{""good"": []}",,,0.282796378,"{""good"": []}",,,0.0,"{""good"": []}",12.8321707,"{""good"": []}",13.0732546,"{""good"": []}",28610.0,"{""good"": []}",0.0,"{""good"": []}",NSW,"{""good"": []}",95.7,"{""good"": []}",,,15.71393728,"{""good"": []}",15.40947071,"{""good"": []}",14.02293056,"{""good"": []}",176.4199009,"{""good"": []}",18.81941667,"{""good"": []}"
2026-09-30 06:11:00+00:00,Aberporth Automatic Weather Station,-4.57,52.14,0.0,"{""good"": []}",988.54,"{""good"": []}",,,14.35011273,"{""good"": []}",,,,,1500.0,"{""good"": []}",,"{""good"": []}",,"{""good"": []}",5.0,"{""good"": []}",,"{""good"": []}",,"{""good"": []}",5.0,"{""good"": []}",,,-1.164328667,"{""good"": []}",,,0.4792762811,"{""good"": []}",,,0.0,"{""good"": []}",12.84199715,"{""good"": []}",13.08780616,"{""good"": []}",29123.0,"{""good"": []}",0.0,"{""good"": []}",NSW,"{""good"": []}",95.625,"{""good"": []}",,,15.71333262,"{""good"": []}",15.40639382,"{""good"": []}",14.02303063,"{""good"": []}",175.0793843,"{""good"": []}",16.67654167,"{""good"": []}"
2026-09-30 06:12:00+00:00,Aberporth Automatic Weather Station,-4.57,52.14,0.0,"{""good"": []}",988.53,"{""good"": []}",,,14.30050582,"{""good"": []}",,,,,1500.0,"{""good"": []}",,"{""good"": []}",,"{""good"": []}",5.0,"{""good"": []}",,"{""good"": []}",,"{""good"": []}",5.0,"{""good"": []}",,,-1.140365665,"{""good"": []}",,,0.5836098438,"{""good"": []}",,,0.0,"{""good"": []}",12.83096144,"{""good"": []}",13.07773546,"{""good"": []}",28372.0,"{""good"": []}",0.0,"{""good"": []}",NSW,"{""good"": []}",95.275,"{""good"": []}",,,15.71398725,"{""good"": []}",15.40468027,"{""good"": []}",14.02267786,"{""good"": []}",175.9590767,"{""good"": []}",18.422,"{""good"": []}"
2026-09-30 06:13:00+00:00,Aberporth Automatic Weather Station,-4.57,52.14,0.0,"{""good"": []}",988.56,"{""good"": []}",,,14.34180327,"{""good"": []}",,,,,1500.0,"{""good"": []}",,"{""good"": []}",,"{""good"": []}",5.0,"{""good"": []}",,"{""good"": []}",,"{""good"": []}",5.0,"{""good"": []}",,,-1.108237146,"{""good"": []}",,,0.9278706505,"{""good"": []}",,,0.0,"{""good"": []}",12.82270153,"{""good"": []}",13.06484737,"{""good"": []}",28483.0,"{""good"": []}",0.0,"{""good"": []}",NSW,"{""good"": []}",95.325,"{""good"": []}",,,15.71323018,"{""good"": []}",15.40190856,"{""good"": []}",14.02298059,"{""good"": []}",174.6935918,"{""good"": []}",17.457125,"{""good"": []}"
2026-09-30 06:14:00+00:00,Aberporth Automatic Weather Station,-4.57,52.14,0.0,"{""good"": []}",988.585,"{""good"": []}",,,14.36441569,"{""good"": []}",,,,,1500.0,"{""good"": []}",,"{""good"": []}",,"{""good"": []}",5.0,"{""good"": []}",,"{""good"": []}",,"{""good"": []}",5.0,"{""good"": []}",,,-1.07058621,"{""good"": []}",,,1.171114992,"{""good"": []}",,,0.0,"{""good"": []}",12.82819315,"{""good"": []}",13.06822175,"{""good"": []}",28463.5,"{""good"": []}",0.0,"{""good"": []}",NSW,"{""good"": []}",95.225,"{""good"": []}",,,15.71328265,"{""good"": []}",15.39983729,"{""good"": []}",14.02308067,"{""good"": []}",173.7757273,"{""good"": []}",18.079,"{""good"": []}"
2026-09-30 06:15:00+00:00,Aberporth Automatic Weather Station,-4.57,52.14,0.0,"{""good"": []}",988.63,"{""good"": []}",,,14.36366369,"{""good"": []}",,,,,1500.0,"{""good"": []}",,"{""good"": []}",,"{""good"": []}",5.0,"{""good"": []}",,"{""good"": []}",,"{""good"": []}",5.0,"{""good"": []}",,,-1.028073318,"{""good"": []}",,,1.32776636,"{""good"": []}",,,0.0,"{""good"": []}",12.83559609,"{""good"": []}",13.08221632,"{""good"": []}",28052.0,"{""good"": []}",0.0,"{""good"": []}",NSW,"{""good"": []}",95.025,"{""good"": []}",,,15.71353251,"{""good"": []}",15.39726571,"{""good"": []}",14.02318075,"{""good"": []}",174.818041,"{""good"": []}",18.970375,"{""good"": []}"
2026-09-30 06:16:00+00:00,Aberporth Automatic Weather Station,-4.57,52.14,0.0,"{""good"": []}",988.62,"{""good"": []}",,,14.37600046,"{""good"": []}",,,,,1500.0,"{""good"": []}",,"{""good"": []}",,"{""good"": []}",5.0,"{""good"": []}",,"{""good"": []}",,"{""good"": []}",5.0,"{""good"": []}",,,-0.9795207922,"{""good"": []}",,,1.642852689,"{""good"": []}",,,1.0,"{""good"": []}",12.83212323,"{""good"": []}",13.0840771,"{""good"": []}",27967.0,"{""good"": []}",0.0,"{""good"": []}",NSW,"{""good"": []}",95.0,"{""good"": []}",,,15.71328265,"{""good"": []}",15.39479669,"{""good"": []}",14.02313071,"{""good"": []}",174.2505994,"{""good"": []}",16.83720833,"{""good"": []}"
2026-09-30 06:17:00+00:00,Aberporth Automatic Weather Station,-4.57,52.14,0.0,"{""good"": []}",988.66,"{""good"": []}",,,14.3538927,"{""good"": []}",,,,,1500.0,"{""good"": []}",,"{""good"": []}",,"{""good"": []}",5.0,"{""good"": []}",,"{""good"": []}",,"{""good"": []}",5.0,"{""good"": []}",,,-0.9262348913,"{""good"": []}",,,1.942912396,"{""good"": []}",,,1.0,"{""good"": []}",12.83519383,"{""good"": []}",13.0805054,"{""good"": []}",28091.5,"{""good"": []}",0.0,"{""good"": []}",NSW,"{""good"": []}",94.975,"{""good"": []}",,,15.71318271,"{""good"": []}",15.39343585,"{""good"": []}",14.02308067,"{""good"": []}",175.4604875,"{""good"": []}",15.08279167,"{""good"": []}"
2026-09-30 06:18:00+00:00,Aberporth Automatic Weather Station,-4.57,52.14,0.0,"{""good"": []}",988.715,"{""good"": []}",,,14.30639939,"{""good"": []}",,,,,1500.0,"{""good"": []}",,"{""good"": []}",,"{""good"": []}",5.0,"{""good"": []}",,"{""good"": []}",,"{""good"": []}",5.0,"{""good"": []}",,,-0.8687470808,"{""good"": []}",,,2.197665223,"{""good"": []}",,,1.0,"{""good"": []}",12.82456538,"{""good"": []}",13.06872129,"{""good"": []}",26967.5,"{""good"": []}",0.0,"{""good"": []}",NSW,"{""good"": []}",94.95,"{""good"": []}",,,15.71338509,"{""good"": []}",15.39055908,"{""good"": []}",14.02303063,"{""good"": []}",176.5402756,"{""good"": []}",16.08358333,"{""good"": []}"
2026-09-30 06:19:00+00:00,Aberporth Automatic Weather Station,-4.57,52.14,0.0,"{""good"": []}",988.745,"{""good"": []}",,,14.28232544,"{""good"": []}",,,,,1500.0,"{""good"": []}",,"{""good"": []}",,"{""good"": []}",5.0,"{""good"": []}",,"{""good"": []}",,"{""good"": []}",5.0,"{""good"": []}",,,-0.8048205074,"{""good"": []}",,,2.529612831,"{""good"": []}",,,1.0,"{""good"": []}",12.79072372,"{""good"": []}",13.04304501,"{""good"": []}",26737.5,"{""good"": []}",0.0,"{""good"": []}",NSW,"{""good"": []}",95.075,"{""good"": []}",,,15.71348753,"{""good"": []}",15.38773735,"{""good"": []}",14.02328083,"{""good"": []}",177.1119144,"{""good"": []}",15.261625,"{""good"": []}"
2026-09-30 06:20:00+00:00,Aberporth Automatic Weather Station,-4.57,52.14,0.0,"{""good"": []}",988.75,"{""good"": []}",,,14.30695651,"{""good"": []}",,,,,1500.0,"{""good"": []}",,"{""good"": []}",,"{""good"": []}",5.0,"{""good"": []}",,"{""good"": []}",,"{""good"": []}",5.0,"{""good"": []}",,,-0.7328712228,"{""good"": []}",,,3.002180743,"{""good"": []}",,,1.0,"{""good"": []}",12.77067606,"{""good"": []}",13.03992539,"{""good"": []}",27118.5,"{""good"": []}",0.0,"{""good"": []}",NSW,"{""good"": []}",95.275,"{""good"": []}",,,15.71323018,"{""good"": []}",15.38531586,"{""good"": []}",14.0233809,"{""good"": []}",177.5325582,"{""good"": []}",16.94508333,"{""good"": []}"
2026-09-30 06:21:00+00:00,Aberporth Automatic Weather Station,-4.57,52.14,0.0,"{""good"": []}",988.77,"{""good"": []}",,,14.33354378,"{""good"": []}",,,,,1400.0,"{""good"": []}",,"{""good"": []}",,"{""good"": []}",5.0,"{""good"": []}",,"{""good"": []}",,"{""good"": []}",5.0,"{""good"": []}",,,-0.6542486447,"{""good"": []}",,,3.322895888,"{""good"": []}",,,0.0,"{""good"": []}",12.80900746,"{""good"": []}",13.08347516,"{""good"": []}",26837.5,"{""good"": []}",0.0,"{""good"": []}",NSW,"{""good"": []}",95.4,"{""good"": []}",,,15.71323268,"{""good"": []}",15.3829444,"{""good"": []}",14.0233834,"{""good"": []}",176.029723,"{""good"": []}",16.821625,"{""good"": []}"
2026-09-30 06:22:00+00:00,Aberporth Automatic Weather Station,-4.57,52.14,0.0,"{""good"": []}",988.795,"{""good"": []}",,,14.31259525,"{""good"": []}",,,,,1300.0,"{""good"": []}",,"{""good"": []}",,"{""good"": []}",5.0,"{""good"": []}",,"{""good"": []}",,"{""good"": []}",5.0,"{""good"": []}",,,-0.5705362873,"{""good"": []}",,,3.593203302,"{""good"": []}",,,0.0,"{""good"": []}",12.82774092,"{""good"": []}",13.11977912,"{""good"": []}",27389.5,"{""good"": []}",0.0,"{""good"": []}",NSW,"{""good"": []}",95.3,"{""good"": []}",,,15.71343257,"{""good"": []}",15.38012017,"{""good"": []}",14.02333086,"{""good"": []}",175.7811179,"{""good"": []}",17.10416667,"{""good"": []}"
2026-09-30 06:23:00+00:00,Aberporth Automatic Weather Station,-4.57,52.14,0.0,"{""good"": []}",988.785,"{""good"": []}",,,14.39080808,"{""good"": []}",,,,,1300.0,"{""good"": []}",,"{""good"": []}",,"{""good"": []}",5.0,"{""good"": []}",,"{""good"": []}",,"{""good"": []}",5.0,"{""good"": []}",,,-0.4754750553,"{""good"": []}",,,4.313788573,"{""good"": []}",,,0.0,"{""good"": []}",12.86954518,"{""good"": []}",13.15451952,"{""good"": []}",26319.0,"{""good"": []}",0.0,"{""good"": []}",NSW,"{""good"": []}",95.4,"{""good"": []}",,,15.71267799,"{""good"": []}",15.37835658,"{""good"": []}",14.02328082,"{""good"": []}",173.5404858,"{""good"": []}",17.678,"{""good"": []}"
2026-09-30 06:24:00+00:00,Aberporth Automatic Weather Station,-4.57,52.14,0.0,"{""good"": []}",988.795,"{""good"": []}",,,14.3666367,"{""good"": []}",,,,,1300.0,"{""good"": []}",,"{""good"": []}",,"{""good"": []}",5.0,"{""good"": []}",,"{""good"": []}",,"{""good"": []}",5.0,"{""good"": []}",,,-0.3692730908,"{""good"": []}",,,4.876617398,"{""good"": []}",,,0.0,"{""good"": []}",12.95431049,"{""good"": []}",13.21946951,"{""good"": []}",27112.0,"{""good"": []}",0.0,"{""good"": []}",NSW,"{""good"": []}",95.25,"{""good"": []}",,,15.71303029,"{""good"": []}",15.37553234,"{""good"": []}",14.02318075,"{""good"": []}",176.3173533,"{""good"": []}",17.94958333,"{""good"": []}"
2026-09-30 06:25:00+00:00,Aberporth Automatic Weather Station,-4.57,52.14,0.0,"{""good"": []}",988.825,"{""good"": []}",,,14.3931765,"{""good"": []}",,,,,1300.0,"{""good"": []}",,"{""good"": []}",,"{""good"": []}",5.0,"{""good"": []}",,"{""good"": []}",,"{""good"": []}",5.0,"{""good"": []}",,,-0.2562361634,"{""good"": []}",,,5.326367952,"{""good"": []}",,,0.0,"{""good"": []}",12.98442445,"{""good"": []}",13.24922951,"{""good"": []}",26825.5,"{""good"": []}",0.0,"{""good"": []}",NSW,"{""good"": []}",95.225,"{""good"": []}",,,15.71252558,"{""good"": []}",15.37300829,"{""good"": []}",14.02313071,"{""good"": []}",175.7828788,"{""good"": []}",16.62170833,"{""good"": []}"
2026-09-30 06:26:00+00:00,Aberporth Automatic Weather Station,-4.57,52.14,0.0,"{""good"": []}",988.82,"{""good"": []}",,,14.37821648,"{""good"": []}",,,,,1200.0,"{""good"": []}",,"{""good"": []}",,"{""good"": []}",6.0,"{""good"": []}",,"{""good"": []}",,"{""good"": []}",6.0,"{""good"": []}",,,-0.1370188625,"{""good"": []}",,,5.693019039,"{""good"": []}",,,0.0,"{""good"": []}",12.97183719,"{""good"": []}",13.24313764,"{""good"": []}",26398.5,"{""good"": []}",0.0,"{""good"": []}",NSW,"{""good"": []}",95.1,"{""good"": []}",,,15.71267799,"{""good"": []}",15.37084196,"{""good"": []}",14.02308067,"{""good"": []}",176.4202035,"{""good"": []}",16.551625,"{""good"": []}"
2026-09-30 06:27:00+00:00,Aberporth Automatic Weather Station,-4.57,52.14,0.0,"{""good"": []}",988.845,"{""good"": []}",,,14.37439153,"{""good"": []}",,,,,1200.0,"{""good"": []}",,"{""good"": []}",,"{""good"": []}",6.0,"{""good"": []}",,"{""good"": []}",,"{""good"": []}",6.0,"{""good"": []}",,,-0.00982282715,"{""good"": []}",,,6.274493575,"{""good"": []}",,,0.0,"{""good"": []}",12.93521974,"{""good"": []}",13.22259162,"{""good"": []}",26294.0,"{""good"": []}",0.0,"{""good"": []}",NSW,"{""good"": []}",95.1,"{""good"": []}",,,15.71303029,"{""good"": []}",15.36832041,"{""good"": []}",14.0236386,"{""good"": []}",177.2442113,"{""good"": []}",17.54375,"{""good"": []}"
2026-09-30 06:28:00+00:00,Aberporth Automatic Weather Station,-4.57,52.14,0.0,"{""good"": []}",988.825,"{""good"": []}",,,14.40662503,"{""good"": []}",,,,,1200.0,"{""good"": []}",,"{""good"": []}",,"{""good"": []}",6.0,"{""good"": []}",,"{""good"": []}",,"{""good"": []}",6.0,"{""good"": []}",,,0.1333214542,"{""good"": []}",,,7.076521333,"{""good"": []}",,,0.0,"{""good"": []}",12.94116358,"{""good"": []}",13.23679101,"{""good"": []}",26221.0,"{""good"": []}",0.0,"{""good"": []}",NSW,"{""good"": []}",95.15,"{""good"": []}",,,15.71227322,"{""good"": []}",15.3655487,"{""good"": []}",14.02318075,"{""good"": []}",175.1181009,"{""good"": []}",16.392875,"{""good"": []}"
2026-09-30 06:29:00+00:00,Aberporth Automatic Weather Station,-4.57,52.14,0.0,"{""good"": []}",988.81,"{""good"": []}",,,14.40339968,"{""good"": []}",,,,,1200.0,"{""good"": []}",,"{""good"": []}",,"{""good"": []}",6.0,"{""good"": []}",,"{""good"": []}",,"{""good"": []}",6.0,"{""good"": []}",,,0.2949209767,"{""good"": []}",,,8.095056781,"{""good"": []}",,,0.0,"{""good"": []}",12.95153719,"{""good"": []}",13.25597328,"{""good"": []}",25850.0,"{""good"": []}",0.0,"{""good"": []}",NSW,"{""good"": []}",95.1,"{""good"": []}",,,15.71328265,"{""good"": []}",15.3634299,"{""good"": []}",14.02333086,"{""good"": []}",172.5029349,"{""good"": []}",16.86279167,"{""good"": []}"
2026-09-30 06:30:00+00:00,Aberporth Automatic Weather Station,-4.57,52.14,0.0,"{""good"": []}",988.835,"{""good"": []}",,,14.4366375,"{""good"": []}",,,,,1200.0,"{""good"": []}",,"{""good"": []}",,"{""good"": []}",6.0,"{""good"": []}",,"{""good"": []}",,"{""good"": []}",6.0,"{""good"": []}",,,0.4680691707,"{""good"": []}",,,8.759933571,"{""good"": []}",,,0.0,"{""good"": []}",12.97631944,"{""good"": []}",13.28890286,"{""good"": []}",25860.5,"{""good"": []}",0.0,"{""good"": []}",NSW,"{""good"": []}",95.2,"{""good"": []}",,,15.71257805,"{""good"": []}",15.36005032,"{""good"": []}",14.02353352,"{""good"": []}",176.4216402,"{""good"": []}",16.65429167,"{""good"": []}"
2026-09-30 06:31:00+00:00,Aberporth Automatic Weather Station,-4.57,52.14,0.0,"{""good"": []}",988.805,"{""good"": []}",,,14.46061151,"{""good"": []}",,,,,1100.0,"{""good"": []}",,"{""good"": []}",,"{""good"": []}",6.0,"{""good"": []}",,"{""good"": []}",,"{""good"": []}",6.0,"{""good"": []}",,,0.6470090698,"{""good"": []}",,,9.197546659,"{""good"": []}",,,0.0,"{""good"": []}",13.00698805,"{""good"": []}",13.31473149,"{""good"": []}",25686.0,"{""good"": []}",0.0,"{""good"": []}",NSW,"{""good"": []}",95.2,"{""good"": []}",,,15.71308027,"{""good"": []}",15.35858942,"{""good"": []}",14.0233809,"{""good"": []}",176.7282317,"{""good"": []}",16.06108333,"{""good"": []}"
2026-09-30 06:32:00+00:00,Aberporth Automatic Weather Station,-4.57,52.14,0.0,"{""good"": []}",988.835,"{""good"": []}",,,14.42943731,"{""good"": []}",,,,,1100.0,"{""good"": []}",,"{""good"": []}",,"{""good"": []}",6.0,"{""good"": []}",,"{""good"": []}",,"{""good"": []}",6.0,"{""good"": []}",,,0.8390849091,"{""good"": []}",,,10.00781629,"{""good"": []}",,,0.0,"{""good"": []}",13.00205359,"{""good"": []}",13.29786458,"{""good"": []}",25482.5,"{""good"": []}",0.0,"{""good"": []}",NSW,"{""good"": []}",95.1,"{""good"": []}",,,15.71197089,"{""good"": []}",15.35576269,"{""good"": []}",14.0233834,"{""good"": []}",173.969723,"{""good"": []}",15.21816667,"{""good"": []}"
2026-09-30 06:33:00+00:00,Aberporth Automatic Weather Station,-4.57,52.14,0.0,"{""good"": []}",988.795,"{""good"": []}",,,14.34916086,"{""good"": []}",,,,,1100.0,"{""good"": []}",,"{""good"": []}",,"{""good"": []}",6.0,"{""good"": []}",,"{""good"": []}",,"{""good"": []}",6.0,"{""good"": []}",,,1.057269728,"{""good"": []}",,,11.61747558,"{""good"": []}",,,0.0,"{""good"": []}",12.97934007,"{""good"": []}",13.27571254,"{""good"": []}",24797.5,"{""good"": []}",0.0,"{""good"": []}",NSW,"{""good"": []}",95.025,"{""good"": []}",,,15.71252558,"{""good"": []}",15.35289342,"{""good"": []}",14.02343344,"{""good"": []}",172.7251009,"{""good"": []}",15.72104167,"{""good"": []}"
2026-09-30 06:34:00+00:00,Aberporth Automatic Weather Station,-4.57,52.14,0.0,"{""good"": []}",988.8,"{""good"": []}",,,14.42898261,"{""good"": []}",,,,,1100.0,"{""good"": []}",,"{""good"": []}",,"{""good"": []}",6.0,"{""good"": []}",,"{""good"": []}",,"{""good"": []}",6.0,"{""good"": []}",,,1.320873147,"{""good"": []}",,,14.31188454,"{""good"": []}",,,0.0,"{""good"": []}",12.97722388,"{""good"": []}",13.28421968,"{""good"": []}",24428.0,"{""good"": []}",0.0,"{""good"": []}",NSW,"{""good"": []}",95.425,"{""good"": []}",,,15.71232569,"{""good"": []}",15.3509222,"{""good"": []}",14.02333337,"{""good"": []}",174.5663339,"{""good"": []}",17.67304167,"{""good"": []}"
2026-09-30 06:35:00+00:00,Aberporth Automatic Weather Station,-4.57,52.14,0.0,"{""good"": []}",988.85,"{""good"": []}",,,14.44097211,"{""good"": []}",,,,,1000.0,"{""good"": []}",,"{""good"": []}",,"{""good"": []}",7.0,"{""good"": []}",,"{""good"": []}",,"{""good"": []}",7.0,"{""good"": []}",,,1.59656508,"{""good"": []}",,,14.99234104,"{""good"": []}",,,0.0,"{""good"": []}",13.03867104,"{""good"": []}",13.36160569,"{""good"": []}",24780.0,"{""good"": []}",0.0,"{""good"": []}",NSW,"{""good"": []}",95.525,"{""good"": []}",,,15.71252558,"{""good"": []}",15.34890597,"{""good"": []}",14.02338341,"{""good"": []}",174.8705188,"{""good"": []}",15.65083333,"{""good"": []}"
2026-09-30 06:36:00+00:00,Aberporth Automatic Weather Station,-4.57,52.14,0.0,"{""good"": []}",988.86,"{""good"": []}",,,14.38808989,"{""good"": []}",,,,,1000.0,"{""good"": []}",,"{""good"": []}",,"{""good"": []}",7.0,"{""good"": []}",,"{""good"": []}",,"{""good"": []}",7.0,"{""good"": []}",,,1.880309858,"{""good"": []}",,,15.47825069,"{""good"": []}",,,0.0,"{""good"": []}",13.037107,"{""good"": []}",13.37313753,"{""good"": []}",23853.0,"{""good"": []}",0.0,"{""good"": []}",NSW,"{""good"": []}",95.45,"{""good"": []}",,,15.71262802,"{""good"": []}",15.3460317,"{""good"": []}",14.02343094,"{""good"": []}",174.1221912,"{""good"": []}",14.025625,"{""good"": []}"
2026-09-30 06:37:00+00:00,Aberporth Automatic Weather Station,-4.57,52.14,0.0,"{""good"": []}",988.85,"{""good"": []}",,,14.4066725,"{""good"": []}",,,,,1000.0,"{""good"": []}",,"{""good"": []}",,"{""good"": []}",7.0,"{""good"": []}",,"{""good"": []}",,"{""good"": []}",7.0,"{""good"": []}",,,2.169896624,"{""good"": []}",,,15.87681574,"{""good"": []}",,,0.0,"{""good"": []}",13.03801894,"{""good"": []}",13.36820209,"{""good"": []}",24052.5,"{""good"": []}",0.0,"{""good"": []}",NSW,"{""good"": []}",95.625,"{""good"": []}",,,15.71187095,"{""good"": []}",15.34361021,"{""good"": []}",14.02358856,"{""good"": []}",173.5673604,"{""good"": []}",15.072375,"{""good"": []}"
2026-09-30 06:38:00+00:00,Aberporth Automatic Weather Station,-4.57,52.14,0.0,"{""good"": []}",988.87,"{""good"": []}",,,14.40082889,"{""good"": []}",,,,,1000.0,"{""good"": []}",,"{""good"": []}",,"{""good"": []}",6.0,"{""good"": []}",,"{""good"": []}",,"{""good"": []}",6.0,"{""good"": []}",,,2.456251036,"{""good"": []}",,,15.70976196,"{""good"": []}",,,0.0,"{""good"": []}",13.04793783,"{""good"": []}",13.37208101,"{""good"": []}",24191.0,"{""good"": []}",0.0,"{""good"": []}",NSW,"{""good"": []}",95.7,"{""good"": []}",,,15.71227821,"{""good"": []}",15.34088853,"{""good"": []}",14.02358606,"{""good"": []}",169.3817526,"{""good"": []}",16.67379167,"{""good"": []}"
2026-09-30 06:39:00+00:00,Aberporth Automatic Weather Station,-4.57,52.14,0.0,"{""good"": []}",988.845,"{""good"": []}",,,14.36970716,"{""good"": []}",,,,,1000.0,"{""good"": []}",,"{""good"": []}",,"{""good"": []}",6.0,"{""good"": []}",,"{""good"": []}",,"{""good"": []}",6.0,"{""good"": []}",,,2.77811749,"{""good"": []}",,,17.88056445,"{""good"": []}",,,0.0,"{""good"": []}",13.05332702,"{""good"": []}",13.37957908,"{""good"": []}",24226.5,"{""good"": []}",0.0,"{""good"": []}",NSW,"{""good"": []}",95.65,"{""good"": []}",,,15.71207333,"{""good"": []}",15.33866717,"{""good"": []}",14.02348348,"{""good"": []}",169.0116983,"{""good"": []}",16.83979167,"{""good"": []}"
2026-09-30 06:40:00+00:00,Aberporth Automatic Weather Station,-4.57,52.14,0.0,"{""good"": []}",988.855,"{""good"": []}",,,14.37237787,"{""good"": []}",,,,,1000.0,"{""good"": []}",,"{""good"": []}",,"{""good"": []}",6.0,"{""good"": []}",,"{""good"": []}",,"{""good"": []}",6.0,"{""good"": []}",,,3.087688539,"{""good"": []}",,,17.0552673,"{""good"": []}",,,0.0,"{""good"": []}",13.05826148,"{""good"": []}",13.38592571,"{""good"": []}",24186.0,"{""good"": []}",0.0,"{""good"": []}",NSW,"{""good"": []}",95.75,"{""good"": []}",,,15.71192092,"{""good"": []}",15.33579541,"{""good"": []}",14.02358606,"{""good"": []}",171.4124808,"{""good"": []}",16.11033333,"{""good"": []}"
2026-09-30 06:41:00+00:00,Aberporth Automatic Weather Station,-4.57,52.14,0.0,"{""good"": []}",988.9,"{""good"": []}",,,14.33646933,"{""good"": []}",,,,,1000.0,"{""good"": []}",,"{""good"": []}",,"{""good"": []}",6.0,"{""good"": []}",,"{""good"": []}",,"{""good"": []}",6.0,"{""good"": []}",,,3.401643703,"{""good"": []}",,,17.40116291,"{""good"": []}",,,0.0,"{""good"": []}",13.03826878,"{""good"": []}",13.37328989,"{""good"": []}",24284.0,"{""good"": []}",0.0,"{""good"": []}",NSW,"{""good"": []}",95.725,"{""good"": []}",,,15.7121233,"{""good"": []}",15.33312126,"{""good"": []}",14.02368864,"{""good"": []}",170.8858741,"{""good"": []}",15.54020833,"{""good"": []}"
2026-09-30 06:42:00+00:00,Aberporth Automatic Weather Station,-4.57,52.14,0.0,"{""good"": []}",988.88,"{""good"": []}",,,14.3236254,"{""good"": []}",,,,,1000.0,"{""good"": []}",,"{""good"": []}",,"{""good"": []}",6.0,"{""good"": []}",,"{""good"": []}",,"{""good"": []}",6.0,"{""good"": []}",,,3.729276766,"{""good"": []}",,,18.14222974,"{""good"": []}",,,0.0,"{""good"": []}",13.02064214,"{""good"": []}",13.34901982,"{""good"": []}",23992.0,"{""good"": []}",0.0,"{""good"": []}",NSW,"{""good"": []}",95.775,"{""good"": []}",,,15.71212331,"{""good"": []}",15.33110502,"{""good"": []}",14.02358606,"{""good"": []}",174.1293969,"{""good"": []}",15.8615,"{""good"": []}"
2026-09-30 06:43:00+00:00,Aberporth Automatic Weather Station,-4.57,52.14,0.0,"{""good"": []}",988.91,"{""good"": []}",,,14.34885606,"{""good"": []}",,,,,1000.0,"{""good"": []}",,"{""good"": []}",,"{""good"": []}",5.0,"{""good"": []}",,"{""good"": []}",,"{""good"": []}",5.0,"{""good"": []}",,,4.063725973,"{""good"": []}",,,18.62924753,"{""good"": []}",,,0.0,"{""good"": []}",13.02461969,"{""good"": []}",13.35773177,"{""good"": []}",23925.0,"{""good"": []}",0.0,"{""good"": []}",NSW,"{""good"": []}",95.875,"{""good"": []}",,,15.71202336,"{""good"": []}",15.32838084,"{""good"": []}",14.02379121,"{""good"": []}",172.6063288,"{""good"": []}",17.878,"{""good"": []}"
2026-09-30 06:44:00+00:00,Aberporth Automatic Weather Station,-4.57,52.14,0.0,"{""good"": []}",988.945,"{""good"": []}",,,14.32815737,"{""good"": []}",,,,,1000.0,"{""good"": []}",,"{""good"": []}",,"{""good"": []}",5.0,"{""good"": []}",,"{""good"": []}",,"{""good"": []}",5.0,"{""good"": []}",,,4.412238378,"{""good"": []}",,,19.47884421,"{""good"": []}",,,0.0,"{""good"": []}",13.05473615,"{""good"": []}",13.38013356,"{""good"": []}",23790.5,"{""good"": []}",0.0,"{""good"": []}",NSW,"{""good"": []}",95.85,"{""good"": []}",,,15.71192092,"{""good"": []}",15.32601189,"{""good"": []}",14.02353352,"{""good"": []}",172.8076533,"{""good"": []}",17.28225,"{""good"": []}"
2026-09-30 06:45:00+00:00,Aberporth Automatic Weather Station,-4.57,52.14,0.0,"{""good"": []}",988.935,"{""good"": []}",,,14.35379277,"{""good"": []}",,,,,1000.0,"{""good"": []}",,"{""good"": []}",,"{""good"": []}",5.0,"{""good"": []}",,"{""good"": []}",,"{""good"": []}",5.0,"{""good"": []}",,,4.783446873,"{""good"": []}",,,20.88141854,"{""good"": []}",,,0.0,"{""good"": []}",13.07997061,"{""good"": []}",13.39916848,"{""good"": []}",23426.5,"{""good"": []}",0.0,"{""good"": []}",NSW,"{""good"": []}",95.85,"{""good"": []}",,,15.71167106,"{""good"": []}",15.32354037,"{""good"": []}",14.02373868,"{""good"": []}",170.1238729,"{""good"": []}",17.29141667,"{""good"": []}"
2026-09-30 06:46:00+00:00,Aberporth Automatic Weather Station,-4.57,52.14,0.0,"{""good"": []}",988.98,"{""good"": []}",,,14.34946067,"{""good"": []}",,,,,1000.0,"{""good"": []}",,"{""good"": []}",,"{""good"": []}",5.0,"{""good"": []}",,"{""good"": []}",,"{""good"": []}",5.0,"{""good"": []}",,,5.186816151,"{""good"": []}",,,22.720276,"{""good"": []}",,,0.0,"{""good"": []}",13.10671414,"{""good"": []}",13.42162523,"{""good"": []}",23902.0,"{""good"": []}",0.0,"{""good"": []}",NSW,"{""good"": []}",95.85,"{""good"": []}",,,15.71172103,"{""good"": []}",15.32061607,"{""good"": []}",14.02368614,"{""good"": []}",169.8502124,"{""good"": []}",18.71466667,"{""good"": []}"
2026-09-30 06:47:00+00:00,Aberporth Automatic Weather Station,-4.57,52.14,0.0,"{""good"": []}",988.95,"{""good"": []}",,,14.38430991,"{""good"": []}",,,,,1000.0,"{""good"": []}",,"{""good"": []}",,"{""good"": []}",5.0,"{""good"": []}",,"{""good"": []}",,"{""good"": []}",5.0,"{""good"": []}",,,5.662493642,"{""good"": []}",,,27.00514472,"{""good"": []}",,,0.0,"{""good"": []}",13.17671853,"{""good"": []}",13.49176043,"{""good"": []}",24078.0,"{""good"": []}",0.0,"{""good"": []}",NSW,"{""good"": []}",95.85,"{""good"": []}",,,15.71202336,"{""good"": []}",15.3183997,"{""good"": []}",14.02379121,"{""good"": []}",170.8467786,"{""good"": []}",16.64566667,"{""good"": []}"
2026-09-30 06:48:00+00:00,Aberporth Automatic Weather Station,-4.57,52.14,0.0,"{""good"": []}",989.005,"{""good"": []}",,,14.41019764,"{""good"": []}",,,,,1000.0,"{""good"": []}",,"{""good"": []}",,"{""good"": []}",5.0,"{""good"": []}",,"{""good"": []}",,"{""good"": []}",5.0,"{""good"": []}",,,6.062842427,"{""good"": []}",,,22.56603519,"{""good"": []}",,,0.0,"{""good"": []}",13.23066282,"{""good"": []}",13.54820328,"{""good"": []}",24140.0,"{""good"": []}",0.0,"{""good"": []}",NSW,"{""good"": []}",95.8,"{""good"": []}",,,15.71192092,"{""good"": []}",15.31582562,"{""good"": []}",14.02378872,"{""good"": []}",172.6998804,"{""good"": []}",17.471875,"{""good"": []}"
2026-09-30 06:49:00+00:00,Aberporth Automatic Weather Station,-4.57,52.14,0.0,"{""good"": []}",989.015,"{""good"": []}",,,14.42283921,"{""good"": []}",,,,,1000.0,"{""good"": []}",,"{""good"": []}",,"{""good"": []}",6.0,"{""good"": []}",,"{""good"": []}",,"{""good"": []}",6.0,"{""good"": []}",,,6.455676492,"{""good"": []}",,,22.20352926,"{""good"": []}",,,0.0,"{""good"": []}",13.24088402,"{""good"": []}",13.55061855,"{""good"": []}",24535.0,"{""good"": []}",0.0,"{""good"": []}",NSW,"{""good"": []}",95.675,"{""good"": []}",,,15.71157111,"{""good"": []}",15.31436472,"{""good"": []}",14.02378871,"{""good"": []}",172.5108615,"{""good"": []}",17.16091667,"{""good"": []}"
2026-09-30 06:50:00+00:00,Aberporth Automatic Weather Station,-4.57,52.14,0.0,"{""good"": []}",989.04,"{""good"": []}",,,14.40712719,"{""good"": []}",,,,,1000.0,"{""good"": []}",,"{""good"": []}",,"{""good"": []}",6.0,"{""good"": []}",,"{""good"": []}",,"{""good"": []}",6.0,"{""good"": []}",,,6.840149916,"{""good"": []}",,,21.57534361,"{""good"": []}",,,0.0,"{""good"": []}",13.20703987,"{""good"": []}",13.53329955,"{""good"": []}",24306.0,"{""good"": []}",0.0,"{""good"": []}",NSW,"{""good"": []}",95.55,"{""good"": []}",,,15.71172103,"{""good"": []}",15.31169308,"{""good"": []}",14.02379121,"{""good"": []}",173.0986191,"{""good"": []}",15.0705,"{""good"": []}"
2026-09-30 06:51:00+00:00,Aberporth Automatic Weather Station,-4.57,52.14,0.0,"{""good"": []}",989.065,"{""good"": []}",,,14.33495534,"{""good"": []}",,,,,1000.0,"{""good"": []}",,"{""good"": []}",,"{""good"": []}",6.0,"{""good"": []}",,"{""good"": []}",,"{""good"": []}",6.0,"{""good"": []}",,,7.251048128,"{""good"": []}",,,23.20993199,"{""good"": []}",,,0.0,"{""good"": []}",13.15627113,"{""good"": []}",13.48889058,"{""good"": []}",23618.5,"{""good"": []}",0.0,"{""good"": []}",NSW,"{""good"": []}",95.375,"{""good"": []}",,,15.71141621,"{""good"": []}",15.30891637,"{""good"": []}",14.02369114,"{""good"": []}",173.5035085,"{""good"": []}",15.58179167,"{""good"": []}"
2026-09-30 06:52:00+00:00,Aberporth Automatic Weather Station,-4.57,52.14,0.0,"{""good"": []}",989.075,"{""good"": []}",,,14.31994785,"{""good"": []}",,,,,1000.0,"{""good"": []}",,"{""good"": []}",,"{""good"": []}",6.0,"{""good"": []}",,"{""good"": []}",,"{""good"": []}",6.0,"{""good"": []}",,,7.746268485,"{""good"": []}",,,28.24119217,"{""good"": []}",,,0.0,"{""good"": []}",13.15808751,"{""good"": []}",13.47136927,"{""good"": []}",23130.5,"{""good"": []}",0.0,"{""good"": []}",NSW,"{""good"": []}",95.475,"{""good"": []}",,,15.71156862,"{""good"": []}",15.30614217,"{""good"": []}",14.02373868,"{""good"": []}",171.875743,"{""good"": []}",15.56704167,"{""good"": []}"
2026-09-30 06:53:00+00:00,Aberporth Automatic Weather Station,-4.57,52.14,0.0,"{""good"": []}",989.07,"{""good"": []}",,,14.31652264,"{""good"": []}",,,,,1000.0,"{""good"": []}",,"{""good"": []}",,"{""good"": []}",6.0,"{""good"": []}",,"{""good"": []}",,"{""good"": []}",6.0,"{""good"": []}",,,8.24391543,"{""good"": []}",,,28.46576631,"{""good"": []}",,,0.0,"{""good"": []}",13.18070108,"{""good"": []}",13.48330325,"{""good"": []}",23273.5,"{""good"": []}",0.0,"{""good"": []}",NSW,"{""good"": []}",95.65,"{""good"": []}",,,15.71131876,"{""good"": []}",15.30433105,"{""good"": []}",14.02358606,"{""good"": []}",173.0236565,"{""good"": []}",14.965125,"{""good"": []}"
2026-09-30 06:54:00+00:00,Aberporth Automatic Weather Station,-4.57,52.14,0.0,"{""good"": []}",989.09,"{""good"": []}",,,14.32513439,"{""good"": []}",,,,,1000.0,"{""good"": []}",,"{""good"": []}",,"{""good"": []}",6.0,"{""good"": []}",,"{""good"": []}",,"{""good"": []}",6.0,"{""good"": []}",,,8.70606748,"{""good"": []}",,,26.34521945,"{""good"": []}",,,0.0,"{""good"": []}",13.18941322,"{""good"": []}",13.48607318,"{""good"": []}",23588.5,"{""good"": []}",0.0,"{""good"": []}",NSW,"{""good"": []}",95.825,"{""good"": []}",,,15.71152114,"{""good"": []}",15.30140675,"{""good"": []}",14.02368864,"{""good"": []}",172.5288654,"{""good"": []}",16.6665,"{""good"": []}"
2026-09-30 06:55:00+00:00,Aberporth Automatic Weather Station,-4.57,52.14,0.0,"{""good"": []}",989.09,"{""good"": []}",,,14.31994785,"{""good"": []}",,,,,1000.0,"{""good"": []}",,"{""good"": []}",,"{""good"": []}",5.0,"{""good"": []}",,"{""good"": []}",,"{""good"": []}",5.0,"{""good"": []}",,,9.19274882,"{""good"": []}",,,27.90600712,"{""good"": []}",,,0.0,"{""good"": []}",13.20316225,"{""good"": []}",13.49931345,"{""good"": []}",23372.5,"{""good"": []}",0.0,"{""good"": []}",NSW,"{""good"": []}",95.85,"{""good"": []}",,,15.71137123,"{""good"": []}",15.29918539,"{""good"": []}",14.02373868,"{""good"": []}",171.1444266,"{""good"": []}",17.058875,"{""good"": []}"
2026-09-30 06:56:00+00:00,Aberporth Automatic Weather Station,-4.57,52.14,0.0,"{""good"": []}",989.11,"{""good"": []}",,,14.34749697,"{""good"": []}",,,,,1000.0,"{""good"": []}",,"{""good"": []}",,"{""good"": []}",5.0,"{""good"": []}",,"{""good"": []}",,"{""good"": []}",5.0,"{""good"": []}",,,9.680808069,"{""good"": []}",,,28.17189383,"{""good"": []}",,,0.0,"{""good"": []}",13.22894637,"{""good"": []}",13.5282642,"{""good"": []}",23251.5,"{""good"": []}",0.0,"{""good"": []}",NSW,"{""good"": []}",95.9,"{""good"": []}",,,15.71121882,"{""good"": []}",15.29691649,"{""good"": []}",14.02358606,"{""good"": []}",174.7565349,"{""good"": []}",16.378625,"{""good"": []}"
2026-09-30 06:57:00+00:00,Aberporth Automatic Weather Station,-4.57,52.14,0.0,"{""good"": []}",989.125,"{""good"": []}",,,14.35429494,"{""good"": []}",,,,,1000.0,"{""good"": []}",,"{""good"": []}",,"{""good"": []}",6.0,"{""good"": []}",,"{""good"": []}",,"{""good"": []}",6.0,"{""good"": []}",,,10.13909924,"{""good"": []}",,,26.37663701,"{""good"": []}",,,0.0,"{""good"": []}",13.24370729,"{""good"": []}",13.54956453,"{""good"": []}",23817.5,"{""good"": []}",0.0,"{""good"": []}",NSW,"{""good"": []}",95.9,"{""good"": []}",,,15.71162109,"{""good"": []}",15.2938371,"{""good"": []}",14.02353352,"{""good"": []}",170.9018812,"{""good"": []}",17.48166667,"{""good"": []}"
2026-09-30 06:58:00+00:00,Aberporth Automatic Weather Station,-4.57,52.14,0.0,"{""good"": []}",989.105,"{""good"": []}",,,14.33399847,"{""good"": []}",,,,,1000.0,"{""good"": []}",,"{""good"": []}",,"{""good"": []}",6.0,"{""good"": []}",,"{""good"": []}",,"{""good"": []}",6.0,"{""good"": []}",,,10.62978195,"{""good"": []}",,,28.4264486,"{""good"": []}",,,0.0,"{""good"": []}",13.25453312,"{""good"": []}",13.55187988,"{""good"": []}",23488.5,"{""good"": []}",0.0,"{""good"": []}",NSW,"{""good"": []}",95.8,"{""good"": []}",,,15.71116635,"{""good"": []}",15.29126802,"{""good"": []}",14.0236386,"{""good"": []}",170.3678464,"{""good"": []}",17.76275,"{""good"": []}"
2026-09-30 06:59:00+00:00,Aberporth Automatic Weather Station,-4.57,52.14,0.0,"{""good"": []}",989.13,"{""good"": []}",,,14.34135357,"{""good"": []}",,,,,1000.0,"{""good"": []}",,"{""good"": []}",,"{""good"": []}",6.0,"{""good"": []}",,"{""good"": []}",,"{""good"": []}",6.0,"{""good"": []}",,,11.10393509,"{""good"": []}",,,27.50289798,"{""good"": []}",,,0.0,"{""good"": []}",13.27780129,"{""good"": []}",13.55827398,"{""good"": []}",22859.5,"{""good"": []}",0.0,"{""good"": []}",NSW,"{""good"": []}",95.75,"{""good"": []}",,,15.71152115,"{""good"": []}",15.28930181,"{""good"": []}",14.02353352,"{""good"": []}",171.8599197,"{""good"": []}",16.10225,"{""good"": []}"
2026-09-30 07:00:00+00:00,Aberporth Automatic Weather Station,-4.57,52.14,0.0,"{""good"": []}",989.17,"{""good"": []}",,,14.29421002,"{""good"": []}",,,,,1000.0,"{""good"": []}",,"{""good"": []}",,"{""good"": []}",6.0,"{""good"": []}",,"{""good"": []}",,"{""good"": []}",6.0,"{""good"": []}",,,11.6156839,"{""good"": []}",,,29.71956327,"{""good"": []}",,,0.0,"{""good"": []}",13.27236214,"{""good"": []}",13.55449747,"{""good"": []}",23031.5,"{""good"": []}",0.0,"{""good"": []}",NSW,"{""good"": []}",95.6,"{""good"": []}",,,15.71076407,"{""good"": []}",15.28622242,"{""good"": []}",14.02353602,"{""good"": []}",170.0152803,"{""good"": []}",16.9955,"{""good"": []}"
2026-09-30 07:01:00+00:00,Aberporth Automatic Weather Station,-4.57,52.14,0.0,"{""good"": []}",989.15,"{""good"": []}",,,14.32553662,"{""good"": []}",,,,,1000.0,"{""good"": []}",,"{""good"": []}",,"{""good"": []}",6.0,"{""good"": []}",,"{""good"": []}",,"{""good"": []}",6.0,"{""good"": []}",,,12.12735855,"{""good"": []}",,,29.74448913,"{""good"": []}",,,0.0,"{""good"": []}",13.26032955,"{""good"": []}",13.55555399,"{""good"": []}",23167.0,"{""good"": []}",0.0,"{""good"": []}",NSW,"{""good"": []}",95.725,"{""good"": []}",,,15.71111887,"{""good"": []}",15.28471149,"{""good"": []}",14.02348348,"{""good"": []}",171.1383118,"{""good"": []}",17.42166667,"{""good"": []}"
2026-09-30 07:02:00+00:00,Aberporth Automatic Weather Station,-4.57,52.14,0.0,"{""good"": []}",989.195,"{""good"": []}",,,14.2794049,"{""good"": []}",,,,,1000.0,"{""good"": []}",,"{""good"": []}",,"{""good"": []}",6.0,"{""good"": []}",,"{""good"": []}",,"{""good"": []}",6.0,"{""good"": []}",,,12.63591644,"{""good"": []}",,,29.71443654,"{""good"": []}",,,0.0,"{""good"": []}",13.25740385,"{""good"": []}",13.5593305,"{""good"": []}",23191.0,"{""good"": []}",0.0,"{""good"": []}",NSW,"{""good"": []}",95.55,"{""good"": []}",,,15.71051171,"{""good"": []}",15.2821399,"{""good"": []}",14.02328082,"{""good"": []}",172.1682881,"{""good"": []}",17.74641667,"{""good"": []}"
2026-09-30 07:03:00+00:00,Aberporth Automatic Weather Station,-4.57,52.14,0.0,"{""good"": []}",989.2,"{""good"": []}",,,14.34920583,"{""good"": []}",,,,,1000.0,"{""good"": []}",,"{""good"": []}",,"{""good"": []}",5.0,"{""good"": []}",,"{""good"": []}",,"{""good"": []}",5.0,"{""good"": []}",,,13.17428687,"{""good"": []}",,,31.67896283,"{""good"": []}",,,0.0,"{""good"": []}",13.26410473,"{""good"": []}",13.56728315,"{""good"": []}",22990.0,"{""good"": []}",0.0,"{""good"": []}",NSW,"{""good"": []}",95.7,"{""good"": []}",,,15.71076407,"{""good"": []}",15.27982348,"{""good"": []}",14.0233834,"{""good"": []}",174.9159734,"{""good"": []}",16.68545833,"{""good"": []}"
2026-09-30 07:04:00+00:00,Aberporth Automatic Weather Station,-4.57,52.14,0.0,"{""good"": []}",989.23,"{""good"": []}",,,14.34095134,"{""good"": []}",,,,,1000.0,"{""good"": []}",,"{""good"": []}",,"{""good"": []}",5.0,"{""good"": []}",,"{""good"": []}",,"{""good"": []}",5.0,"{""good"": []}",,,13.73854476,"{""good"": []}",,,33.23195947,"{""good"": []}",,,0.0,"{""good"": []}",13.26949391,"{""good"": []}",13.60026518,"{""good"": []}",23533.0,"{""good"": []}",0.0,"{""good"": []}",NSW,"{""good"": []}",95.55,"{""good"": []}",,,15.71096646,"{""good"": []}",15.27740199,"{""good"": []}",14.02328082,"{""good"": []}",171.6709133,"{""good"": []}",16.60541667,"{""good"": []}"
2026-09-30 07:05:00+00:00,Aberporth Automatic Weather Station,-4.57,52.14,0.0,"{""good"": []}",989.235,"{""good"": []}",,,14.33435075,"{""good"": []}",,,,,1000.0,"{""good"": []}",,"{""good"": []}",,"{""good"": []}",5.0,"{""good"": []}",,"{""good"": []}",,"{""good"": []}",5.0,"{""good"": []}",,,14.30490756,"{""good"": []}",,,33.61396204,"{""good"": []}",,,0.0,"{""good"": []}",13.26969628,"{""good"": []}",13.61692978,"{""good"": []}",22793.5,"{""good"": []}",0.0,"{""good"": []}",NSW,"{""good"": []}",95.4,"{""good"": []}",,,15.71086651,"{""good"": []}",15.27543328,"{""good"": []}",14.02303063,"{""good"": []}",176.2546182,"{""good"": []}",18.23095833,"{""good"": []}"
2026-09-30 07:06:00+00:00,Aberporth Automatic Weather Station,-4.57,52.14,0.0,"{""good"": []}",989.265,"{""good"": []}",,,14.33399847,"{""good"": []}",,,,,1000.0,"{""good"": []}",,"{""good"": []}",,"{""good"": []}",5.0,"{""good"": []}",,"{""good"": []}",,"{""good"": []}",5.0,"{""good"": []}",,,14.89761383,"{""good"": []}",,,35.32383116,"{""good"": []}",,,0.0,"{""good"": []}",13.28475451,"{""good"": []}",13.63948644,"{""good"": []}",23187.0,"{""good"": []}",0.0,"{""good"": []}",NSW,"{""good"": []}",95.2,"{""good"": []}",,,15.71041177,"{""good"": []}",15.2728617,"{""good"": []}",14.02308067,"{""good"": []}",171.0059786,"{""good"": []}",18.021875,"{""good"": []}"
2026-09-30 07:07:00+00:00,Aberporth Automatic Weather Station,-4.57,52.14,0.0,"{""good"": []}",989.29,"{""good"": []}",,,14.32891187,"{""good"": []}",,,,,1000.0,"{""good"": []}",,"{""good"": []}",,"{""good"": []}",4.0,"{""good"": []}",,"{""good"": []}",,"{""good"": []}",4.0,"{""good"": []}",,,15.46616994,"{""good"": []}",,,33.91640886,"{""good"": []}",,,0.0,"{""good"": []}",13.28450216,"{""good"": []}",13.63661659,"{""good"": []}",22706.0,"{""good"": []}",0.0,"{""good"": []}",NSW,"{""good"": []}",95.025,"{""good"": []}",,,15.7107141,"{""good"": []}",15.27074289,"{""good"": []}",14.02318075,"{""good"": []}",172.070134,"{""good"": []}",17.32391667,"{""good"": []}"
2026-09-30 07:08:00+00:00,Aberporth Automatic Weather Station,-4.57,52.14,0.0,"{""good"": []}",989.28,"{""good"": []}",,,14.34311739,"{""good"": []}",,,,,1000.0,"{""good"": []}",,"{""good"": []}",,"{""good"": []}",4.0,"{""good"": []}",,"{""good"": []}",,"{""good"": []}",4.0,"{""good"": []}",,,16.05248151,"{""good"": []}",,,35.27378035,"{""good"": []}",,,0.0,"{""good"": []}",13.2924098,"{""good"": []}",13.62508974,"{""good"": []}",22343.5,"{""good"": []}",0.0,"{""good"": []}",NSW,"{""good"": []}",94.975,"{""good"": []}",,,15.71091649,"{""good"": []}",15.26827388,"{""good"": []}",14.02283048,"{""good"": []}",170.8605655,"{""good"": []}",17.39904167,"{""good"": []}"
2026-09-30 07:09:00+00:00,Aberporth Automatic Weather Station,-4.57,52.14,0.0,"{""good"": []}",989.305,"{""good"": []}",,,14.34598548,"{""good"": []}",,,,,1000.0,"{""good"": []}",,"{""good"": []}",,"{""good"": []}",4.0,"{""good"": []}",,"{""good"": []}",,"{""good"": []}",4.0,"{""good"": []}",,,16.69100315,"{""good"": []}",,,38.44628885,"{""good"": []}",,,0.0,"{""good"": []}",13.31114326,"{""good"": []}",13.64940728,"{""good"": []}",22505.5,"{""good"": []}",0.0,"{""good"": []}",NSW,"{""good"": []}",94.875,"{""good"": []}",,,15.71081404,"{""good"": []}",15.26590492,"{""good"": []}",14.02278044,"{""good"": []}",175.7194784,"{""good"": []}",17.82733333,"{""good"": []}"
2026-09-30 07:10:00+00:00,Aberporth Automatic Weather Station,-4.57,52.14,0.0,"{""good"": []}",989.345,"{""good"": []}",,,14.37952561,"{""good"": []}",,,,,1000.0,"{""good"": []}",,"{""good"": []}",,"{""good"": []}",3.0,"{""good"": []}",,"{""good"": []}",,"{""good"": []}",3.0,"{""good"": []}",,,17.37238109,"{""good"": []}",,,41.16547331,"{""good"": []}",,,0.0,"{""good"": []}",13.32892482,"{""good"": []}",13.69346407,"{""good"": []}",22518.0,"{""good"": []}",0.0,"{""good"": []}",NSW,"{""good"": []}",94.775,"{""good"": []}",,,15.71081404,"{""good"": []}",15.26328331,"{""good"": []}",14.0227304,"{""good"": []}",173.342612,"{""good"": []}",18.31254167,"{""good"": []}"
2026-09-30 07:11:00+00:00,Aberporth Automatic Weather Station,-4.57,52.14,0.0,"{""good"": []}",989.325,"{""good"": []}",,,14.40727459,"{""good"": []}",,,,,1000.0,"{""good"": []}",,"{""good"": []}",,"{""good"": []}",3.0,"{""good"": []}",,"{""good"": []}",,"{""good"": []}",3.0,"{""good"": []}",,,18.0978069,"{""good"": []}",,,44.00482463,"{""good"": []}",,,0.0,"{""good"": []}",13.36015309,"{""good"": []}",13.75504217,"{""good"": []}",23121.5,"{""good"": []}",0.0,"{""good"": []}",NSW,"{""good"": []}",94.625,"{""good"": []}",,,15.71091649,"{""good"": []}",15.26136463,"{""good"": []}",14.0227304,"{""good"": []}",173.90085,"{""good"": []}",16.89958333,"{""good"": []}"
2026-09-30 07:12:00+00:00,Aberporth Automatic Weather Station,-4.57,52.14,0.0,"{""good"": []}",989.37,"{""good"": []}",,,14.40369948,"{""good"": []}",,,,,1000.0,"{""good"": []}",,"{""good"": []}",,"{""good"": []}",3.0,"{""good"": []}",,"{""good"": []}",,"{""good"": []}",3.0,"{""good"": []}",,,19.08988451,"{""good"": []}",,,60.10826671,"{""good"": []}",,,0.0,"{""good"": []}",13.39737267,"{""good"": []}",13.88016157,"{""good"": []}",22506.5,"{""good"": []}",0.0,"{""good"": []}",NSW,"{""good"": []}",94.55,"{""good"": []}",,,15.71091399,"{""good"": []}",15.25929585,"{""good"": []}",14.02257778,"{""good"": []}",174.2075695,"{""good"": []}",17.24991667,"{""good"": []}"
2026-09-30 07:13:00+00:00,Aberporth Automatic Weather Station,-4.57,52.14,0.0,"{""good"": []}",989.415,"{""good"": []}",,,14.40979292,"{""good"": []}",,,,,1000.0,"{""good"": []}",,"{""good"": []}",,"{""good"": []}",3.0,"{""good"": []}",,"{""good"": []}",,"{""good"": []}",3.0,"{""good"": []}",,,20.20729294,"{""good"": []}",,,67.97237604,"{""good"": []}",,,0.0,"{""suspect"": [""1 case(s) of \""qc consistency check failed: expected radiation_sun_1_minute_mean to be above 0 if sunshine_1_minute_mean is above 0\""""]}",13.48349713,"{""good"": []}",14.20098765,"{""good"": []}",21751.5,"{""good"": []}",0.0,"{""good"": []}",NSW,"{""good"": []}",94.675,"{""good"": []}",,,15.71066663,"{""good"": []}",15.2562715,"{""good"": []}",14.02258029,"{""good"": []}",175.4220319,"{""good"": []}",15.53754167,"{""good"": []}"
2026-09-30 07:14:00+00:00,Aberporth Automatic Weather Station,-4.57,52.14,0.0,"{""good"": []}",989.415,"{""good"": []}",,,14.42087552,"{""good"": []}",,,,,1000.0,"{""good"": []}",,"{""good"": []}",,"{""good"": []}",3.0,"{""good"": []}",,"{""good"": []}",,"{""good"": []}",3.0,"{""good"": []}",,,21.15521298,"{""good"": []}",,,58.04631732,"{""good"": []}",,,0.0,"{""good"": []}",13.54181872,"{""good"": []}",14.46451667,"{""good"": []}",22163.0,"{""good"": []}",0.0,"{""good"": []}",NSW,"{""good"": []}",94.775,"{""good"": []}",,,15.71041177,"{""good"": []}",15.25420272,"{""good"": []}",14.02222001,"{""good"": []}",175.9152314,"{""good"": []}",16.56195833,"{""good"": []}"
2026-09-30 07:15:00+00:00,Aberporth Automatic Weather Station,-4.57,52.14,0.0,"{""good"": []}",989.44,"{""good"": []}",,,14.41714801,"{""good"": []}",,,,,1000.0,"{""good"": []}",,"{""good"": []}",,"{""good"": []}",3.0,"{""good"": []}",,"{""good"": []}",,"{""good"": []}",3.0,"{""good"": []}",,,22.42060297,"{""good"": []}",,,77.25116627,"{""good"": []}",,,0.0,"{""suspect"": [""1 case(s) of \""qc consistency check failed: expected radiation_sun_1_minute_mean to be above 0 if sunshine_1_minute_mean is above 0\""""]}",13.57833374,"{""good"": []}",14.59794339,"{""good"": []}",22839.0,"{""good"": []}",0.0,"{""good"": []}",NSW,"{""good"": []}",94.8,"{""good"": []}",,,15.71025935,"{""good"": []}",15.25228655,"{""good"": []}",14.02227505,"{""good"": []}",174.3409569,"{""good"": []}",15.23733333,"{""good"": []}"
2026-09-30 07:16:00+00:00,Aberporth Automatic Weather Station,-4.57,52.14,0.0,"{""good"": []}",989.465,"{""good"": []}",,,14.41568648,"{""good"": []}",,,,,1000.0,"{""good"": []}",,"{""good"": []}",,"{""good"": []}",3.0,"{""good"": []}",,"{""good"": []}",,"{""good"": []}",3.0,"{""good"": []}",,,23.46847346,"{""good"": []}",,,64.51508185,"{""good"": []}",,,0.0,"{""good"": []}",13.62527483,"{""good"": []}",14.73529899,"{""good"": []}",21532.0,"{""good"": []}",0.0,"{""good"": []}",NSW,"{""good"": []}",94.825,"{""good"": []}",,,15.71031183,"{""good"": []}",15.24946481,"{""good"": []}",14.02237763,"{""good"": []}",175.9267199,"{""good"": []}",15.16475,"{""good"": []}"
2026-09-30 07:17:00+00:00,Aberporth Automatic Weather Station,-4.57,52.14,0.0,"{""good"": []}",989.475,"{""good"": []}",,,14.40702226,"{""good"": []}",,,,,1000.0,"{""good"": []}",,"{""good"": []}",,"{""good"": []}",3.0,"{""good"": []}",,"{""good"": []}",,"{""good"": []}",3.0,"{""good"": []}",,,24.58743469,"{""good"": []}",,,69.0805862,"{""good"": []}",,,0.0,"{""good"": []}",13.63469403,"{""good"": []}",14.66591809,"{""good"": []}",21522.5,"{""good"": []}",0.0,"{""good"": []}",NSW,"{""good"": []}",94.85,"{""good"": []}",,,15.70990955,"{""good"": []}",15.24785132,"{""good"": []}",14.02232259,"{""good"": []}",175.9897044,"{""good"": []}",16.47033333,"{""good"": []}"
2026-09-30 07:18:00+00:00,Aberporth Automatic Weather Station,-4.57,52.14,0.0,"{""good"": []}",989.49,"{""good"": []}",,,14.45335885,"{""good"": []}",,,,,1000.0,"{""good"": []}",,"{""good"": []}",,"{""good"": []}",2.0,"{""good"": []}",,"{""good"": []}",,"{""good"": []}",2.0,"{""good"": []}",,,25.8918678,"{""good"": []}",,,80.46365204,"{""good"": []}",,,0.0,"{""suspect"": [""1 case(s) of \""qc consistency check failed: expected radiation_sun_1_minute_mean to be above 0 if sunshine_1_minute_mean is above 0\""""]}",13.6998664,"{""good"": []}",14.81953366,"{""good"": []}",21227.5,"{""good"": []}",0.0,"{""good"": []}",NSW,"{""good"": []}",95.0,"{""good"": []}",,,15.71046424,"{""good"": []}",15.2452297,"{""good"": []}",14.02211993,"{""good"": []}",176.6823277,"{""good"": []}",16.92808333,"{""good"": []}"
2026-09-30 07:19:00+00:00,Aberporth Automatic Weather Station,-4.57,52.14,0.0,"{""good"": []}",989.495,"{""good"": []}",,,14.47018013,"{""good"": []}",,,,,1000.0,"{""good"": []}",,"{""good"": []}",,"{""good"": []}",2.0,"{""good"": []}",,"{""good"": []}",,"{""good"": []}",2.0,"{""good"": []}",,,27.11535262,"{""good"": []}",,,75.93870206,"{""good"": []}",,,0.0,"{""suspect"": [""1 case(s) of \""qc consistency check failed: expected radiation_sun_1_minute_mean to be above 0 if sunshine_1_minute_mean is above 0\""""]}",13.79329387,"{""good"": []}",15.07047681,"{""good"": []}",22175.0,"{""good"": []}",0.0,"{""good"": []}",NSW,"{""good"": []}",94.95,"{""good"": []}",,,15.7107141,"{""good"": []}",15.24260559,"{""good"": []}",14.02206989,"{""good"": []}",176.8169317,"{""good"": []}",15.98125,"{""good"": []}"
2026-09-30 07:20:00+00:00,Aberporth Automatic Weather Station,-4.57,52.14,0.0,"{""good"": []}",989.485,"{""good"": []}",,,14.46282503,"{""good"": []}",,,,,1000.0,"{""good"": []}",,"{""good"": []}",,"{""good"": []}",2.0,"{""good"": []}",,"{""good"": []}",,"{""good"": []}",2.0,"{""good"": []}",,,28.36363391,"{""good"": []}",,,77.89905773,"{""good"": []}",,,0.0,"{""suspect"": [""1 case(s) of \""qc consistency check failed: expected radiation_sun_1_minute_mean to be above 0 if sunshine_1_minute_mean is above 0\""""]}",13.80739269,"{""good"": []}",15.02601789,"{""good"": []}",20987.5,"{""good"": []}",0.0,"{""good"": []}",NSW,"{""good"": []}",94.9,"{""good"": []}",,,15.70970717,"{""good"": []}",15.24109466,"{""good"": []}",14.02191978,"{""good"": []}",176.563617,"{""good"": []}",17.641,"{""good"": []}"
2026-09-30 07:21:00+00:00,Aberporth Automatic Weather Station,-4.57,52.14,0.0,"{""good"": []}",989.485,"{""good"": []}",,,14.49646759,"{""good"": []}",,,,,1000.0,"{""good"": []}",,"{""good"": []}",,"{""good"": []}",2.0,"{""good"": []}",,"{""good"": []}",,"{""good"": []}",2.0,"{""good"": []}",,,29.65695697,"{""good"": []}",,,80.92227956,"{""good"": []}",,,0.0,"{""suspect"": [""1 case(s) of \""qc consistency check failed: expected radiation_sun_1_minute_mean to be above 0 if sunshine_1_minute_mean is above 0\""""]}",13.86002528,"{""good"": []}",15.13008923,"{""good"": []}",21468.5,"{""good"": []}",0.0,"{""good"": []}",NSW,"{""good"": []}",94.9,"{""good"": []}",,,15.71025936,"{""good"": []}",15.23857061,"{""good"": []}",14.02186974,"{""good"": []}",176.701133,"{""good"": []}",16.12858333,"{""good"": []}"
2026-09-30 07:22:00+00:00,Aberporth Automatic Weather Station,-4.57,52.14,0.0,"{""good"": []}",989.51,"{""good"": []}",,,14.48362616,"{""good"": []}",,,,,1000.0,"{""good"": []}",,"{""good"": []}",,"{""good"": []}",1.0,"{""good"": []}",,"{""good"": []}",,"{""good"": []}",1.0,"{""good"": []}",,,30.67265098,"{""good"": []}",,,64.53484421,"{""good"": []}",,,0.0,"{""good"": []}",13.86380296,"{""good"": []}",15.03412539,"{""good"": []}",21718.5,"{""good"": []}",0.0,"{""good"": []}",NSW,"{""good"": []}",94.825,"{""good"": []}",,,15.71025686,"{""good"": []}",15.23665443,"{""good"": []}",14.02166958,"{""good"": []}",177.4675778,"{""good"": []}",15.73129167,"{""good"": []}"
2026-09-30 07:23:00+00:00,Aberporth Automatic Weather Station,-4.57,52.14,0.0,"{""good"": []}",989.5,"{""good"": []}",,,14.49057402,"{""good"": []}",,,,,1000.0,"{""good"": []}",,"{""good"": []}",,"{""good"": []}",1.0,"{""good"": []}",,"{""good"": []}",,"{""good"": []}",1.0,"{""good"": []}",,,31.63040245,"{""good"": []}",,,61.77887663,"{""good"": []}",,,0.0,"{""good"": []}",13.81530032,"{""good"": []}",14.80659062,"{""good"": []}",21555.0,"{""good"": []}",0.0,"{""good"": []}",NSW,"{""good"": []}",94.775,"{""good"": []}",,,15.70995703,"{""good"": []}",15.23438554,"{""good"": []}",14.02166958,"{""good"": []}",177.1124012,"{""good"": []}",17.98808333,"{""good"": []}"
2026-09-30 07:24:00+00:00,Aberporth Automatic Weather Station,-4.57,52.14,0.0,"{""good"": []}",989.505,"{""good"": []}",,,14.49505853,"{""good"": []}",,,,,1000.0,"{""good"": []}",,"{""good"": []}",,"{""good"": []}",1.0,"{""good"": []}",,"{""good"": []}",,"{""good"": []}",1.0,"{""good"": []}",,,32.82838806,"{""good"": []}",,,76.75575406,"{""good"": []}",,,0.0,"{""good"": []}",13.81313665,"{""good"": []}",14.74320418,"{""good"": []}",21658.0,"{""good"": []}",0.0,"{""good"": []}",NSW,"{""good"": []}",94.725,"{""good"": []}",,,15.71011194,"{""good"": []}",15.2315588,"{""good"": []}",14.02161955,"{""good"": []}",175.8047445,"{""good"": []}",16.567625,"{""good"": []}"
2026-09-30 07:25:00+00:00,Aberporth Automatic Weather Station,-4.57,52.14,0.0,"{""good"": []}",989.525,"{""good"": []}",,,14.5136911,"{""good"": []}",,,,,1000.0,"{""good"": []}",,"{""good"": []}",,"{""good"": []}",1.0,"{""good"": []}",,"{""good"": []}",,"{""good"": []}",1.0,"{""good"": []}",,,34.16001648,"{""good"": []}",,,85.22407295,"{""good"": []}",,,0.0,"{""suspect"": [""1 case(s) of \""qc consistency check failed: expected radiation_sun_1_minute_mean to be above 0 if sunshine_1_minute_mean is above 0\""""]}",13.88636656,"{""good"": []}",14.96660528,"{""good"": []}",21319.0,"{""good"": []}",0.0,"{""good"": []}",NSW,"{""good"": []}",94.725,"{""good"": []}",,,15.70985708,"{""good"": []}",15.23005037,"{""good"": []}",14.02151947,"{""good"": []}",176.345595,"{""good"": []}",15.401375,"{""good"": []}"
2026-09-30 07:26:00+00:00,Aberporth Automatic Weather Station,-4.57,52.14,0.0,"{""good"": []}",989.51,"{""good"": []}",,,14.53111948,"{""good"": []}",,,,,1000.0,"{""good"": []}",,"{""good"": []}",,"{""good"": []}",1.0,"{""good"": []}",,"{""good"": []}",,"{""good"": []}",1.0,"{""good"": []}",,,35.71547418,"{""good"": []}",,,99.02048102,"{""good"": []}",,,0.0,"{""suspect"": [""1 case(s) of \""qc consistency check failed: expected radiation_sun_1_minute_mean to be above 0 if sunshine_1_minute_mean is above 0\""""]}",13.97279334,"{""good"": []}",15.19745948,"{""good"": []}",21184.5,"{""good"": []}",0.0,"{""good"": []}",NSW,"{""good"": []}",94.725,"{""good"": []}",,,15.7100095,"{""good"": []}",15.22803413,"{""good"": []}",14.02146943,"{""good"": []}",177.8117933,"{""good"": []}",15.67866667,"{""good"": []}"
2026-09-30 07:27:00+00:00,Aberporth Automatic Weather Station,-4.57,52.14,0.0,"{""good"": []}",989.555,"{""good"": []}",,,14.55957299,"{""good"": []}",,,,,1000.0,"{""good"": []}",,"{""good"": []}",,"{""good"": []}",1.0,"{""good"": []}",,"{""good"": []}",,"{""good"": []}",1.0,"{""good"": []}",,,37.32660798,"{""good"": []}",,,102.9425215,"{""good"": []}",,,0.0,"{""suspect"": [""1 case(s) of \""qc consistency check failed: expected radiation_sun_1_minute_mean to be above 0 if sunshine_1_minute_mean is above 0\""""]}",14.1058589,"{""good"": []}",15.58067292,"{""good"": []}",21388.5,"{""good"": []}",0.0,"{""good"": []}",NSW,"{""good"": []}",94.8,"{""good"": []}",,,15.71015941,"{""good"": []}",15.22566517,"{""good"": []}",14.02171962,"{""good"": []}",175.3812689,"{""good"": []}",14.2265,"{""good"": []}"
2026-09-30 07:28:00+00:00,Aberporth Automatic Weather Station,-4.57,52.14,0.0,"{""good"": []}",989.52,"{""good"": []}",,,14.58465376,"{""good"": []}",,,,,1000.0,"{""good"": []}",,"{""good"": []}",,"{""good"": []}",1.0,"{""good"": []}",,"{""good"": []}",,"{""good"": []}",1.0,"{""good"": []}",,,38.40226173,"{""good"": []}",,,71.61574615,"{""good"": []}",,,0.0,"{""good"": []}",14.16669894,"{""good"": []}",15.66701814,"{""good"": []}",20651.5,"{""good"": []}",0.0,"{""good"": []}",NSW,"{""good"": []}",94.9,"{""good"": []}",,,15.70975714,"{""good"": []}",15.22339128,"{""good"": []}",14.02141939,"{""good"": []}",176.4855112,"{""good"": []}",15.20075,"{""good"": []}"
2026-09-30 07:29:00+00:00,Aberporth Automatic Weather Station,-4.57,52.14,0.0,"{""good"": []}",989.56,"{""good"": []}",,,14.58908581,"{""good"": []}",,,,,1000.0,"{""good"": []}",,"{""good"": []}",,"{""good"": []}",1.0,"{""good"": []}",,"{""good"": []}",,"{""good"": []}",1.0,"{""good"": []}",,,39.86826447,"{""good"": []}",,,96.05522163,"{""good"": []}",,,0.0,"{""suspect"": [""1 case(s) of \""qc consistency check failed: expected radiation_sun_1_minute_mean to be above 0 if sunshine_1_minute_mean is above 0\""""]}",14.1136666,"{""good"": []}",15.41778842,"{""good"": []}",20813.0,"{""good"": []}",0.0,"{""good"": []}",NSW,"{""good"": []}",94.85,"{""good"": []}",,,15.70970217,"{""good"": []}",15.22117241,"{""good"": []}",14.02131931,"{""good"": []}",176.0253572,"{""good"": []}",14.71991667,"{""good"": []}"
2026-09-30 07:30:00+00:00,Aberporth Automatic Weather Station,-4.57,52.14,0.0,"{""good"": []}",989.535,"{""good"": []}",,,14.6226784,"{""good"": []}",,,,,1000.0,"{""good"": []}",,"{""good"": []}",,"{""good"": []}",1.0,"{""good"": []}",,"{""good"": []}",,"{""good"": []}",1.0,"{""good"": []}",,,41.53697597,"{""good"": []}",,,108.8826236,"{""good"": []}",,,0.0,"{""suspect"": [""1 case(s) of \""qc consistency check failed: expected radiation_sun_1_minute_mean to be above 0 if sunshine_1_minute_mean is above 0\""""]}",14.2346421,"{""good"": []}",15.78081051,"{""good"": []}",21151.0,"{""good"": []}",0.0,"{""good"": []}",NSW,"{""good"": []}",94.9,"{""good"": []}",,,15.70945481,"{""good"": []}",15.21915367,"{""good"": []}",14.02121924,"{""good"": []}",177.9629371,"{""good"": []}",15.54633333,"{""good"": []}"
2026-09-30 07:31:00+00:00,Aberporth Automatic Weather Station,-4.57,52.14,0.0,"{""good"": []}",989.55,"{""good"": []}",,,14.64378182,"{""good"": []}",,,,,1000.0,"{""good"": []}",,"{""good"": []}",,"{""good"": []}",1.0,"{""good"": []}",,"{""good"": []}",,"{""good"": []}",1.0,"{""good"": []}",,,42.93649114,"{""good"": []}",,,93.1684565,"{""good"": []}",,,0.0,"{""suspect"": [""1 case(s) of \""qc consistency check failed: expected radiation_sun_1_minute_mean to be above 0 if sunshine_1_minute_mean is above 0\""""]}",14.34418465,"{""good"": []}",15.99942852,"{""good"": []}",20663.5,"{""good"": []}",0.0,"{""good"": []}",NSW,"{""good"": []}",94.95,"{""good"": []}",,,15.7100095,"{""good"": []}",15.21754518,"{""good"": []}",14.02101658,"{""good"": []}",174.9069088,"{""good"": []}",13.67833333,"{""good"": []}"
2026-09-30 07:32:00+00:00,Aberporth Automatic Weather Station,-4.57,52.14,0.0,"{""good"": []}",989.55,"{""good"": []}",,,14.63557229,"{""good"": []}",,,,,0.0,"{""good"": []}",,"{""good"": []}",,"{""good"": []}",0.0,"{""good"": []}",,"{""good"": []}",,"{""good"": []}",0.0,"{""good"": []}",,,44.37900471,"{""good"": []}",,,96.55863088,"{""good"": []}",,,0.0,"{""suspect"": [""1 case(s) of \""qc consistency check failed: expected radiation_sun_1_minute_mean to be above 0 if sunshine_1_minute_mean is above 0\""""]}",14.33043812,"{""good"": []}",15.8060347,"{""good"": []}",21224.5,"{""good"": []}",0.0,"{""good"": []}",NSW,"{""good"": []}",94.85,"{""good"": []}",,,15.70950228,"{""good"": []}",15.21507366,"{""good"": []}",14.02106662,"{""good"": []}",172.6264097,"{""good"": []}",15.90395833,"{""good"": []}"
2026-09-30 07:33:00+00:00,Aberporth Automatic Weather Station,-4.57,52.14,0.0,"{""good"": []}",989.585,"{""good"": []}",,,14.66281662,"{""good"": []}",,,,,0.0,"{""good"": []}",,"{""good"": []}",,"{""good"": []}",0.0,"{""good"": []}",,"{""good"": []}",,"{""good"": []}",0.0,"{""good"": []}",,,45.70214908,"{""good"": []}",,,91.00613741,"{""good"": []}",,,0.0,"{""suspect"": [""1 case(s) of \""qc consistency check failed: expected radiation_sun_1_minute_mean to be above 0 if sunshine_1_minute_mean is above 0\""""]}",14.37299691,"{""good"": []}",15.8472716,"{""good"": []}",20832.0,"{""good"": []}",0.0,"{""good"": []}",NSW,"{""good"": []}",94.8,"{""good"": []}",,,15.70970467,"{""good"": []}",15.21275223,"{""good"": []}",14.0209115,"{""good"": []}",175.7610181,"{""good"": []}",15.38254167,"{""good"": []}"
2026-09-30 07:34:00+00:00,Aberporth Automatic Weather Station,-4.57,52.14,0.0,"{""good"": []}",989.615,"{""good"": []}",,,14.64509094,"{""good"": []}",,,,,0.0,"{""good"": []}",,"{""good"": []}",,"{""good"": []}",0.0,"{""good"": []}",,"{""good"": []}",,"{""good"": []}",0.0,"{""good"": []}",,,46.59934079,"{""good"": []}",,,68.14338711,"{""good"": []}",,,0.0,"{""good"": []}",14.30308996,"{""good"": []}",15.5014711,"{""good"": []}",20267.0,"{""good"": []}",0.0,"{""good"": []}",NSW,"{""good"": []}",94.75,"{""good"": []}",,,15.70925242,"{""good"": []}",15.2112388,"{""good"": []}",14.02085896,"{""good"": []}",178.3712152,"{""good"": []}",16.845,"{""good"": []}"
2026-09-30 07:35:00+00:00,Aberporth Automatic Weather Station,-4.57,52.14,0.0,"{""good"": []}",989.615,"{""good"": []}",,,14.6607505,"{""good"": []}",,,,,0.0,"{""good"": []}",,"{""good"": []}",,"{""good"": []}",0.0,"{""good"": []}",,"{""good"": []}",,"{""good"": []}",0.0,"{""good"": []}",,,47.62867264,"{""good"": []}",,,76.75225207,"{""good"": []}",,,0.0,"{""good"": []}",14.21837462,"{""good"": []}",15.13447268,"{""good"": []}",20669.0,"{""good"": []}",0.0,"{""good"": []}",NSW,"{""good"": []}",94.7,"{""good"": []}",,,15.70905254,"{""good"": []}",15.20877228,"{""good"": []}",14.02076139,"{""good"": []}",176.7461752,"{""good"": []}",14.88354167,"{""good"": []}"
2026-09-30 07:36:00+00:00,Aberporth Automatic Weather Station,-4.57,52.14,0.0,"{""good"": []}",989.635,"{""good"": []}",,,14.65365273,"{""good"": []}",,,,,0.0,"{""good"": []}",,"{""good"": []}",,"{""good"": []}",0.0,"{""good"": []}",,"{""good"": []}",,"{""good"": []}",0.0,"{""good"": []}",,,49.07546365,"{""good"": []}",,,102.2857117,"{""good"": []}",,,0.0,"{""suspect"": [""1 case(s) of \""qc consistency check failed: expected radiation_sun_1_minute_mean to be above 0 if sunshine_1_minute_mean is above 0\""""]}",14.22728913,"{""good"": []}",15.09318582,"{""good"": []}",20669.5,"{""good"": []}",0.0,"{""good"": []}",NSW,"{""good"": []}",94.7,"{""good"": []}",,,15.70945231,"{""good"": []}",15.20645085,"{""good"": []}",14.02045865,"{""good"": []}",174.0914162,"{""good"": []}",15.21120833,"{""good"": []}"
2026-09-30 07:37:00+00:00,Aberporth Automatic Weather Station,-4.57,52.14,0.0,"{""good"": []}",989.65,"{""good"": []}",,,14.69298649,"{""good"": []}",,,,,0.0,"{""good"": []}",,"{""good"": []}",,"{""good"": []}",0.0,"{""good"": []}",,"{""good"": []}",,"{""good"": []}",0.0,"{""good"": []}",,,50.83356259,"{""good"": []}",,,121.3627517,"{""good"": []}",,,0.0,"{""suspect"": [""1 case(s) of \""qc consistency check failed: expected radiation_sun_1_minute_mean to be above 0 if sunshine_1_minute_mean is above 0\""""]}",14.4277432,"{""good"": []}",15.65936771,"{""good"": []}",20014.0,"{""good"": []}",0.0,"{""good"": []}",NSW,"{""good"": []}",94.825,"{""good"": []}",,,15.70925492,"{""good"": []}",15.20468727,"{""good"": []}",14.02035857,"{""good"": []}",173.7481349,"{""good"": []}",15.225,"{""good"": []}"
2026-09-30 07:38:00+00:00,Aberporth Automatic Weather Station,-4.57,52.14,0.0,"{""good"": []}",989.67,"{""good"": []}",,,14.729697,"{""good"": []}",,,,,0.0,"{""good"": []}",,"{""good"": []}",,"{""good"": []}",0.0,"{""good"": []}",,"{""good"": []}",,"{""good"": []}",0.0,"{""good"": []}",,,51.95625581,"{""good"": []}",,,83.07135508,"{""good"": []}",,,0.0,"{""good"": []}",14.50636229,"{""good"": []}",15.74173911,"{""good"": []}",19803.5,"{""good"": []}",0.0,"{""good"": []}",NSW,"{""good"": []}",94.95,"{""good"": []}",,,15.70940484,"{""good"": []}",15.20256847,"{""good"": []}",14.0202585,"{""good"": []}",176.2724333,"{""good"": []}",14.70741667,"{""good"": []}"
2026-09-30 07:39:00+00:00,Aberporth Automatic Weather Station,-4.57,52.14,0.0,"{""good"": []}",989.665,"{""good"": []}",,,14.73901578,"{""good"": []}",,,,,0.0,"{""good"": []}",,"{""good"": []}",,"{""good"": []}",0.0,"{""good"": []}",,"{""good"": []}",,"{""good"": []}",0.0,"{""good"": []}",,,53.4304079,"{""good"": []}",,,106.3296898,"{""good"": []}",,,0.0,"{""suspect"": [""1 case(s) of \""qc consistency check failed: expected radiation_sun_1_minute_mean to be above 0 if sunshine_1_minute_mean is above 0\""""]}",14.46244683,"{""good"": []}",15.55745687,"{""good"": []}",20217.0,"{""good"": []}",0.0,"{""good"": []}",NSW,"{""good"": []}",94.9,"{""good"": []}",,,15.7093049,"{""good"": []}",15.2003496,"{""good"": []}",14.02040862,"{""good"": []}",174.6080707,"{""good"": []}",13.571875,"{""good"": []}"
2026-09-30 07:40:00+00:00,Aberporth Automatic Weather Station,-4.57,52.14,0.0,"{""good"": []}",989.705,"{""good"": []}",,,14.77260838,"{""good"": []}",,,,,0.0,"{""good"": []}",,"{""good"": []}",,"{""good"": []}",0.0,"{""good"": []}",,"{""good"": []}",,"{""good"": []}",0.0,"{""good"": []}",,,55.15739137,"{""good"": []}",,,120.674276,"{""good"": []}",,,0.0,"{""suspect"": [""1 case(s) of \""qc consistency check failed: expected radiation_sun_1_minute_mean to be above 0 if sunshine_1_minute_mean is above 0\""""]}",14.60522891,"{""good"": []}",15.91937249,"{""good"": []}",20194.5,"{""good"": []}",0.0,"{""good"": []}",NSW,"{""good"": []}",94.975,"{""good"": []}",,,15.70910501,"{""good"": []}",15.19863355,"{""good"": []}",14.02035857,"{""good"": []}",176.6254414,"{""good"": []}",15.89320833,"{""good"": []}"
2026-09-30 07:41:00+00:00,Aberporth Automatic Weather Station,-4.57,52.14,0.0,"{""good"": []}",989.685,"{""good"": []}",,,14.82931804,"{""good"": []}",,,,,0.0,"{""good"": []}",,"{""good"": []}",,"{""good"": []}",0.0,"{""good"": []}",,"{""good"": []}",,"{""good"": []}",0.0,"{""good"": []}",,,57.11453537,"{""good"": []}",,,134.8298029,"{""good"": []}",,,0.0,"{""suspect"": [""1 case(s) of \""qc consistency check failed: expected radiation_sun_1_minute_mean to be above 0 if sunshine_1_minute_mean is above 0\""""]}",14.76045832,"{""good"": []}",16.2356203,"{""good"": []}",20226.5,"{""good"": []}",0.0,"{""good"": []}",NSW,"{""good"": []}",95.075,"{""good"": []}",,,15.70935486,"{""good"": []}",15.19626459,"{""good"": []}",14.02015842,"{""good"": []}",174.7649459,"{""good"": []}",18.459625,"{""good"": []}"
2026-09-30 07:42:00+00:00,Aberporth Automatic Weather Station,-4.57,52.14,0.0,"{""good"": []}",989.675,"{""good"": []}",,,14.8818455,"{""good"": []}",,,,,0.0,"{""good"": []}",,"{""good"": []}",,"{""good"": []}",0.0,"{""good"": []}",,"{""good"": []}",,"{""good"": []}",0.0,"{""good"": []}",,,58.29060551,"{""good"": []}",,,88.70643772,"{""good"": []}",,,0.0,"{""suspect"": [""1 case(s) of \""qc consistency check failed: expected radiation_sun_1_minute_mean to be above 0 if sunshine_1_minute_mean is above 0\""""]}",14.8228574,"{""good"": []}",16.28139051,"{""good"": []}",21649.5,"{""good"": []}",0.0,"{""good"": []}",NSW,"{""good"": []}",94.725,"{""good"": []}",,,15.70920245,"{""good"": []}",15.19515391,"{""good"": []}",14.02000831,"{""good"": []}",175.5479779,"{""good"": []}",16.51383333,"{""good"": []}"
2026-09-30 07:43:00+00:00,Aberporth Automatic Weather Station,-4.57,52.14,0.0,"{""good"": []}",989.73,"{""good"": []}",,,14.90667394,"{""good"": []}",,,,,0.0,"{""good"": []}",,"{""good"": []}",,"{""good"": []}",0.0,"{""good"": []}",,"{""good"": []}",,"{""good"": []}",0.0,"{""good"": []}",,,59.33081683,"{""good"": []}",,,81.04192724,"{""good"": []}",,,0.0,"{""good"": []}",14.70500497,"{""good"": []}",15.92058137,"{""good"": []}",20856.5,"{""good"": []}",0.0,"{""good"": []}",NSW,"{""good"": []}",94.525,"{""good"": []}",,,15.70880018,"{""good"": []}",15.19247976,"{""good"": []}",14.02005835,"{""good"": []}",175.5864177,"{""good"": []}",15.924625,"{""good"": []}"
2026-09-30 07:44:00+00:00,Aberporth Automatic Weather Station,-4.57,52.14,0.0,"{""good"": []}",989.72,"{""good"": []}",,,14.90370092,"{""good"": []}",,,,,0.0,"{""good"": []}",,"{""good"": []}",,"{""good"": []}",0.0,"{""good"": []}",,"{""good"": []}",,"{""good"": []}",0.0,"{""good"": []}",,,60.35841176,"{""good"": []}",,,81.13453994,"{""good"": []}",,,0.0,"{""good"": []}",14.58503384,"{""good"": []}",15.5752829,"{""good"": []}",20217.5,"{""good"": []}",0.0,"{""good"": []}",NSW,"{""good"": []}",94.5,"{""good"": []}",,,15.70935237,"{""good"": []}",15.1909188,"{""good"": []}",14.01990823,"{""good"": []}",176.2810278,"{""good"": []}",17.227,"{""good"": []}"
2026-09-30 07:45:00+00:00,Aberporth Automatic Weather Station,-4.57,52.14,0.0,"{""good"": []}",989.735,"{""good"": []}",,,14.93759081,"{""good"": []}",,,,,0.0,"{""good"": []}",,"{""good"": []}",,"{""good"": []}",0.0,"{""good"": []}",,"{""good"": []}",,"{""good"": []}",0.0,"{""good"": []}",,,61.5239734,"{""good"": []}",,,90.81511664,"{""good"": []}",,,0.0,"{""suspect"": [""1 case(s) of \""qc consistency check failed: expected radiation_sun_1_minute_mean to be above 0 if sunshine_1_minute_mean is above 0\""""]}",14.58735242,"{""good"": []}",15.56828687,"{""good"": []}",21051.0,"{""good"": []}",0.0,"{""good"": []}",NSW,"{""good"": []}",94.475,"{""good"": []}",,,15.70910251,"{""good"": []}",15.18849731,"{""good"": []}",14.01975061,"{""good"": []}",174.6449857,"{""good"": []}",14.59095833,"{""good"": []}"
2026-09-30 07:46:00+00:00,Aberporth Automatic Weather Station,-4.57,52.14,0.0,"{""good"": []}",989.75,"{""good"": []}",,,14.94711196,"{""good"": []}",,,,,0.0,"{""good"": []}",,"{""good"": []}",,"{""good"": []}",0.0,"{""good"": []}",,"{""good"": []}",,"{""good"": []}",0.0,"{""good"": []}",,,62.53527817,"{""good"": []}",,,83.39856248,"{""good"": []}",,,0.0,"{""good"": []}",14.58352478,"{""good"": []}",15.54034018,"{""good"": []}",20623.0,"{""good"": []}",0.0,"{""good"": []}",NSW,"{""good"": []}",94.5,"{""good"": []}",,,15.70890012,"{""good"": []}",15.18663367,"{""good"": []}",14.01914765,"{""good"": []}",175.2721597,"{""good"": []}",14.45995833,"{""good"": []}"
2026-09-30 07:47:00+00:00,Aberporth Automatic Weather Station,-4.57,52.14,0.0,"{""good"": []}",989.74,"{""good"": []}",,,14.94907815,"{""good"": []}",,,,,0.0,"{""good"": []}",,"{""good"": []}",,"{""good"": []}",0.0,"{""good"": []}",,"{""good"": []}",,"{""good"": []}",0.0,"{""good"": []}",,,63.95676164,"{""good"": []}",,,112.2941524,"{""good"": []}",,,0.0,"{""suspect"": [""1 case(s) of \""qc consistency check failed: expected radiation_sun_1_minute_mean to be above 0 if sunshine_1_minute_mean is above 0\""""]}",14.60301527,"{""good"": []}",15.58454684,"{""good"": []}",20019.5,"{""good"": []}",0.0,"{""good"": []}",NSW,"{""good"": []}",94.475,"{""good"": []}",,,15.70870024,"{""good"": []}",15.18511773,"{""good"": []}",14.01894749,"{""good"": []}",171.5878333,"{""good"": []}",15.27716667,"{""good"": []}"
2026-09-30 07:48:00+00:00,Aberporth Automatic Weather Station,-4.57,52.14,0.0,"{""good"": []}",989.775,"{""good"": []}",,,14.98700035,"{""good"": []}",,,,,0.0,"{""good"": []}",,"{""good"": []}",,"{""good"": []}",0.0,"{""good"": []}",,"{""good"": []}",,"{""good"": []}",0.0,"{""good"": []}",,,65.5716911,"{""good"": []}",,,119.4618031,"{""good"": []}",,,0.0,"{""suspect"": [""1 case(s) of \""qc consistency check failed: expected radiation_sun_1_minute_mean to be above 0 if sunshine_1_minute_mean is above 0\""""]}",14.80825389,"{""good"": []}",16.05823919,"{""good"": []}",20518.0,"{""good"": []}",0.0,"{""good"": []}",NSW,"{""good"": []}",94.55,"{""good"": []}",,,15.70864777,"{""good"": []}",15.18275128,"{""good"": []}",14.01889745,"{""good"": []}",174.2445883,"{""good"": []}",15.83675,"{""good"": []}"
2026-09-30 07:49:00+00:00,Aberporth Automatic Weather Station,-4.57,52.14,0.0,"{""good"": []}",989.77,"{""good"": []}",,,15.0151041,"{""good"": []}",,,,,0.0,"{""good"": []}",,"{""good"": []}",,"{""good"": []}",0.0,"{""good"": []}",,"{""good"": []}",,"{""good"": []}",0.0,"{""good"": []}",,,67.49446881,"{""good"": []}",,,137.5701918,"{""good"": []}",,,0.0,"{""suspect"": [""1 case(s) of \""qc consistency check failed: expected radiation_sun_1_minute_mean to be above 0 if sunshine_1_minute_mean is above 0\""""]}",14.91860345,"{""good"": []}",16.2154789,"{""good"": []}",21240.0,"{""good"": []}",0.0,"{""good"": []}",NSW,"{""good"": []}",94.4,"{""good"": []}",,,15.70895259,"{""good"": []}",15.18148801,"{""good"": []}",14.01864476,"{""good"": []}",172.7214201,"{""good"": []}",17.14291667,"{""good"": []}"
2026-09-30 07:50:00+00:00,Aberporth Automatic Weather Station,-4.57,52.14,0.0,"{""good"": []}",989.765,"{""good"": []}",,,15.10928128,"{""good"": []}",,,,,0.0,"{""good"": []}",,"{""good"": []}",,"{""good"": []}",0.0,"{""good"": []}",,"{""good"": []}",,"{""good"": []}",0.0,"{""good"": []}",,,69.89379157,"{""good"": []}",,,165.5347094,"{""good"": []}",,,1.0,"{""good"": []}",15.21102339,"{""good"": []}",16.87163516,"{""good"": []}",21277.5,"{""good"": []}",0.0,"{""good"": []}",NSW,"{""good"": []}",94.275,"{""good"": []}",,,15.70859779,"{""good"": []}",15.17927164,"{""good"": []}",14.0186948,"{""good"": []}",174.465836,"{""good"": []}",15.796125,"{""good"": []}"
2026-09-30 07:51:00+00:00,Aberporth Automatic Weather Station,-4.57,52.14,0.0,"{""good"": []}",989.785,"{""good"": []}",,,15.17968931,"{""good"": []}",,,,,0.0,"{""good"": []}",,"{""good"": []}",,"{""good"": []}",0.0,"{""good"": []}",,"{""good"": []}",,"{""good"": []}",0.0,"{""good"": []}",,,72.2742705,"{""good"": []}",,,166.0386675,"{""good"": []}",,,0.0,"{""suspect"": [""1 case(s) of \""qc consistency check failed: expected radiation_sun_1_minute_mean to be above 0 if sunshine_1_minute_mean is above 0\""""]}",15.48722581,"{""good"": []}",17.39889801,"{""good"": []}",20902.5,"{""good"": []}",0.0,"{""good"": []}",NSW,"{""good"": []}",94.275,"{""good"": []}",,,15.70890012,"{""good"": []}",15.17780574,"{""good"": []}",14.0184396,"{""good"": []}",174.8306984,"{""good"": []}",16.06875,"{""good"": []}"
2026-09-30 07:52:00+00:00,Aberporth Automatic Weather Station,-4.57,52.14,0.0,"{""good"": []}",989.78,"{""good"": []}",,,15.23091014,"{""good"": []}",,,,,0.0,"{""good"": []}",,"{""good"": []}",,"{""good"": []}",0.0,"{""good"": []}",,"{""good"": []}",,"{""good"": []}",0.0,"{""good"": []}",,,74.65371049,"{""good"": []}",,,171.0075919,"{""good"": []}",,,1.0,"{""good"": []}",15.68450683,"{""good"": []}",17.7206857,"{""good"": []}",20621.5,"{""good"": []}",0.0,"{""good"": []}",NSW,"{""good"": []}",94.125,"{""good"": []}",,,15.70859779,"{""good"": []}",15.1749815,"{""good"": []}",14.01828698,"{""good"": []}",170.9977207,"{""good"": []}",14.468625,"{""good"": []}"
2026-09-30 07:53:00+00:00,Aberporth Automatic Weather Station,-4.57,52.14,0.0,"{""good"": []}",989.775,"{""good"": []}",,,15.26117495,"{""good"": []}",,,,,1200.0,"{""good"": []}",,"{""good"": []}",,"{""good"": []}",1.0,"{""good"": []}",,"{""good"": []}",,"{""good"": []}",1.0,"{""good"": []}",,,77.10140462,"{""good"": []}",,,175.327414,"{""good"": []}",,,1.0,"{""good"": []}",15.85580135,"{""good"": []}",17.98205172,"{""good"": []}",20285.5,"{""good"": []}",0.0,"{""good"": []}",NSW,"{""good"": []}",94.2,"{""good"": []}",,,15.70844788,"{""good"": []}",15.17362066,"{""good"": []}",14.01813687,"{""good"": []}",172.3329269,"{""good"": []}",15.439875,"{""good"": []}"
2026-09-30 07:54:00+00:00,Aberporth Automatic Weather Station,-4.57,52.14,0.0,"{""good"": []}",989.8,"{""good"": []}",,,15.30484082,"{""good"": []}",,,,,0.0,"{""good"": []}",,"{""good"": []}",,"{""good"": []}",0.0,"{""good"": []}",,"{""good"": []}",,"{""good"": []}",0.0,"{""good"": []}",,,79.64892393,"{""good"": []}",,,179.196378,"{""good"": []}",,,1.0,"{""good"": []}",15.99999506,"{""good"": []}",18.17695414,"{""good"": []}",21254.5,"{""good"": []}",0.0,"{""good"": []}",NSW,"{""good"": []}",94.075,"{""good"": []}",,,15.70804311,"{""good"": []}",15.17210724,"{""good"": []}",14.01798675,"{""good"": []}",170.5230565,"{""good"": []}",14.41270833,"{""good"": []}"
2026-09-30 07:55:00+00:00,Aberporth Automatic Weather Station,-4.57,52.14,0.0,"{""good"": []}",989.81,"{""good"": []}",,,15.32992159,"{""good"": []}",,,,,0.0,"{""good"": []}",,"{""good"": []}",,"{""good"": []}",0.0,"{""good"": []}",,"{""good"": []}",,"{""good"": []}",0.0,"{""good"": []}",,,82.31658172,"{""good"": []}",,,187.9654745,"{""good"": []}",,,1.0,"{""good"": []}",16.15199897,"{""good"": []}",18.34557585,"{""good"": []}",21006.5,"{""good"": []}",0.0,"{""good"": []}",NSW,"{""good"": []}",93.85,"{""good"": []}",,,15.70829796,"{""good"": []}",15.1707464,"{""good"": []}",14.01803679,"{""good"": []}",167.4928951,"{""good"": []}",14.783125,"{""good"": []}"
2026-09-30 07:56:00+00:00,Aberporth Automatic Weather Station,-4.57,52.14,0.0,"{""good"": []}",989.835,"{""good"": []}",,,15.43210592,"{""good"": []}",,,,,1400.0,"{""good"": []}",,"{""good"": []}",,"{""good"": []}",1.0,"{""good"": []}",,"{""good"": []}",,"{""good"": []}",1.0,"{""good"": []}",,,85.28083815,"{""good"": []}",,,206.0272796,"{""good"": []}",,,1.0,"{""good"": []}",16.32560457,"{""good"": []}",18.50292047,"{""good"": []}",21152.5,"{""good"": []}",0.0,"{""good"": []}",NSW,"{""good"": []}",93.95,"{""good"": []}",,,15.70794316,"{""good"": []}",15.16842747,"{""good"": []}",14.0177866,"{""good"": []}",174.5449606,"{""good"": []}",15.56916667,"{""good"": []}"
2026-09-30 07:57:00+00:00,Aberporth Automatic Weather Station,-4.57,52.14,0.0,"{""good"": []}",989.855,"{""good"": []}",,,15.40229331,"{""good"": []}",,,,,1200.0,"{""good"": []}",,"{""good"": []}",,"{""good"": []}",1.0,"{""good"": []}",,"{""good"": []}",,"{""good"": []}",1.0,"{""good"": []}",,,88.26984181,"{""good"": []}",,,205.7168565,"{""good"": []}",,,1.0,"{""good"": []}",16.52278565,"{""good"": []}",18.70164686,"{""good"": []}",21255.0,"{""good"": []}",0.0,"{""good"": []}",NSW,"{""good"": []}",93.5,"{""good"": []}",,,15.70844788,"{""good"": []}",15.16756944,"{""good"": []}",14.01773656,"{""good"": []}",173.3391531,"{""good"": []}",15.39179167,"{""good"": []}"
2026-09-30 07:58:00+00:00,Aberporth Automatic Weather Station,-4.57,52.14,0.0,"{""good"": []}",989.845,"{""good"": []}",,,15.43553113,"{""good"": []}",,,,,1200.0,"{""good"": []}",,"{""good"": []}",,"{""good"": []}",1.0,"{""good"": []}",,"{""good"": []}",,"{""good"": []}",1.0,"{""good"": []}",,,91.24160826,"{""good"": []}",,,206.7324357,"{""good"": []}",,,1.0,"{""good"": []}",16.66078817,"{""good"": []}",18.82097661,"{""good"": []}",20362.5,"{""good"": []}",0.0,"{""good"": []}",NSW,"{""good"": []}",93.175,"{""good"": []}",,,15.70819552,"{""good"": []}",15.16510043,"{""good"": []}",14.01753641,"{""good"": []}",167.527257,"{""good"": []}",13.51145833,"{""good"": []}"
2026-09-30 07:59:00+00:00,Aberporth Automatic Weather Station,-4.57,52.14,0.0,"{""good"": []}",989.835,"{""good"": []}",,,15.50679609,"{""good"": []}",,,,,1200.0,"{""good"": []}",,"{""good"": []}",,"{""good"": []}",1.0,"{""good"": []}",,"{""good"": []}",,"{""good"": []}",1.0,"{""good"": []}",,,94.16425045,"{""good"": []}",,,202.8614294,"{""good"": []}",,,1.0,"{""good"": []}",16.75295392,"{""good"": []}",18.86307022,"{""good"": []}",21015.0,"{""good"": []}",0.0,"{""good"": []}",NSW,"{""good"": []}",93.125,"{""good"": []}",,,15.70824549,"{""good"": []}",15.16419237,"{""good"": []}",14.01758644,"{""good"": []}",167.2493719,"{""good"": []}",15.630375,"{""good"": []}"
2026-09-30 08:00:00+00:00,Aberporth Automatic Weather Station,-4.57,52.14,0.0,"{""good"": []}",989.8,"{""good"": []}",,,15.5424523,"{""good"": []}",,,,,1200.0,"{""good"": []}",,"{""good"": []}",,"{""good"": []}",2.0,"{""good"": []}",,"{""good"": []}",,"{""good"": []}",2.0,"{""good"": []}",,,96.8161765,"{""good"": []}",,,188.8351265,"{""good"": []}",,,1.0,"{""good"": []}",16.83751685,"{""good"": []}",18.88990542,"{""good"": []}",19876.5,"{""good"": []}",0.0,"{""good"": []}",NSW,"{""good"": []}",92.975,"{""good"": []}",,,15.70819802,"{""good"": []}",15.16232122,"{""good"": []}",14.01723368,"{""good"": []}",165.6017819,"{""good"": []}",18.00733333,"{""good"": []}"
2026-09-30 08:01:00+00:00,Aberporth Automatic Weather Station,-4.57,52.14,0.0,"{""good"": []}",989.815,"{""good"": []}",,,15.52814935,"{""good"": []}",,,,,1100.0,"{""good"": []}",,"{""good"": []}",,"{""good"": []}",2.0,"{""good"": []}",,"{""good"": []}",,"{""good"": []}",2.0,"{""good"": []}",,,99.75912465,"{""good"": []}",,,206.321378,"{""good"": []}",,,1.0,"{""good"": []}",16.83530071,"{""good"": []}",18.79484575,"{""good"": []}",21104.5,"{""good"": []}",0.0,"{""good"": []}",NSW,"{""good"": []}",92.475,"{""good"": []}",,,15.70829796,"{""good"": []}",15.16061016,"{""good"": []}",14.01708106,"{""good"": []}",162.8305484,"{""good"": []}",15.42804167,"{""good"": []}"
2026-09-30 08:02:00+00:00,Aberporth Automatic Weather Station,-4.57,52.14,0.0,"{""good"": []}",989.81,"{""good"": []}",,,15.53660621,"{""good"": []}",,,,,1100.0,"{""good"": []}",,"{""good"": []}",,"{""good"": []}",3.0,"{""good"": []}",,"{""good"": []}",,"{""good"": []}",3.0,"{""good"": []}",,,102.8087919,"{""good"": []}",,,212.6944701,"{""good"": []}",,,1.0,"{""good"": []}",16.98312719,"{""good"": []}",18.97313602,"{""good"": []}",20471.0,"{""good"": []}",0.0,"{""good"": []}",NSW,"{""good"": []}",92.325,"{""good"": []}",,,15.70809558,"{""good"": []}",15.1590467,"{""good"": []}",14.01682586,"{""good"": []}",167.5469693,"{""good"": []}",15.298625,"{""good"": []}"
2026-09-30 08:03:00+00:00,Aberporth Automatic Weather Station,-4.57,52.14,0.0,"{""good"": []}",989.875,"{""good"": []}",,,15.58163117,"{""good"": []}",,,,,1100.0,"{""good"": []}",,"{""good"": []}",,"{""good"": []}",3.0,"{""good"": []}",,"{""good"": []}",,"{""good"": []}",3.0,"{""good"": []}",,,105.9895877,"{""good"": []}",,,222.5267141,"{""good"": []}",,,1.0,"{""good"": []}",17.03938005,"{""good"": []}",18.93728415,"{""good"": []}",20763.0,"{""good"": []}",0.0,"{""good"": []}",NSW,"{""good"": []}",92.375,"{""good"": []}",,,15.70819552,"{""good"": []}",15.15763833,"{""good"": []}",14.01682586,"{""good"": []}",168.857952,"{""good"": []}",14.78070833,"{""good"": []}"
2026-09-30 08:04:00+00:00,Aberporth Automatic Weather Station,-4.57,52.14,0.0,"{""good"": []}",989.875,"{""good"": []}",,,15.6841203,"{""good"": []}",,,,,1100.0,"{""good"": []}",,"{""good"": []}",,"{""good"": []}",4.0,"{""good"": []}",,"{""good"": []}",,"{""good"": []}",4.0,"{""good"": []}",,,108.3662231,"{""good"": []}",,,175.8300805,"{""good"": []}",,,0.0,"{""suspect"": [""1 case(s) of \""qc consistency check failed: expected radiation_sun_1_minute_mean to be above 0 if sunshine_1_minute_mean is above 0\""""]}",17.12379557,"{""good"": []}",19.0573682,"{""good"": []}",20727.5,"{""good"": []}",0.0,"{""good"": []}",NSW,"{""good"": []}",92.625,"{""good"": []}",,,15.70789319,"{""good"": []}",15.15566963,"{""good"": []}",14.01657567,"{""good"": []}",168.9788561,"{""good"": []}",15.2505,"{""good"": []}"
2026-09-30 08:05:00+00:00,Aberporth Automatic Weather Station,-4.57,52.14,0.0,"{""good"": []}",989.855,"{""good"": []}",,,15.55690516,"{""good"": []}",,,,,1100.0,"{""good"": []}",,"{""good"": []}",,"{""good"": []}",4.0,"{""good"": []}",,"{""good"": []}",,"{""good"": []}",4.0,"{""good"": []}",,,109.5079148,"{""good"": []}",,,102.1154654,"{""good"": []}",,,0.0,"{""good"": []}",16.75245173,"{""good"": []}",18.25761461,"{""good"": []}",20917.5,"{""good"": []}",0.0,"{""good"": []}",NSW,"{""good"": []}",92.0,"{""good"": []}",,,15.70784322,"{""good"": []}",15.15405363,"{""good"": []}",14.01652563,"{""good"": []}",173.5703083,"{""good"": []}",15.637,"{""good"": []}"
2026-09-30 08:06:00+00:00,Aberporth Automatic Weather Station,-4.57,52.14,0.0,"{""good"": []}",989.88,"{""good"": []}",,,15.58133137,"{""good"": []}",,,,,1100.0,"{""good"": []}",,"{""good"": []}",,"{""good"": []}",5.0,"{""good"": []}",,"{""good"": []}",,"{""good"": []}",5.0,"{""good"": []}",,,111.82217,"{""good"": []}",,,174.1791416,"{""good"": []}",,,0.0,"{""suspect"": [""1 case(s) of \""qc consistency check failed: expected radiation_sun_1_minute_mean to be above 0 if sunshine_1_minute_mean is above 0\""""]}",16.45978194,"{""good"": []}",17.72738201,"{""good"": []}",20897.0,"{""good"": []}",0.0,"{""good"": []}",NSW,"{""good"": []}",91.925,"{""good"": []}",,,15.70829546,"{""good"": []}",15.15284289,"{""good"": []}",14.01612533,"{""good"": []}",173.0123994,"{""good"": []}",11.57949583,"{""good"": []}"
2026-09-30 08:07:00+00:00,Aberporth Automatic Weather Station,-4.57,52.14,0.0,"{""good"": []}",989.905,"{""good"": []}",,,15.60958502,"{""good"": []}",,,,,1100.0,"{""good"": []}",,"{""good"": []}",,"{""good"": []}",5.0,"{""good"": []}",,"{""good"": []}",,"{""good"": []}",5.0,"{""good"": []}",,,114.4887631,"{""good"": []}",,,193.9119949,"{""good"": []}",,,0.0,"{""suspect"": [""1 case(s) of \""qc consistency check failed: expected radiation_sun_1_minute_mean to be above 0 if sunshine_1_minute_mean is above 0\""""]}",16.53729172,"{""good"": []}",17.84273294,"{""good"": []}",21384.5,"{""good"": []}",0.0,"{""good"": []}",NSW,"{""good"": []}",92.4,"{""good"": []}",,,15.70739097,"{""good"": []}",15.15118186,"{""good"": []}",14.01602525,"{""good"": []}",170.8302381,"{""good"": []}",11.289,"{""good"": []}"
2026-09-30 08:08:00+00:00,Aberporth Automatic Weather Station,-4.57,52.14,0.0,"{""good"": []}",989.895,"{""good"": []}",,,15.64136382,"{""good"": []}",,,,,1100.0,"{""good"": []}",,"{""good"": []}",,"{""good"": []}",6.0,"{""good"": []}",,"{""good"": []}",,"{""good"": []}",6.0,"{""good"": []}",,,117.3852384,"{""good"": []}",,,209.0623013,"{""good"": []}",,,1.0,"{""good"": []}",16.71463002,"{""good"": []}",18.04654713,"{""good"": []}",21476.5,"{""good"": []}",0.0,"{""good"": []}",NSW,"{""good"": []}",92.55,"{""good"": []}",,,15.70779325,"{""good"": []}",15.15007118,"{""good"": []}",14.01581759,"{""good"": []}",168.7465678,"{""good"": []}",13.45904167,"{""good"": []}"
2026-09-30 08:09:00+00:00,Aberporth Automatic Weather Station,-4.57,52.14,0.0,"{""good"": []}",989.895,"{""good"": []}",,,15.74309346,"{""good"": []}",,,,,1100.0,"{""good"": []}",,"{""good"": []}",,"{""good"": []}",6.0,"{""good"": []}",,"{""good"": []}",,"{""good"": []}",6.0,"{""good"": []}",,,120.3954842,"{""good"": []}",,,219.061034,"{""good"": []}",,,1.0,"{""good"": []}",17.06159137,"{""good"": []}",18.561324,"{""good"": []}",21090.5,"{""good"": []}",0.0,"{""good"": []}",NSW,"{""good"": []}",92.725,"{""good"": []}",,,15.70754089,"{""good"": []}",15.14840516,"{""good"": []}",14.01571751,"{""good"": []}",169.0269376,"{""good"": []}",13.713875,"{""good"": []}"
2026-09-30 08:10:00+00:00,Aberporth Automatic Weather Station,-4.57,52.14,0.0,"{""good"": []}",989.925,"{""good"": []}",,,15.7842435,"{""good"": []}",,,,,1100.0,"{""good"": []}",,"{""good"": []}",,"{""good"": []}",6.0,"{""good"": []}",,"{""good"": []}",,"{""good"": []}",6.0,"{""good"": []}",,,123.4149302,"{""good"": []}",,,222.3322361,"{""good"": []}",,,1.0,"{""good"": []}",17.29911511,"{""good"": []}",18.90722442,"{""good"": []}",21006.0,"{""good"": []}",0.0,"{""good"": []}",NSW,"{""good"": []}",92.65,"{""good"": []}",,,15.7080431,"{""good"": []}",15.14709685,"{""good"": []}",14.01566497,"{""good"": []}",167.1415855,"{""good"": []}",14.86908333,"{""good"": []}"
2026-09-30 08:11:00+00:00,Aberporth Automatic Weather Station,-4.57,52.14,0.0,"{""good"": []}",989.91,"{""good"": []}",,,15.8031284,"{""good"": []}",,,,,1100.0,"{""good"": []}",,"{""good"": []}",,"{""good"": []}",7.0,"{""good"": []}",,"{""good"": []}",,"{""good"": []}",7.0,"{""good"": []}",,,125.1749896,"{""good"": []}",,,149.6083887,"{""good"": []}",,,0.0,"{""good"": []}",17.25504475,"{""good"": []}",18.74087062,"{""good"": []}",20955.5,"{""good"": []}",0.0,"{""good"": []}",NSW,"{""good"": []}",92.475,"{""good"": []}",,,15.70754339,"{""good"": []}",15.1468442,"{""good"": []}",14.01536474,"{""good"": []}",168.642924,"{""good"": []}",15.112,"{""good"": []}"
2026-09-30 08:12:00+00:00,Aberporth Automatic Weather Station,-4.57,52.14,0.0,"{""good"": []}",989.955,"{""good"": []}",,,15.79335742,"{""good"": []}",,,,,1100.0,"{""good"": []}",,"{""good"": []}",,"{""good"": []}",7.0,"{""good"": []}",,"{""good"": []}",,"{""good"": []}",7.0,"{""good"": []}",,,128.2692515,"{""good"": []}",,,245.7639818,"{""good"": []}",,,1.0,"{""good"": []}",17.23892967,"{""good"": []}",18.70341023,"{""good"": []}",21192.0,"{""good"": []}",0.0,"{""good"": []}",NSW,"{""good"": []}",92.125,"{""good"": []}",,,15.70764333,"{""good"": []}",15.14507812,"{""good"": []}",14.01496443,"{""good"": []}",168.8232773,"{""good"": []}",16.365125,"{""good"": []}"
2026-09-30 08:13:00+00:00,Aberporth Automatic Weather Station,-4.57,52.14,0.0,"{""good"": []}",989.95,"{""good"": []}",,,15.86411772,"{""good"": []}",,,,,1100.0,"{""good"": []}",,"{""good"": []}",,"{""good"": []}",7.0,"{""good"": []}",,"{""good"": []}",,"{""good"": []}",7.0,"{""good"": []}",,,131.2484241,"{""good"": []}",,,246.7227283,"{""good"": []}",,,1.0,"{""good"": []}",17.60417977,"{""good"": []}",19.27785199,"{""good"": []}",21746.5,"{""good"": []}",0.0,"{""good"": []}",NSW,"{""good"": []}",91.85,"{""good"": []}",,,15.70739097,"{""good"": []}",15.14361971,"{""good"": []}",14.01511454,"{""good"": []}",165.0275929,"{""good"": []}",15.80908333,"{""good"": []}"
2026-09-30 08:14:00+00:00,Aberporth Automatic Weather Station,-4.57,52.14,0.0,"{""good"": []}",989.965,"{""good"": []}",,,15.9245499,"{""good"": []}",,,,,1100.0,"{""good"": []}",,"{""good"": []}",,"{""good"": []}",7.0,"{""good"": []}",,"{""good"": []}",,"{""good"": []}",7.0,"{""good"": []}",,,134.0237264,"{""good"": []}",,,224.5644563,"{""good"": []}",,,1.0,"{""good"": []}",17.80578812,"{""good"": []}",19.50920823,"{""good"": []}",21609.5,"{""good"": []}",0.0,"{""good"": []}",NSW,"{""good"": []}",91.825,"{""good"": []}",,,15.70728603,"{""good"": []}",15.14205375,"{""good"": []}",14.01491439,"{""good"": []}",171.9429245,"{""good"": []}",13.710375,"{""good"": []}"
2026-09-30 08:15:00+00:00,Aberporth Automatic Weather Station,-4.57,52.14,0.0,"{""good"": []}",990.01,"{""good"": []}",,,15.96902024,"{""good"": []}",,,,,1100.0,"{""good"": []}",,"{""good"": []}",,"{""good"": []}",7.0,"{""good"": []}",,"{""good"": []}",,"{""good"": []}",7.0,"{""good"": []}",,,134.6178875,"{""good"": []}",,,112.9008351,"{""good"": []}",,,0.0,"{""good"": []}",17.55436544,"{""good"": []}",18.94987252,"{""good"": []}",22528.5,"{""good"": []}",0.0,"{""good"": []}",NSW,"{""good"": []}",91.925,"{""good"": []}",,,15.70749092,"{""good"": []}",15.1416485,"{""good"": []}",14.0146617,"{""good"": []}",169.0825567,"{""good"": []}",13.02620833,"{""good"": []}"
2026-09-30 08:16:00+00:00,Aberporth Automatic Weather Station,-4.57,52.14,0.0,"{""good"": []}",989.95,"{""good"": []}",,,15.85616052,"{""good"": []}",,,,,1100.0,"{""good"": []}",,"{""good"": []}",,"{""good"": []}",7.0,"{""good"": []}",,"{""good"": []}",,"{""good"": []}",7.0,"{""good"": []}",,,134.9548094,"{""good"": []}",,,84.73039185,"{""good"": []}",,,0.0,"{""good"": []}",16.99606672,"{""good"": []}",17.97671415,"{""good"": []}",22780.5,"{""good"": []}",0.0,"{""good"": []}",NSW,"{""good"": []}",91.35,"{""good"": []}",,,15.7073385,"{""good"": []}",15.14069291,"{""good"": []}",14.01456162,"{""good"": []}",173.4628772,"{""good"": []}",13.192875,"{""good"": []}"
2026-09-30 08:17:00+00:00,Aberporth Automatic Weather Station,-4.57,52.14,0.0,"{""good"": []}",989.96,"{""good"": []}",,,15.85036689,"{""good"": []}",,,,,1100.0,"{""good"": []}",,"{""good"": []}",,"{""good"": []}",7.0,"{""good"": []}",,"{""good"": []}",,"{""good"": []}",7.0,"{""good"": []}",,,136.8342382,"{""good"": []}",,,181.8463181,"{""good"": []}",,,0.0,"{""suspect"": [""1 case(s) of \""qc consistency check failed: expected radiation_sun_1_minute_mean to be above 0 if sunshine_1_minute_mean is above 0\""""]}",16.73326105,"{""good"": []}",17.51430138,"{""good"": []}",22126.0,"{""good"": []}",0.0,"{""good"": []}",NSW,"{""good"": []}",91.275,"{""good"": []}",,,15.7073385,"{""good"": []}",15.1388768,"{""good"": []}",14.01435896,"{""good"": []}",168.2143004,"{""good"": []}",13.36270833,"{""good"": []}"
2026-09-30 08:18:00+00:00,Aberporth Automatic Weather Station,-4.57,52.14,0.0,"{""good"": []}",990.005,"{""good"": []}",,,15.85550346,"{""good"": []}",,,,,1100.0,"{""good"": []}",,"{""good"": []}",,"{""good"": []}",8.0,"{""good"": []}",,"{""good"": []}",,"{""good"": []}",8.0,"{""good"": []}",,,138.799523,"{""good"": []}",,,198.3807374,"{""good"": []}",,,0.0,"{""suspect"": [""1 case(s) of \""qc consistency check failed: expected radiation_sun_1_minute_mean to be above 0 if sunshine_1_minute_mean is above 0\""""]}",17.07851595,"{""good"": []}",18.07696153,"{""good"": []}",21403.5,"{""good"": []}",0.0,"{""good"": []}",NSW,"{""good"": []}",91.375,"{""good"": []}",,,15.70708865,"{""good"": []}",15.13771859,"{""good"": []}",14.01425389,"{""good"": []}",161.9192816,"{""good"": []}",15.92454167,"{""good"": []}"
2026-09-30 08:19:00+00:00,Aberporth Automatic Weather Station,-4.57,52.14,0.0,"{""good"": []}",989.99,"{""good"": []}",,,15.87761121,"{""good"": []}",,,,,1100.0,"{""good"": []}",,"{""good"": []}",,"{""good"": []}",8.0,"{""good"": []}",,"{""good"": []}",,"{""good"": []}",8.0,"{""good"": []}",,,140.6899538,"{""good"": []}",,,189.3645506,"{""good"": []}",,,0.0,"{""suspect"": [""1 case(s) of \""qc consistency check failed: expected radiation_sun_1_minute_mean to be above 0 if sunshine_1_minute_mean is above 0\""""]}",17.2330358,"{""good"": []}",18.23229051,"{""good"": []}",22483.0,"{""good"": []}",0.0,"{""good"": []}",NSW,"{""good"": []}",91.05,"{""good"": []}",,,15.70713862,"{""good"": []}",15.1374159,"{""good"": []}",14.01400369,"{""good"": []}",162.9843573,"{""good"": []}",15.45295833,"{""good"": []}"
2026-09-30 08:20:00+00:00,Aberporth Automatic Weather Station,-4.57,52.14,0.0,"{""good"": []}",989.96,"{""good"": []}",,,15.96640448,"{""good"": []}",,,,,1100.0,"{""good"": []}",,"{""good"": []}",,"{""good"": []}",8.0,"{""good"": []}",,"{""good"": []}",,"{""good"": []}",8.0,"{""good"": []}",,,143.216912,"{""good"": []}",,,229.5165461,"{""good"": []}",,,1.0,"{""good"": []}",17.50022128,"{""good"": []}",18.62159332,"{""good"": []}",22155.5,"{""good"": []}",0.0,"{""good"": []}",NSW,"{""good"": []}",91.225,"{""good"": []}",,,15.70759086,"{""good"": []}",15.13650784,"{""good"": []}",14.01390362,"{""good"": []}",164.269318,"{""good"": []}",14.12945833,"{""good"": []}"
2026-09-30 08:21:00+00:00,Aberporth Automatic Weather Station,-4.57,52.14,0.0,"{""good"": []}",989.93,"{""good"": []}",,,16.02900272,"{""good"": []}",,,,,1100.0,"{""good"": []}",,"{""good"": []}",,"{""good"": []}",8.0,"{""good"": []}",,"{""good"": []}",,"{""good"": []}",8.0,"{""good"": []}",,,146.8230914,"{""good"": []}",,,297.2930467,"{""good"": []}",,,1.0,"{""good"": []}",17.94041522,"{""good"": []}",19.25438867,"{""good"": []}",22711.0,"{""good"": []}",0.0,"{""good"": []}",NSW,"{""good"": []}",91.2,"{""good"": []}",,,15.70713862,"{""good"": []}",15.13534463,"{""good"": []}",14.01360338,"{""good"": []}",162.6996205,"{""good"": []}",17.93183333,"{""good"": []}"
2026-09-30 08:22:00+00:00,Aberporth Automatic Weather Station,-4.57,52.14,0.0,"{""good"": []}",989.95,"{""good"": []}",,,16.0528743,"{""good"": []}",,,,,1100.0,"{""good"": []}",,"{""good"": []}",,"{""good"": []}",8.0,"{""good"": []}",,"{""good"": []}",,"{""good"": []}",8.0,"{""good"": []}",,,150.6424152,"{""good"": []}",,,293.6942705,"{""good"": []}",,,1.0,"{""good"": []}",18.53925897,"{""good"": []}",20.02041091,"{""good"": []}",23624.5,"{""good"": []}",0.0,"{""good"": []}",NSW,"{""good"": []}",90.375,"{""good"": []}",,,15.70688376,"{""good"": []}",15.13499441,"{""good"": []}",14.01360338,"{""good"": []}",165.5971356,"{""good"": []}",19.41166667,"{""good"": []}"
2026-09-30 08:23:00+00:00,Aberporth Automatic Weather Station,-4.57,52.14,0.0,"{""good"": []}",989.97,"{""good"": []}",,,16.26067067,"{""good"": []}",,,,,1000.0,"{""good"": []}",,"{""good"": []}",,"{""good"": []}",8.0,"{""good"": []}",,"{""good"": []}",,"{""good"": []}",8.0,"{""good"": []}",,,154.5124894,"{""good"": []}",,,293.9833294,"{""good"": []}",,,1.0,"{""good"": []}",18.78518754,"{""good"": []}",20.16309908,"{""good"": []}",22079.0,"{""good"": []}",0.0,"{""good"": []}",NSW,"{""good"": []}",90.875,"{""good"": []}",,,15.70688376,"{""good"": []}",15.13403382,"{""good"": []}",14.0135008,"{""good"": []}",173.8307253,"{""good"": []}",18.31216667,"{""good"": []}"
2026-09-30 08:24:00+00:00,Aberporth Automatic Weather Station,-4.57,52.14,0.0,"{""good"": []}",990.02,"{""good"": []}",,,16.25659089,"{""good"": []}",,,,,1000.0,"{""good"": []}",,"{""good"": []}",,"{""good"": []}",8.0,"{""good"": []}",,"{""good"": []}",,"{""good"": []}",8.0,"{""good"": []}",,,159.3382151,"{""good"": []}",,,366.2992962,"{""good"": []}",,,1.0,"{""good"": []}",18.95668695,"{""good"": []}",20.22382048,"{""good"": []}",22762.0,"{""good"": []}",0.0,"{""good"": []}",NSW,"{""good"": []}",90.75,"{""good"": []}",,,15.70723606,"{""good"": []}",15.1336811,"{""good"": []}",14.01350331,"{""good"": []}",174.2065878,"{""good"": []}",17.14045833,"{""good"": []}"
2026-09-30 08:25:00+00:00,Aberporth Automatic Weather Station,-4.57,52.14,0.0,"{""good"": []}",990.08,"{""good"": []}",,,16.32432821,"{""good"": []}",,,,,1000.0,"{""good"": []}",,"{""good"": []}",,"{""good"": []}",8.0,"{""good"": []}",,"{""good"": []}",,"{""good"": []}",8.0,"{""good"": []}",,,164.4247644,"{""good"": []}",,,390.4170324,"{""good"": []}",,,1.0,"{""good"": []}",19.40171291,"{""good"": []}",20.71020109,"{""good"": []}",22186.0,"{""good"": []}",0.0,"{""good"": []}",NSW,"{""good"": []}",90.8,"{""good"": []}",,,15.70729103,"{""good"": []}",15.1323703,"{""good"": []}",14.01299292,"{""good"": []}",180.957865,"{""good"": []}",16.33941667,"{""good"": []}"
2026-09-30 08:26:00+00:00,Aberporth Automatic Weather Station,-4.57,52.14,0.0,"{""good"": []}",990.105,"{""good"": []}",,,16.45552318,"{""good"": []}",,,,,1000.0,"{""good"": []}",,"{""good"": []}",,"{""good"": []}",8.0,"{""good"": []}",,"{""good"": []}",,"{""good"": []}",8.0,"{""good"": []}",,,168.0096241,"{""good"": []}",,,314.1120621,"{""good"": []}",,,1.0,"{""good"": []}",19.89020462,"{""good"": []}",21.22955875,"{""good"": []}",23206.5,"{""good"": []}",0.0,"{""good"": []}",NSW,"{""good"": []}",90.95,"{""good"": []}",,,15.70703618,"{""good"": []}",15.13196755,"{""good"": []}",14.0128428,"{""good"": []}",176.2593201,"{""good"": []}",12.76758333,"{""good"": []}"
2026-09-30 08:27:00+00:00,Aberporth Automatic Weather Station,-4.57,52.14,0.0,"{""good"": []}",990.095,"{""good"": []}",,,16.40586881,"{""good"": []}",,,,,1000.0,"{""good"": []}",,"{""good"": []}",,"{""good"": []}",8.0,"{""good"": []}",,"{""good"": []}",,"{""good"": []}",8.0,"{""good"": []}",,,169.1614286,"{""good"": []}",,,172.0507928,"{""good"": []}",,,0.0,"{""good"": []}",19.50380254,"{""good"": []}",20.38916771,"{""good"": []}",23461.0,"{""good"": []}",0.0,"{""good"": []}",NSW,"{""good"": []}",90.7,"{""good"": []}",,,15.70693623,"{""good"": []}",15.13121208,"{""good"": []}",14.01269269,"{""good"": []}",186.4649155,"{""good"": []}",12.96154167,"{""good"": []}"
2026-09-30 08:28:00+00:00,Aberporth Automatic Weather Station,-4.57,52.14,0.0,"{""good"": []}",990.105,"{""good"": []}",,,16.35233202,"{""good"": []}",,,,,1000.0,"{""good"": []}",,"{""good"": []}",,"{""good"": []}",8.0,"{""good"": []}",,"{""good"": []}",,"{""good"": []}",8.0,"{""good"": []}",,,170.7654666,"{""good"": []}",,,167.8580229,"{""good"": []}",,,0.0,"{""good"": []}",18.82633721,"{""good"": []}",19.3012104,"{""good"": []}",22910.5,"{""good"": []}",0.0,"{""good"": []}",NSW,"{""good"": []}",89.35,"{""good"": []}",,,15.70683629,"{""good"": []}",15.13116206,"{""good"": []}",14.01238995,"{""good"": []}",174.4496536,"{""good"": []}",12.8765,"{""good"": []}"
2026-09-30 08:29:00+00:00,Aberporth Automatic Weather Station,-4.57,52.14,0.0,"{""good"": []}",990.11,"{""good"": []}",,,16.32735119,"{""good"": []}",,,,,1000.0,"{""good"": []}",,"{""good"": []}",,"{""good"": []}",8.0,"{""good"": []}",,"{""good"": []}",,"{""good"": []}",8.0,"{""good"": []}",,,172.8823805,"{""good"": []}",,,223.0700573,"{""good"": []}",,,0.0,"{""suspect"": [""1 case(s) of \""qc consistency check failed: expected radiation_sun_1_minute_mean to be above 0 if sunshine_1_minute_mean is above 0\""""]}",18.66149621,"{""good"": []}",19.13974209,"{""good"": []}",22460.0,"{""good"": []}",0.0,"{""good"": []}",NSW,"{""good"": []}",89.4,"{""good"": []}",,,15.70668387,"{""good"": []}",15.1302565,"{""good"": []}",14.01228987,"{""good"": []}",174.2063997,"{""good"": []}",12.65633333,"{""good"": []}"
2026-09-30 08:30:00+00:00,Aberporth Automatic Weather Station,-4.57,52.14,0.0,"{""good"": []}",990.11,"{""good"": []}",,,16.50276417,"{""good"": []}",,,,,1000.0,"{""good"": []}",,"{""good"": []}",,"{""good"": []}",8.0,"{""good"": []}",,"{""good"": []}",,"{""good"": []}",8.0,"{""good"": []}",,,175.7258664,"{""good"": []}",,,279.4917794,"{""good"": []}",,,1.0,"{""good"": []}",18.75170067,"{""good"": []}",19.44098376,"{""good"": []}",21764.0,"{""good"": []}",0.0,"{""good"": []}",NSW,"{""good"": []}",90.575,"{""good"": []}",,,15.70638154,"{""good"": []}",15.13030653,"{""good"": []}",14.01203468,"{""good"": []}",174.4086842,"{""good"": []}",13.2445,"{""good"": []}"
2026-09-30 08:31:00+00:00,Aberporth Automatic Weather Station,-4.57,52.14,0.0,"{""good"": []}",990.1,"{""good"": []}",,,16.43633598,"{""good"": []}",,,,,1000.0,"{""good"": []}",,"{""good"": []}",,"{""good"": []}",8.0,"{""good"": []}",,"{""good"": []}",,"{""good"": []}",8.0,"{""good"": []}",,,178.9802345,"{""good"": []}",,,288.4305397,"{""good"": []}",,,1.0,"{""good"": []}",19.26754053,"{""good"": []}",20.3145017,"{""good"": []}",21148.0,"{""good"": []}",0.0,"{""good"": []}",NSW,"{""good"": []}",90.475,"{""good"": []}",,,15.70683629,"{""good"": []}",15.12990378,"{""good"": []}",14.01183202,"{""good"": []}",172.6883523,"{""good"": []}",13.70241667,"{""good"": []}"
2026-09-30 08:32:00+00:00,Aberporth Automatic Weather Station,-4.57,52.14,0.0,"{""good"": []}",990.06,"{""good"": []}",,,16.57075381,"{""good"": []}",,,,,1000.0,"{""good"": []}",,"{""good"": []}",,"{""good"": []}",8.0,"{""good"": []}",,"{""good"": []}",,"{""good"": []}",8.0,"{""good"": []}",,,182.0937138,"{""good"": []}",,,283.3673923,"{""good"": []}",,,1.0,"{""good"": []}",19.49045577,"{""good"": []}",20.56423596,"{""good"": []}",21988.5,"{""good"": []}",0.0,"{""good"": []}",NSW,"{""good"": []}",90.8,"{""good"": []}",,,15.70668638,"{""good"": []}",15.12904075,"{""good"": []}",14.01183452,"{""good"": []}",180.5640281,"{""good"": []}",13.79458333,"{""good"": []}"
2026-09-30 08:33:00+00:00,Aberporth Automatic Weather Station,-4.57,52.14,0.0,"{""good"": []}",990.065,"{""good"": []}",,,16.50453049,"{""good"": []}",,,,,1000.0,"{""good"": []}",,"{""good"": []}",,"{""good"": []}",8.0,"{""good"": []}",,"{""good"": []}",,"{""good"": []}",8.0,"{""good"": []}",,,186.202282,"{""good"": []}",,,337.5202293,"{""good"": []}",,,1.0,"{""good"": []}",19.60453302,"{""good"": []}",20.63034488,"{""good"": []}",21734.0,"{""good"": []}",0.0,"{""good"": []}",NSW,"{""good"": []}",89.95,"{""good"": []}",,,15.70623413,"{""good"": []}",15.12904325,"{""good"": []}",14.01153179,"{""good"": []}",168.0135283,"{""good"": []}",14.38329167,"{""good"": []}"
2026-09-30 08:34:00+00:00,Aberporth Automatic Weather Station,-4.57,52.14,0.0,"{""good"": []}",990.08,"{""good"": []}",,,16.75311715,"{""good"": []}",,,,,1000.0,"{""good"": []}",,"{""good"": []}",,"{""good"": []}",8.0,"{""good"": []}",,"{""good"": []}",,"{""good"": []}",8.0,"{""good"": []}",,,190.50734,"{""good"": []}",,,326.4468663,"{""good"": []}",,,1.0,"{""good"": []}",20.08728326,"{""good"": []}",21.30427721,"{""good"": []}",22266.0,"{""good"": []}",0.0,"{""good"": []}",NSW,"{""good"": []}",90.85,"{""good"": []}",,,15.70648149,"{""good"": []}",15.12894069,"{""good"": []}",14.01138167,"{""good"": []}",174.3591949,"{""good"": []}",13.98933333,"{""good"": []}"
2026-09-30 08:35:00+00:00,Aberporth Automatic Weather Station,-4.57,52.14,0.0,"{""good"": []}",990.09,"{""good"": []}",,,16.7007396,"{""good"": []}",,,,,1000.0,"{""good"": []}",,"{""good"": []}",,"{""good"": []}",8.0,"{""good"": []}",,"{""good"": []}",,"{""good"": []}",8.0,"{""good"": []}",,,192.7565625,"{""good"": []}",,,211.705601,"{""good"": []}",,,0.0,"{""suspect"": [""1 case(s) of \""qc consistency check failed: expected radiation_sun_1_minute_mean to be above 0 if sunshine_1_minute_mean is above 0\""""]}",20.0651244,"{""good"": []}",21.19708126,"{""good"": []}",24177.0,"{""good"": []}",0.0,"{""good"": []}",NSW,"{""good"": []}",90.375,"{""good"": []}",,,15.70613168,"{""good"": []}",15.12889066,"{""good"": []}",14.01102891,"{""good"": []}",179.3880454,"{""good"": []}",12.86354167,"{""good"": []}"
2026-09-30 08:36:00+00:00,Aberporth Automatic Weather Station,-4.57,52.14,0.0,"{""good"": []}",990.055,"{""good"": []}",,,16.46549653,"{""good"": []}",,,,,1000.0,"{""good"": []}",,"{""good"": []}",,"{""good"": []}",8.0,"{""good"": []}",,"{""good"": []}",,"{""good"": []}",8.0,"{""good"": []}",,,192.9025452,"{""good"": []}",,,111.044676,"{""good"": []}",,,0.0,"{""good"": []}",19.46778972,"{""good"": []}",20.34752868,"{""good"": []}",23039.5,"{""good"": []}",0.0,"{""good"": []}",NSW,"{""good"": []}",88.55,"{""good"": []}",,,15.70653396,"{""good"": []}",15.12833532,"{""good"": []}",14.01082875,"{""good"": []}",183.2887915,"{""good"": []}",17.032125,"{""good"": []}"
2026-09-30 08:37:00+00:00,Aberporth Automatic Weather Station,-4.57,52.14,0.0,"{""good"": []}",990.08,"{""good"": []}",,,16.3884904,"{""good"": []}",,,,,1000.0,"{""good"": []}",,"{""good"": []}",,"{""good"": []}",8.0,"{""good"": []}",,"{""good"": []}",,"{""good"": []}",8.0,"{""good"": []}",,,192.5022998,"{""good"": []}",,,97.34802669,"{""good"": []}",,,0.0,"{""good"": []}",18.54887806,"{""good"": []}",19.07957518,"{""good"": []}",22478.0,"{""good"": []}",0.0,"{""good"": []}",NSW,"{""good"": []}",88.125,"{""good"": []}",,,15.70648399,"{""good"": []}",15.12884313,"{""good"": []}",14.01072617,"{""good"": []}",175.7436929,"{""good"": []}",16.81308333,"{""good"": []}"
2026-09-30 08:38:00+00:00,Aberporth Automatic Weather Station,-4.57,52.14,0.0,"{""good"": []}",990.05,"{""good"": []}",,,16.22718051,"{""good"": []}",,,,,1000.0,"{""good"": []}",,"{""good"": []}",,"{""good"": []}",8.0,"{""good"": []}",,"{""good"": []}",,"{""good"": []}",8.0,"{""good"": []}",,,192.646729,"{""good"": []}",,,91.73710379,"{""good"": []}",,,0.0,"{""good"": []}",17.75098937,"{""good"": []}",18.04856276,"{""good"": []}",22705.5,"{""good"": []}",0.0,"{""good"": []}",NSW,"{""good"": []}",87.325,"{""good"": []}",,,15.70648149,"{""good"": []}",15.12884313,"{""good"": []}",14.01032086,"{""good"": []}",179.2750567,"{""good"": []}",17.957,"{""good"": []}"
2026-09-30 08:39:00+00:00,Aberporth Automatic Weather Station,-4.57,52.14,0.0,"{""good"": []}",990.055,"{""good"": []}",,,16.17268937,"{""good"": []}",,,,,1000.0,"{""good"": []}",,"{""good"": []}",,"{""good"": []}",8.0,"{""good"": []}",,"{""good"": []}",,"{""good"": []}",8.0,"{""good"": []}",,,194.5386844,"{""good"": []}",,,219.8470146,"{""good"": []}",,,0.0,"{""suspect"": [""1 case(s) of \""qc consistency check failed: expected radiation_sun_1_minute_mean to be above 0 if sunshine_1_minute_mean is above 0\""""]}",17.52656506,"{""good"": []}",17.88633515,"{""good"": []}",22331.5,"{""good"": []}",0.0,"{""good"": []}",NSW,"{""good"": []}",87.25,"{""good"": []}",,,15.70618165,"{""good"": []}",15.12909328,"{""good"": []}",14.01017074,"{""good"": []}",176.9001309,"{""good"": []}",15.58008333,"{""good"": []}"
2026-09-30 08:40:00+00:00,Aberporth Automatic Weather Station,-4.57,52.14,0.0,"{""good"": []}",990.09,"{""good"": []}",,,16.28696313,"{""good"": []}",,,,,1000.0,"{""good"": []}",5100.0,"{""good"": []}",,"{""good"": []}",7.0,"{""good"": []}",3.0,"{""good"": []}",,"{""good"": []}",8.0,"{""good"": []}",,,196.3974595,"{""good"": []}",,,232.2007829,"{""good"": []}",,,0.0,"{""suspect"": [""1 case(s) of \""qc consistency check failed: expected radiation_sun_1_minute_mean to be above 0 if sunshine_1_minute_mean is above 0\""""]}",17.86209595,"{""good"": []}",18.44380758,"{""good"": []}",23349.0,"{""good"": []}",0.0,"{""good"": []}",NSW,"{""good"": []}",88.25,"{""good"": []}",,,15.70602924,"{""good"": []}",15.12899572,"{""good"": []}",14.00986802,"{""good"": []}",174.4450716,"{""good"": []}",15.93116667,"{""good"": []}"
2026-09-30 08:41:00+00:00,Aberporth Automatic Weather Station,-4.57,52.14,0.0,"{""good"": []}",990.045,"{""good"": []}",,,16.2358947,"{""good"": []}",,,,,1000.0,"{""good"": []}",5100.0,"{""good"": []}",,"{""good"": []}",7.0,"{""good"": []}",3.0,"{""good"": []}",,"{""good"": []}",8.0,"{""good"": []}",,,197.0897018,"{""good"": []}",,,176.3643406,"{""good"": []}",,,0.0,"{""suspect"": [""1 case(s) of \""qc consistency check failed: expected radiation_sun_1_minute_mean to be above 0 if sunshine_1_minute_mean is above 0\""""]}",18.1635853,"{""good"": []}",18.88169551,"{""good"": []}",23377.5,"{""good"": []}",0.0,"{""good"": []}",NSW,"{""good"": []}",87.075,"{""good"": []}",,,15.70633407,"{""good"": []}",15.12934844,"{""good"": []}",14.00961532,"{""good"": []}",172.479629,"{""good"": []}",20.18433333,"{""good"": []}"
2026-09-30 08:42:00+00:00,Aberporth Automatic Weather Station,-4.57,52.14,0.0,"{""good"": []}",990.005,"{""good"": []}",,,16.21504611,"{""good"": []}",,,,,1000.0,"{""good"": []}",5100.0,"{""good"": []}",,"{""good"": []}",7.0,"{""good"": []}",3.0,"{""good"": []}",,"{""good"": []}",8.0,"{""good"": []}",,,197.9333069,"{""good"": []}",,,139.3227446,"{""good"": []}",,,0.0,"{""good"": []}",17.90601641,"{""good"": []}",18.52079396,"{""good"": []}",24550.5,"{""good"": []}",0.0,"{""good"": []}",NSW,"{""good"": []}",85.25,"{""good"": []}",,,15.70602924,"{""good"": []}",15.12924337,"{""good"": []}",14.00956278,"{""good"": []}",174.952327,"{""good"": []}",18.70554167,"{""good"": []}"
2026-09-30 08:43:00+00:00,Aberporth Automatic Weather Station,-4.57,52.14,0.0,"{""good"": []}",990.065,"{""good"": []}",,,16.30393431,"{""good"": []}",,,,,1000.0,"{""good"": []}",,"{""good"": []}",,"{""good"": []}",7.0,"{""good"": []}",,"{""good"": []}",,"{""good"": []}",7.0,"{""good"": []}",,,199.0174604,"{""good"": []}",,,146.0911352,"{""good"": []}",,,0.0,"{""suspect"": [""1 case(s) of \""qc consistency check failed: expected radiation_sun_1_minute_mean to be above 0 if sunshine_1_minute_mean is above 0\""""]}",17.55728614,"{""good"": []}",18.06300941,"{""good"": []}",24403.0,"{""good"": []}",0.0,"{""good"": []}",NSW,"{""good"": []}",85.175,"{""good"": []}",,,15.70618166,"{""good"": []}",15.12989877,"{""good"": []}",14.00931008,"{""good"": []}",173.0710519,"{""good"": []}",17.09195833,"{""good"": []}"
2026-09-30 08:44:00+00:00,Aberporth Automatic Weather Station,-4.57,52.14,0.0,"{""good"": []}",990.06,"{""good"": []}",,,16.29154508,"{""good"": []}",,,,,1000.0,"{""good"": []}",,"{""good"": []}",,"{""good"": []}",7.0,"{""good"": []}",,"{""good"": []}",,"{""good"": []}",7.0,"{""good"": []}",,,199.8223236,"{""good"": []}",,,129.4263335,"{""good"": []}",,,0.0,"{""good"": []}",17.17828701,"{""good"": []}",17.54561745,"{""good"": []}",25010.5,"{""good"": []}",0.0,"{""good"": []}",NSW,"{""good"": []}",85.275,"{""good"": []}",,,15.70643401,"{""good"": []}",15.13060671,"{""good"": []}",14.00931008,"{""good"": []}",177.4067864,"{""good"": []}",14.38883333,"{""good"": []}"
2026-09-30 08:45:00+00:00,Aberporth Automatic Weather Station,-4.57,52.14,0.0,"{""good"": []}",990.085,"{""good"": []}",,,16.28217633,"{""good"": []}",,,,,1000.0,"{""good"": []}",,"{""good"": []}",,"{""good"": []}",6.0,"{""good"": []}",,"{""good"": []}",,"{""good"": []}",6.0,"{""good"": []}",,,200.5724263,"{""good"": []}",,,135.8212807,"{""good"": []}",,,0.0,"{""good"": []}",17.16252422,"{""good"": []}",17.57925137,"{""good"": []}",23938.0,"{""good"": []}",0.0,"{""good"": []}",NSW,"{""good"": []}",85.875,"{""good"": []}",,,15.70587683,"{""good"": []}",15.13085687,"{""good"": []}",14.00900986,"{""good"": []}",172.7060009,"{""good"": []}",17.984125,"{""good"": []}"
2026-09-30 08:46:00+00:00,Aberporth Automatic Weather Station,-4.57,52.14,0.0,"{""good"": []}",990.085,"{""good"": []}",,,16.28519681,"{""good"": []}",,,,,1000.0,"{""good"": []}",,"{""good"": []}",,"{""good"": []}",6.0,"{""good"": []}",,"{""good"": []}",,"{""good"": []}",6.0,"{""good"": []}",,,201.7158971,"{""good"": []}",,,152.0068096,"{""good"": []}",,,0.0,"{""suspect"": [""1 case(s) of \""qc consistency check failed: expected radiation_sun_1_minute_mean to be above 0 if sunshine_1_minute_mean is above 0\""""]}",17.02537867,"{""good"": []}",17.39945499,"{""good"": []}",23610.0,"{""good"": []}",0.0,"{""good"": []}",NSW,"{""good"": []}",86.025,"{""good"": []}",,,15.70658393,"{""good"": []}",15.13085937,"{""good"": []}",14.00895982,"{""good"": []}",174.8096578,"{""good"": []}",15.05395833,"{""good"": []}"
2026-09-30 08:47:00+00:00,Aberporth Automatic Weather Station,-4.57,52.14,0.0,"{""good"": []}",990.145,"{""good"": []}",,,16.28539918,"{""good"": []}",,,,,1000.0,"{""good"": []}",,"{""good"": []}",,"{""good"": []}",6.0,"{""good"": []}",,"{""good"": []}",,"{""good"": []}",6.0,"{""good"": []}",,,203.2329726,"{""good"": []}",,,203.3186815,"{""good"": []}",,,0.0,"{""suspect"": [""1 case(s) of \""qc consistency check failed: expected radiation_sun_1_minute_mean to be above 0 if sunshine_1_minute_mean is above 0\""""]}",17.25761567,"{""good"": []}",17.77556499,"{""good"": []}",22943.5,"{""good"": []}",0.0,"{""good"": []}",NSW,"{""good"": []}",86.3,"{""good"": []}",,,15.7059293,"{""good"": []}",15.13181746,"{""good"": []}",14.00865959,"{""good"": []}",177.8010809,"{""good"": []}",17.77175,"{""good"": []}"
2026-09-30 08:48:00+00:00,Aberporth Automatic Weather Station,-4.57,52.14,0.0,"{""good"": []}",990.13,"{""good"": []}",,,16.33072893,"{""good"": []}",,,,,1000.0,"{""good"": []}",,"{""good"": []}",,"{""good"": []}",5.0,"{""good"": []}",,"{""good"": []}",,"{""good"": []}",5.0,"{""good"": []}",,,206.202256,"{""good"": []}",,,297.6188043,"{""good"": []}",,,1.0,"{""good"": []}",17.69553851,"{""good"": []}",18.39733552,"{""good"": []}",23766.5,"{""good"": []}",0.0,"{""good"": []}",NSW,"{""good"": []}",85.3,"{""good"": []}",,,15.70537461,"{""good"": []}",15.13247036,"{""good"": []}",14.00820423,"{""good"": []}",173.989105,"{""good"": []}",17.72091667,"{""good"": []}"
2026-09-30 08:49:00+00:00,Aberporth Automatic Weather Station,-4.57,52.14,0.0,"{""good"": []}",990.155,"{""good"": []}",,,16.51439891,"{""good"": []}",,,,,1000.0,"{""good"": []}",,"{""good"": []}",,"{""good"": []}",5.0,"{""good"": []}",,"{""good"": []}",,"{""good"": []}",5.0,"{""good"": []}",,,208.569956,"{""good"": []}",,,279.6321926,"{""good"": []}",,,1.0,"{""good"": []}",18.49141344,"{""good"": []}",19.46671499,"{""good"": []}",24031.0,"{""good"": []}",0.0,"{""good"": []}",NSW,"{""good"": []}",84.825,"{""good"": []}",,,15.70572691,"{""good"": []}",15.13272301,"{""good"": []}",14.00825677,"{""good"": []}",184.4137957,"{""good"": []}",18.63595833,"{""good"": []}"
2026-09-30 08:50:00+00:00,Aberporth Automatic Weather Station,-4.57,52.14,0.0,"{""good"": []}",990.22,"{""good"": []}",,,16.5722653,"{""good"": []}",,,,,1000.0,"{""good"": []}",,"{""good"": []}",,"{""good"": []}",4.0,"{""good"": []}",,"{""good"": []}",,"{""good"": []}",4.0,"{""good"": []}",,,210.5127588,"{""good"": []}",,,282.1028786,"{""good"": []}",,,1.0,"{""good"": []}",18.80438323,"{""good"": []}",19.79056078,"{""good"": []}",25230.0,"{""good"": []}",0.0,"{""good"": []}",NSW,"{""good"": []}",85.175,"{""good"": []}",,,15.70567694,"{""good"": []}",15.13439154,"{""good"": []}",14.007899,"{""good"": []}",186.3597319,"{""good"": []}",17.27645833,"{""good"": []}"
2026-09-30 08:51:00+00:00,Aberporth Automatic Weather Station,-4.57,52.14,0.0,"{""good"": []}",990.195,"{""good"": []}",,,16.56849032,"{""good"": []}",,,,,1000.0,"{""good"": []}",,"{""good"": []}",,"{""good"": []}",4.0,"{""good"": []}",,"{""good"": []}",,"{""good"": []}",4.0,"{""good"": []}",,,213.7998426,"{""good"": []}",,,363.2636971,"{""good"": []}",,,1.0,"{""good"": []}",19.2494067,"{""good"": []}",20.33962348,"{""good"": []}",24810.0,"{""good"": []}",0.0,"{""good"": []}",NSW,"{""good"": []}",84.325,"{""good"": []}",,,15.70577939,"{""good"": []}",15.13489185,"{""good"": []}",14.00769885,"{""good"": []}",182.0031937,"{""good"": []}",15.004625,"{""good"": []}"
2026-09-30 08:52:00+00:00,Aberporth Automatic Weather Station,-4.57,52.14,0.0,"{""good"": []}",990.25,"{""good"": []}",,,16.75961782,"{""good"": []}",,,,,1000.0,"{""good"": []}",,"{""good"": []}",,"{""good"": []}",4.0,"{""good"": []}",,"{""good"": []}",,"{""good"": []}",4.0,"{""good"": []}",,,216.6647784,"{""good"": []}",,,342.9037367,"{""good"": []}",,,1.0,"{""good"": []}",19.79390641,"{""good"": []}",20.99799769,"{""good"": []}",25138.0,"{""good"": []}",0.0,"{""good"": []}",NSW,"{""good"": []}",84.8,"{""good"": []}",,,15.70567694,"{""good"": []}",15.13610259,"{""good"": []}",14.00739861,"{""good"": []}",180.8400071,"{""good"": []}",14.71420833,"{""good"": []}"
2026-09-30 08:53:00+00:00,Aberporth Automatic Weather Station,-4.57,52.14,0.0,"{""good"": []}",990.25,"{""good"": []}",,,16.77905485,"{""good"": []}",,,,,1000.0,"{""good"": []}",,"{""good"": []}",,"{""good"": []}",4.0,"{""good"": []}",,"{""good"": []}",,"{""good"": []}",4.0,"{""good"": []}",,,219.2975912,"{""good"": []}",,,333.2961862,"{""good"": []}",,,1.0,"{""good"": []}",20.14333875,"{""good"": []}",21.38845943,"{""good"": []}",25686.5,"{""good"": []}",0.0,"{""good"": []}",NSW,"{""good"": []}",85.15,"{""good"": []}",,,15.70587933,"{""good"": []}",15.13640778,"{""good"": []}",14.00714842,"{""good"": []}",177.8698118,"{""good"": []}",16.20995833,"{""good"": []}"
2026-09-30 08:54:00+00:00,Aberporth Automatic Weather Station,-4.57,52.14,0.0,"{""good"": []}",990.24,"{""good"": []}",,,16.82256832,"{""good"": []}",,,,,1200.0,"{""good"": []}",2500.0,"{""good"": []}",,"{""good"": []}",4.0,"{""good"": []}",,"{""good"": []}",,"{""good"": []}",4.0,"{""good"": []}",,,221.8742729,"{""good"": []}",,,333.7972776,"{""good"": []}",,,1.0,"{""good"": []}",20.33936054,"{""good"": []}",21.60446236,"{""good"": []}",24699.5,"{""good"": []}",0.0,"{""good"": []}",NSW,"{""good"": []}",85.075,"{""good"": []}",,,15.70552453,"{""good"": []}",15.13766606,"{""good"": []}",14.00694827,"{""good"": []}",175.6767239,"{""good"": []}",15.90916667,"{""good"": []}"
2026-09-30 08:55:00+00:00,Aberporth Automatic Weather Station,-4.57,52.14,0.0,"{""good"": []}",990.21,"{""good"": []}",,,16.77880252,"{""good"": []}",,,,,1200.0,"{""good"": []}",,"{""good"": []}",,"{""good"": []}",4.0,"{""good"": []}",,"{""good"": []}",,"{""good"": []}",4.0,"{""good"": []}",,,224.2309183,"{""good"": []}",,,329.3641973,"{""good"": []}",,,1.0,"{""good"": []}",20.48073599,"{""good"": []}",21.74468531,"{""good"": []}",22747.5,"{""good"": []}",0.0,"{""good"": []}",NSW,"{""good"": []}",84.55,"{""good"": []}",,,15.70582686,"{""good"": []}",15.13892933,"{""good"": []}",14.00669057,"{""good"": []}",174.7997367,"{""good"": []}",19.16420833,"{""good"": []}"
2026-09-30 08:56:00+00:00,Aberporth Automatic Weather Station,-4.57,52.14,0.0,"{""good"": []}",990.215,"{""good"": []}",,,16.74208701,"{""good"": []}",,,,,1200.0,"{""good"": []}",,"{""good"": []}",,"{""good"": []}",3.0,"{""good"": []}",,"{""good"": []}",,"{""good"": []}",3.0,"{""good"": []}",,,225.8400644,"{""good"": []}",,,302.5760478,"{""good"": []}",,,1.0,"{""good"": []}",20.44069814,"{""good"": []}",21.63139998,"{""good"": []}",22698.5,"{""good"": []}",0.0,"{""good"": []}",NSW,"{""good"": []}",83.8,"{""good"": []}",,,15.7059293,"{""good"": []}",15.14028767,"{""good"": []}",14.00648792,"{""good"": []}",178.1796481,"{""good"": []}",17.3165,"{""good"": []}"
2026-09-30 08:57:00+00:00,Aberporth Automatic Weather Station,-4.57,52.14,0.0,"{""good"": []}",990.245,"{""good"": []}",,,16.80685631,"{""good"": []}",,,,,1200.0,"{""good"": []}",,"{""good"": []}",,"{""good"": []}",3.0,"{""good"": []}",,"{""good"": []}",,"{""good"": []}",3.0,"{""good"": []}",,,227.4780868,"{""good"": []}",,,303.9981969,"{""good"": []}",,,1.0,"{""good"": []}",20.33729681,"{""good"": []}",21.46997912,"{""good"": []}",23425.5,"{""good"": []}",0.0,"{""good"": []}",NSW,"{""good"": []}",84.5,"{""good"": []}",,,15.70562697,"{""good"": []}",15.14104563,"{""good"": []}",14.00643788,"{""good"": []}",168.9954898,"{""good"": []}",17.49983333,"{""good"": []}"
2026-09-30 08:58:00+00:00,Aberporth Automatic Weather Station,-4.57,52.14,0.0,"{""good"": []}",990.23,"{""good"": []}",,,16.77935715,"{""good"": []}",,,,,1200.0,"{""good"": []}",,"{""good"": []}",,"{""good"": []}",3.0,"{""good"": []}",,"{""good"": []}",,"{""good"": []}",3.0,"{""good"": []}",,,229.8659783,"{""good"": []}",,,350.0059312,"{""good"": []}",,,1.0,"{""good"": []}",20.31996998,"{""good"": []}",21.4097098,"{""good"": []}",21951.0,"{""good"": []}",0.0,"{""good"": []}",NSW,"{""good"": []}",84.725,"{""good"": []}",,,15.70547456,"{""good"": []}",15.14261159,"{""good"": []}",14.00613765,"{""good"": []}",169.8754916,"{""good"": []}",18.52633333,"{""good"": []}"
2026-09-30 08:59:00+00:00,Aberporth Automatic Weather Station,-4.57,52.14,0.0,"{""good"": []}",990.26,"{""good"": []}",,,16.79824205,"{""good"": []}",,,,,1200.0,"{""good"": []}",2500.0,"{""good"": []}",,"{""good"": []}",3.0,"{""good"": []}",,"{""good"": []}",,"{""good"": []}",3.0,"{""good"": []}",,,231.7882821,"{""good"": []}",,,318.199654,"{""good"": []}",,,1.0,"{""good"": []}",20.49317832,"{""good"": []}",21.61141094,"{""good"": []}",21933.5,"{""good"": []}",0.0,"{""good"": []}",NSW,"{""good"": []}",84.725,"{""good"": []}",,,15.70552453,"{""good"": []}",15.14371978,"{""good"": []}",14.00598503,"{""good"": []}",172.1100581,"{""good"": []}",18.16108333,"{""good"": []}"
2026-09-30 09:00:00+00:00,Aberporth Automatic Weather Station,-4.57,52.14,0.0,"{""good"": []}",990.225,"{""good"": []}",,,16.7260702,"{""good"": []}",,,,,1300.0,"{""good"": []}",,"{""good"": []}",,"{""good"": []}",4.0,"{""good"": []}",,"{""good"": []}",,"{""good"": []}",4.0,"{""good"": []}",,,234.4373139,"{""good"": []}",,,347.7770344,"{""good"": []}",,,1.0,"{""good"": []}",20.46527551,"{""good"": []}",21.55602461,"{""good"": []}",22440.5,"{""good"": []}",0.0,"{""good"": []}",NSW,"{""good"": []}",84.425,"{""good"": []}",,,15.70572442,"{""good"": []}",15.14563345,"{""good"": []}",14.00572983,"{""good"": []}",177.6875256,"{""good"": []}",18.22141667,"{""good"": []}"
2026-09-30 09:01:00+00:00,Aberporth Automatic Weather Station,-4.57,52.14,0.0,"{""good"": []}",990.225,"{""good"": []}",,,16.81284731,"{""good"": []}",,,,,1400.0,"{""good"": []}",,"{""good"": []}",,"{""good"": []}",4.0,"{""good"": []}",,"{""good"": []}",,"{""good"": []}",4.0,"{""good"": []}",,,236.793347,"{""good"": []}",,,347.6833669,"{""good"": []}",,,1.0,"{""good"": []}",20.62966928,"{""good"": []}",21.75027514,"{""good"": []}",23216.0,"{""good"": []}",0.0,"{""good"": []}",NSW,"{""good"": []}",84.775,"{""good"": []}",,,15.70542458,"{""good"": []}",15.14644395,"{""good"": []}",14.00547714,"{""good"": []}",172.5632258,"{""good"": []}",14.23854167,"{""good"": []}"
2026-09-30 09:02:00+00:00,Aberporth Automatic Weather Station,-4.57,52.14,0.0,"{""good"": []}",990.245,"{""good"": []}",,,16.87660727,"{""good"": []}",,,,,1400.0,"{""good"": []}",,"{""good"": []}",,"{""good"": []}",4.0,"{""good"": []}",,"{""good"": []}",,"{""good"": []}",4.0,"{""good"": []}",,,239.0283906,"{""good"": []}",,,346.7970838,"{""good"": []}",,,1.0,"{""good"": []}",20.80161341,"{""good"": []}",21.90540182,"{""good"": []}",23020.5,"{""good"": []}",0.0,"{""good"": []}",NSW,"{""good"": []}",85.475,"{""good"": []}",,,15.70562697,"{""good"": []}",15.14865781,"{""good"": []}",14.00502679,"{""good"": []}",171.7315764,"{""good"": []}",14.84975,"{""good"": []}"
2026-09-30 09:03:00+00:00,Aberporth Automatic Weather Station,-4.57,52.14,0.0,"{""good"": []}",990.23,"{""good"": []}",,,16.90939291,"{""good"": []}",,,,,1400.0,"{""good"": []}",,"{""good"": []}",,"{""good"": []}",3.0,"{""good"": []}",,"{""good"": []}",,"{""good"": []}",3.0,"{""good"": []}",,,241.1832201,"{""good"": []}",,,351.8164848,"{""good"": []}",,,1.0,"{""good"": []}",20.95804957,"{""good"": []}",22.02402472,"{""good"": []}",24204.0,"{""good"": []}",0.0,"{""good"": []}",NSW,"{""good"": []}",85.25,"{""good"": []}",,,15.70537211,"{""good"": []}",15.15007368,"{""good"": []}",14.00502679,"{""good"": []}",169.1103549,"{""good"": []}",17.00608333,"{""good"": []}"
2026-09-30 09:04:00+00:00,Aberporth Automatic Weather Station,-4.57,52.14,0.0,"{""good"": []}",990.255,"{""good"": []}",,,16.89317622,"{""good"": []}",,,,,1400.0,"{""good"": []}",,"{""good"": []}",,"{""good"": []}",3.0,"{""good"": []}",,"{""good"": []}",,"{""good"": []}",3.0,"{""good"": []}",,,244.2181164,"{""good"": []}",,,357.9238592,"{""good"": []}",,,1.0,"{""good"": []}",21.08914885,"{""good"": []}",22.10307668,"{""good"": []}",23326.5,"{""good"": []}",0.0,"{""good"": []}",NSW,"{""good"": []}",84.625,"{""good"": []}",,,15.70537462,"{""good"": []}",15.15133446,"{""good"": []}",14.00472656,"{""good"": []}",170.7891643,"{""good"": []}",17.67354167,"{""good"": []}"
2026-09-30 09:05:00+00:00,Aberporth Automatic Weather Station,-4.57,52.14,0.0,"{""good"": []}",990.25,"{""good"": []}",,,16.82271822,"{""good"": []}",,,,,1400.0,"{""good"": []}",,"{""good"": []}",,"{""good"": []}",3.0,"{""good"": []}",,"{""good"": []}",,"{""good"": []}",3.0,"{""good"": []}",,,248.6063344,"{""good"": []}",,,365.4085469,"{""good"": []}",,,1.0,"{""good"": []}",21.21949359,"{""good"": []}",22.20986801,"{""good"": []}",22373.0,"{""good"": []}",0.0,"{""good"": []}",NSW,"{""good"": []}",83.5,"{""good"": []}",,,15.70461754,"{""good"": []}",15.15299548,"{""good"": []}",14.00457395,"{""good"": []}",174.3273432,"{""good"": []}",18.55466667,"{""good"": []}"
2026-09-30 09:06:00+00:00,Aberporth Automatic Weather Station,-4.57,52.14,0.0,"{""good"": []}",990.27,"{""good"": []}",,,16.8330938,"{""good"": []}",,,,,1400.0,"{""good"": []}",,"{""good"": []}",,"{""good"": []}",3.0,"{""good"": []}",,"{""good"": []}",,"{""good"": []}",3.0,"{""good"": []}",,,250.5512115,"{""good"": []}",,,290.8717675,"{""good"": []}",,,1.0,"{""good"": []}",21.26210485,"{""good"": []}",22.1865046,"{""good"": []}",22469.0,"{""good"": []}",0.0,"{""good"": []}",NSW,"{""good"": []}",82.8,"{""good"": []}",,,15.70467001,"{""good"": []}",15.15455894,"{""good"": []}",14.00401602,"{""good"": []}",173.8990292,"{""good"": []}",17.009125,"{""good"": []}"
2026-09-30 09:07:00+00:00,Aberporth Automatic Weather Station,-4.57,52.14,0.0,"{""good"": []}",990.345,"{""good"": []}",,,16.90702448,"{""good"": []}",,,,,1500.0,"{""good"": []}",,"{""good"": []}",,"{""good"": []}",3.0,"{""good"": []}",,"{""good"": []}",,"{""good"": []}",3.0,"{""good"": []}",,,252.704578,"{""good"": []}",,,323.1139798,"{""good"": []}",,,1.0,"{""good"": []}",20.7676693,"{""good"": []}",21.46887014,"{""good"": []}",23340.0,"{""good"": []}",0.0,"{""good"": []}",NSW,"{""good"": []}",83.525,"{""good"": []}",,,15.70507228,"{""good"": []}",15.15622497,"{""good"": []}",14.00406605,"{""good"": []}",180.528981,"{""good"": []}",15.05229167,"{""good"": []}"
2026-09-30 09:08:00+00:00,Aberporth Automatic Weather Station,-4.57,52.14,0.0,"{""good"": []}",990.41,"{""good"": []}",,,17.02558039,"{""good"": []}",,,,,1500.0,"{""good"": []}",,"{""good"": []}",,"{""good"": []}",3.0,"{""good"": []}",,"{""good"": []}",,"{""good"": []}",3.0,"{""good"": []}",,,255.0691434,"{""good"": []}",,,350.9362297,"{""good"": []}",,,1.0,"{""good"": []}",21.08980595,"{""good"": []}",21.79810595,"{""good"": []}",23818.5,"{""good"": []}",0.0,"{""good"": []}",NSW,"{""good"": []}",84.3,"{""good"": []}",,,15.7048699,"{""good"": []}",15.15819118,"{""good"": []}",14.00361571,"{""good"": []}",175.4688848,"{""good"": []}",15.25504167,"{""good"": []}"
2026-09-30 09:09:00+00:00,Aberporth Automatic Weather Station,-4.57,52.14,0.0,"{""good"": []}",990.43,"{""good"": []}",,,16.92973933,"{""good"": []}",,,,,1500.0,"{""good"": []}",,"{""good"": []}",,"{""good"": []}",3.0,"{""good"": []}",,"{""good"": []}",,"{""good"": []}",3.0,"{""good"": []}",,,255.646137,"{""good"": []}",,,253.6806465,"{""good"": []}",,,0.0,"{""suspect"": [""1 case(s) of \""qc consistency check failed: expected radiation_sun_1_minute_mean to be above 0 if sunshine_1_minute_mean is above 0\""""]}",21.03510712,"{""good"": []}",21.62847767,"{""good"": []}",24436.0,"{""good"": []}",0.0,"{""good"": []}",NSW,"{""good"": []}",83.075,"{""good"": []}",,,15.7052247,"{""good"": []}",15.15935189,"{""good"": []}",14.00351313,"{""good"": []}",180.0981114,"{""good"": []}",17.36545833,"{""good"": []}"
2026-09-30 09:10:00+00:00,Aberporth Automatic Weather Station,-4.57,52.14,0.0,"{""good"": []}",990.445,"{""good"": []}",,,16.93850099,"{""good"": []}",,,,,1500.0,"{""good"": []}",,"{""good"": []}",,"{""good"": []}",3.0,"{""good"": []}",,"{""good"": []}",,"{""good"": []}",3.0,"{""good"": []}",,,253.9558404,"{""good"": []}",,,120.9144391,"{""good"": []}",,,0.0,"{""good"": []}",20.22528579,"{""good"": []}",20.56055936,"{""good"": []}",21997.5,"{""good"": []}",0.0,"{""good"": []}",NSW,"{""good"": []}",83.775,"{""good"": []}",,,15.70456757,"{""good"": []}",15.16146819,"{""good"": []}",14.00305528,"{""good"": []}",169.2455791,"{""good"": []}",15.278375,"{""good"": []}"
2026-09-30 09:11:00+00:00,Aberporth Automatic Weather Station,-4.57,52.14,0.0,"{""good"": []}",990.445,"{""good"": []}",,,16.73332536,"{""good"": []}",,,,,1600.0,"{""good"": []}",3300.0,"{""good"": []}",,"{""good"": []}",3.0,"{""good"": []}",,"{""good"": []}",,"{""good"": []}",3.0,"{""good"": []}",,,253.3412813,"{""good"": []}",,,112.7348464,"{""good"": []}",,,0.0,"{""good"": []}",19.25434365,"{""good"": []}",19.38449346,"{""good"": []}",23545.0,"{""good"": []}",0.0,"{""good"": []}",NSW,"{""good"": []}",83.225,"{""good"": []}",,,15.70502231,"{""good"": []}",15.16282903,"{""good"": []}",14.0029552,"{""good"": []}",170.925576,"{""good"": []}",17.37875,"{""good"": []}"
2026-09-30 09:12:00+00:00,Aberporth Automatic Weather Station,-4.57,52.14,0.0,"{""good"": []}",990.395,"{""good"": []}",,,16.64206874,"{""good"": []}",,,,,1600.0,"{""good"": []}",,"{""good"": []}",,"{""good"": []}",4.0,"{""good"": []}",,"{""good"": []}",,"{""good"": []}",4.0,"{""good"": []}",,,251.2406773,"{""good"": []}",,,119.7277394,"{""good"": []}",,,0.0,"{""good"": []}",18.52787349,"{""good"": []}",18.58695283,"{""good"": []}",22924.5,"{""good"": []}",0.0,"{""good"": []}",NSW,"{""good"": []}",82.125,"{""good"": []}",,,15.70437018,"{""good"": []}",15.16520049,"{""good"": []}",14.00290516,"{""good"": []}",177.9880673,"{""good"": []}",18.71679167,"{""good"": []}"
2026-09-30 09:13:00+00:00,Aberporth Automatic Weather Station,-4.57,52.14,0.0,"{""good"": []}",990.42,"{""good"": []}",,,16.56279912,"{""good"": []}",,,,,1600.0,"{""good"": []}",3400.0,"{""good"": []}",,"{""good"": []}",4.0,"{""good"": []}",,"{""good"": []}",,"{""good"": []}",4.0,"{""good"": []}",,,249.6691063,"{""good"": []}",,,152.4284697,"{""good"": []}",,,0.0,"{""good"": []}",18.13402101,"{""good"": []}",18.15334096,"{""good"": []}",23202.0,"{""good"": []}",0.0,"{""good"": []}",NSW,"{""good"": []}",82.225,"{""good"": []}",,,15.70462004,"{""good"": []}",15.16696407,"{""good"": []}",14.00235474,"{""good"": []}",178.2530934,"{""good"": []}",17.9095,"{""good"": []}"
2026-09-30 09:14:00+00:00,Aberporth Automatic Weather Station,-4.57,52.14,0.0,"{""good"": []}",990.455,"{""good"": []}",,,16.53011093,"{""good"": []}",,,,,1600.0,"{""good"": []}",,"{""good"": []}",,"{""good"": []}",5.0,"{""good"": []}",,"{""good"": []}",,"{""good"": []}",5.0,"{""good"": []}",,,248.8888009,"{""good"": []}",,,177.7461329,"{""good"": []}",,,0.0,"{""good"": []}",18.03193137,"{""good"": []}",18.02499954,"{""good"": []}",23235.5,"{""good"": []}",0.0,"{""good"": []}",NSW,"{""good"": []}",81.3,"{""good"": []}",,,15.70496984,"{""good"": []}",15.16908288,"{""good"": []}",14.00220463,"{""good"": []}",181.6364222,"{""good"": []}",18.06041667,"{""good"": []}"
2026-09-30 09:15:00+00:00,Aberporth Automatic Weather Station,-4.57,52.14,0.0,"{""good"": []}",990.455,"{""good"": []}",,,16.64116184,"{""good"": []}",,,,,1600.0,"{""good"": []}",,"{""good"": []}",,"{""good"": []}",5.0,"{""good"": []}",,"{""good"": []}",,"{""good"": []}",5.0,"{""good"": []}",,,250.043344,"{""good"": []}",,,182.1734183,"{""good"": []}",,,0.0,"{""good"": []}",18.03872719,"{""good"": []}",18.02152524,"{""good"": []}",23568.0,"{""good"": []}",0.0,"{""good"": []}",NSW,"{""good"": []}",82.025,"{""good"": []}",,,15.7048699,"{""good"": []}",15.17069637,"{""good"": []}",14.00199947,"{""good"": []}",173.301746,"{""good"": []}",14.629625,"{""good"": []}"
2026-09-30 09:16:00+00:00,Aberporth Automatic Weather Station,-4.57,52.14,0.0,"{""good"": []}",990.495,"{""good"": []}",,,16.66901076,"{""good"": []}",,,,,1600.0,"{""good"": []}",,"{""good"": []}",,"{""good"": []}",5.0,"{""good"": []}",,"{""good"": []}",,"{""good"": []}",5.0,"{""good"": []}",,,251.5777719,"{""good"": []}",,,176.7960696,"{""good"": []}",,,0.0,"{""good"": []}",18.1476676,"{""good"": []}",18.13808256,"{""good"": []}",22801.5,"{""good"": []}",0.0,"{""good"": []}",NSW,"{""good"": []}",83.525,"{""good"": []}",,,15.70476995,"{""good"": []}",15.17240992,"{""good"": []}",14.00179431,"{""good"": []}",178.1670727,"{""good"": []}",15.59508333,"{""good"": []}"
2026-09-30 09:17:00+00:00,Aberporth Automatic Weather Station,-4.57,52.14,0.0,"{""good"": []}",990.415,"{""good"": []}",,,16.64473696,"{""good"": []}",,,,,1600.0,"{""good"": []}",,"{""good"": []}",,"{""good"": []}",5.0,"{""good"": []}",,"{""good"": []}",,"{""good"": []}",5.0,"{""good"": []}",,,251.5973263,"{""good"": []}",,,183.0195809,"{""good"": []}",,,0.0,"{""good"": []}",18.1606621,"{""good"": []}",18.14709673,"{""good"": []}",22714.5,"{""good"": []}",0.0,"{""good"": []}",NSW,"{""good"": []}",83.275,"{""good"": []}",,,15.70471998,"{""good"": []}",15.17523416,"{""good"": []}",14.001394,"{""good"": []}",169.5843859,"{""good"": []}",18.58795833,"{""good"": []}"
2026-09-30 09:18:00+00:00,Aberporth Automatic Weather Station,-4.57,52.14,0.0,"{""good"": []}",990.375,"{""good"": []}",,,16.69207788,"{""good"": []}",,,,,1600.0,"{""good"": []}",4400.0,"{""good"": []}",,"{""good"": []}",6.0,"{""good"": []}",,"{""good"": []}",,"{""good"": []}",6.0,"{""good"": []}",,,253.1285602,"{""good"": []}",,,290.2547726,"{""good"": []}",,,0.0,"{""suspect"": [""1 case(s) of \""qc consistency check failed: expected radiation_sun_1_minute_mean to be above 0 if sunshine_1_minute_mean is above 0\""""]}",18.41017346,"{""good"": []}",18.41686998,"{""good"": []}",24050.5,"{""good"": []}",0.0,"{""good"": []}",NSW,"{""good"": []}",83.425,"{""good"": []}",,,15.7045176,"{""good"": []}",15.1764424,"{""good"": []}",14.00129392,"{""good"": []}",165.9198236,"{""good"": []}",18.579375,"{""good"": []}"
2026-09-30 09:19:00+00:00,Aberporth Automatic Weather Station,-4.57,52.14,0.0,"{""good"": []}",990.395,"{""good"": []}",,,16.79592859,"{""good"": []}",,,,,1600.0,"{""good"": []}",4400.0,"{""good"": []}",,"{""good"": []}",7.0,"{""good"": []}",,"{""good"": []}",,"{""good"": []}",7.0,"{""good"": []}",,,255.0988314,"{""good"": []}",,,307.5808225,"{""good"": []}",,,0.0,"{""suspect"": [""1 case(s) of \""qc consistency check failed: expected radiation_sun_1_minute_mean to be above 0 if sunshine_1_minute_mean is above 0\""""]}",19.25222746,"{""good"": []}",19.38287995,"{""good"": []}",23434.5,"{""good"": []}",0.0,"{""good"": []}",NSW,"{""good"": []}",83.025,"{""good"": []}",,,15.70436768,"{""good"": []}",15.17821099,"{""good"": []}",14.00104373,"{""good"": []}",172.9450104,"{""good"": []}",16.2025,"{""good"": []}"
2026-09-30 09:20:00+00:00,Aberporth Automatic Weather Station,-4.57,52.14,0.0,"{""good"": []}",990.44,"{""good"": []}",,,16.96131576,"{""good"": []}",,,,,1600.0,"{""good"": []}",4400.0,"{""good"": []}",,"{""good"": []}",7.0,"{""good"": []}",,"{""good"": []}",,"{""good"": []}",7.0,"{""good"": []}",,,256.5642796,"{""good"": []}",,,317.4434381,"{""good"": []}",,,0.0,"{""suspect"": [""1 case(s) of \""qc consistency check failed: expected radiation_sun_1_minute_mean to be above 0 if sunshine_1_minute_mean is above 0\""""]}",19.59118374,"{""good"": []}",19.72792365,"{""good"": []}",22958.5,"{""good"": []}",0.0,"{""good"": []}",NSW,"{""good"": []}",84.325,"{""good"": []}",,,15.70396541,"{""good"": []}",15.18113278,"{""good"": []}",14.00063842,"{""good"": []}",172.4183574,"{""good"": []}",17.18383333,"{""good"": []}"
2026-09-30 09:21:00+00:00,Aberporth Automatic Weather Station,-4.57,52.14,0.0,"{""good"": []}",990.4,"{""good"": []}",,,16.91684793,"{""good"": []}",,,,,1600.0,"{""good"": []}",4400.0,"{""good"": []}",,"{""good"": []}",7.0,"{""good"": []}",,"{""good"": []}",,"{""good"": []}",7.0,"{""good"": []}",,,255.6658401,"{""good"": []}",,,243.3866726,"{""good"": []}",,,0.0,"{""good"": []}",19.97154453,"{""good"": []}",20.13545712,"{""good"": []}",23635.0,"{""good"": []}",0.0,"{""good"": []}",NSW,"{""good"": []}",83.375,"{""good"": []}",,,15.70446513,"{""good"": []}",15.18345672,"{""good"": []}",14.00033319,"{""good"": []}",178.920212,"{""good"": []}",21.07191667,"{""good"": []}"
2026-09-30 09:22:00+00:00,Aberporth Automatic Weather Station,-4.57,52.14,0.0,"{""good"": []}",990.43,"{""good"": []}",,,16.86159979,"{""good"": []}",,,,,1600.0,"{""good"": []}",,"{""good"": []}",,"{""good"": []}",8.0,"{""good"": []}",,"{""good"": []}",,"{""good"": []}",8.0,"{""good"": []}",,,254.1700203,"{""good"": []}",,,203.945087,"{""good"": []}",,,0.0,"{""good"": []}",19.78181886,"{""good"": []}",19.86538165,"{""good"": []}",22799.0,"{""good"": []}",0.0,"{""good"": []}",NSW,"{""good"": []}",82.95,"{""good"": []}",,,15.70471998,"{""good"": []}",15.18526783,"{""good"": []}",13.99998292,"{""good"": []}",182.2410142,"{""good"": []}",18.55483333,"{""good"": []}"
2026-09-30 09:23:00+00:00,Aberporth Automatic Weather Station,-4.57,52.14,0.0,"{""good"": []}",990.46,"{""good"": []}",,,16.79960364,"{""good"": []}",,,,,1800.0,"{""good"": []}",,"{""good"": []}",,"{""good"": []}",8.0,"{""good"": []}",,"{""good"": []}",,"{""good"": []}",8.0,"{""good"": []}",,,253.4889817,"{""good"": []}",,,253.1210142,"{""good"": []}",,,0.0,"{""good"": []}",19.55089355,"{""good"": []}",19.54807732,"{""good"": []}",23029.0,"{""good"": []}",0.0,"{""good"": []}",NSW,"{""good"": []}",82.7,"{""good"": []}",,,15.70426524,"{""good"": []}",15.18739163,"{""good"": []}",13.99988284,"{""good"": []}",177.4066157,"{""good"": []}",16.36141667,"{""good"": []}"
2026-09-30 09:24:00+00:00,Aberporth Automatic Weather Station,-4.57,52.14,0.0,"{""good"": []}",990.485,"{""good"": []}",,,16.92868003,"{""good"": []}",,,,,1700.0,"{""good"": []}",,"{""good"": []}",,"{""good"": []}",8.0,"{""good"": []}",,"{""good"": []}",,"{""good"": []}",8.0,"{""good"": []}",,,253.4291016,"{""good"": []}",,,362.7064887,"{""good"": []}",,,0.0,"{""suspect"": [""1 case(s) of \""qc consistency check failed: expected radiation_sun_1_minute_mean to be above 0 if sunshine_1_minute_mean is above 0\""""]}",20.02286793,"{""good"": []}",20.07025486,"{""good"": []}",21829.0,"{""good"": []}",0.0,"{""good"": []}",NSW,"{""good"": []}",83.45,"{""good"": []}",,,15.70436768,"{""good"": []}",15.18915021,"{""good"": []}",13.99973272,"{""good"": []}",174.6339669,"{""good"": []}",16.14104167,"{""good"": []}"
2026-09-30 09:25:00+00:00,Aberporth Automatic Weather Station,-4.57,52.14,0.0,"{""good"": []}",990.495,"{""good"": []}",,,16.94112173,"{""good"": []}",,,,,1700.0,"{""good"": []}",,"{""good"": []}",,"{""good"": []}",8.0,"{""good"": []}",,"{""good"": []}",,"{""good"": []}",8.0,"{""good"": []}",,,253.9421402,"{""good"": []}",,,421.1993495,"{""good"": []}",,,1.0,"{""good"": []}",20.43389483,"{""good"": []}",20.49908365,"{""good"": []}",23213.5,"{""good"": []}",0.0,"{""good"": []}",NSW,"{""good"": []}",83.025,"{""good"": []}",,,15.7048699,"{""good"": []}",15.19157421,"{""good"": []}",13.9991723,"{""good"": []}",175.893791,"{""good"": []}",18.08175,"{""good"": []}"
2026-09-30 09:26:00+00:00,Aberporth Automatic Weather Station,-4.57,52.14,0.0,"{""good"": []}",990.52,"{""good"": []}",,,17.08828106,"{""good"": []}",,,,,1700.0,"{""good"": []}",,"{""good"": []}",,"{""good"": []}",8.0,"{""good"": []}",,"{""good"": []}",,"{""good"": []}",8.0,"{""good"": []}",,,256.2044513,"{""good"": []}",,,449.8507256,"{""good"": []}",,,1.0,"{""good"": []}",21.30823894,"{""good"": []}",21.49474873,"{""good"": []}",22169.5,"{""good"": []}",0.0,"{""good"": []}",NSW,"{""good"": []}",83.175,"{""good"": []}",,,15.70391294,"{""good"": []}",15.19379307,"{""good"": []}",13.99897214,"{""good"": []}",176.2595201,"{""good"": []}",17.49091667,"{""good"": []}"
2026-09-30 09:27:00+00:00,Aberporth Automatic Weather Station,-4.57,52.14,0.0,"{""good"": []}",990.53,"{""good"": []}",,,17.16639395,"{""good"": []}",,,,,1700.0,"{""good"": []}",,"{""good"": []}",,"{""good"": []}",8.0,"{""good"": []}",,"{""good"": []}",,"{""good"": []}",8.0,"{""good"": []}",,,259.5018554,"{""good"": []}",,,369.8950376,"{""good"": []}",,,1.0,"{""good"": []}",22.00201923,"{""good"": []}",22.27517018,"{""good"": []}",22496.5,"{""good"": []}",0.0,"{""good"": []}",NSW,"{""good"": []}",82.75,"{""good"": []}",,,15.70447012,"{""good"": []}",15.19600943,"{""good"": []}",13.99887206,"{""good"": []}",173.6097703,"{""good"": []}",20.91666667,"{""good"": []}"
2026-09-30 09:28:00+00:00,Aberporth Automatic Weather Station,-4.57,52.14,0.0,"{""good"": []}",990.5,"{""good"": []}",,,17.14111082,"{""good"": []}",,,,,1700.0,"{""good"": []}",,"{""good"": []}",,"{""good"": []}",8.0,"{""good"": []}",,"{""good"": []}",,"{""good"": []}",8.0,"{""good"": []}",,,260.7641098,"{""good"": []}",,,243.5932879,"{""good"": []}",,,0.0,"{""good"": []}",21.55004255,"{""good"": []}",21.65974379,"{""good"": []}",23199.5,"{""good"": []}",0.0,"{""good"": []}",NSW,"{""good"": []}",82.225,"{""good"": []}",,,15.7041653,"{""good"": []}",15.19878364,"{""good"": []}",13.99847175,"{""good"": []}",176.5468718,"{""good"": []}",16.64104167,"{""good"": []}"
2026-09-30 09:29:00+00:00,Aberporth Automatic Weather Station,-4.57,52.14,0.0,"{""good"": []}",990.505,"{""good"": []}",,,17.08405139,"{""good"": []}",,,,,1700.0,"{""good"": []}",,"{""good"": []}",,"{""good"": []}",8.0,"{""good"": []}",,"{""good"": []}",,"{""good"": []}",8.0,"{""good"": []}",,,262.3117375,"{""good"": []}",,,315.9277224,"{""good"": []}",,,0.0,"{""good"": []}",21.05258386,"{""good"": []}",21.02377887,"{""good"": []}",22291.0,"{""good"": []}",0.0,"{""good"": []}",NSW,"{""good"": []}",81.925,"{""good"": []}",,,15.70391544,"{""good"": []}",15.20125266,"{""good"": []}",13.99837168,"{""good"": []}",175.2061969,"{""good"": []}",18.47075,"{""good"": []}"
2026-09-30 09:30:00+00:00,Aberporth Automatic Weather Station,-4.57,52.14,0.0,"{""good"": []}",990.54,"{""good"": []}",,,17.12429204,"{""good"": []}",,,,,1700.0,"{""good"": []}",,"{""good"": []}",,"{""good"": []}",8.0,"{""good"": []}",,"{""good"": []}",,"{""good"": []}",8.0,"{""good"": []}",,,263.9223696,"{""good"": []}",,,376.1297034,"{""good"": []}",,,0.0,"{""suspect"": [""1 case(s) of \""qc consistency check failed: expected radiation_sun_1_minute_mean to be above 0 if sunshine_1_minute_mean is above 0\""""]}",21.09584722,"{""good"": []}",21.02151097,"{""good"": []}",22344.0,"{""good"": []}",0.0,"{""good"": []}",NSW,"{""good"": []}",82.1,"{""good"": []}",,,15.70386297,"{""good"": []}",15.20382675,"{""good"": []}",13.99791132,"{""good"": []}",170.6569089,"{""good"": []}",19.71595833,"{""good"": []}"
2026-09-30 09:31:00+00:00,Aberporth Automatic Weather Station,-4.57,52.14,0.0,"{""good"": []}",990.55,"{""good"": []}",,,17.21192108,"{""good"": []}",,,,,1700.0,"{""good"": []}",,"{""good"": []}",,"{""good"": []}",8.0,"{""good"": []}",,"{""good"": []}",,"{""good"": []}",8.0,"{""good"": []}",,,264.6846829,"{""good"": []}",,,334.1693397,"{""good"": []}",,,0.0,"{""good"": []}",21.41843859,"{""good"": []}",21.25644141,"{""good"": []}",22020.0,"{""good"": []}",0.0,"{""good"": []}",NSW,"{""good"": []}",82.675,"{""good"": []}",,,15.70442015,"{""good"": []}",15.20604561,"{""good"": []}",13.99766113,"{""good"": []}",173.6636273,"{""good"": []}",19.178625,"{""good"": []}"
2026-09-30 09:32:00+00:00,Aberporth Automatic Weather Station,-4.57,52.14,0.0,"{""good"": []}",990.57,"{""good"": []}",,,17.11658718,"{""good"": []}",,,,,1700.0,"{""good"": []}",,"{""good"": []}",,"{""good"": []}",8.0,"{""good"": []}",,"{""good"": []}",,"{""good"": []}",8.0,"{""good"": []}",,,265.1424949,"{""good"": []}",,,310.8361111,"{""good"": []}",,,0.0,"{""good"": []}",21.20624675,"{""good"": []}",20.95288688,"{""good"": []}",22269.5,"{""good"": []}",0.0,"{""good"": []}",NSW,"{""good"": []}",82.325,"{""good"": []}",,,15.70401788,"{""good"": []}",15.20836453,"{""good"": []}",13.99741094,"{""good"": []}",174.6227946,"{""good"": []}",18.27375,"{""good"": []}"
2026-09-30 09:33:00+00:00,Aberporth Automatic Weather Station,-4.57,52.14,0.0,"{""good"": []}",990.59,"{""good"": []}",,,17.11588015,"{""good"": []}",,,,,1700.0,"{""good"": []}",,"{""good"": []}",,"{""good"": []}",8.0,"{""good"": []}",,"{""good"": []}",,"{""good"": []}",8.0,"{""good"": []}",,,265.0903208,"{""good"": []}",,,334.3897845,"{""good"": []}",,,0.0,"{""good"": []}",21.14455223,"{""good"": []}",20.85077621,"{""good"": []}",22228.0,"{""good"": []}",0.0,"{""good"": []}",NSW,"{""good"": []}",82.75,"{""good"": []}",,,15.70447013,"{""good"": []}",15.21083605,"{""good"": []}",13.99706067,"{""good"": []}",172.9411515,"{""good"": []}",19.43470833,"{""good"": []}"
2026-09-30 09:34:00+00:00,Aberporth Automatic Weather Station,-4.57,52.14,0.0,"{""good"": []}",990.59,"{""good"": []}",,,17.25770054,"{""good"": []}",,,,,1700.0,"{""good"": []}",,"{""good"": []}",,"{""good"": []}",8.0,"{""good"": []}",,"{""good"": []}",,"{""good"": []}",8.0,"{""good"": []}",,,267.7268511,"{""good"": []}",,,484.6386793,"{""good"": []}",,,1.0,"{""good"": []}",21.62281774,"{""good"": []}",21.40769417,"{""good"": []}",22386.0,"{""good"": []}",0.0,"{""good"": []}",NSW,"{""good"": []}",83.3,"{""good"": []}",,,15.70386547,"{""good"": []}",15.21315498,"{""good"": []}",13.99695809,"{""good"": []}",178.1751448,"{""good"": []}",17.336125,"{""good"": []}"
2026-09-30 09:35:00+00:00,Aberporth Automatic Weather Station,-4.57,52.14,0.0,"{""good"": []}",990.575,"{""good"": []}",,,17.32126064,"{""good"": []}",,,,,1700.0,"{""good"": []}",,"{""good"": []}",,"{""good"": []}",8.0,"{""good"": []}",,"{""good"": []}",,"{""good"": []}",8.0,"{""good"": []}",,,271.7366686,"{""good"": []}",,,452.294654,"{""good"": []}",,,1.0,"{""good"": []}",22.09932432,"{""good"": []}",21.92428187,"{""good"": []}",22193.0,"{""good"": []}",0.0,"{""good"": []}",NSW,"{""good"": []}",83.725,"{""good"": []}",,,15.70426524,"{""good"": []}",15.21577909,"{""good"": []}",13.9964527,"{""good"": []}",173.9057275,"{""good"": []}",17.896125,"{""good"": []}"
2026-09-30 09:36:00+00:00,Aberporth Automatic Weather Station,-4.57,52.14,0.0,"{""good"": []}",990.595,"{""good"": []}",,,17.26520553,"{""good"": []}",,,,,1700.0,"{""good"": []}",,"{""good"": []}",,"{""good"": []}",8.0,"{""good"": []}",,"{""good"": []}",,"{""good"": []}",8.0,"{""good"": []}",,,276.9535896,"{""good"": []}",,,424.0599367,"{""good"": []}",,,1.0,"{""good"": []}",22.71408077,"{""good"": []}",22.62701509,"{""good"": []}",21624.0,"{""good"": []}",0.0,"{""good"": []}",NSW,"{""good"": []}",82.175,"{""good"": []}",,,15.70406785,"{""good"": []}",15.21830064,"{""good"": []}",13.99609993,"{""good"": []}",174.1504219,"{""good"": []}",16.70170833,"{""good"": []}"
2026-09-30 09:37:00+00:00,Aberporth Automatic Weather Station,-4.57,52.14,0.0,"{""good"": []}",990.625,"{""good"": []}",,,17.40722829,"{""good"": []}",,,,,1700.0,"{""good"": []}",,"{""good"": []}",,"{""good"": []}",8.0,"{""good"": []}",,"{""good"": []}",,"{""good"": []}",8.0,"{""good"": []}",,,284.0876145,"{""good"": []}",,,525.3895176,"{""good"": []}",,,1.0,"{""good"": []}",23.15623851,"{""good"": []}",23.12532469,"{""good"": []}",22337.5,"{""good"": []}",0.0,"{""good"": []}",NSW,"{""good"": []}",82.775,"{""good"": []}",,,15.70441766,"{""good"": []}",15.22061957,"{""good"": []}",13.99594981,"{""good"": []}",173.0339441,"{""good"": []}",14.36408333,"{""good"": []}"
2026-09-30 09:38:00+00:00,Aberporth Automatic Weather Station,-4.57,52.14,0.0,"{""good"": []}",990.585,"{""good"": []}",,,17.4820159,"{""good"": []}",,,,,1700.0,"{""good"": []}",,"{""good"": []}",,"{""good"": []}",8.0,"{""good"": []}",,"{""good"": []}",,"{""good"": []}",8.0,"{""good"": []}",,,291.8940919,"{""good"": []}",,,560.1257493,"{""good"": []}",,,1.0,"{""good"": []}",23.87459867,"{""good"": []}",23.90010885,"{""good"": []}",22979.5,"{""good"": []}",0.0,"{""good"": []}",NSW,"{""good"": []}",82.275,"{""good"": []}",,,15.70396291,"{""good"": []}",15.2237465,"{""good"": []}",13.99549446,"{""good"": []}",173.5415351,"{""good"": []}",21.38825,"{""good"": []}"
2026-09-30 09:39:00+00:00,Aberporth Automatic Weather Station,-4.57,52.14,0.0,"{""good"": []}",990.575,"{""good"": []}",,,17.47929522,"{""good"": []}",,,,,1700.0,"{""good"": []}",,"{""good"": []}",,"{""good"": []}",8.0,"{""good"": []}",,"{""good"": []}",,"{""good"": []}",8.0,"{""good"": []}",,,293.9091218,"{""good"": []}",,,340.7488058,"{""good"": []}",,,0.0,"{""good"": []}",24.09771378,"{""good"": []}",24.26096544,"{""good"": []}",21856.5,"{""good"": []}",0.0,"{""good"": []}",NSW,"{""good"": []}",80.8075,"{""good"": []}",,,15.7041678,"{""good"": []}",15.2257127,"{""good"": []}",13.99533934,"{""good"": []}",175.6910406,"{""good"": []}",23.8335,"{""good"": []}"
2026-09-30 09:40:00+00:00,Aberporth Automatic Weather Station,-4.57,52.14,0.0,"{""good"": []}",990.55,"{""good"": []}",,,17.17656717,"{""good"": []}",,,,,1700.0,"{""good"": []}",,"{""good"": []}",,"{""good"": []}",8.0,"{""good"": []}",,"{""good"": []}",,"{""good"": []}",8.0,"{""good"": []}",,,293.2829052,"{""good"": []}",,,194.6277877,"{""good"": []}",,,0.0,"{""good"": []}",22.37970917,"{""good"": []}",22.64664946,"{""good"": []}",22407.0,"{""good"": []}",0.0,"{""good"": []}",NSW,"{""good"": []}",75.85,"{""good"": []}",,,15.70356064,"{""good"": []}",15.2287896,"{""good"": []}",13.99518923,"{""good"": []}",179.5096237,"{""good"": []}",24.91958333,"{""good"": []}"
2026-09-30 09:41:00+00:00,Aberporth Automatic Weather Station,-4.57,52.14,0.0,"{""good"": []}",990.59,"{""good"": []}",,,17.14342927,"{""good"": []}",,,,,1700.0,"{""good"": []}",,"{""good"": []}",,"{""good"": []}",8.0,"{""good"": []}",,"{""good"": []}",,"{""good"": []}",8.0,"{""good"": []}",,,294.0739946,"{""good"": []}",,,223.8297074,"{""good"": []}",,,0.0,"{""good"": []}",21.02452864,"{""good"": []}",21.21117823,"{""good"": []}",25160.5,"{""good"": []}",0.0,"{""good"": []}",NSW,"{""good"": []}",77.3525,"{""good"": []}",,,15.70371305,"{""good"": []}",15.23060321,"{""good"": []}",13.99473889,"{""good"": []}",185.6023205,"{""good"": []}",24.660375,"{""good"": []}"
2026-09-30 09:42:00+00:00,Aberporth Automatic Weather Station,-4.57,52.14,0.0,"{""good"": []}",990.595,"{""good"": []}",,,17.15893643,"{""good"": []}",,,,,1700.0,"{""good"": []}",,"{""good"": []}",,"{""good"": []}",8.0,"{""good"": []}",,"{""good"": []}",,"{""good"": []}",8.0,"{""good"": []}",,,298.0865548,"{""good"": []}",,,380.0763582,"{""good"": []}",,,1.0,"{""good"": []}",20.91211536,"{""good"": []}",21.20317563,"{""good"": []}",22450.0,"{""good"": []}",0.0,"{""good"": []}",NSW,"{""good"": []}",78.1725,"{""good"": []}",,,15.70336325,"{""good"": []}",15.23438554,"{""good"": []}",13.99468884,"{""good"": []}",179.4235618,"{""good"": []}",21.06208333,"{""good"": []}"
2026-09-30 09:43:00+00:00,Aberporth Automatic Weather Station,-4.57,52.14,0.0,"{""good"": []}",990.64,"{""good"": []}",,,17.30695518,"{""good"": []}",,,,,1700.0,"{""good"": []}",,"{""good"": []}",,"{""good"": []}",8.0,"{""good"": []}",,"{""good"": []}",,"{""good"": []}",8.0,"{""good"": []}",,,301.2253257,"{""good"": []}",,,334.4173883,"{""good"": []}",,,0.0,"{""suspect"": [""1 case(s) of \""qc consistency check failed: expected radiation_sun_1_minute_mean to be above 0 if sunshine_1_minute_mean is above 0\""""]}",20.94605946,"{""good"": []}",21.30724947,"{""good"": []}",23264.0,"{""good"": []}",0.0,"{""good"": []}",NSW,"{""good"": []}",79.8625,"{""good"": []}",,,15.70346319,"{""good"": []}",15.23705718,"{""good"": []}",13.994236,"{""good"": []}",176.2071641,"{""good"": []}",18.44625,"{""good"": []}"
2026-09-30 09:44:00+00:00,Aberporth Automatic Weather Station,-4.57,52.14,0.0,"{""good"": []}",990.625,"{""good"": []}",,,17.3037848,"{""good"": []}",,,,,1700.0,"{""good"": []}",,"{""good"": []}",,"{""good"": []}",8.0,"{""good"": []}",,"{""good"": []}",,"{""good"": []}",8.0,"{""good"": []}",,,302.6752413,"{""good"": []}",,,216.4212693,"{""good"": []}",,,0.0,"{""good"": []}",20.90758315,"{""good"": []}",21.27340823,"{""good"": []}",23002.0,"{""good"": []}",0.0,"{""good"": []}",NSW,"{""good"": []}",79.7875,"{""good"": []}",,,15.70295848,"{""good"": []}",15.23963126,"{""good"": []}",13.99408088,"{""good"": []}",176.8276681,"{""good"": []}",17.47608333,"{""good"": []}"
2026-09-30 09:45:00+00:00,Aberporth Automatic Weather Station,-4.57,52.14,0.0,"{""good"": []}",990.665,"{""good"": []}",,,17.22521721,"{""good"": []}",,,,,1700.0,"{""good"": []}",,"{""good"": []}",,"{""good"": []}",8.0,"{""good"": []}",,"{""good"": []}",,"{""good"": []}",8.0,"{""good"": []}",,,304.2597185,"{""good"": []}",,,230.889911,"{""good"": []}",,,0.0,"{""good"": []}",20.40020058,"{""good"": []}",20.61589573,"{""good"": []}",22957.0,"{""good"": []}",0.0,"{""good"": []}",NSW,"{""good"": []}",79.8975,"{""good"": []}",,,15.70341072,"{""good"": []}",15.24210028,"{""good"": []}",13.99377815,"{""good"": []}",175.9042833,"{""good"": []}",19.13020833,"{""good"": []}"
2026-09-30 09:46:00+00:00,Aberporth Automatic Weather Station,-4.57,52.14,0.0,"{""good"": []}",990.645,"{""good"": []}",,,17.22224669,"{""good"": []}",,,,,1700.0,"{""good"": []}",,"{""good"": []}",,"{""good"": []}",8.0,"{""good"": []}",,"{""good"": []}",,"{""good"": []}",8.0,"{""good"": []}",,,307.9706576,"{""good"": []}",,,374.6631554,"{""good"": []}",,,0.0,"{""suspect"": [""1 case(s) of \""qc consistency check failed: expected radiation_sun_1_minute_mean to be above 0 if sunshine_1_minute_mean is above 0\""""]}",20.41098144,"{""good"": []}",20.56821229,"{""good"": []}",22361.5,"{""good"": []}",0.0,"{""good"": []}",NSW,"{""good"": []}",80.1275,"{""good"": []}",,,15.70366058,"{""good"": []}",15.24422409,"{""good"": []}",13.9933253,"{""good"": []}",182.358988,"{""good"": []}",18.45516667,"{""good"": []}"
2026-09-30 09:47:00+00:00,Aberporth Automatic Weather Station,-4.57,52.14,0.0,"{""good"": []}",990.69,"{""good"": []}",,,17.35102329,"{""good"": []}",,,,,1700.0,"{""good"": []}",,"{""good"": []}",,"{""good"": []}",8.0,"{""good"": []}",,"{""good"": []}",,"{""good"": []}",8.0,"{""good"": []}",,,310.9430193,"{""good"": []}",,,381.6603855,"{""good"": []}",,,0.0,"{""suspect"": [""1 case(s) of \""qc consistency check failed: expected radiation_sun_1_minute_mean to be above 0 if sunshine_1_minute_mean is above 0\""""]}",21.11523529,"{""good"": []}",21.37486449,"{""good"": []}",23553.5,"{""good"": []}",0.0,"{""good"": []}",NSW,"{""good"": []}",80.8,"{""good"": []}",,,15.70386546,"{""good"": []}",15.2476487,"{""good"": []}",13.99312264,"{""good"": []}",179.1682224,"{""good"": []}",17.937,"{""good"": []}"
2026-09-30 09:48:00+00:00,Aberporth Automatic Weather Station,-4.57,52.14,0.0,"{""good"": []}",990.64,"{""good"": []}",,,17.27296286,"{""good"": []}",,,,,1700.0,"{""good"": []}",,"{""good"": []}",,"{""good"": []}",8.0,"{""good"": []}",,"{""good"": []}",,"{""good"": []}",8.0,"{""good"": []}",,,310.6244497,"{""good"": []}",,,278.5046263,"{""good"": []}",,,0.0,"{""good"": []}",21.02075346,"{""good"": []}",21.21520951,"{""good"": []}",23450.0,"{""good"": []}",0.0,"{""good"": []}",NSW,"{""good"": []}",79.2375,"{""good"": []}",,,15.70300595,"{""good"": []}",15.25087318,"{""good"": []}",13.99271733,"{""good"": []}",187.599307,"{""good"": []}",20.31929167,"{""good"": []}"
2026-09-30 09:49:00+00:00,Aberporth Automatic Weather Station,-4.57,52.14,0.0,"{""good"": []}",990.64,"{""good"": []}",,,17.21323021,"{""good"": []}",,,,,1700.0,"{""good"": []}",,"{""good"": []}",,"{""good"": []}",8.0,"{""good"": []}",,"{""good"": []}",,"{""good"": []}",8.0,"{""good"": []}",,,309.6142663,"{""good"": []}",,,219.0211902,"{""good"": []}",,,0.0,"{""good"": []}",20.79521734,"{""good"": []}",20.91542399,"{""good"": []}",23633.0,"{""good"": []}",0.0,"{""good"": []}",NSW,"{""good"": []}",78.0275,"{""good"": []}",,,15.70321084,"{""good"": []}",15.2525392,"{""good"": []}",13.99221695,"{""good"": []}",182.9423249,"{""good"": []}",22.16016667,"{""good"": []}"
2026-09-30 09:50:00+00:00,Aberporth Automatic Weather Station,-4.57,52.14,0.0,"{""good"": []}",990.675,"{""good"": []}",,,17.14922041,"{""good"": []}",,,,,1700.0,"{""good"": []}",,"{""good"": []}",,"{""good"": []}",8.0,"{""good"": []}",,"{""good"": []}",,"{""good"": []}",8.0,"{""good"": []}",,,308.0391002,"{""good"": []}",,,187.5929142,"{""good"": []}",,,0.0,"{""good"": []}",20.24920855,"{""good"": []}",20.23741542,"{""good"": []}",24467.0,"{""good"": []}",0.0,"{""good"": []}",NSW,"{""good"": []}",76.9325,"{""good"": []}",,,15.70240629,"{""good"": []}",15.25515831,"{""good"": []}",13.99216691,"{""good"": []}",190.5900982,"{""good"": []}",20.94858333,"{""good"": []}"
2026-09-30 09:51:00+00:00,Aberporth Automatic Weather Station,-4.57,52.14,0.0,"{""good"": []}",990.625,"{""good"": []}",,,17.05605256,"{""good"": []}",,,,,1700.0,"{""good"": []}",,"{""good"": []}",,"{""good"": []}",8.0,"{""good"": []}",,"{""good"": []}",,"{""good"": []}",8.0,"{""good"": []}",,,305.8885468,"{""good"": []}",,,234.2304903,"{""good"": []}",,,0.0,"{""good"": []}",19.83772443,"{""good"": []}",19.71342705,"{""good"": []}",24076.5,"{""good"": []}",0.0,"{""good"": []}",NSW,"{""good"": []}",75.2,"{""good"": []}",,,15.70325831,"{""good"": []}",15.25748224,"{""good"": []}",13.99181414,"{""good"": []}",191.1439486,"{""good"": []}",22.1725,"{""good"": []}"
2026-09-30 09:52:00+00:00,Aberporth Automatic Weather Station,-4.57,52.14,0.0,"{""good"": []}",990.64,"{""good"": []}",,,17.16448023,"{""good"": []}",,,,,1700.0,"{""good"": []}",,"{""good"": []}",,"{""good"": []}",8.0,"{""good"": []}",,"{""good"": []}",,"{""good"": []}",8.0,"{""good"": []}",,,307.102894,"{""good"": []}",,,415.764567,"{""good"": []}",,,1.0,"{""good"": []}",20.19672837,"{""good"": []}",20.15328315,"{""good"": []}",26039.0,"{""good"": []}",0.0,"{""good"": []}",NSW,"{""good"": []}",76.7225,"{""good"": []}",,,15.70325831,"{""good"": []}",15.26060666,"{""good"": []}",13.99155894,"{""good"": []}",173.729361,"{""good"": []}",17.66116667,"{""good"": []}"
2026-09-30 09:53:00+00:00,Aberporth Automatic Weather Station,-4.57,52.14,0.0,"{""good"": []}",990.695,"{""good"": []}",,,17.32976997,"{""good"": []}",,,,,1700.0,"{""good"": []}",,"{""good"": []}",,"{""good"": []}",8.0,"{""good"": []}",,"{""good"": []}",,"{""good"": []}",8.0,"{""good"": []}",,,308.617358,"{""good"": []}",,,424.1640273,"{""good"": []}",,,1.0,"{""good"": []}",21.03938699,"{""good"": []}",21.18439298,"{""good"": []}",25932.5,"{""good"": []}",0.0,"{""good"": []}",NSW,"{""good"": []}",77.8675,"{""good"": []}",,,15.70300845,"{""good"": []}",15.26388868,"{""good"": []}",13.99130625,"{""good"": []}",176.084554,"{""good"": []}",20.656375,"{""good"": []}"
2026-09-30 09:54:00+00:00,Aberporth Automatic Weather Station,-4.57,52.14,0.0,"{""good"": []}",990.655,"{""good"": []}",,,17.42968831,"{""good"": []}",,,,,1700.0,"{""good"": []}",,"{""good"": []}",,"{""good"": []}",8.0,"{""good"": []}",,"{""good"": []}",,"{""good"": []}",8.0,"{""good"": []}",,,308.3713804,"{""good"": []}",,,319.038622,"{""good"": []}",,,0.0,"{""good"": []}",21.53815487,"{""good"": []}",21.8003214,"{""good"": []}",25402.0,"{""good"": []}",0.0,"{""good"": []}",NSW,"{""good"": []}",77.5825,"{""good"": []}",,,15.70366308,"{""good"": []}",15.26651029,"{""good"": []}",13.99100602,"{""good"": []}",178.0511717,"{""good"": []}",18.17816667,"{""good"": []}"
2026-09-30 09:55:00+00:00,Aberporth Automatic Weather Station,-4.57,52.14,0.0,"{""good"": []}",990.65,"{""good"": []}",,,17.36527378,"{""good"": []}",,,,,1800.0,"{""good"": []}",,"{""good"": []}",,"{""good"": []}",8.0,"{""good"": []}",,"{""good"": []}",,"{""good"": []}",8.0,"{""good"": []}",,,306.3559955,"{""good"": []}",,,208.4411012,"{""good"": []}",,,0.0,"{""good"": []}",21.05369318,"{""good"": []}",21.19184609,"{""good"": []}",24357.5,"{""good"": []}",0.0,"{""good"": []}",NSW,"{""good"": []}",77.66,"{""good"": []}",,,15.70316086,"{""good"": []}",15.26927949,"{""good"": []}",13.99075582,"{""good"": []}",180.553153,"{""good"": []}",21.746875,"{""good"": []}"
2026-09-30 09:56:00+00:00,Aberporth Automatic Weather Station,-4.57,52.14,0.0,"{""good"": []}",990.635,"{""good"": []}",,,17.28016306,"{""good"": []}",,,,,1800.0,"{""good"": []}",,"{""good"": []}",,"{""good"": []}",8.0,"{""good"": []}",,"{""good"": []}",,"{""good"": []}",8.0,"{""good"": []}",,,308.6565841,"{""good"": []}",,,440.6113642,"{""good"": []}",,,1.0,"{""good"": []}",20.97794233,"{""good"": []}",21.13091988,"{""good"": []}",23166.0,"{""good"": []}",0.0,"{""good"": []}",NSW,"{""good"": []}",77.4075,"{""good"": []}",,,15.70310839,"{""good"": []}",15.27215626,"{""good"": []}",13.99045309,"{""good"": []}",188.899015,"{""good"": []}",24.93245833,"{""good"": []}"
2026-09-30 09:57:00+00:00,Aberporth Automatic Weather Station,-4.57,52.14,0.0,"{""good"": []}",990.715,"{""good"": []}",,,17.30680528,"{""good"": []}",,,,,1800.0,"{""good"": []}",,"{""good"": []}",,"{""good"": []}",8.0,"{""good"": []}",,"{""good"": []}",,"{""good"": []}",8.0,"{""good"": []}",,,306.989581,"{""good"": []}",,,203.978015,"{""good"": []}",,,0.0,"{""good"": []}",21.18207163,"{""good"": []}",21.36812073,"{""good"": []}",23312.5,"{""good"": []}",0.0,"{""good"": []}",NSW,"{""good"": []}",77.565,"{""good"": []}",,,15.70275609,"{""good"": []}",15.27523066,"{""good"": []}",13.99030047,"{""good"": []}",185.2439108,"{""good"": []}",20.56783333,"{""good"": []}"
2026-09-30 09:58:00+00:00,Aberporth Automatic Weather Station,-4.57,52.14,0.0,"{""good"": []}",990.71,"{""good"": []}",,,17.19252902,"{""good"": []}",,,,,1800.0,"{""good"": []}",,"{""good"": []}",,"{""good"": []}",8.0,"{""good"": []}",,"{""good"": []}",,"{""good"": []}",8.0,"{""good"": []}",,,303.8270549,"{""good"": []}",,,160.2543614,"{""good"": []}",,,0.0,"{""good"": []}",20.3529097,"{""good"": []}",20.36308681,"{""good"": []}",24500.0,"{""good"": []}",0.0,"{""good"": []}",NSW,"{""good"": []}",77.785,"{""good"": []}",,,15.70341072,"{""good"": []}",15.27775221,"{""good"": []}",13.98989516,"{""good"": []}",179.6747083,"{""good"": []}",21.298875,"{""good"": []}"
2026-09-30 09:59:00+00:00,Aberporth Automatic Weather Station,-4.57,52.14,0.0,"{""good"": []}",990.725,"{""good"": []}",,,17.07125742,"{""good"": []}",,,,,1800.0,"{""good"": []}",,"{""good"": []}",,"{""good"": []}",8.0,"{""good"": []}",,"{""good"": []}",,"{""good"": []}",8.0,"{""good"": []}",,,301.6941421,"{""good"": []}",,,190.2248853,"{""good"": []}",,,0.0,"{""good"": []}",19.76363505,"{""good"": []}",19.67495759,"{""good"": []}",23171.5,"{""good"": []}",0.0,"{""good"": []}",NSW,"{""good"": []}",77.395,"{""good"": []}",,,15.7029085,"{""good"": []}",15.28123685,"{""good"": []}",13.98959243,"{""good"": []}",184.1957722,"{""good"": []}",22.38370833,"{""good"": []}"
2026-09-30 10:00:00+00:00,Aberporth Automatic Weather Station,-4.57,52.14,0.0,"{""good"": []}",990.71,"{""good"": []}",,,17.08697194,"{""good"": []}",,,,,1800.0,"{""good"": []}",,"{""good"": []}",,"{""good"": []}",8.0,"{""good"": []}",,"{""good"": []}",,"{""good"": []}",8.0,"{""good"": []}",,,300.6859925,"{""good"": []}",,,287.2880585,"{""good"": []}",,,0.0,"{""suspect"": [""1 case(s) of \""qc consistency check failed: expected radiation_sun_1_minute_mean to be above 0 if sunshine_1_minute_mean is above 0\""""]}",19.62185735,"{""good"": []}",19.50497714,"{""good"": []}",24454.5,"{""good"": []}",0.0,"{""good"": []}",NSW,"{""good"": []}",78.105,"{""good"": []}",,,15.70260617,"{""good"": []}",15.28395853,"{""good"": []}",13.98923966,"{""good"": []}",183.50975,"{""good"": []}",20.635625,"{""good"": []}"
2026-09-30 10:01:00+00:00,Aberporth Automatic Weather Station,-4.57,52.14,0.0,"{""good"": []}",990.785,"{""good"": []}",,,17.21030965,"{""good"": []}",,,,,1900.0,"{""good"": []}",,"{""good"": []}",,"{""good"": []}",8.0,"{""good"": []}",,"{""good"": []}",,"{""good"": []}",8.0,"{""good"": []}",,,302.5014925,"{""good"": []}",,,456.6133709,"{""good"": []}",,,1.0,"{""good"": []}",20.27408823,"{""good"": []}",20.26918856,"{""good"": []}",23340.5,"{""good"": []}",0.0,"{""good"": []}",NSW,"{""good"": []}",78.7325,"{""good"": []}",,,15.702906,"{""good"": []}",15.28642754,"{""good"": []}",13.98893442,"{""good"": []}",180.7209708,"{""good"": []}",17.66654167,"{""good"": []}"
2026-09-30 10:02:00+00:00,Aberporth Automatic Weather Station,-4.57,52.14,0.0,"{""good"": []}",990.765,"{""good"": []}",,,17.42726992,"{""good"": []}",,,,,1900.0,"{""good"": []}",,"{""good"": []}",,"{""good"": []}",8.0,"{""good"": []}",,"{""good"": []}",,"{""good"": []}",8.0,"{""good"": []}",,,303.8571169,"{""good"": []}",,,428.1345492,"{""good"": []}",,,1.0,"{""good"": []}",21.33830543,"{""good"": []}",21.5110137,"{""good"": []}",23696.5,"{""good"": []}",0.0,"{""good"": []}",NSW,"{""good"": []}",78.88,"{""good"": []}",,,15.70300595,"{""good"": []}",15.28995471,"{""good"": []}",13.98878431,"{""good"": []}",175.674013,"{""good"": []}",22.18854167,"{""good"": []}"
2026-09-30 10:03:00+00:00,Aberporth Automatic Weather Station,-4.57,52.14,0.0,"{""good"": []}",990.665,"{""good"": []}",,,17.47713166,"{""good"": []}",,,,,1900.0,"{""good"": []}",,"{""good"": []}",,"{""good"": []}",8.0,"{""good"": []}",,"{""good"": []}",,"{""good"": []}",8.0,"{""good"": []}",,,305.3361299,"{""good"": []}",,,440.5572618,"{""good"": []}",,,1.0,"{""good"": []}",21.77250556,"{""good"": []}",22.01813266,"{""good"": []}",25903.0,"{""good"": []}",0.0,"{""good"": []}",NSW,"{""good"": []}",75.5925,"{""good"": []}",,,15.70326081,"{""good"": []}",15.29232867,"{""good"": []}",13.98853411,"{""good"": []}",181.0505923,"{""good"": []}",24.90320833,"{""good"": []}"
2026-09-30 10:04:00+00:00,Aberporth Automatic Weather Station,-4.57,52.14,0.0,"{""good"": []}",990.72,"{""good"": []}",,,17.56027869,"{""good"": []}",,,,,2000.0,"{""good"": []}",,"{""good"": []}",,"{""good"": []}",8.0,"{""good"": []}",,"{""good"": []}",,"{""good"": []}",8.0,"{""good"": []}",,,307.5881253,"{""good"": []}",,,493.0435844,"{""good"": []}",,,1.0,"{""good"": []}",22.47358886,"{""good"": []}",22.8093816,"{""good"": []}",25620.5,"{""good"": []}",0.0,"{""good"": []}",NSW,"{""good"": []}",74.4225,"{""good"": []}",,,15.70280606,"{""good"": []}",15.29631112,"{""good"": []}",13.98813381,"{""good"": []}",188.0297544,"{""good"": []}",23.38033333,"{""good"": []}"
2026-09-30 10:05:00+00:00,Aberporth Automatic Weather Station,-4.57,52.14,0.0,"{""good"": []}",990.72,"{""good"": []}",,,17.59573504,"{""good"": []}",,,,,2000.0,"{""good"": []}",,"{""good"": []}",,"{""good"": []}",8.0,"{""good"": []}",,"{""good"": []}",,"{""good"": []}",8.0,"{""good"": []}",,,308.1629195,"{""good"": []}",,,399.8961981,"{""good"": []}",,,0.0,"{""suspect"": [""1 case(s) of \""qc consistency check failed: expected radiation_sun_1_minute_mean to be above 0 if sunshine_1_minute_mean is above 0\""""]}",22.8512763,"{""good"": []}",23.21202709,"{""good"": []}",25216.5,"{""good"": []}",0.0,"{""good"": []}",NSW,"{""good"": []}",74.23,"{""good"": []}",,,15.70275609,"{""good"": []}",15.2988827,"{""good"": []}",13.98777603,"{""good"": []}",175.6967916,"{""good"": []}",25.17966667,"{""good"": []}"
2026-09-30 10:06:00+00:00,Aberporth Automatic Weather Station,-4.57,52.14,0.0,"{""good"": []}",990.71,"{""good"": []}",,,17.45950591,"{""good"": []}",,,,,2000.0,"{""good"": []}",,"{""good"": []}",,"{""good"": []}",8.0,"{""good"": []}",,"{""good"": []}",,"{""good"": []}",8.0,"{""good"": []}",,,307.672368,"{""good"": []}",,,261.4386793,"{""good"": []}",,,0.0,"{""good"": []}",22.03989341,"{""good"": []}",22.25145459,"{""good"": []}",26570.5,"{""good"": []}",0.0,"{""good"": []}",NSW,"{""good"": []}",74.1175,"{""good"": []}",,,15.70250623,"{""good"": []}",15.30185953,"{""good"": []}",13.98727315,"{""good"": []}",182.8292084,"{""good"": []}",24.86645833,"{""good"": []}"
2026-09-30 10:07:00+00:00,Aberporth Automatic Weather Station,-4.57,52.14,0.0,"{""good"": []}",990.79,"{""good"": []}",,,17.34361823,"{""good"": []}",,,,,2000.0,"{""good"": []}",,"{""good"": []}",,"{""good"": []}",8.0,"{""good"": []}",,"{""good"": []}",,"{""good"": []}",8.0,"{""good"": []}",,,308.3555255,"{""good"": []}",,,364.1034282,"{""good"": []}",,,0.0,"{""good"": []}",21.40831232,"{""good"": []}",21.49646464,"{""good"": []}",24504.5,"{""good"": []}",0.0,"{""good"": []}",NSW,"{""good"": []}",74.9925,"{""good"": []}",,,15.70285603,"{""good"": []}",15.30528664,"{""good"": []}",13.98732319,"{""good"": []}",180.2792026,"{""good"": []}",21.85958333,"{""good"": []}"
2026-09-30 10:08:00+00:00,Aberporth Automatic Weather Station,-4.57,52.14,0.0,"{""good"": []}",990.84,"{""good"": []}",,,17.35913038,"{""good"": []}",,,,,2000.0,"{""good"": []}",,"{""good"": []}",,"{""good"": []}",8.0,"{""good"": []}",,"{""good"": []}",,"{""good"": []}",8.0,"{""good"": []}",,,307.8799734,"{""good"": []}",,,322.403106,"{""good"": []}",,,0.0,"{""good"": []}",21.27308059,"{""good"": []}",21.30155722,"{""good"": []}",25077.0,"{""good"": []}",0.0,"{""good"": []}",NSW,"{""good"": []}",76.18,"{""good"": []}",,,15.70225137,"{""good"": []}",15.30891637,"{""good"": []}",13.98677026,"{""good"": []}",186.4939646,"{""good"": []}",18.94429167,"{""good"": []}"
2026-09-30 10:09:00+00:00,Aberporth Automatic Weather Station,-4.57,52.14,0.0,"{""good"": []}",990.875,"{""good"": []}",,,17.41221246,"{""good"": []}",,,,,2000.0,"{""good"": []}",,"{""good"": []}",,"{""good"": []}",8.0,"{""good"": []}",,"{""good"": []}",,"{""good"": []}",8.0,"{""good"": []}",,,309.109791,"{""good"": []}",,,327.4696975,"{""good"": []}",,,0.0,"{""suspect"": [""1 case(s) of \""qc consistency check failed: expected radiation_sun_1_minute_mean to be above 0 if sunshine_1_minute_mean is above 0\""""]}",21.50134004,"{""good"": []}",21.49832543,"{""good"": []}",23944.0,"{""good"": []}",0.0,"{""good"": []}",NSW,"{""good"": []}",77.255,"{""good"": []}",,,15.70205149,"{""good"": []}",15.31108771,"{""good"": []}",13.98666518,"{""good"": []}",175.2734439,"{""good"": []}",17.95420833,"{""good"": []}"
2026-09-30 10:10:00+00:00,Aberporth Automatic Weather Station,-4.57,52.14,0.0,"{""good"": []}",990.825,"{""good"": []}",,,17.39831424,"{""good"": []}",,,,,2000.0,"{""good"": []}",,"{""good"": []}",,"{""good"": []}",8.0,"{""good"": []}",,"{""good"": []}",,"{""good"": []}",8.0,"{""good"": []}",,,314.2276162,"{""good"": []}",,,427.9839521,"{""good"": []}",,,1.0,"{""good"": []}",21.58922592,"{""good"": []}",21.57722003,"{""good"": []}",23707.0,"{""good"": []}",0.0,"{""good"": []}",NSW,"{""good"": []}",77.7,"{""good"": []}",,,15.70235382,"{""good"": []}",15.31466491,"{""good"": []}",13.98626237,"{""good"": []}",180.241815,"{""good"": []}",20.618375,"{""good"": []}"
2026-09-30 10:11:00+00:00,Aberporth Automatic Weather Station,-4.57,52.14,0.0,"{""good"": []}",990.815,"{""good"": []}",,,17.5391278,"{""good"": []}",,,,,2000.0,"{""good"": []}",,"{""good"": []}",,"{""good"": []}",8.0,"{""good"": []}",,"{""good"": []}",,"{""good"": []}",8.0,"{""good"": []}",,,319.5249102,"{""good"": []}",,,430.5724852,"{""good"": []}",,,0.0,"{""suspect"": [""1 case(s) of \""qc consistency check failed: expected radiation_sun_1_minute_mean to be above 0 if sunshine_1_minute_mean is above 0\""""]}",22.38101587,"{""good"": []}",22.46977038,"{""good"": []}",22533.0,"{""good"": []}",0.0,"{""good"": []}",NSW,"{""good"": []}",78.2425,"{""good"": []}",,,15.70260368,"{""good"": []}",15.31799196,"{""good"": []}",13.98606222,"{""good"": []}",169.6397144,"{""good"": []}",19.288625,"{""good"": []}"
2026-09-30 10:12:00+00:00,Aberporth Automatic Weather Station,-4.57,52.14,0.0,"{""good"": []}",990.745,"{""good"": []}",,,17.51152871,"{""good"": []}",,,,,2000.0,"{""good"": []}",,"{""good"": []}",,"{""good"": []}",8.0,"{""good"": []}",,"{""good"": []}",,"{""good"": []}",8.0,"{""good"": []}",,,322.1512502,"{""good"": []}",,,277.3081435,"{""good"": []}",,,0.0,"{""suspect"": [""1 case(s) of \""qc consistency check failed: expected radiation_sun_1_minute_mean to be above 0 if sunshine_1_minute_mean is above 0\""""]}",22.13709856,"{""good"": []}",22.17693594,"{""good"": []}",23613.0,"{""good"": []}",0.0,"{""good"": []}",NSW,"{""good"": []}",76.885,"{""good"": []}",,,15.7025562,"{""good"": []}",15.32127147,"{""good"": []}",13.98560937,"{""good"": []}",170.8239835,"{""good"": []}",24.99554167,"{""good"": []}"
2026-09-30 10:13:00+00:00,Aberporth Automatic Weather Station,-4.57,52.14,0.0,"{""good"": []}",990.735,"{""good"": []}",,,17.47688182,"{""good"": []}",,,,,2000.0,"{""good"": []}",,"{""good"": []}",,"{""good"": []}",8.0,"{""good"": []}",,"{""good"": []}",,"{""good"": []}",8.0,"{""good"": []}",,,324.1226597,"{""good"": []}",,,270.7130368,"{""good"": []}",,,0.0,"{""suspect"": [""1 case(s) of \""qc consistency check failed: expected radiation_sun_1_minute_mean to be above 0 if sunshine_1_minute_mean is above 0\""""]}",21.56641247,"{""good"": []}",21.58568221,"{""good"": []}",23369.0,"{""good"": []}",0.0,"{""good"": []}",NSW,"{""good"": []}",76.425,"{""good"": []}",,,15.70245376,"{""good"": []}",15.3242483,"{""good"": []}",13.98540421,"{""good"": []}",175.0965982,"{""good"": []}",21.64129167,"{""good"": []}"
2026-09-30 10:14:00+00:00,Aberporth Automatic Weather Station,-4.57,52.14,0.0,"{""good"": []}",990.78,"{""good"": []}",,,17.40707839,"{""good"": []}",,,,,2000.0,"{""good"": []}",,"{""good"": []}",,"{""good"": []}",8.0,"{""good"": []}",,"{""good"": []}",,"{""good"": []}",8.0,"{""good"": []}",,,324.6731889,"{""good"": []}",,,210.7778845,"{""good"": []}",,,0.0,"{""good"": []}",20.94042043,"{""good"": []}",20.9322934,"{""good"": []}",23181.0,"{""good"": []}",0.0,"{""good"": []}",NSW,"{""good"": []}",75.86,"{""good"": []}",,,15.70210146,"{""good"": []}",15.3271726,"{""good"": []}",13.98490132,"{""good"": []}",176.7731901,"{""good"": []}",21.18654167,"{""good"": []}"
2026-09-30 10:15:00+00:00,Aberporth Automatic Weather Station,-4.57,52.14,0.0,"{""good"": []}",990.755,"{""good"": []}",,,17.34145467,"{""good"": []}",,,,,2000.0,"{""good"": []}",,"{""good"": []}",,"{""good"": []}",8.0,"{""good"": []}",,"{""good"": []}",,"{""good"": []}",8.0,"{""good"": []}",,,325.1171956,"{""good"": []}",,,208.8138197,"{""good"": []}",,,0.0,"{""good"": []}",20.36177424,"{""good"": []}",20.31354258,"{""good"": []}",23894.5,"{""good"": []}",0.0,"{""good"": []}",NSW,"{""good"": []}",76.5575,"{""good"": []}",,,15.70275609,"{""good"": []}",15.33090489,"{""good"": []}",13.98445098,"{""good"": []}",185.1218633,"{""good"": []}",21.89308333,"{""good"": []}"
2026-09-30 10:16:00+00:00,Aberporth Automatic Weather Station,-4.57,52.14,0.0,"{""good"": []}",990.785,"{""good"": []}",,,17.22557198,"{""good"": []}",,,,,2100.0,"{""good"": []}",,"{""good"": []}",,"{""good"": []}",8.0,"{""good"": []}",,"{""good"": []}",,"{""good"": []}",8.0,"{""good"": []}",,,325.5206296,"{""good"": []}",,,201.0021095,"{""good"": []}",,,0.0,"{""good"": []}",20.00574097,"{""good"": []}",19.90047673,"{""good"": []}",23295.0,"{""good"": []}",0.0,"{""good"": []}",NSW,"{""good"": []}",76.02,"{""good"": []}",,,15.70200152,"{""good"": []}",15.33463469,"{""good"": []}",13.98424832,"{""good"": []}",179.0025018,"{""good"": []}",21.64704167,"{""good"": []}"
2026-09-30 10:17:00+00:00,Aberporth Automatic Weather Station,-4.57,52.14,0.0,"{""good"": []}",990.845,"{""good"": []}",,,17.1966113,"{""good"": []}",,,,,2100.0,"{""good"": []}",,"{""good"": []}",,"{""good"": []}",8.0,"{""good"": []}",,"{""good"": []}",,"{""good"": []}",8.0,"{""good"": []}",,,325.6667878,"{""good"": []}",,,191.7890767,"{""good"": []}",,,0.0,"{""good"": []}",19.74610835,"{""good"": []}",19.56157235,"{""good"": []}",23574.5,"{""good"": []}",0.0,"{""good"": []}",NSW,"{""good"": []}",76.9525,"{""good"": []}",,,15.70245376,"{""good"": []}",15.33695611,"{""good"": []}",13.98389054,"{""good"": []}",173.7112894,"{""good"": []}",20.63266667,"{""good"": []}"
2026-09-30 10:18:00+00:00,Aberporth Automatic Weather Station,-4.57,52.14,0.0,"{""good"": []}",990.855,"{""good"": []}",,,17.1081728,"{""good"": []}",,,,,2200.0,"{""good"": []}",,"{""good"": []}",,"{""good"": []}",8.0,"{""good"": []}",,"{""good"": []}",,"{""good"": []}",8.0,"{""good"": []}",,,324.0394382,"{""good"": []}",,,192.613794,"{""good"": []}",,,0.0,"{""good"": []}",19.54923207,"{""good"": []}",19.28635913,"{""good"": []}",23995.0,"{""good"": []}",0.0,"{""good"": []}",NSW,"{""good"": []}",76.78,"{""good"": []}",,,15.70144683,"{""good"": []}",15.34033319,"{""good"": []}",13.98349024,"{""good"": []}",178.1556611,"{""good"": []}",19.37408333,"{""good"": []}"
2026-09-30 10:19:00+00:00,Aberporth Automatic Weather Station,-4.57,52.14,0.0,"{""good"": []}",990.86,"{""good"": []}",,,17.06893897,"{""good"": []}",,,,,2200.0,"{""good"": []}",,"{""good"": []}",,"{""good"": []}",8.0,"{""good"": []}",,"{""good"": []}",,"{""good"": []}",8.0,"{""good"": []}",,,322.0904891,"{""good"": []}",,,190.643877,"{""good"": []}",,,0.0,"{""good"": []}",19.42956326,"{""good"": []}",19.10273628,"{""good"": []}",24183.0,"{""good"": []}",0.0,"{""good"": []}",NSW,"{""good"": []}",77.0025,"{""good"": []}",,,15.70225387,"{""good"": []}",15.34345761,"{""good"": []}",13.98349024,"{""good"": []}",182.0327715,"{""good"": []}",18.58341667,"{""good"": []}"
2026-09-30 10:20:00+00:00,Aberporth Automatic Weather Station,-4.57,52.14,0.0,"{""good"": []}",990.87,"{""good"": []}",,,17.01112753,"{""good"": []}",,,,,2200.0,"{""good"": []}",,"{""good"": []}",,"{""good"": []}",8.0,"{""good"": []}",,"{""good"": []}",,"{""good"": []}",8.0,"{""good"": []}",,,319.2959661,"{""good"": []}",,,149.7720581,"{""good"": []}",,,0.0,"{""good"": []}",19.25837368,"{""good"": []}",18.86926449,"{""good"": []}",24442.0,"{""good"": []}",0.0,"{""good"": []}",NSW,"{""good"": []}",75.9325,"{""good"": []}",,,15.70179913,"{""good"": []}",15.34703982,"{""good"": []}",13.98303739,"{""good"": []}",187.4063477,"{""good"": []}",19.191875,"{""good"": []}"
2026-09-30 10:21:00+00:00,Aberporth Automatic Weather Station,-4.57,52.14,0.0,"{""good"": []}",990.91,"{""good"": []}",,,17.03862669,"{""good"": []}",,,,,2200.0,"{""good"": []}",,"{""good"": []}",,"{""good"": []}",8.0,"{""good"": []}",,"{""good"": []}",,"{""good"": []}",8.0,"{""good"": []}",,,317.4467304,"{""good"": []}",,,132.4325306,"{""good"": []}",,,0.0,"{""good"": []}",19.02830284,"{""good"": []}",18.56958387,"{""good"": []}",25630.5,"{""good"": []}",0.0,"{""good"": []}",NSW,"{""good"": []}",76.615,"{""good"": []}",,,15.70190157,"{""good"": []}",15.34971146,"{""good"": []}",13.98298986,"{""good"": []}",184.0211081,"{""good"": []}",15.12945833,"{""good"": []}"
2026-09-30 10:22:00+00:00,Aberporth Automatic Weather Station,-4.57,52.14,0.0,"{""good"": []}",990.895,"{""good"": []}",,,16.93648483,"{""good"": []}",,,,,2200.0,"{""good"": []}",,"{""good"": []}",,"{""good"": []}",8.0,"{""good"": []}",,"{""good"": []}",,"{""good"": []}",8.0,"{""good"": []}",,,316.1840171,"{""good"": []}",,,128.1822914,"{""good"": []}",,,0.0,"{""good"": []}",18.85575409,"{""good"": []}",18.33464844,"{""good"": []}",25242.0,"{""good"": []}",0.0,"{""good"": []}",NSW,"{""good"": []}",76.095,"{""good"": []}",,,15.70144683,"{""good"": []}",15.35339373,"{""good"": []}",13.9825295,"{""good"": []}",184.3281765,"{""good"": []}",18.5935,"{""good"": []}"
2026-09-30 10:23:00+00:00,Aberporth Automatic Weather Station,-4.57,52.14,0.0,"{""good"": []}",990.94,"{""good"": []}",,,16.95325864,"{""good"": []}",,,,,2200.0,"{""good"": []}",,"{""good"": []}",,"{""good"": []}",8.0,"{""good"": []}",,"{""good"": []}",,"{""good"": []}",8.0,"{""good"": []}",,,314.0164093,"{""good"": []}",,,123.0645453,"{""good"": []}",,,0.0,"{""good"": []}",18.69125788,"{""good"": []}",18.1669359,"{""good"": []}",24614.5,"{""good"": []}",0.0,"{""good"": []}",NSW,"{""good"": []}",76.265,"{""good"": []}",,,15.7018491,"{""good"": []}",15.35682584,"{""good"": []}",13.98232935,"{""good"": []}",183.8784667,"{""good"": []}",17.90279167,"{""good"": []}"
2026-09-30 10:24:00+00:00,Aberporth Automatic Weather Station,-4.57,52.14,0.0,"{""good"": []}",990.995,"{""good"": []}",,,16.91654563,"{""good"": []}",,,,,2200.0,"{""good"": []}",,"{""good"": []}",,"{""good"": []}",8.0,"{""good"": []}",,"{""good"": []}",,"{""good"": []}",8.0,"{""good"": []}",,,310.1215626,"{""good"": []}",,,129.015688,"{""good"": []}",,,0.0,"{""good"": []}",18.57934929,"{""good"": []}",18.07237826,"{""good"": []}",23698.0,"{""good"": []}",0.0,"{""good"": []}",NSW,"{""good"": []}",76.3325,"{""good"": []}",,,15.70189907,"{""good"": []}",15.36060566,"{""good"": []}",13.98197908,"{""good"": []}",185.7654277,"{""good"": []}",17.352875,"{""good"": []}"
2026-09-30 10:25:00+00:00,Aberporth Automatic Weather Station,-4.57,52.14,0.0,"{""good"": []}",991.015,"{""good"": []}",,,16.91241589,"{""good"": []}",,,,,2200.0,"{""good"": []}",4700.0,"{""good"": []}",6900.0,"{""good"": []}",7.0,"{""good"": []}",4.0,"{""good"": []}",5.0,"{""good"": []}",8.0,"{""good"": []}",,,305.0842314,"{""good"": []}",,,118.9594769,"{""good"": []}",,,0.0,"{""good"": []}",18.51961607,"{""good"": []}",18.01230876,"{""good"": []}",24151.5,"{""good"": []}",0.0,"{""good"": []}",NSW,"{""good"": []}",77.2025,"{""good"": []}",,,15.7018466,"{""good"": []}",15.36337987,"{""good"": []}",13.98172888,"{""good"": []}",182.5005771,"{""good"": []}",17.781375,"{""good"": []}"
2026-09-30 10:26:00+00:00,Aberporth Automatic Weather Station,-4.57,52.14,0.0,"{""good"": []}",990.995,"{""good"": []}",,,16.89075784,"{""good"": []}",,,,,2200.0,"{""good"": []}",4700.0,"{""good"": []}",6900.0,"{""good"": []}",7.0,"{""good"": []}",4.0,"{""good"": []}",5.0,"{""good"": []}",8.0,"{""good"": []}",,,299.550174,"{""good"": []}",,,117.8072817,"{""good"": []}",,,0.0,"{""good"": []}",18.43525302,"{""good"": []}",17.9231911,"{""good"": []}",22700.5,"{""good"": []}",0.0,"{""good"": []}",NSW,"{""good"": []}",77.1625,"{""good"": []}",,,15.70139436,"{""good"": []}",15.36645676,"{""good"": []}",13.98136861,"{""good"": []}",188.0930381,"{""good"": []}",16.02870833,"{""good"": []}"
2026-09-30 10:27:00+00:00,Aberporth Automatic Weather Station,-4.57,52.14,0.0,"{""good"": []}",991.02,"{""good"": []}",,,16.85701784,"{""good"": []}",,,,,2200.0,"{""good"": []}",4600.0,"{""good"": []}",6900.0,"{""good"": []}",7.0,"{""good"": []}",4.0,"{""good"": []}",5.0,"{""good"": []}",8.0,"{""good"": []}",,,295.5246755,"{""good"": []}",,,128.3651285,"{""good"": []}",,,0.0,"{""good"": []}",18.37899766,"{""good"": []}",17.85687987,"{""good"": []}",23432.5,"{""good"": []}",0.0,"{""good"": []}",NSW,"{""good"": []}",78.1575,"{""good"": []}",,,15.70144683,"{""good"": []}",15.37003396,"{""good"": []}",13.9812185,"{""good"": []}",184.1894034,"{""good"": []}",15.659125,"{""good"": []}"
2026-09-30 10:28:00+00:00,Aberporth Automatic Weather Station,-4.57,52.14,0.0,"{""good"": []}",991.01,"{""good"": []}",,,16.84175802,"{""good"": []}",,,,,2200.0,"{""good"": []}",4600.0,"{""good"": []}",6900.0,"{""good"": []}",7.0,"{""good"": []}",4.0,"{""good"": []}",5.0,"{""good"": []}",8.0,"{""good"": []}",,,293.6838237,"{""good"": []}",,,133.1421748,"{""good"": []}",,,0.0,"{""good"": []}",18.38821199,"{""good"": []}",17.86730273,"{""good"": []}",22763.0,"{""good"": []}",0.0,"{""good"": []}",NSW,"{""good"": []}",78.43,"{""good"": []}",,,15.70164921,"{""good"": []}",15.37291073,"{""good"": []}",13.98076815,"{""good"": []}",176.7625366,"{""good"": []}",15.348625,"{""good"": []}"
2026-09-30 10:29:00+00:00,Aberporth Automatic Weather Station,-4.57,52.14,0.0,"{""good"": []}",990.975,"{""good"": []}",,,16.8905055,"{""good"": []}",,,,,2100.0,"{""good"": []}",4600.0,"{""good"": []}",6900.0,"{""good"": []}",7.0,"{""good"": []}",4.0,"{""good"": []}",5.0,"{""good"": []}",8.0,"{""good"": []}",,,290.6303727,"{""good"": []}",,,132.7206643,"{""good"": []}",,,0.0,"{""good"": []}",18.41022343,"{""good"": []}",17.8971102,"{""good"": []}",23375.5,"{""good"": []}",0.0,"{""good"": []}",NSW,"{""good"": []}",79.185,"{""good"": []}",,,15.70164421,"{""good"": []}",15.37618774,"{""good"": []}",13.98051795,"{""good"": []}",178.2378041,"{""good"": []}",16.388125,"{""good"": []}"
2026-09-30 10:30:00+00:00,Aberporth Automatic Weather Station,-4.57,52.14,0.0,"{""good"": []}",990.99,"{""good"": []}",,,16.88612593,"{""good"": []}",,,,,2100.0,"{""good"": []}",4600.0,"{""good"": []}",6900.0,"{""good"": []}",7.0,"{""good"": []}",4.0,"{""good"": []}",5.0,"{""good"": []}",8.0,"{""good"": []}",,,286.5898392,"{""good"": []}",,,133.6976947,"{""good"": []}",,,0.0,"{""good"": []}",18.40694545,"{""good"": []}",17.90934639,"{""good"": []}",23335.0,"{""good"": []}",0.0,"{""good"": []}",NSW,"{""good"": []}",79.4925,"{""good"": []}",,,15.70139436,"{""good"": []}",15.37961736,"{""good"": []}",13.98026276,"{""good"": []}",181.9873809,"{""good"": []}",14.63675,"{""good"": []}"
2026-09-30 10:31:00+00:00,Aberporth Automatic Weather Station,-4.57,52.14,0.0,"{""good"": []}",991.02,"{""good"": []}",,,16.89061043,"{""good"": []}",,,,,2100.0,"{""good"": []}",,"{""good"": []}",,"{""good"": []}",8.0,"{""good"": []}",,"{""good"": []}",,"{""good"": []}",8.0,"{""good"": []}",,,283.3057832,"{""good"": []}",,,137.1259767,"{""good"": []}",,,0.0,"{""good"": []}",18.45066354,"{""good"": []}",17.95007876,"{""good"": []}",22926.0,"{""good"": []}",0.0,"{""good"": []}",NSW,"{""good"": []}",80.1475,"{""good"": []}",,,15.70154927,"{""good"": []}",15.38279431,"{""good"": []}",13.98011264,"{""good"": []}",186.8447047,"{""good"": []}",16.17354167,"{""good"": []}"
2026-09-30 10:32:00+00:00,Aberporth Automatic Weather Station,-4.57,52.14,0.0,"{""good"": []}",990.99,"{""good"": []}",,,16.93175299,"{""good"": []}",,,,,2100.0,"{""good"": []}",,"{""good"": []}",,"{""good"": []}",8.0,"{""good"": []}",,"{""good"": []}",,"{""good"": []}",8.0,"{""good"": []}",,,280.3138385,"{""good"": []}",,,131.3194306,"{""good"": []}",,,0.0,"{""good"": []}",18.48471007,"{""good"": []}",17.98028834,"{""good"": []}",21861.0,"{""good"": []}",0.0,"{""good"": []}",NSW,"{""good"": []}",80.0925,"{""good"": []}",,,15.70144433,"{""good"": []}",15.38622392,"{""good"": []}",13.97985995,"{""good"": []}",178.6585721,"{""good"": []}",16.03458333,"{""good"": []}"
2026-09-30 10:33:00+00:00,Aberporth Automatic Weather Station,-4.57,52.14,0.0,"{""good"": []}",991.02,"{""good"": []}",,,16.93850098,"{""good"": []}",,,,,2100.0,"{""good"": []}",,"{""good"": []}",,"{""good"": []}",8.0,"{""good"": []}",,"{""good"": []}",,"{""good"": []}",8.0,"{""good"": []}",,,276.7886234,"{""good"": []}",,,122.8768768,"{""good"": []}",,,0.0,"{""good"": []}",18.44648361,"{""good"": []}",17.95818627,"{""good"": []}",21199.5,"{""good"": []}",0.0,"{""good"": []}",NSW,"{""good"": []}",80.675,"{""good"": []}",,,15.70119447,"{""good"": []}",15.389601,"{""good"": []}",13.97965729,"{""good"": []}",182.1253052,"{""good"": []}",16.21904167,"{""good"": []}"
2026-09-30 10:34:00+00:00,Aberporth Automatic Weather Station,-4.57,52.14,0.0,"{""good"": []}",991.0,"{""good"": []}",,,16.800558,"{""good"": []}",,,,,2100.0,"{""good"": []}",4600.0,"{""good"": []}",6900.0,"{""good"": []}",7.0,"{""good"": []}",5.0,"{""good"": []}",5.0,"{""good"": []}",8.0,"{""good"": []}",,,270.5543945,"{""good"": []}",,,110.5849486,"{""good"": []}",,,0.0,"{""good"": []}",18.14983377,"{""good"": []}",17.66424535,"{""good"": []}",9752.5,"{""good"": []}",0.0,"{""good"": []}",NSW,"{""good"": []}",81.075,"{""good"": []}",,,15.7014968,"{""good"": []}",15.39288051,"{""good"": []}",13.97920695,"{""good"": []}",187.5478568,"{""good"": []}",18.62745833,"{""good"": []}"
2026-09-30 10:35:00+00:00,Aberporth Automatic Weather Station,-4.57,52.14,0.0,"{""good"": []}",991.06,"{""good"": []}",,,16.63486604,"{""good"": []}",,,,,2100.0,"{""good"": []}",4600.0,"{""good"": []}",,"{""good"": []}",7.0,"{""good"": []}",8.0,"{""good"": []}",,"{""good"": []}",8.0,"{""good"": []}",,,264.5976635,"{""good"": []}",,,94.89079399,"{""good"": []}",,,0.0,"{""good"": []}",17.69936865,"{""good"": []}",17.14463543,"{""good"": []}",7143.5,"{""good"": []}",0.0,"{""good"": []}",NSW,"{""good"": []}",82.05,"{""good"": []}",,,15.70134189,"{""good"": []}",15.39590237,"{""good"": []}",13.97925698,"{""good"": []}",181.3760575,"{""good"": []}",17.63966667,"{""good"": []}"
2026-09-30 10:36:00+00:00,Aberporth Automatic Weather Station,-4.57,52.14,0.0,"{""good"": []}",991.045,"{""good"": []}",,,16.53298151,"{""good"": []}",,,,,2100.0,"{""good"": []}",4600.0,"{""good"": []}",,"{""good"": []}",7.0,"{""good"": []}",8.0,"{""good"": []}",,"{""good"": []}",8.0,"{""good"": []}",,,258.9409759,"{""good"": []}",,,84.65868051,"{""good"": []}",,,0.0,"{""good"": []}",17.37587035,"{""good"": []}",16.75094917,"{""good"": []}",18540.0,"{""good"": []}",0.0,"{""good"": []}",-RA,"{""good"": []}",82.0,"{""good"": []}",,,15.70109453,"{""good"": []}",15.39938451,"{""good"": []}",13.97894925,"{""good"": []}",181.1729087,"{""good"": []}",17.18020833,"{""good"": []}"
2026-09-30 10:37:00+00:00,Aberporth Automatic Weather Station,-4.57,52.14,0.0,"{""good"": []}",991.045,"{""good"": []}",,,16.50034828,"{""good"": []}",,,,,2100.0,"{""good"": []}",4600.0,"{""good"": []}",,"{""good"": []}",7.0,"{""good"": []}",8.0,"{""good"": []}",,"{""good"": []}",8.0,"{""good"": []}",,,251.4656673,"{""good"": []}",,,76.87100297,"{""good"": []}",,,0.0,"{""good"": []}",17.12893241,"{""good"": []}",16.49527539,"{""good"": []}",21033.0,"{""good"": []}",0.0,"{""good"": []}",-RA,"{""good"": []}",82.05,"{""good"": []}",,,15.70058731,"{""good"": []}",15.40130069,"{""good"": []}",13.97864651,"{""good"": []}",180.6035661,"{""good"": []}",18.37225,"{""good"": []}"
2026-09-30 10:38:00+00:00,Aberporth Automatic Weather Station,-4.57,52.14,0.0,"{""good"": []}",991.12,"{""good"": []}",,,16.52170154,"{""good"": []}",,,,,2100.0,"{""good"": []}",4600.0,"{""good"": []}",,"{""good"": []}",7.0,"{""good"": []}",8.0,"{""good"": []}",,"{""good"": []}",8.0,"{""good"": []}",,,243.3927517,"{""good"": []}",,,75.75081,"{""good"": []}",,,0.0,"{""good"": []}",16.93900436,"{""good"": []}",16.30334023,"{""good"": []}",12858.5,"{""good"": []}",0.0,"{""good"": []}",-RA,"{""good"": []}",83.2,"{""good"": []}",,,15.70144683,"{""good"": []}",15.4053857,"{""good"": []}",13.97864652,"{""good"": []}",189.9759514,"{""good"": []}",14.38354167,"{""good"": []}"
2026-09-30 10:39:00+00:00,Aberporth Automatic Weather Station,-4.57,52.14,0.0,"{""good"": []}",991.165,"{""good"": []}",,,16.27376943,"{""good"": []}",,,,,2000.0,"{""good"": []}",,"{""good"": []}",,"{""good"": []}",8.0,"{""good"": []}",,"{""good"": []}",,"{""good"": []}",8.0,"{""good"": []}",,,239.0234159,"{""good"": []}",,,78.58866074,"{""good"": []}",,,0.0,"{""good"": []}",16.86380566,"{""good"": []}",16.12540463,"{""good"": []}",4970.5,"{""good"": []}",0.0,"{""good"": []}",RA,"{""good"": []}",83.65,"{""good"": []}",,,15.70099209,"{""good"": []}",15.40891537,"{""good"": []}",13.97829624,"{""good"": []}",206.6264448,"{""good"": []}",16.74733333,"{""good"": []}"
2026-09-30 10:40:00+00:00,Aberporth Automatic Weather Station,-4.57,52.14,0.2,"{""good"": []}",991.115,"{""good"": []}",,,15.71771289,"{""good"": []}",,,,,2000.0,"{""good"": []}",,"{""good"": []}",,"{""good"": []}",8.0,"{""good"": []}",,"{""good"": []}",,"{""good"": []}",8.0,"{""good"": []}",,,237.1187798,"{""good"": []}",,,80.34961862,"{""good"": []}",,,0.0,"{""good"": []}",16.68692707,"{""good"": []}",15.80346957,"{""good"": []}",3058.5,"{""good"": []}",0.0,"{""good"": []}",RA,"{""good"": []}",81.25,"{""good"": []}",,,15.70093961,"{""good"": []}",15.41199227,"{""good"": []}",13.97804606,"{""good"": []}",212.9580762,"{""good"": []}",16.598625,"{""good"": []}"
2026-09-30 10:41:00+00:00,Aberporth Automatic Weather Station,-4.57,52.14,0.0,"{""good"": []}",991.02,"{""good"": []}",,,15.50709839,"{""good"": []}",,,,,2000.0,"{""good"": []}",,"{""good"": []}",,"{""good"": []}",8.0,"{""good"": []}",,"{""good"": []}",,"{""good"": []}",8.0,"{""good"": []}",,,234.3894731,"{""good"": []}",,,60.07130842,"{""good"": []}",,,0.0,"{""good"": []}",16.46229539,"{""good"": []}",15.43621889,"{""good"": []}",3731.5,"{""good"": []}",0.0,"{""good"": []}",RA,"{""good"": []}",82.275,"{""good"": []}",,,15.7007897,"{""good"": []}",15.4149691,"{""good"": []}",13.9778409,"{""good"": []}",211.8495193,"{""good"": []}",14.70745833,"{""good"": []}"
2026-09-30 10:42:00+00:00,Aberporth Automatic Weather Station,-4.57,52.14,0.0,"{""good"": []}",991.005,"{""good"": []}",,,15.45965254,"{""good"": []}",,,,,2000.0,"{""good"": []}",,"{""good"": []}",,"{""good"": []}",8.0,"{""good"": []}",,"{""good"": []}",,"{""good"": []}",8.0,"{""good"": []}",,,228.9663321,"{""good"": []}",,,54.68789778,"{""good"": []}",,,0.0,"{""good"": []}",16.33653534,"{""good"": []}",15.18960424,"{""good"": []}",8540.5,"{""good"": []}",0.0,"{""good"": []}",RA,"{""good"": []}",83.15,"{""good"": []}",,,15.70124695,"{""good"": []}",15.41814605,"{""good"": []}",13.97748562,"{""good"": []}",203.1444325,"{""good"": []}",14.75729167,"{""good"": []}"
2026-09-30 10:43:00+00:00,Aberporth Automatic Weather Station,-4.57,52.14,0.0,"{""good"": []}",991.07,"{""good"": []}",,,15.5436565,"{""good"": []}",,,,,2000.0,"{""good"": []}",,"{""good"": []}",,"{""good"": []}",8.0,"{""good"": []}",,"{""good"": []}",,"{""good"": []}",8.0,"{""good"": []}",,,224.6349354,"{""good"": []}",,,74.53358343,"{""good"": []}",,,0.0,"{""good"": []}",16.35934879,"{""good"": []}",15.14015993,"{""good"": []}",6751.0,"{""good"": []}",0.0,"{""good"": []}",RA,"{""good"": []}",84.6,"{""good"": []}",,,15.70094212,"{""good"": []}",15.42167322,"{""good"": []}",13.97733551,"{""good"": []}",204.1385024,"{""good"": []}",17.07741667,"{""good"": []}"
2026-09-30 10:44:00+00:00,Aberporth Automatic Weather Station,-4.57,52.14,0.0,"{""good"": []}",991.125,"{""good"": []}",,,15.73100652,"{""good"": []}",,,,,2000.0,"{""good"": []}",,"{""good"": []}",,"{""good"": []}",8.0,"{""good"": []}",,"{""good"": []}",,"{""good"": []}",8.0,"{""good"": []}",,,222.6917579,"{""good"": []}",,,99.83061922,"{""good"": []}",,,0.0,"{""good"": []}",16.43434511,"{""good"": []}",15.30389864,"{""good"": []}",15154.0,"{""good"": []}",0.0,"{""good"": []}",RA,"{""good"": []}",85.9,"{""good"": []}",,,15.70109203,"{""good"": []}",15.42444743,"{""good"": []}",13.97708532,"{""good"": []}",200.3985504,"{""good"": []}",15.066375,"{""good"": []}"
2026-09-30 10:45:00+00:00,Aberporth Automatic Weather Station,-4.57,52.14,0.0,"{""good"": []}",991.3,"{""good"": []}",,,15.74883712,"{""good"": []}",,,,,2000.0,"{""good"": []}",,"{""good"": []}",,"{""good"": []}",8.0,"{""good"": []}",,"{""good"": []}",,"{""good"": []}",8.0,"{""good"": []}",,,220.7180264,"{""good"": []}",,,112.4660221,"{""good"": []}",,,0.0,"{""good"": []}",16.62779599,"{""good"": []}",15.58072287,"{""good"": []}",5500.5,"{""good"": []}",0.0,"{""good"": []}",RA,"{""good"": []}",87.3,"{""good"": []}",,,15.7007897,"{""good"": []}",15.42747178,"{""good"": []}",13.97683513,"{""good"": []}",209.137971,"{""good"": []}",12.909125,"{""good"": []}"
2026-09-30 10:46:00+00:00,Aberporth Automatic Weather Station,-4.57,52.14,0.0,"{""good"": []}",991.455,"{""good"": []}",,,15.73679765,"{""good"": []}",,,,,2000.0,"{""good"": []}",,"{""good"": []}",,"{""good"": []}",8.0,"{""good"": []}",,"{""good"": []}",,"{""good"": []}",8.0,"{""good"": []}",,,216.1909567,"{""good"": []}",,,103.0389765,"{""good"": []}",,,0.0,"{""good"": []}",16.78967131,"{""good"": []}",15.80185856,"{""good"": []}",7206.0,"{""good"": []}",0.0,"{""good"": []}",RA,"{""good"": []}",88.375,"{""good"": []}",,,15.70094212,"{""good"": []}",15.43049865,"{""good"": []}",13.97658243,"{""good"": []}",225.3475182,"{""good"": []}",14.96458333,"{""good"": []}"
2026-09-30 10:47:00+00:00,Aberporth Automatic Weather Station,-4.57,52.14,0.0,"{""good"": []}",991.555,"{""good"": []}",,,15.66317177,"{""good"": []}",,,,,2000.0,"{""good"": []}",,"{""good"": []}",,"{""good"": []}",8.0,"{""good"": []}",,"{""good"": []}",,"{""good"": []}",8.0,"{""good"": []}",,,211.535621,"{""good"": []}",,,102.3402434,"{""good"": []}",,,0.0,"{""good"": []}",16.83198026,"{""good"": []}",15.91912272,"{""good"": []}",5972.0,"{""good"": []}",0.0,"{""good"": []}",RA,"{""good"": []}",89.2,"{""good"": []}",,,15.70094212,"{""good"": []}",15.43307023,"{""good"": []}",13.97632723,"{""good"": []}",221.6075466,"{""good"": []}",18.48070833,"{""good"": []}"
2026-09-30 10:48:00+00:00,Aberporth Automatic Weather Station,-4.57,52.14,0.2,"{""good"": []}",991.5,"{""good"": []}",,,15.32523721,"{""good"": []}",,,,,2000.0,"{""good"": []}",,"{""good"": []}",,"{""good"": []}",8.0,"{""good"": []}",,"{""good"": []}",,"{""good"": []}",8.0,"{""good"": []}",,,208.7378255,"{""good"": []}",,,110.636893,"{""good"": []}",,,0.0,"{""good"": []}",16.83716207,"{""good"": []}",15.90592991,"{""good"": []}",4192.5,"{""good"": []}",1.568627451,"{""good"": []}",RA,"{""good"": []}",88.8,"{""good"": []}",,,15.70094211,"{""good"": []}",15.43619715,"{""good"": []}",13.97607454,"{""good"": []}",229.5512448,"{""good"": []}",17.87825,"{""good"": []}"
2026-09-30 10:49:00+00:00,Aberporth Automatic Weather Station,-4.57,52.14,0.0,"{""good"": []}",991.385,"{""good"": []}",,,14.48810817,"{""good"": []}",,,,,2000.0,"{""good"": []}",,"{""good"": []}",,"{""good"": []}",8.0,"{""good"": []}",,"{""good"": []}",,"{""good"": []}",8.0,"{""good"": []}",,,206.8808435,"{""good"": []}",,,107.602272,"{""good"": []}",,,0.0,"{""good"": []}",16.73875016,"{""good"": []}",15.64969665,"{""good"": []}",4020.0,"{""good"": []}",1.568627451,"{""good"": []}",RA,"{""good"": []}",84.15,"{""good"": []}",,,15.7007922,"{""good"": []}",15.4395217,"{""good"": []}",13.97582434,"{""good"": []}",221.6950712,"{""good"": []}",16.95004167,"{""good"": []}"
2026-09-30 10:50:00+00:00,Aberporth Automatic Weather Station,-4.57,52.14,0.0,"{""good"": []}",991.41,"{""good"": []}",,,14.37287754,"{""good"": []}",,,,,2000.0,"{""good"": []}",,"{""good"": []}",,"{""good"": []}",8.0,"{""good"": []}",,"{""good"": []}",,"{""good"": []}",8.0,"{""good"": []}",,,205.8543079,"{""good"": []}",,,126.0007774,"{""good"": []}",,,0.0,"{""good"": []}",16.550636,"{""good"": []}",15.32242902,"{""good"": []}",11251.5,"{""good"": []}",1.568627451,"{""good"": []}",RA,"{""good"": []}",84.15,"{""good"": []}",,,15.70119447,"{""good"": []}",15.44270365,"{""good"": []}",13.975374,"{""good"": []}",232.302696,"{""good"": []}",16.73779167,"{""good"": []}"
2026-09-30 10:51:00+00:00,Aberporth Automatic Weather Station,-4.57,52.14,0.0,"{""good"": []}",991.3,"{""good"": []}",,,14.00739885,"{""good"": []}",,,,,2000.0,"{""good"": []}",,"{""good"": []}",,"{""good"": []}",8.0,"{""good"": []}",,"{""good"": []}",,"{""good"": []}",8.0,"{""good"": []}",,,205.9154665,"{""good"": []}",,,237.900004,"{""good"": []}",,,0.0,"{""good"": []}",16.57717966,"{""good"": []}",15.26875362,"{""good"": []}",22722.0,"{""good"": []}",1.568627451,"{""good"": []}",RA,"{""good"": []}",82.35,"{""good"": []}",,,15.7007922,"{""good"": []}",15.44512014,"{""good"": []}",13.97532396,"{""good"": []}",239.1158868,"{""good"": []}",16.12525,"{""good"": []}"
2026-09-30 10:52:00+00:00,Aberporth Automatic Weather Station,-4.57,52.14,0.0,"{""good"": []}",991.195,"{""good"": []}",,,14.12308168,"{""good"": []}",,,,,1700.0,"{""good"": []}",,"{""good"": []}",,"{""good"": []}",8.0,"{""good"": []}",,"{""good"": []}",,"{""good"": []}",8.0,"{""good"": []}",,,203.5629184,"{""good"": []}",,,274.6116825,"{""good"": []}",,,0.0,"{""good"": []}",16.91044444,"{""good"": []}",15.53601169,"{""good"": []}",16708.0,"{""good"": []}",1.568627451,"{""good"": []}",RA,"{""good"": []}",83.475,"{""good"": []}",,,15.7004399,"{""good"": []}",15.44809447,"{""good"": []}",13.97486361,"{""good"": []}",239.0165046,"{""good"": []}",16.338,"{""good"": []}"
2026-09-30 10:53:00+00:00,Aberporth Automatic Weather Station,-4.57,52.14,0.0,"{""good"": []}",991.16,"{""good"": []}",,,14.1827094,"{""good"": []}",,,,,1700.0,"{""good"": []}",,"{""good"": []}",,"{""good"": []}",8.0,"{""good"": []}",,"{""good"": []}",,"{""good"": []}",8.0,"{""good"": []}",,,200.4863389,"{""good"": []}",,,239.5692586,"{""good"": []}",,,0.0,"{""good"": []}",17.17385474,"{""good"": []}",15.63278478,"{""good"": []}",11855.5,"{""good"": []}",1.568627451,"{""good"": []}",RA,"{""good"": []}",84.95,"{""good"": []}",,,15.70073723,"{""good"": []}",15.45076861,"{""good"": []}",13.97461342,"{""good"": []}",232.6017501,"{""good"": []}",13.43804167,"{""good"": []}"
2026-09-30 10:54:00+00:00,Aberporth Automatic Weather Station,-4.57,52.14,0.0,"{""good"": []}",991.1,"{""good"": []}",,,14.07956571,"{""good"": []}",,,,,1700.0,"{""good"": []}",,"{""good"": []}",,"{""good"": []}",8.0,"{""good"": []}",,"{""good"": []}",,"{""good"": []}",8.0,"{""good"": []}",,,198.4175275,"{""good"": []}",,,194.9099367,"{""good"": []}",,,0.0,"{""good"": []}",17.29025307,"{""good"": []}",15.54467118,"{""good"": []}",42776.5,"{""good"": []}",1.568627451,"{""good"": []}",RA,"{""good"": []}",84.225,"{""good"": []}",,,15.70068726,"{""good"": []}",15.45389804,"{""good"": []}",13.9744633,"{""good"": []}",230.8689403,"{""good"": []}",11.27610833,"{""good"": []}"
2026-09-30 10:55:00+00:00,Aberporth Automatic Weather Station,-4.57,52.14,0.0,"{""good"": []}",991.15,"{""good"": []}",,,14.18986213,"{""good"": []}",,,,,1700.0,"{""good"": []}",,"{""good"": []}",,"{""good"": []}",8.0,"{""good"": []}",,"{""good"": []}",,"{""good"": []}",8.0,"{""good"": []}",,,197.3764561,"{""good"": []}",,,145.9768209,"{""good"": []}",,,0.0,"{""good"": []}",17.17627325,"{""good"": []}",15.37322709,"{""good"": []}",57536.5,"{""good"": []}",1.568627451,"{""good"": []}",RA,"{""good"": []}",86.1,"{""good"": []}",,,15.70033745,"{""good"": []}",15.45591428,"{""good"": []}",13.97411303,"{""good"": []}",223.3850724,"{""good"": []}",11.69749583,"{""good"": []}"
2026-09-30 10:56:00+00:00,Aberporth Automatic Weather Station,-4.57,52.14,0.0,"{""good"": []}",991.195,"{""good"": []}",,,14.10293762,"{""good"": []}",,,,,1700.0,"{""good"": []}",,"{""good"": []}",,"{""good"": []}",8.0,"{""good"": []}",,"{""good"": []}",,"{""good"": []}",8.0,"{""good"": []}",,,192.1806903,"{""good"": []}",,,128.8654112,"{""good"": []}",,,0.0,"{""good"": []}",17.0173711,"{""good"": []}",15.24544265,"{""good"": []}",52789.0,"{""good"": []}",1.568627451,"{""good"": []}",RA,"{""good"": []}",86.925,"{""good"": []}",,,15.70058982,"{""good"": []}",15.45878604,"{""good"": []}",13.9738103,"{""good"": []}",213.991014,"{""good"": []}",14.43645833,"{""good"": []}"
2026-09-30 10:57:00+00:00,Aberporth Automatic Weather Station,-4.57,52.14,0.0,"{""good"": []}",991.265,"{""good"": []}",,,14.13335483,"{""good"": []}",,,,,1700.0,"{""good"": []}",,"{""good"": []}",,"{""good"": []}",8.0,"{""good"": []}",,"{""good"": []}",,"{""good"": []}",8.0,"{""good"": []}",,,191.1254209,"{""good"": []}",,,140.6618505,"{""good"": []}",,,0.0,"{""good"": []}",16.90520767,"{""good"": []}",15.18502347,"{""good"": []}",43728.5,"{""good"": []}",1.568627451,"{""good"": []}",RA,"{""good"": []}",87.825,"{""good"": []}",,,15.70003512,"{""good"": []}",15.46156275,"{""good"": []}",13.97386034,"{""good"": []}",205.7041244,"{""good"": []}",11.49083333,"{""good"": []}"
2026-09-30 10:58:00+00:00,Aberporth Automatic Weather Station,-4.57,52.14,0.0,"{""good"": []}",991.235,"{""good"": []}",,,13.98241802,"{""good"": []}",,,,,1700.0,"{""good"": []}",,"{""good"": []}",,"{""good"": []}",8.0,"{""good"": []}",,"{""good"": []}",,"{""good"": []}",8.0,"{""good"": []}",,,191.2069228,"{""good"": []}",,,165.1444761,"{""good"": []}",,,0.0,"{""good"": []}",17.00976578,"{""good"": []}",15.29302119,"{""good"": []}",43144.0,"{""good"": []}",1.568627451,"{""good"": []}",RA,"{""good"": []}",87.3,"{""good"": []}",,,15.70048987,"{""good"": []}",15.46438449,"{""good"": []}",13.97350256,"{""good"": []}",202.9592087,"{""good"": []}",11.45504167,"{""good"": []}"
2026-09-30 10:59:00+00:00,Aberporth Automatic Weather Station,-4.57,52.14,0.0,"{""good"": []}",991.22,"{""good"": []}",,,14.00694416,"{""good"": []}",,,,,1700.0,"{""good"": []}",,"{""good"": []}",,"{""good"": []}",8.0,"{""good"": []}",,"{""good"": []}",,"{""good"": []}",8.0,"{""good"": []}",,,190.4326231,"{""good"": []}",,,143.7669039,"{""good"": []}",,,0.0,"{""good"": []}",17.11901101,"{""good"": []}",15.3734319,"{""good"": []}",51687.0,"{""good"": []}",1.035971223,"{""good"": []}",RA,"{""good"": []}",86.825,"{""good"": []}",,,15.7004349,"{""good"": []}",15.4662006,"{""good"": []}",13.97335244,"{""good"": []}",210.2779789,"{""good"": []}",11.363125,"{""good"": []}"
2026-09-30 11:00:00+00:00,Aberporth Automatic Weather Station,-4.57,52.14,0.0,"{""good"": []}",991.195,"{""good"": []}",,,14.14876455,"{""good"": []}",,,,,1700.0,"{""good"": []}",,"{""good"": []}",,"{""good"": []}",8.0,"{""good"": []}",,"{""good"": []}",,"{""good"": []}",8.0,"{""good"": []}",,,188.1559063,"{""good"": []}",,,150.6850534,"{""good"": []}",,,0.0,"{""good"": []}",17.18438326,"{""good"": []}",15.41300533,"{""good"": []}",52577.0,"{""good"": []}",0.9536423841,"{""good"": []}",RA,"{""good"": []}",87.475,"{""good"": []}",,,15.70068976,"{""good"": []}",15.46947762,"{""good"": []}",13.97300218,"{""good"": []}",207.8395382,"{""good"": []}",10.05090833,"{""good"": []}"
2026-09-30 11:01:00+00:00,Aberporth Automatic Weather Station,-4.57,52.14,0.0,"{""good"": []}",991.2,"{""good"": []}",,,14.18482549,"{""good"": []}",,,,,1700.0,"{""good"": []}",,"{""good"": []}",,"{""good"": []}",8.0,"{""good"": []}",,"{""good"": []}",,"{""good"": []}",8.0,"{""good"": []}",,,182.5734002,"{""good"": []}",,,121.663004,"{""good"": []}",,,0.0,"{""good"": []}",17.23822261,"{""good"": []}",15.48576311,"{""good"": []}",55176.5,"{""good"": []}",0.8834355828,"{""good"": []}",RA,"{""good"": []}",88.325,"{""good"": []}",,,15.70053984,"{""good"": []}",15.47174652,"{""good"": []}",13.97269444,"{""good"": []}",192.3288411,"{""good"": []}",8.472754167,"{""good"": []}"
2026-09-30 11:02:00+00:00,Aberporth Automatic Weather Station,-4.57,52.14,0.0,"{""good"": []}",991.175,"{""good"": []}",,,14.15974472,"{""good"": []}",,,,,1700.0,"{""good"": []}",,"{""good"": []}",,"{""good"": []}",8.0,"{""good"": []}",,"{""good"": []}",,"{""good"": []}",8.0,"{""good"": []}",,,177.2998958,"{""good"": []}",,,111.7242817,"{""good"": []}",,,0.0,"{""good"": []}",17.20901059,"{""good"": []}",15.42307603,"{""good"": []}",47535.0,"{""good"": []}",0.8228571429,"{""good"": []}",-RA,"{""good"": []}",87.625,"{""good"": []}",,,15.70038743,"{""good"": []}",15.4743206,"{""good"": []}",13.9726444,"{""good"": []}",197.9775999,"{""good"": []}",10.01269583,"{""good"": []}"
2026-09-30 11:03:00+00:00,Aberporth Automatic Weather Station,-4.57,52.14,0.0,"{""good"": []}",991.17,"{""good"": []}",,,14.60570722,"{""good"": []}",,,,,1700.0,"{""good"": []}",,"{""good"": []}",,"{""good"": []}",8.0,"{""good"": []}",,"{""good"": []}",,"{""good"": []}",8.0,"{""good"": []}",,,172.0490613,"{""good"": []}",,,125.5071947,"{""good"": []}",,,0.0,"{""good"": []}",17.12641146,"{""good"": []}",15.41839286,"{""good"": []}",49582.5,"{""good"": []}",0.7700534759,"{""good"": []}",-RA,"{""good"": []}",88.575,"{""good"": []}",,,15.70063978,"{""good"": []}",15.47633684,"{""good"": []}",13.97229163,"{""good"": []}",189.9222802,"{""good"": []}",11.64589167,"{""good"": []}"
2026-09-30 11:04:00+00:00,Aberporth Automatic Weather Station,-4.57,52.14,0.0,"{""good"": []}",991.31,"{""good"": []}",,,14.51465046,"{""good"": []}",,,,,1700.0,"{""good"": []}",,"{""good"": []}",,"{""good"": []}",8.0,"{""good"": []}",,"{""good"": []}",,"{""good"": []}",8.0,"{""good"": []}",,,166.0772335,"{""good"": []}",,,134.7339146,"{""good"": []}",,,0.0,"{""good"": []}",17.06808987,"{""good"": []}",15.49653566,"{""good"": []}",39678.0,"{""good"": []}",0.7236180905,"{""good"": []}",-RA,"{""good"": []}",87.075,"{""good"": []}",,,15.70048737,"{""good"": []}",15.47845564,"{""good"": []}",13.97244175,"{""good"": []}",207.2285623,"{""good"": []}",10.097975,"{""good"": []}"
2026-09-30 11:05:00+00:00,Aberporth Automatic Weather Station,-4.57,52.14,0.2,"{""good"": []}",991.45,"{""good"": []}",,,14.50502938,"{""good"": []}",,,,,1700.0,"{""good"": []}",,"{""good"": []}",,"{""good"": []}",8.0,"{""good"": []}",,"{""good"": []}",,"{""good"": []}",8.0,"{""good"": []}",,,161.7654676,"{""good"": []}",,,141.1902452,"{""good"": []}",,,0.0,"{""good"": []}",16.99264133,"{""good"": []}",15.49880107,"{""good"": []}",17541.0,"{""good"": []}",0.6929740135,"{""good"": []}",RERA,"{""good"": []}",88.15,"{""good"": []}",,,15.70018504,"{""good"": []}",15.48142997,"{""good"": []}",13.9719914,"{""good"": []}",211.5667484,"{""good"": []}",9.905541667,"{""good"": []}"
2026-09-30 11:06:00+00:00,Aberporth Automatic Weather Station,-4.57,52.14,0.2,"{""good"": []}",991.29,"{""good"": []}",,,14.38391018,"{""good"": []}",,,,,1700.0,"{""good"": []}",,"{""good"": []}",,"{""good"": []}",8.0,"{""good"": []}",,"{""good"": []}",,"{""good"": []}",8.0,"{""good"": []}",,,159.8177545,"{""good"": []}",,,144.5758936,"{""good"": []}",,,0.0,"{""good"": []}",16.86909491,"{""good"": []}",15.38491129,"{""good"": []}",2099.5,"{""good"": []}",9.473684211,"{""good"": []}",RERA,"{""good"": []}",88.15,"{""good"": []}",,,15.70023751,"{""good"": []}",15.48299593,"{""good"": []}",13.97169117,"{""good"": []}",215.4374873,"{""good"": []}",9.914825,"{""good"": []}"
2026-09-30 11:07:00+00:00,Aberporth Automatic Weather Station,-4.57,52.14,0.0,"{""good"": []}",991.215,"{""good"": []}",,,14.51016845,"{""good"": []}",,,,,1700.0,"{""good"": []}",,"{""good"": []}",,"{""good"": []}",8.0,"{""good"": []}",,"{""good"": []}",,"{""good"": []}",8.0,"{""good"": []}",,,156.4028757,"{""good"": []}",,,159.2107019,"{""good"": []}",,,0.0,"{""good"": []}",16.88521498,"{""good"": []}",15.33854164,"{""good"": []}",2944.5,"{""good"": []}",9.473684211,"{""good"": []}",+RA,"{""good"": []}",89.0,"{""good"": []}",,,15.70028749,"{""good"": []}",15.48576764,"{""good"": []}",13.97138844,"{""good"": []}",181.5373849,"{""good"": []}",8.803375,"{""good"": []}"
2026-09-30 11:08:00+00:00,Aberporth Automatic Weather Station,-4.57,52.14,0.0,"{""good"": []}",991.215,"{""good"": []}",,,15.10852428,"{""good"": []}",,,,,1700.0,"{""good"": []}",,"{""good"": []}",,"{""good"": []}",8.0,"{""good"": []}",,"{""good"": []}",,"{""good"": []}",8.0,"{""good"": []}",,,154.8510484,"{""good"": []}",,,229.2934678,"{""good"": []}",,,0.0,"{""good"": []}",17.1721458,"{""good"": []}",15.68625537,"{""good"": []}",5315.5,"{""good"": []}",6.0,"{""good"": []}",+RA,"{""good"": []}",91.925,"{""good"": []}",,,15.69983024,"{""good"": []}",15.48768131,"{""good"": []}",13.97128336,"{""good"": []}",180.9716536,"{""good"": []}",16.34780417,"{""good"": []}"
2026-09-30 11:09:00+00:00,Aberporth Automatic Weather Station,-4.57,52.14,0.0,"{""good"": []}",990.97,"{""good"": []}",,,15.96298176,"{""good"": []}",,,,,1700.0,"{""good"": []}",,"{""good"": []}",,"{""good"": []}",8.0,"{""good"": []}",,"{""good"": []}",,"{""good"": []}",8.0,"{""good"": []}",,,158.0994895,"{""good"": []}",,,522.3761605,"{""good"": []}",,,1.0,"{""good"": []}",17.92731829,"{""good"": []}",16.78317439,"{""good"": []}",6960.5,"{""good"": []}",4.0,"{""good"": []}",+RA,"{""good"": []}",94.125,"{""good"": []}",,,15.70028749,"{""good"": []}",15.48889456,"{""good"": []}",13.97103316,"{""good"": []}",177.6670426,"{""good"": []}",19.21408333,"{""good"": []}"
2026-09-30 11:10:00+00:00,Aberporth Automatic Weather Station,-4.57,52.14,0.0,"{""good"": []}",990.985,"{""good"": []}",,,16.58223615,"{""good"": []}",,,,,1700.0,"{""good"": []}",,"{""good"": []}",,"{""good"": []}",8.0,"{""good"": []}",,"{""good"": []}",,"{""good"": []}",8.0,"{""good"": []}",,,163.2733823,"{""good"": []}",,,738.4175247,"{""good"": []}",,,1.0,"{""good"": []}",20.09216775,"{""good"": []}",19.43121529,"{""good"": []}",9980.5,"{""good"": []}",0.0,"{""good"": []}",+RA,"{""good"": []}",93.725,"{""good"": []}",,,15.70018255,"{""good"": []}",15.4915662,"{""good"": []}",13.97078047,"{""good"": []}",167.945491,"{""good"": []}",24.564625,"{""good"": []}"
2026-09-30 11:11:00+00:00,Aberporth Automatic Weather Station,-4.57,52.14,0.0,"{""good"": []}",990.895,"{""good"": []}",,,16.95496999,"{""good"": []}",,,,,1700.0,"{""good"": []}",,"{""good"": []}",,"{""good"": []}",8.0,"{""good"": []}",,"{""good"": []}",,"{""good"": []}",8.0,"{""good"": []}",,,168.6769159,"{""good"": []}",,,754.7844978,"{""good"": []}",,,1.0,"{""good"": []}",21.75145103,"{""good"": []}",21.52808043,"{""good"": []}",12762.5,"{""good"": []}",0.0,"{""good"": []}",+RA,"{""good"": []}",91.725,"{""good"": []}",,,15.70003263,"{""good"": []}",15.49342985,"{""good"": []}",13.97053028,"{""good"": []}",168.5644619,"{""good"": []}",22.124,"{""good"": []}"
2026-09-30 11:12:00+00:00,Aberporth Automatic Weather Station,-4.57,52.14,0.0,"{""good"": []}",990.875,"{""good"": []}",,,17.0819353,"{""good"": []}",,,,,1700.0,"{""good"": []}",,"{""good"": []}",,"{""good"": []}",8.0,"{""good"": []}",,"{""good"": []}",,"{""good"": []}",8.0,"{""good"": []}",,,170.8232406,"{""good"": []}",,,406.0876255,"{""good"": []}",,,0.0,"{""good"": []}",22.18861934,"{""good"": []}",22.2139942,"{""good"": []}",15549.5,"{""good"": []}",0.0,"{""good"": []}",+RA,"{""good"": []}",89.575,"{""good"": []}",,,15.70003263,"{""good"": []}",15.4959514,"{""good"": []}",13.97022504,"{""good"": []}",166.7324156,"{""good"": []}",27.15125,"{""good"": []}"
2026-09-30 11:13:00+00:00,Aberporth Automatic Weather Station,-4.57,52.14,0.0,"{""good"": []}",990.985,"{""good"": []}",,,17.02225511,"{""good"": []}",,,,,1700.0,"{""good"": []}",,"{""good"": []}",,"{""good"": []}",8.0,"{""good"": []}",,"{""good"": []}",,"{""good"": []}",8.0,"{""good"": []}",,,170.6282213,"{""good"": []}",,,259.0118802,"{""good"": []}",,,0.0,"{""good"": []}",20.76646255,"{""good"": []}",20.83486342,"{""good"": []}",21768.0,"{""good"": []}",0.0,"{""good"": []}",+RA,"{""good"": []}",86.925,"{""good"": []}",,,15.69983524,"{""good"": []}",15.49695952,"{""good"": []}",13.97002239,"{""good"": []}",177.429685,"{""good"": []}",23.41079167,"{""good"": []}"
2026-09-30 11:14:00+00:00,Aberporth Automatic Weather Station,-4.57,52.14,0.0,"{""good"": []}",991.005,"{""good"": []}",,,16.91422968,"{""good"": []}",,,,,1700.0,"{""good"": []}",,"{""good"": []}",,"{""good"": []}",8.0,"{""good"": []}",,"{""good"": []}",,"{""good"": []}",8.0,"{""good"": []}",,,170.9789822,"{""good"": []}",,,231.823537,"{""good"": []}",,,0.0,"{""good"": []}",19.870914,"{""good"": []}",19.70743509,"{""good"": []}",22814.5,"{""good"": []}",0.0,"{""good"": []}",+RA,"{""good"": []}",85.425,"{""good"": []}",,,15.69993519,"{""good"": []}",15.49912835,"{""good"": []}",13.96982223,"{""good"": []}",176.9601599,"{""good"": []}",25.95270833,"{""good"": []}"
2026-09-30 11:15:00+00:00,Aberporth Automatic Weather Station,-4.57,52.14,0.0,"{""good"": []}",990.955,"{""good"": []}",,,16.88093938,"{""good"": []}",,,,,1700.0,"{""good"": []}",,"{""good"": []}",,"{""good"": []}",8.0,"{""good"": []}",,"{""good"": []}",,"{""good"": []}",8.0,"{""good"": []}",,,177.8669925,"{""good"": []}",,,622.0944405,"{""good"": []}",,,1.0,"{""good"": []}",20.0735842,"{""good"": []}",19.6505901,"{""good"": []}",23464.0,"{""good"": []}",0.0,"{""good"": []}",+RA,"{""good"": []}",83.125,"{""good"": []}",,,15.70003512,"{""good"": []}",15.50124715,"{""good"": []}",13.96936939,"{""good"": []}",178.9214019,"{""good"": []}",27.66408333,"{""good"": []}"
2026-09-30 11:16:00+00:00,Aberporth Automatic Weather Station,-4.57,52.14,0.0,"{""good"": []}",991.14,"{""good"": []}",,,17.1330537,"{""good"": []}",,,,,1700.0,"{""good"": []}",,"{""good"": []}",,"{""good"": []}",8.0,"{""good"": []}",,"{""good"": []}",,"{""good"": []}",8.0,"{""good"": []}",,,184.5623935,"{""good"": []}",,,602.7261665,"{""good"": []}",,,1.0,"{""good"": []}",21.75266278,"{""good"": []}",21.16677176,"{""good"": []}",24639.5,"{""good"": []}",0.0,"{""good"": []}",+RA,"{""good"": []}",84.175,"{""good"": []}",,,15.70013507,"{""good"": []}",15.5031133,"{""good"": []}",13.96926931,"{""good"": []}",177.0676135,"{""good"": []}",24.450625,"{""good"": []}"
2026-09-30 11:17:00+00:00,Aberporth Automatic Weather Station,-4.57,52.14,0.0,"{""good"": []}",991.125,"{""good"": []}",,,17.16896224,"{""good"": []}",,,,,1700.0,"{""good"": []}",3200.0,"{""good"": []}",4600.0,"{""good"": []}",6.0,"{""good"": []}",4.0,"{""good"": []}",7.0,"{""good"": []}",8.0,"{""good"": []}",,,190.3969506,"{""good"": []}",,,541.8625049,"{""good"": []}",,,1.0,"{""good"": []}",22.60237456,"{""good"": []}",21.95514586,"{""good"": []}",23702.0,"{""good"": []}",0.0,"{""good"": []}",+RA,"{""good"": []}",82.9,"{""good"": []}",,,15.69963286,"{""good"": []}",15.50442661,"{""good"": []}",13.96881146,"{""good"": []}",179.2311726,"{""good"": []}",26.62545833,"{""good"": []}"
2026-09-30 11:18:00+00:00,Aberporth Automatic Weather Station,-4.57,52.14,0.0,"{""good"": []}",991.135,"{""good"": []}",,,17.19897721,"{""good"": []}",,,,,1700.0,"{""good"": []}",3200.0,"{""good"": []}",4600.0,"{""good"": []}",6.0,"{""good"": []}",4.0,"{""good"": []}",7.0,"{""good"": []}",8.0,"{""good"": []}",,,193.4127823,"{""good"": []}",,,373.5636932,"{""good"": []}",,,0.0,"{""good"": []}",22.10441119,"{""good"": []}",21.35834975,"{""good"": []}",24010.5,"{""good"": []}",0.0,"{""good"": []}",+RA,"{""good"": []}",81.7,"{""good"": []}",,,15.69942797,"{""good"": []}",15.50644035,"{""good"": []}",13.9686088,"{""good"": []}",188.2912312,"{""good"": []}",25.24754167,"{""good"": []}"
2026-09-30 11:19:00+00:00,Aberporth Automatic Weather Station,-4.57,52.14,0.0,"{""good"": []}",991.235,"{""good"": []}",,,17.20542542,"{""good"": []}",,,,,1900.0,"{""good"": []}",3200.0,"{""good"": []}",4600.0,"{""good"": []}",6.0,"{""good"": []}",4.0,"{""good"": []}",7.0,"{""good"": []}",8.0,"{""good"": []}",,,195.1199716,"{""good"": []}",,,293.0752353,"{""good"": []}",,,0.0,"{""good"": []}",21.56615763,"{""good"": []}",20.7376932,"{""good"": []}",23833.0,"{""good"": []}",0.0,"{""good"": []}",RA,"{""good"": []}",82.475,"{""good"": []}",,,15.69948294,"{""good"": []}",15.507501,"{""good"": []}",13.96850872,"{""good"": []}",186.1527808,"{""good"": []}",20.82479167,"{""good"": []}"
2026-09-30 11:20:00+00:00,Aberporth Automatic Weather Station,-4.57,52.14,0.0,"{""good"": []}",991.28,"{""good"": []}",,,17.11719178,"{""good"": []}",,,,,1900.0,"{""good"": []}",3200.0,"{""good"": []}",4600.0,"{""good"": []}",6.0,"{""good"": []}",4.0,"{""good"": []}",7.0,"{""good"": []}",8.0,"{""good"": []}",,,196.9396722,"{""good"": []}",,,258.9540945,"{""good"": []}",,,0.0,"{""good"": []}",20.99521669,"{""good"": []}",20.11843784,"{""good"": []}",22881.5,"{""good"": []}",0.0,"{""good"": []}",RA,"{""good"": []}",83.275,"{""good"": []}",,,15.699378,"{""good"": []}",15.51017265,"{""good"": []}",13.96815845,"{""good"": []}",177.2231393,"{""good"": []}",19.373625,"{""good"": []}"
2026-09-30 11:21:00+00:00,Aberporth Automatic Weather Station,-4.57,52.14,0.0,"{""good"": []}",991.23,"{""good"": []}",,,17.02684205,"{""good"": []}",,,,,1900.0,"{""good"": []}",3200.0,"{""good"": []}",4600.0,"{""good"": []}",6.0,"{""good"": []}",4.0,"{""good"": []}",7.0,"{""good"": []}",8.0,"{""good"": []}",,,203.2071389,"{""good"": []}",,,508.4805358,"{""good"": []}",,,1.0,"{""good"": []}",20.80946857,"{""good"": []}",19.94815518,"{""good"": []}",23251.5,"{""good"": []}",0.0,"{""good"": []}",-RA,"{""good"": []}",81.55,"{""good"": []}",,,15.69917811,"{""good"": []}",15.51223892,"{""good"": []}",13.96810841,"{""good"": []}",185.9461236,"{""good"": []}",24.83554167,"{""good"": []}"
2026-09-30 11:22:00+00:00,Aberporth Automatic Weather Station,-4.57,52.14,0.0,"{""good"": []}",991.23,"{""good"": []}",,,17.15591595,"{""good"": []}",,,,,1900.0,"{""good"": []}",,"{""good"": []}",,"{""good"": []}",8.0,"{""good"": []}",,"{""good"": []}",,"{""good"": []}",8.0,"{""good"": []}",,,211.3333061,"{""good"": []}",,,615.7523191,"{""good"": []}",,,1.0,"{""good"": []}",21.95044599,"{""good"": []}",21.18348631,"{""good"": []}",20645.5,"{""good"": []}",0.0,"{""good"": []}",-RA,"{""good"": []}",80.6175,"{""good"": []}",,,15.69958039,"{""good"": []}",15.51344966,"{""good"": []}",13.9679583,"{""good"": []}",186.1898529,"{""good"": []}",27.70445833,"{""good"": []}"
2026-09-30 11:23:00+00:00,Aberporth Automatic Weather Station,-4.57,52.14,0.0,"{""good"": []}",991.245,"{""good"": []}",,,17.26651466,"{""good"": []}",,,,,1900.0,"{""good"": []}",4300.0,"{""good"": []}",,"{""good"": []}",6.0,"{""good"": []}",7.0,"{""good"": []}",,"{""good"": []}",8.0,"{""good"": []}",,,214.2353114,"{""good"": []}",,,297.1848675,"{""good"": []}",,,0.0,"{""good"": []}",22.37860235,"{""good"": []}",21.67344113,"{""good"": []}",23149.5,"{""good"": []}",0.0,"{""good"": []}",RERA,"{""good"": []}",79.6975,"{""good"": []}",,,15.69932802,"{""good"": []}",15.51521575,"{""good"": []}",13.96745041,"{""good"": []}",182.6752123,"{""good"": []}",23.68566667,"{""good"": []}"
2026-09-30 11:24:00+00:00,Aberporth Automatic Weather Station,-4.57,52.14,0.0,"{""good"": []}",991.28,"{""good"": []}",,,17.15652054,"{""good"": []}",,,,,1900.0,"{""good"": []}",4300.0,"{""good"": []}",,"{""good"": []}",6.0,"{""good"": []}",7.0,"{""good"": []}",,"{""good"": []}",8.0,"{""good"": []}",,,216.2517645,"{""good"": []}",,,250.0028746,"{""good"": []}",,,0.0,"{""good"": []}",21.08058662,"{""good"": []}",20.44727402,"{""good"": []}",24803.5,"{""good"": []}",0.0,"{""good"": []}",RERA,"{""good"": []}",80.5,"{""good"": []}",,,15.69923058,"{""good"": []}",15.51637646,"{""good"": []}",13.96735033,"{""good"": []}",181.8037365,"{""good"": []}",22.46833333,"{""good"": []}"
2026-09-30 11:25:00+00:00,Aberporth Automatic Weather Station,-4.57,52.14,0.0,"{""good"": []}",991.225,"{""good"": []}",,,17.03811953,"{""good"": []}",,,,,1900.0,"{""good"": []}",4300.0,"{""good"": []}",6000.0,"{""good"": []}",6.0,"{""good"": []}",5.0,"{""good"": []}",4.0,"{""good"": []}",8.0,"{""good"": []}",,,219.9804274,"{""good"": []}",,,342.6792487,"{""good"": []}",,,0.0,"{""good"": []}",20.57723657,"{""good"": []}",20.07649659,"{""good"": []}",24289.5,"{""good"": []}",0.0,"{""good"": []}",RERA,"{""good"": []}",79.5675,"{""good"": []}",,,15.69933053,"{""good"": []}",15.5183927,"{""good"": []}",13.96719772,"{""good"": []}",185.2552638,"{""good"": []}",22.92825,"{""good"": []}"
2026-09-30 11:26:00+00:00,Aberporth Automatic Weather Station,-4.57,52.14,0.0,"{""good"": []}",991.325,"{""good"": []}",,,17.11764148,"{""good"": []}",,,,,1900.0,"{""good"": []}",5100.0,"{""good"": []}",,"{""good"": []}",6.0,"{""good"": []}",5.0,"{""good"": []}",,"{""good"": []}",8.0,"{""good"": []}",,,224.3296459,"{""good"": []}",,,378.7603895,"{""good"": []}",,,0.0,"{""good"": []}",20.4708171,"{""good"": []}",20.06224976,"{""good"": []}",23491.0,"{""good"": []}",0.0,"{""good"": []}",RERA,"{""good"": []}",80.675,"{""good"": []}",,,15.69892575,"{""good"": []}",15.51995616,"{""good"": []}",13.96679741,"{""good"": []}",182.369615,"{""good"": []}",20.27054167,"{""good"": []}"
2026-09-30 11:27:00+00:00,Aberporth Automatic Weather Station,-4.57,52.14,0.0,"{""good"": []}",991.33,"{""good"": []}",,,17.19288628,"{""good"": []}",,,,,1900.0,"{""good"": []}",5200.0,"{""good"": []}",,"{""good"": []}",6.0,"{""good"": []}",5.0,"{""good"": []}",,"{""good"": []}",8.0,"{""good"": []}",,,230.130847,"{""good"": []}",,,476.4371985,"{""good"": []}",,,0.0,"{""good"": []}",20.84367,"{""good"": []}",20.49626126,"{""good"": []}",22228.0,"{""good"": []}",0.0,"{""good"": []}",RERA,"{""good"": []}",81.6,"{""good"": []}",,,15.69897573,"{""good"": []}",15.52121694,"{""good"": []}",13.96669733,"{""good"": []}",178.2502493,"{""good"": []}",22.40004167,"{""good"": []}"
2026-09-30 11:28:00+00:00,Aberporth Automatic Weather Station,-4.57,52.14,0.0,"{""good"": []}",991.31,"{""good"": []}",,,17.26097586,"{""good"": []}",,,,,1900.0,"{""good"": []}",5200.0,"{""good"": []}",,"{""good"": []}",6.0,"{""good"": []}",5.0,"{""good"": []}",,"{""good"": []}",8.0,"{""good"": []}",,,233.9456079,"{""good"": []}",,,362.0278272,"{""good"": []}",,,0.0,"{""good"": []}",21.15482591,"{""good"": []}",20.82454545,"{""good"": []}",22269.5,"{""good"": []}",0.0,"{""good"": []}",RERA,"{""good"": []}",81.75,"{""good"": []}",,,15.69887828,"{""good"": []}",15.52323318,"{""good"": []}",13.96649718,"{""good"": []}",176.0938609,"{""good"": []}",22.91454167,"{""good"": []}"
2026-09-30 11:29:00+00:00,Aberporth Automatic Weather Station,-4.57,52.14,0.0,"{""good"": []}",991.36,"{""good"": []}",,,17.20008648,"{""good"": []}",,,,,1900.0,"{""good"": []}",5200.0,"{""good"": []}",,"{""good"": []}",7.0,"{""good"": []}",4.0,"{""good"": []}",,"{""good"": []}",8.0,"{""good"": []}",,,240.7434879,"{""good"": []}",,,540.5934638,"{""good"": []}",,,1.0,"{""good"": []}",21.18846769,"{""good"": []}",20.91738967,"{""good"": []}",23559.0,"{""good"": []}",0.0,"{""good"": []}",RERA,"{""good"": []}",80.3625,"{""good"": []}",,,15.69918061,"{""good"": []}",15.52459401,"{""good"": []}",13.96624198,"{""good"": []}",175.2035754,"{""good"": []}",20.15341667,"{""good"": []}"
2026-09-30 11:30:00+00:00,Aberporth Automatic Weather Station,-4.57,52.14,0.0,"{""good"": []}",991.39,"{""good"": []}",,,17.29587258,"{""good"": []}",,,,,1900.0,"{""good"": []}",5200.0,"{""good"": []}",6700.0,"{""good"": []}",7.0,"{""good"": []}",4.0,"{""good"": []}",,"{""good"": []}",8.0,"{""good"": []}",,,242.3986832,"{""good"": []}",,,233.0094108,"{""good"": []}",,,0.0,"{""good"": []}",21.6966023,"{""good"": []}",21.37964758,"{""good"": []}",23974.5,"{""good"": []}",0.0,"{""good"": []}",RERA,"{""good"": []}",81.6,"{""good"": []}",,,15.69877584,"{""good"": []}",15.52590482,"{""good"": []}",13.9658867,"{""good"": []}",172.6779977,"{""good"": []}",18.350875,"{""good"": []}"
2026-09-30 11:31:00+00:00,Aberporth Automatic Weather Station,-4.57,52.14,0.0,"{""good"": []}",991.455,"{""good"": []}",,,17.09512899,"{""good"": []}",,,,,1900.0,"{""good"": []}",5200.0,"{""good"": []}",6700.0,"{""good"": []}",7.0,"{""good"": []}",4.0,"{""good"": []}",,"{""good"": []}",8.0,"{""good"": []}",,,242.8232281,"{""good"": []}",,,162.5986734,"{""good"": []}",,,0.0,"{""good"": []}",20.55693906,"{""good"": []}",20.22417515,"{""good"": []}",23217.5,"{""good"": []}",0.0,"{""good"": []}",RERA,"{""good"": []}",81.675,"{""good"": []}",,,15.69862592,"{""good"": []}",15.52742075,"{""good"": []}",13.96578663,"{""good"": []}",177.2982116,"{""good"": []}",17.29191667,"{""good"": []}"
2026-09-30 11:32:00+00:00,Aberporth Automatic Weather Station,-4.57,52.14,0.0,"{""good"": []}",991.485,"{""good"": []}",,,16.91720019,"{""good"": []}",,,,,1900.0,"{""good"": []}",5200.0,"{""good"": []}",6700.0,"{""good"": []}",7.0,"{""good"": []}",4.0,"{""good"": []}",,"{""good"": []}",8.0,"{""good"": []}",,,243.519542,"{""good"": []}",,,173.0982641,"{""good"": []}",,,0.0,"{""good"": []}",19.69856512,"{""good"": []}",19.32895727,"{""good"": []}",23422.5,"{""good"": []}",0.0,"{""good"": []}",RERA,"{""good"": []}",81.8,"{""good"": []}",,,15.69892826,"{""good"": []}",15.52963712,"{""good"": []}",13.96523371,"{""good"": []}",173.2153567,"{""good"": []}",18.40329167,"{""good"": []}"
2026-09-30 11:33:00+00:00,Aberporth Automatic Weather Station,-4.57,52.14,0.0,"{""good"": []}",991.48,"{""good"": []}",,,16.82246839,"{""good"": []}",,,,,2000.0,"{""good"": []}",,"{""good"": []}",,"{""good"": []}",7.0,"{""good"": []}",,"{""good"": []}",,"{""good"": []}",7.0,"{""good"": []}",,,244.1105771,"{""good"": []}",,,158.3389838,"{""good"": []}",,,0.0,"{""good"": []}",19.21218711,"{""good"": []}",18.81896597,"{""good"": []}",22250.5,"{""good"": []}",0.0,"{""good"": []}",RERA,"{""good"": []}",82.3,"{""good"": []}",,,15.69908067,"{""good"": []}",15.53089789,"{""good"": []}",13.96518367,"{""good"": []}",176.149447,"{""good"": []}",17.06216667,"{""good"": []}"
2026-09-30 11:34:00+00:00,Aberporth Automatic Weather Station,-4.57,52.14,0.0,"{""good"": []}",991.46,"{""good"": []}",,,16.71171727,"{""good"": []}",,,,,2000.0,"{""good"": []}",,"{""good"": []}",,"{""good"": []}",7.0,"{""good"": []}",,"{""good"": []}",,"{""good"": []}",7.0,"{""good"": []}",,,245.0771001,"{""good"": []}",,,168.5763286,"{""good"": []}",,,0.0,"{""good"": []}",18.83580887,"{""good"": []}",18.4338368,"{""good"": []}",23668.5,"{""good"": []}",0.0,"{""good"": []}",RERA,"{""good"": []}",82.2,"{""good"": []}",,,15.69872836,"{""good"": []}",15.5330167,"{""good"": []}",13.96497851,"{""good"": []}",182.0293982,"{""good"": []}",20.37795833,"{""good"": []}"
2026-09-30 11:35:00+00:00,Aberporth Automatic Weather Station,-4.57,52.14,0.0,"{""good"": []}",991.465,"{""good"": []}",,,16.69288484,"{""good"": []}",,,,,2000.0,"{""good"": []}",,"{""good"": []}",,"{""good"": []}",7.0,"{""good"": []}",,"{""good"": []}",,"{""good"": []}",7.0,"{""good"": []}",,,246.7287451,"{""good"": []}",,,193.9894899,"{""good"": []}",,,0.0,"{""good"": []}",18.6974066,"{""good"": []}",18.30348224,"{""good"": []}",23064.5,"{""good"": []}",0.0,"{""good"": []}",RERA,"{""good"": []}",81.15,"{""good"": []}",,,15.69837106,"{""good"": []}",15.5336721,"{""good"": []}",13.96462574,"{""good"": []}",181.4392876,"{""good"": []}",21.91908333,"{""good"": []}"
2026-09-30 11:36:00+00:00,Aberporth Automatic Weather Station,-4.57,52.14,0.0,"{""good"": []}",991.41,"{""good"": []}",,,16.75467611,"{""good"": []}",,,,,2100.0,"{""good"": []}",,"{""good"": []}",,"{""good"": []}",7.0,"{""good"": []}",,"{""good"": []}",,"{""good"": []}",7.0,"{""good"": []}",,,249.7653819,"{""good"": []}",,,266.8568921,"{""good"": []}",,,0.0,"{""good"": []}",18.810422,"{""good"": []}",18.44149472,"{""good"": []}",24323.0,"{""good"": []}",0.0,"{""good"": []}",RERA,"{""good"": []}",80.85,"{""good"": []}",,,15.69872587,"{""good"": []}",15.53533562,"{""good"": []}",13.9645757,"{""good"": []}",179.4532258,"{""good"": []}",23.59445833,"{""good"": []}"
2026-09-30 11:37:00+00:00,Aberporth Automatic Weather Station,-4.57,52.14,0.0,"{""good"": []}",991.355,"{""good"": []}",,,16.92112507,"{""good"": []}",,,,,2100.0,"{""good"": []}",,"{""good"": []}",,"{""good"": []}",6.0,"{""good"": []}",,"{""good"": []}",,"{""good"": []}",6.0,"{""good"": []}",,,259.263959,"{""good"": []}",,,646.7856287,"{""good"": []}",,,1.0,"{""good"": []}",19.83389679,"{""good"": []}",19.53952023,"{""good"": []}",24023.0,"{""good"": []}",0.0,"{""good"": []}",RERA,"{""good"": []}",79.21,"{""good"": []}",,,15.69897822,"{""good"": []}",15.53699914,"{""good"": []}",13.96427547,"{""good"": []}",185.2006296,"{""good"": []}",25.92425,"{""good"": []}"
2026-09-30 11:38:00+00:00,Aberporth Automatic Weather Station,-4.57,52.14,0.0,"{""good"": []}",991.395,"{""good"": []}",,,17.29487075,"{""good"": []}",,,,,2100.0,"{""good"": []}",,"{""good"": []}",,"{""good"": []}",6.0,"{""good"": []}",,"{""good"": []}",,"{""good"": []}",6.0,"{""good"": []}",,,267.8430913,"{""good"": []}",,,590.4987485,"{""good"": []}",,,1.0,"{""good"": []}",21.4058963,"{""good"": []}",21.19662668,"{""good"": []}",23572.0,"{""good"": []}",0.0,"{""good"": []}",RERA,"{""good"": []}",79.845,"{""good"": []}",,,15.69872587,"{""good"": []}",15.53815986,"{""good"": []}",13.96417539,"{""good"": []}",183.0243237,"{""good"": []}",19.83908333,"{""good"": []}"
2026-09-30 11:39:00+00:00,Aberporth Automatic Weather Station,-4.57,52.14,0.0,"{""good"": []}",991.425,"{""good"": []}",,,17.38537287,"{""good"": []}",,,,,2100.0,"{""good"": []}",,"{""good"": []}",,"{""good"": []}",6.0,"{""good"": []}",,"{""good"": []}",,"{""good"": []}",6.0,"{""good"": []}",,,275.5720712,"{""good"": []}",,,542.3274535,"{""good"": []}",,,1.0,"{""good"": []}",22.44633814,"{""good"": []}",22.15523849,"{""good"": []}",22671.5,"{""good"": []}",0.0,"{""good"": []}",RERA,"{""good"": []}",80.3925,"{""good"": []}",,,15.69832359,"{""good"": []}",15.54058134,"{""good"": []}",13.9639252,"{""good"": []}",182.5535646,"{""good"": []}",19.62841667,"{""good"": []}"
2026-09-30 11:40:00+00:00,Aberporth Automatic Weather Station,-4.57,52.14,0.0,"{""good"": []}",991.455,"{""good"": []}",,,17.35147548,"{""good"": []}",,,,,2100.0,"{""good"": []}",,"{""good"": []}",,"{""good"": []}",6.0,"{""good"": []}",,"{""good"": []}",,"{""good"": []}",6.0,"{""good"": []}",,,281.5008663,"{""good"": []}",,,436.0773231,"{""good"": []}",,,0.0,"{""suspect"": [""1 case(s) of \""qc consistency check failed: expected radiation_sun_1_minute_mean to be above 0 if sunshine_1_minute_mean is above 0\""""]}",22.42921368,"{""good"": []}",22.04008987,"{""good"": []}",21547.5,"{""good"": []}",0.0,"{""good"": []}",RERA,"{""good"": []}",79.5375,"{""good"": []}",,,15.69837357,"{""good"": []}",15.54168953,"{""good"": []}",13.96382262,"{""good"": []}",188.6964533,"{""good"": []}",21.60633333,"{""good"": []}"
2026-09-30 11:41:00+00:00,Aberporth Automatic Weather Station,-4.57,52.14,0.0,"{""good"": []}",991.46,"{""good"": []}",,,17.49213914,"{""good"": []}",,,,,2100.0,"{""good"": []}",,"{""good"": []}",,"{""good"": []}",6.0,"{""good"": []}",,"{""good"": []}",,"{""good"": []}",6.0,"{""good"": []}",,,287.2430886,"{""good"": []}",,,404.6046481,"{""good"": []}",,,0.0,"{""good"": []}",22.60841584,"{""good"": []}",22.17507266,"{""good"": []}",23526.5,"{""good"": []}",0.0,"{""good"": []}",RERA,"{""good"": []}",79.9175,"{""good"": []}",,,15.69832109,"{""good"": []}",15.54386086,"{""good"": []}",13.96351738,"{""good"": []}",189.0990013,"{""good"": []}",17.60366667,"{""good"": []}"
2026-09-30 11:42:00+00:00,Aberporth Automatic Weather Station,-4.57,52.14,0.0,"{""good"": []}",991.525,"{""good"": []}",,,17.50437848,"{""good"": []}",,,,,2100.0,"{""good"": []}",,"{""good"": []}",,"{""good"": []}",7.0,"{""good"": []}",,"{""good"": []}",,"{""good"": []}",7.0,"{""good"": []}",,,293.1952106,"{""good"": []}",,,411.8152194,"{""good"": []}",,,0.0,"{""good"": []}",22.60211972,"{""good"": []}",22.1054395,"{""good"": []}",23867.0,"{""good"": []}",0.0,"{""good"": []}",RERA,"{""good"": []}",80.3,"{""good"": []}",,,15.69847601,"{""good"": []}",15.54476392,"{""good"": []}",13.96311458,"{""good"": []}",186.5765094,"{""good"": []}",20.033125,"{""good"": []}"
2026-09-30 11:43:00+00:00,Aberporth Automatic Weather Station,-4.57,52.14,0.0,"{""good"": []}",991.49,"{""good"": []}",,,17.46011051,"{""good"": []}",,,,,2100.0,"{""good"": []}",,"{""good"": []}",,"{""good"": []}",6.0,"{""good"": []}",,"{""good"": []}",,"{""good"": []}",6.0,"{""good"": []}",,,301.3488945,"{""good"": []}",,,563.7546145,"{""good"": []}",,,1.0,"{""good"": []}",22.33770254,"{""good"": []}",21.82992655,"{""good"": []}",22830.5,"{""good"": []}",0.0,"{""good"": []}",RERA,"{""good"": []}",78.26,"{""good"": []}",,,15.69827112,"{""good"": []}",15.54642995,"{""good"": []}",13.96306454,"{""good"": []}",181.7647186,"{""good"": []}",20.13495833,"{""good"": []}"
2026-09-30 11:44:00+00:00,Aberporth Automatic Weather Station,-4.57,52.14,0.0,"{""good"": []}",991.59,"{""good"": []}",,,17.75341984,"{""good"": []}",,,,,2100.0,"{""good"": []}",,"{""good"": []}",,"{""good"": []}",7.0,"{""good"": []}",,"{""good"": []}",,"{""good"": []}",7.0,"{""good"": []}",,,304.2207653,"{""good"": []}",,,272.1428667,"{""good"": []}",,,0.0,"{""good"": []}",22.7291415,"{""good"": []}",22.1778426,"{""good"": []}",23702.0,"{""good"": []}",0.0,"{""good"": []}",RERA,"{""good"": []}",80.2875,"{""good"": []}",,,15.69786885,"{""good"": []}",15.54839866,"{""good"": []}",13.9630145,"{""good"": []}",185.0406177,"{""good"": []}",15.909375,"{""good"": []}"
2026-09-30 11:45:00+00:00,Aberporth Automatic Weather Station,-4.57,52.14,0.0,"{""good"": []}",991.605,"{""good"": []}",,,17.59729649,"{""good"": []}",,,,,2100.0,"{""good"": []}",,"{""good"": []}",,"{""good"": []}",6.0,"{""good"": []}",,"{""good"": []}",,"{""good"": []}",6.0,"{""good"": []}",,,312.1849168,"{""good"": []}",,,590.3151147,"{""good"": []}",,,1.0,"{""good"": []}",22.36349165,"{""good"": []}",21.80283908,"{""good"": []}",24130.5,"{""good"": []}",0.0,"{""good"": []}",RERA,"{""good"": []}",79.0225,"{""good"": []}",,,15.69857845,"{""good"": []}",15.54970696,"{""good"": []}",13.96266423,"{""good"": []}",184.3464331,"{""good"": []}",19.389875,"{""good"": []}"
2026-09-30 11:46:00+00:00,Aberporth Automatic Weather Station,-4.57,52.14,0.0,"{""good"": []}",991.59,"{""good"": []}",,,17.77044348,"{""good"": []}",,,,,2100.0,"{""good"": []}",,"{""good"": []}",,"{""good"": []}",6.0,"{""good"": []}",,"{""good"": []}",,"{""good"": []}",6.0,"{""good"": []}",,,320.5058032,"{""good"": []}",,,602.292159,"{""good"": []}",,,1.0,"{""good"": []}",23.27620964,"{""good"": []}",22.74971423,"{""good"": []}",24448.0,"{""good"": []}",0.0,"{""good"": []}",RERA,"{""good"": []}",78.15,"{""good"": []}",,,15.6984785,"{""good"": []}",15.55142302,"{""good"": []}",13.96225642,"{""good"": []}",184.875727,"{""good"": []}",22.00266667,"{""good"": []}"
2026-09-30 11:47:00+00:00,Aberporth Automatic Weather Station,-4.57,52.14,0.0,"{""good"": []}",991.6,"{""good"": []}",,,17.84638782,"{""good"": []}",,,,,2100.0,"{""good"": []}",,"{""good"": []}",,"{""good"": []}",6.0,"{""good"": []}",,"{""good"": []}",,"{""good"": []}",6.0,"{""good"": []}",,,328.652055,"{""good"": []}",,,591.1153539,"{""good"": []}",,,1.0,"{""good"": []}",23.84639603,"{""good"": []}",23.35612895,"{""good"": []}",26053.0,"{""good"": []}",0.0,"{""good"": []}",RERA,"{""good"": []}",77.07,"{""good"": []}",,,15.69806874,"{""good"": []}",15.55414719,"{""good"": []}",13.9621038,"{""good"": []}",187.4034069,"{""good"": []}",23.38791667,"{""good"": []}"
2026-09-30 11:48:00+00:00,Aberporth Automatic Weather Station,-4.57,52.14,0.0,"{""good"": []}",991.54,"{""good"": []}",,,17.93542842,"{""good"": []}",,,,,2100.0,"{""good"": []}",,"{""good"": []}",,"{""good"": []}",6.0,"{""good"": []}",,"{""good"": []}",,"{""good"": []}",6.0,"{""good"": []}",,,337.3162997,"{""good"": []}",,,630.4915757,"{""good"": []}",,,1.0,"{""good"": []}",24.19451917,"{""good"": []}",23.70787146,"{""good"": []}",24834.5,"{""good"": []}",0.0,"{""good"": []}",RERA,"{""good"": []}",75.7025,"{""good"": []}",,,15.69822365,"{""good"": []}",15.55550803,"{""good"": []}",13.96190364,"{""good"": []}",194.9493757,"{""good"": []}",26.474125,"{""good"": []}"
2026-09-30 11:49:00+00:00,Aberporth Automatic Weather Station,-4.57,52.14,0.0,"{""good"": []}",991.575,"{""good"": []}",,,17.91901187,"{""good"": []}",,,,,2100.0,"{""good"": []}",,"{""good"": []}",,"{""good"": []}",6.0,"{""good"": []}",,"{""good"": []}",,"{""good"": []}",6.0,"{""good"": []}",,,345.7726485,"{""good"": []}",,,614.9831969,"{""good"": []}",,,1.0,"{""good"": []}",24.48714149,"{""good"": []}",23.96450435,"{""good"": []}",25138.5,"{""good"": []}",0.0,"{""good"": []}",RERA,"{""good"": []}",73.9025,"{""good"": []}",,,15.69807373,"{""good"": []}",15.5574217,"{""good"": []}",13.96160341,"{""good"": []}",182.0119357,"{""good"": []}",23.73120833,"{""good"": []}"
2026-09-30 11:50:00+00:00,Aberporth Automatic Weather Station,-4.57,52.14,0.0,"{""good"": []}",991.55,"{""good"": []}",,,17.97401019,"{""good"": []}",,,,,2100.0,"{""good"": []}",,"{""good"": []}",,"{""good"": []}",6.0,"{""good"": []}",,"{""good"": []}",,"{""good"": []}",6.0,"{""good"": []}",,,352.7675552,"{""good"": []}",,,545.6951819,"{""good"": []}",,,1.0,"{""good"": []}",24.62121393,"{""good"": []}",24.09626761,"{""good"": []}",28619.5,"{""good"": []}",0.0,"{""good"": []}",RERA,"{""good"": []}",73.3275,"{""good"": []}",,,15.69756652,"{""good"": []}",15.55873501,"{""good"": []}",13.96140326,"{""good"": []}",188.4692018,"{""good"": []}",24.43825,"{""good"": []}"
2026-09-30 11:51:00+00:00,Aberporth Automatic Weather Station,-4.57,52.14,0.0,"{""good"": []}",991.56,"{""good"": []}",,,17.89327904,"{""good"": []}",,,,,2100.0,"{""good"": []}",,"{""good"": []}",,"{""good"": []}",5.0,"{""good"": []}",,"{""good"": []}",,"{""good"": []}",5.0,"{""good"": []}",,,358.9072675,"{""good"": []}",,,606.2827382,"{""good"": []}",,,1.0,"{""good"": []}",24.24997003,"{""good"": []}",23.69412666,"{""good"": []}",29083.5,"{""good"": []}",0.0,"{""good"": []}",RERA,"{""good"": []}",70.7375,"{""good"": []}",,,15.69857595,"{""good"": []}",15.56110647,"{""good"": []}",13.96129818,"{""good"": []}",182.9887537,"{""good"": []}",26.59720833,"{""good"": []}"
2026-09-30 11:52:00+00:00,Aberporth Automatic Weather Station,-4.57,52.14,0.0,"{""good"": []}",991.515,"{""good"": []}",,,17.94011529,"{""good"": []}",,,,,2100.0,"{""good"": []}",,"{""good"": []}",,"{""good"": []}",5.0,"{""good"": []}",,"{""good"": []}",,"{""good"": []}",5.0,"{""good"": []}",,,363.6983048,"{""good"": []}",,,562.0739225,"{""good"": []}",,,1.0,"{""good"": []}",24.41995286,"{""good"": []}",23.8776471,"{""good"": []}",30716.0,"{""good"": []}",0.0,"{""good"": []}",RERA,"{""good"": []}",69.51,"{""good"": []}",,,15.69816868,"{""good"": []}",15.56271746,"{""good"": []}",13.96104298,"{""good"": []}",184.3084204,"{""good"": []}",27.65783333,"{""good"": []}"
2026-09-30 11:53:00+00:00,Aberporth Automatic Weather Station,-4.57,52.14,0.0,"{""good"": []}",991.575,"{""good"": []}",,,17.88093977,"{""good"": []}",,,,,2100.0,"{""good"": []}",,"{""good"": []}",,"{""good"": []}",5.0,"{""good"": []}",,"{""good"": []}",,"{""good"": []}",5.0,"{""good"": []}",,,368.9737136,"{""good"": []}",,,556.0937861,"{""good"": []}",,,1.0,"{""good"": []}",24.01637387,"{""good"": []}",23.42843214,"{""good"": []}",30784.0,"{""good"": []}",0.0,"{""good"": []}",RERA,"{""good"": []}",69.2225,"{""good"": []}",,,15.6979688,"{""good"": []}",15.56403077,"{""good"": []}",13.96069271,"{""good"": []}",188.3143821,"{""good"": []}",26.90654167,"{""good"": []}"
2026-09-30 11:54:00+00:00,Aberporth Automatic Weather Station,-4.57,52.14,0.0,"{""good"": []}",991.555,"{""good"": []}",,,17.90491378,"{""good"": []}",,,,,2100.0,"{""good"": []}",,"{""good"": []}",,"{""good"": []}",5.0,"{""good"": []}",,"{""good"": []}",,"{""good"": []}",5.0,"{""good"": []}",,,376.132817,"{""good"": []}",,,624.4561388,"{""good"": []}",,,1.0,"{""good"": []}",24.18001061,"{""good"": []}",23.59705135,"{""good"": []}",28374.5,"{""good"": []}",0.0,"{""good"": []}",RERA,"{""good"": []}",69.655,"{""good"": []}",,,15.69772143,"{""good"": []}",15.56700259,"{""good"": []}",13.96064268,"{""good"": []}",189.032379,"{""good"": []}",26.05170833,"{""good"": []}"
2026-09-30 11:55:00+00:00,Aberporth Automatic Weather Station,-4.57,52.14,0.0,"{""good"": []}",991.655,"{""good"": []}",,,18.08631776,"{""good"": []}",,,,,2100.0,"{""good"": []}",,"{""good"": []}",,"{""good"": []}",5.0,"{""good"": []}",,"{""good"": []}",,"{""good"": []}",5.0,"{""good"": []}",,,384.3096071,"{""good"": []}",,,636.5842309,"{""good"": []}",,,1.0,"{""good"": []}",24.44337344,"{""good"": []}",23.86340026,"{""good"": []}",30724.5,"{""good"": []}",0.0,"{""good"": []}",RERA,"{""good"": []}",70.71,"{""good"": []}",,,15.69766896,"{""good"": []}",15.56876869,"{""good"": []}",13.96059264,"{""good"": []}",198.9472303,"{""good"": []}",23.73341667,"{""good"": []}"
2026-09-30 11:56:00+00:00,Aberporth Automatic Weather Station,-4.57,52.14,0.0,"{""good"": []}",991.625,"{""good"": []}",,,18.1805474,"{""good"": []}",,,,,2100.0,"{""good"": []}",,"{""good"": []}",,"{""good"": []}",4.0,"{""good"": []}",,"{""good"": []}",,"{""good"": []}",4.0,"{""good"": []}",,,389.2948699,"{""good"": []}",,,427.9811783,"{""good"": []}",,,0.0,"{""suspect"": [""1 case(s) of \""qc consistency check failed: expected radiation_sun_1_minute_mean to be above 0 if sunshine_1_minute_mean is above 0\""""]}",24.32219306,"{""good"": []}",23.72408398,"{""good"": []}",30727.0,"{""good"": []}",0.0,"{""good"": []}",RERA,"{""good"": []}",70.9625,"{""good"": []}",,,15.69746658,"{""good"": []}",15.570082,"{""good"": []}",13.95792059,"{""good"": []}",188.3413754,"{""good"": []}",23.26179167,"{""good"": []}"
2026-09-30 11:57:00+00:00,Aberporth Automatic Weather Station,-4.57,52.14,0.0,"{""good"": []}",991.69,"{""good"": []}",,,18.07745368,"{""good"": []}",,,,,2100.0,"{""good"": []}",,"{""good"": []}",,"{""good"": []}",4.0,"{""good"": []}",,"{""good"": []}",,"{""good"": []}",4.0,"{""good"": []}",,,396.661282,"{""good"": []}",,,582.6465757,"{""good"": []}",,,1.0,"{""good"": []}",24.14999409,"{""good"": []}",23.56940939,"{""good"": []}",28777.5,"{""good"": []}",0.0,"{""good"": []}",RERA,"{""good"": []}",70.275,"{""good"": []}",,,15.69751655,"{""good"": []}",15.57184808,"{""good"": []}",13.95726508,"{""good"": []}",189.9307086,"{""good"": []}",22.93579167,"{""good"": []}"
2026-09-30 11:58:00+00:00,Aberporth Automatic Weather Station,-4.57,52.14,0.0,"{""good"": []}",991.66,"{""good"": []}",,,18.08108125,"{""good"": []}",,,,,2100.0,"{""good"": []}",,"{""good"": []}",,"{""good"": []}",4.0,"{""good"": []}",,"{""good"": []}",,"{""good"": []}",4.0,"{""good"": []}",,,399.2956988,"{""good"": []}",,,323.209486,"{""good"": []}",,,0.0,"{""good"": []}",23.63198806,"{""good"": []}",23.03877216,"{""good"": []}",29692.5,"{""good"": []}",0.0,"{""good"": []}",RERA,"{""good"": []}",70.1425,"{""good"": []}",,,15.69731666,"{""good"": []}",15.57446719,"{""good"": []}",13.95711247,"{""good"": []}",185.2943754,"{""good"": []}",24.40104167,"{""good"": []}"
2026-09-30 11:59:00+00:00,Aberporth Automatic Weather Station,-4.57,52.14,0.0,"{""good"": []}",991.685,"{""good"": []}",,,17.83072827,"{""good"": []}",,,,,2100.0,"{""good"": []}",,"{""good"": []}",,"{""good"": []}",4.0,"{""good"": []}",,"{""good"": []}",,"{""good"": []}",4.0,"{""good"": []}",,,400.2702128,"{""good"": []}",,,202.2377442,"{""good"": []}",,,0.0,"{""good"": []}",22.49443852,"{""good"": []}",21.88239307,"{""good"": []}",30813.5,"{""good"": []}",0.0,"{""good"": []}",RERA,"{""good"": []}",68.8425,"{""good"": []}",,,15.69716675,"{""good"": []}",15.57618324,"{""good"": []}",13.95700988,"{""good"": []}",189.8458096,"{""good"": []}",23.49970833,"{""good"": []}"
2026-09-30 12:00:00+00:00,Aberporth Automatic Weather Station,-4.57,52.14,0.0,"{""good"": []}",991.7,"{""good"": []}",,,17.58339327,"{""good"": []}",,,,,2100.0,"{""good"": []}",2900.0,"{""good"": []}",,"{""good"": []}",1.0,"{""good"": []}",2.0,"{""good"": []}",,"{""good"": []}",3.0,"{""good"": []}",,,399.7859626,"{""good"": []}",,,121.6300413,"{""good"": []}",,,0.0,"{""good"": []}",21.05011788,"{""good"": []}",20.39254459,"{""good"": []}",31174.5,"{""good"": []}",0.0,"{""good"": []}",RERA,"{""good"": []}",69.0475,"{""good"": []}",,,15.69721422,"{""good"": []}",15.57794683,"{""good"": []}",13.95660958,"{""good"": []}",189.5260868,"{""good"": []}",24.640625,"{""good"": []}"
2026-09-30 12:01:00+00:00,Aberporth Automatic Weather Station,-4.57,52.14,0.0,"{""good"": []}",991.72,"{""good"": []}",,,17.40818265,"{""good"": []}",,,,,2200.0,"{""good"": []}",2900.0,"{""good"": []}",,"{""good"": []}",1.0,"{""good"": []}",2.0,"{""good"": []}",,"{""good"": []}",3.0,"{""good"": []}",,,399.6306796,"{""good"": []}",,,112.3460231,"{""good"": []}",,,0.0,"{""good"": []}",19.96826904,"{""good"": []}",19.24013933,"{""good"": []}",32005.0,"{""good"": []}",0.0,"{""good"": []}",RERA,"{""good"": []}",67.99,"{""good"": []}",,,15.69746658,"{""good"": []}",15.57986301,"{""good"": []}",13.95630434,"{""good"": []}",194.5029421,"{""good"": []}",23.34829167,"{""good"": []}"
2026-09-30 12:02:00+00:00,Aberporth Automatic Weather Station,-4.57,52.14,0.0,"{""good"": []}",991.76,"{""good"": []}",,,17.36603077,"{""good"": []}",,,,,2200.0,"{""good"": []}",2900.0,"{""good"": []}",,"{""good"": []}",1.0,"{""good"": []}",3.0,"{""good"": []}",,"{""good"": []}",4.0,"{""good"": []}",,,399.7300798,"{""good"": []}",,,117.6882894,"{""good"": []}",,,0.0,"{""good"": []}",19.25822127,"{""good"": []}",18.49511268,"{""good"": []}",32500.0,"{""good"": []}",0.0,"{""good"": []}",RERA,"{""good"": []}",68.87,"{""good"": []}",,,15.6970643,"{""good"": []}",15.58263721,"{""good"": []}",13.95615172,"{""good"": []}",191.9390201,"{""good"": []}",23.09716667,"{""good"": []}"
2026-09-30 12:03:00+00:00,Aberporth Automatic Weather Station,-4.57,52.14,0.0,"{""good"": []}",991.79,"{""good"": []}",,,17.25120487,"{""good"": []}",,,,,2200.0,"{""good"": []}",3000.0,"{""good"": []}",,"{""good"": []}",1.0,"{""good"": []}",3.0,"{""good"": []}",,"{""good"": []}",4.0,"{""good"": []}",,,399.9556014,"{""good"": []}",,,139.0384935,"{""good"": []}",,,0.0,"{""good"": []}",18.85791776,"{""good"": []}",18.09548691,"{""good"": []}",32026.5,"{""good"": []}",0.0,"{""good"": []}",RERA,"{""good"": []}",70.7075,"{""good"": []}",,,15.69731666,"{""good"": []}",15.58414814,"{""good"": []}",13.95599911,"{""good"": []}",184.6378431,"{""good"": []}",21.74608333,"{""good"": []}"
2026-09-30 12:04:00+00:00,Aberporth Automatic Weather Station,-4.57,52.14,0.0,"{""good"": []}",991.74,"{""good"": []}",,,17.208296,"{""good"": []}",,,,,2200.0,"{""good"": []}",3000.0,"{""good"": []}",,"{""good"": []}",1.0,"{""good"": []}",4.0,"{""good"": []}",,"{""good"": []}",5.0,"{""good"": []}",,,400.3713743,"{""good"": []}",,,159.6802867,"{""good"": []}",,,0.0,"{""good"": []}",18.67504287,"{""good"": []}",17.96276703,"{""good"": []}",29746.5,"{""good"": []}",0.0,"{""good"": []}",RERA,"{""good"": []}",70.03,"{""good"": []}",,,15.69716425,"{""good"": []}",15.58606682,"{""good"": []}",13.95599911,"{""good"": []}",182.7469997,"{""good"": []}",22.6025,"{""good"": []}"
2026-09-30 12:05:00+00:00,Aberporth Automatic Weather Station,-4.57,52.14,0.0,"{""good"": []}",991.77,"{""good"": []}",,,17.12736499,"{""good"": []}",,,,,2200.0,"{""good"": []}",3000.0,"{""good"": []}",,"{""good"": []}",1.0,"{""good"": []}",4.0,"{""good"": []}",,"{""good"": []}",5.0,"{""good"": []}",,,400.9924871,"{""good"": []}",,,178.4570127,"{""good"": []}",,,0.0,"{""good"": []}",18.60770184,"{""good"": []}",17.95954501,"{""good"": []}",30491.5,"{""good"": []}",0.0,"{""good"": []}",RERA,"{""good"": []}",70.745,"{""good"": []}",,,15.69716424,"{""good"": []}",15.58909118,"{""good"": []}",13.95579896,"{""good"": []}",182.7436555,"{""good"": []}",24.014,"{""good"": []}"
2026-09-30 12:06:00+00:00,Aberporth Automatic Weather Station,-4.57,52.14,0.0,"{""good"": []}",991.75,"{""good"": []}",,,17.13471259,"{""good"": []}",,,,,2200.0,"{""good"": []}",2900.0,"{""good"": []}",,"{""good"": []}",1.0,"{""good"": []}",4.0,"{""good"": []}",,"{""good"": []}",5.0,"{""good"": []}",,,401.9052224,"{""good"": []}",,,199.3400138,"{""good"": []}",,,0.0,"{""good"": []}",18.62689252,"{""good"": []}",18.03924887,"{""good"": []}",30092.0,"{""good"": []}",0.0,"{""good"": []}",RERA,"{""good"": []}",70.74,"{""good"": []}",,,15.69696436,"{""good"": []}",15.59146264,"{""good"": []}",13.9555988,"{""good"": []}",191.0803857,"{""good"": []}",27.39491667,"{""good"": []}"
2026-09-30 12:07:00+00:00,Aberporth Automatic Weather Station,-4.57,52.14,0.0,"{""good"": []}",991.775,"{""good"": []}",,,17.12363498,"{""good"": []}",,,,,2200.0,"{""good"": []}",2900.0,"{""good"": []}",,"{""good"": []}",1.0,"{""good"": []}",4.0,"{""good"": []}",,"{""good"": []}",5.0,"{""good"": []}",,,402.6085925,"{""good"": []}",,,201.4129083,"{""good"": []}",,,0.0,"{""good"": []}",18.68753267,"{""good"": []}",18.13042963,"{""good"": []}",28898.0,"{""good"": []}",0.0,"{""good"": []}",RERA,"{""good"": []}",71.8375,"{""good"": []}",,,15.69756652,"{""good"": []}",15.59307363,"{""good"": []}",13.95544868,"{""good"": []}",186.6168614,"{""good"": []}",22.87558333,"{""good"": []}"
2026-09-30 12:08:00+00:00,Aberporth Automatic Weather Station,-4.57,52.14,0.0,"{""good"": []}",991.84,"{""good"": []}",,,17.07231671,"{""good"": []}",,,,,2200.0,"{""good"": []}",2900.0,"{""good"": []}",12000.0,"{""good"": []}",1.0,"{""good"": []}",4.0,"{""good"": []}",3.0,"{""good"": []}",8.0,"{""good"": []}",,,401.9593597,"{""good"": []}",,,190.3394998,"{""good"": []}",,,0.0,"{""good"": []}",18.7183587,"{""good"": []}",18.16497271,"{""good"": []}",28949.5,"{""good"": []}",0.0,"{""good"": []}",RERA,"{""good"": []}",72.31,"{""good"": []}",,,15.69690939,"{""good"": []}",15.59519494,"{""good"": []}",13.95534861,"{""good"": []}",189.4193344,"{""good"": []}",25.31091667,"{""good"": []}"
2026-09-30 12:09:00+00:00,Aberporth Automatic Weather Station,-4.57,52.14,0.0,"{""good"": []}",991.88,"{""good"": []}",,,17.07901474,"{""good"": []}",,,,,2200.0,"{""good"": []}",2900.0,"{""good"": []}",12000.0,"{""good"": []}",1.0,"{""good"": []}",4.0,"{""good"": []}",3.0,"{""good"": []}",8.0,"{""good"": []}",,,396.2359746,"{""good"": []}",,,178.9730526,"{""good"": []}",,,0.0,"{""good"": []}",18.70601879,"{""good"": []}",18.14392466,"{""good"": []}",28569.5,"{""good"": []}",0.0,"{""good"": []}",RERA,"{""good"": []}",72.8325,"{""good"": []}",,,15.6970618,"{""good"": []}",15.59771399,"{""good"": []}",13.95509842,"{""good"": []}",194.8263535,"{""good"": []}",23.08170833,"{""good"": []}"
2026-09-30 12:10:00+00:00,Aberporth Automatic Weather Station,-4.57,52.14,0.0,"{""good"": []}",991.935,"{""good"": []}",,,17.04844514,"{""good"": []}",,,,,2200.0,"{""good"": []}",2900.0,"{""good"": []}",11000.0,"{""good"": []}",1.0,"{""good"": []}",4.0,"{""good"": []}",3.0,"{""good"": []}",8.0,"{""good"": []}",,,386.8492322,"{""good"": []}",,,175.2129834,"{""good"": []}",,,0.0,"{""good"": []}",18.68340522,"{""good"": []}",18.1077231,"{""good"": []}",28460.5,"{""good"": []}",0.0,"{""good"": []}",RERA,"{""good"": []}",73.1825,"{""good"": []}",,,15.69701433,"{""good"": []}",15.59978026,"{""good"": []}",13.95509842,"{""good"": []}",189.2786859,"{""good"": []}",19.50458333,"{""good"": []}"
2026-09-30 12:11:00+00:00,Aberporth Automatic Weather Station,-4.57,52.14,0.0,"{""good"": []}",991.975,"{""good"": []}",,,17.0101207,"{""good"": []}",,,,,2200.0,"{""good"": []}",2900.0,"{""good"": []}",11000.0,"{""good"": []}",1.0,"{""good"": []}",4.0,"{""good"": []}",4.0,"{""good"": []}",8.0,"{""good"": []}",,,377.0553517,"{""good"": []}",,,167.1516647,"{""good"": []}",,,0.0,"{""good"": []}",18.67559753,"{""good"": []}",18.0736371,"{""good"": []}",28272.5,"{""good"": []}",0.0,"{""good"": []}",RERA,"{""good"": []}",73.9525,"{""good"": []}",,,15.69701183,"{""good"": []}",15.60255697,"{""good"": []}",13.95474314,"{""good"": []}",175.3775044,"{""good"": []}",20.59566667,"{""good"": []}"
2026-09-30 12:12:00+00:00,Aberporth Automatic Weather Station,-4.57,52.14,0.0,"{""good"": []}",991.93,"{""good"": []}",,,16.94253079,"{""good"": []}",,,,,2200.0,"{""good"": []}",11000.0,"{""good"": []}",,"{""good"": []}",5.0,"{""good"": []}",4.0,"{""good"": []}",,"{""good"": []}",8.0,"{""good"": []}",,,373.0153511,"{""good"": []}",,,163.6875919,"{""good"": []}",,,0.0,"{""good"": []}",18.63318864,"{""good"": []}",18.03335931,"{""good"": []}",27640.0,"{""good"": []}",0.0,"{""good"": []}",RERA,"{""good"": []}",73.9275,"{""good"": []}",,,15.69691439,"{""good"": []}",15.60553129,"{""good"": []}",13.95489576,"{""good"": []}",179.9789102,"{""good"": []}",24.12141667,"{""good"": []}"
2026-09-30 12:13:00+00:00,Aberporth Automatic Weather Station,-4.57,52.14,0.0,"{""good"": []}",991.965,"{""good"": []}",,,16.88234844,"{""good"": []}",,,,,2400.0,"{""good"": []}",11000.0,"{""good"": []}",,"{""good"": []}",5.0,"{""good"": []}",4.0,"{""good"": []}",,"{""good"": []}",8.0,"{""good"": []}",,,371.5864256,"{""good"": []}",,,173.2763523,"{""good"": []}",,,0.0,"{""good"": []}",18.56963028,"{""good"": []}",18.00898683,"{""good"": []}",28093.5,"{""good"": []}",0.0,"{""good"": []}",RERA,"{""good"": []}",73.935,"{""good"": []}",,,15.69701183,"{""good"": []}",15.60694466,"{""good"": []}",13.95489576,"{""good"": []}",181.7360798,"{""good"": []}",24.66083333,"{""good"": []}"
2026-09-30 12:14:00+00:00,Aberporth Automatic Weather Station,-4.57,52.14,0.0,"{""good"": []}",991.87,"{""good"": []}",,,16.74571459,"{""good"": []}",,,,,2400.0,"{""good"": []}",10000.0,"{""good"": []}",,"{""good"": []}",5.0,"{""good"": []}",4.0,"{""good"": []}",,"{""good"": []}",8.0,"{""good"": []}",,,371.0650937,"{""good"": []}",,,200.543618,"{""good"": []}",,,0.0,"{""good"": []}",18.58166287,"{""good"": []}",18.04931707,"{""good"": []}",27963.0,"{""good"": []}",0.0,"{""good"": []}",RERA,"{""good"": []}",73.135,"{""good"": []}",,,15.69691439,"{""good"": []}",15.60971637,"{""good"": []}",13.95484322,"{""good"": []}",175.010616,"{""good"": []}",22.45825,"{""good"": []}"
2026-09-30 12:15:00+00:00,Aberporth Automatic Weather Station,-4.57,52.14,0.0,"{""good"": []}",991.905,"{""good"": []}",,,16.60177812,"{""good"": []}",,,,,2600.0,"{""good"": []}",10000.0,"{""good"": []}",,"{""good"": []}",5.0,"{""good"": []}",4.0,"{""good"": []}",,"{""good"": []}",8.0,"{""good"": []}",,,368.6462487,"{""good"": []}",,,476.9637446,"{""good"": []}",,,1.0,"{""good"": []}",18.92087649,"{""good"": []}",18.45317393,"{""good"": []}",31161.0,"{""good"": []}",0.0,"{""good"": []}",RERA,"{""good"": []}",73.265,"{""good"": []}",,,15.69721422,"{""good"": []}",15.61218539,"{""good"": []}",13.95433783,"{""good"": []}",178.3845504,"{""good"": []}",26.03129167,"{""good"": []}"
2026-09-30 12:16:00+00:00,Aberporth Automatic Weather Station,-4.57,52.14,0.0,"{""good"": []}",991.94,"{""good"": []}",,,16.68130256,"{""good"": []}",,,,,2600.0,"{""good"": []}",10000.0,"{""good"": []}",,"{""good"": []}",5.0,"{""good"": []}",4.0,"{""good"": []}",,"{""good"": []}",8.0,"{""good"": []}",,,367.0797785,"{""good"": []}",,,508.7379518,"{""good"": []}",,,0.0,"{""suspect"": [""1 case(s) of \""qc consistency check failed: expected radiation_sun_1_minute_mean to be above 0 if sunshine_1_minute_mean is above 0\""""]}",20.57164751,"{""good"": []}",20.08324536,"{""good"": []}",30692.0,"{""good"": []}",0.0,"{""good"": []}",RERA,"{""good"": []}",74.125,"{""good"": []}",,,15.69706181,"{""good"": []}",15.61485703,"{""good"": []}",13.95448795,"{""good"": []}",171.9657237,"{""good"": []}",22.39154167,"{""good"": []}"
2026-09-30 12:17:00+00:00,Aberporth Automatic Weather Station,-4.57,52.14,0.0,"{""good"": []}",991.9,"{""good"": []}",,,16.52860193,"{""good"": []}",,,,,2600.0,"{""good"": []}",10000.0,"{""good"": []}",,"{""good"": []}",5.0,"{""good"": []}",4.0,"{""good"": []}",,"{""good"": []}",8.0,"{""good"": []}",,,363.4293627,"{""good"": []}",,,322.8375563,"{""good"": []}",,,0.0,"{""good"": []}",21.06648531,"{""good"": []}",20.51463928,"{""good"": []}",33927.0,"{""good"": []}",0.0,"{""good"": []}",RERA,"{""good"": []}",73.58,"{""good"": []}",,,15.69660956,"{""good"": []}",15.61718096,"{""good"": []}",13.95418771,"{""good"": []}",169.7483893,"{""good"": []}",26.04645833,"{""good"": []}"
2026-09-30 12:18:00+00:00,Aberporth Automatic Weather Station,-4.57,52.14,0.0,"{""good"": []}",991.91,"{""good"": []}",,,16.2681257,"{""good"": []}",,,,,2600.0,"{""good"": []}",10000.0,"{""good"": []}",,"{""good"": []}",5.0,"{""good"": []}",4.0,"{""good"": []}",,"{""good"": []}",8.0,"{""good"": []}",,,362.652527,"{""good"": []}",,,326.9535508,"{""good"": []}",,,0.0,"{""good"": []}",20.52163081,"{""good"": []}",19.9428201,"{""good"": []}",37765.0,"{""good"": []}",0.0,"{""good"": []}",RERA,"{""good"": []}",73.4125,"{""good"": []}",,,15.69676197,"{""good"": []}",15.61990263,"{""good"": []}",13.9540376,"{""good"": []}",169.558577,"{""good"": []}",22.0745,"{""good"": []}"
2026-09-30 12:19:00+00:00,Aberporth Automatic Weather Station,-4.57,52.14,0.0,"{""good"": []}",992.01,"{""good"": []}",,,16.14312659,"{""good"": []}",,,,,2600.0,"{""good"": []}",10000.0,"{""good"": []}",,"{""good"": []}",5.0,"{""good"": []}",4.0,"{""good"": []}",,"{""good"": []}",8.0,"{""good"": []}",,,361.3066719,"{""good"": []}",,,212.3239304,"{""good"": []}",,,0.0,"{""good"": []}",20.07821884,"{""good"": []}",19.45910702,"{""good"": []}",35301.0,"{""good"": []}",0.0,"{""good"": []}",RERA,"{""good"": []}",75.0075,"{""good"": []}",,,15.69726419,"{""good"": []}",15.62257427,"{""good"": []}",13.95383744,"{""good"": []}",168.7126865,"{""good"": []}",22.134375,"{""good"": []}"
2026-09-30 12:20:00+00:00,Aberporth Automatic Weather Station,-4.57,52.14,0.0,"{""good"": []}",991.985,"{""good"": []}",,,15.80625132,"{""good"": []}",,,,,2600.0,"{""good"": []}",10000.0,"{""good"": []}",,"{""good"": []}",4.0,"{""good"": []}",2.0,"{""good"": []}",,"{""good"": []}",6.0,"{""good"": []}",,,360.9434683,"{""good"": []}",,,237.1618822,"{""good"": []}",,,0.0,"{""good"": []}",19.40836132,"{""good"": []}",18.79061466,"{""good"": []}",35641.0,"{""good"": []}",0.0,"{""good"": []}",RERA,"{""good"": []}",74.2525,"{""good"": []}",,,15.69696436,"{""good"": []}",15.62479564,"{""good"": []}",13.95398756,"{""good"": []}",168.0246365,"{""good"": []}",20.969875,"{""good"": []}"
2026-09-30 12:21:00+00:00,Aberporth Automatic Weather Station,-4.57,52.14,0.0,"{""good"": []}",992.025,"{""good"": []}",,,15.69298438,"{""good"": []}",,,,,2600.0,"{""good"": []}",10000.0,"{""good"": []}",,"{""good"": []}",4.0,"{""good"": []}",2.0,"{""good"": []}",,"{""good"": []}",6.0,"{""good"": []}",,,363.07897,"{""good"": []}",,,636.6106346,"{""good"": []}",,,1.0,"{""good"": []}",19.74358989,"{""good"": []}",19.18686855,"{""good"": []}",41728.5,"{""good"": []}",0.0,"{""good"": []}",RERA,"{""good"": []}",74.3025,"{""good"": []}",,,15.69681195,"{""good"": []}",15.62817522,"{""good"": []}",13.95383744,"{""good"": []}",167.8084059,"{""good"": []}",22.844125,"{""good"": []}"
2026-09-30 12:22:00+00:00,Aberporth Automatic Weather Station,-4.57,52.14,0.0,"{""good"": []}",992.06,"{""good"": []}",,,15.91881123,"{""good"": []}",,,,,2600.0,"{""good"": []}",10000.0,"{""good"": []}",,"{""good"": []}",5.0,"{""good"": []}",4.0,"{""good"": []}",,"{""good"": []}",8.0,"{""good"": []}",,,364.8770725,"{""good"": []}",,,723.6384717,"{""good"": []}",,,1.0,"{""good"": []}",21.59718352,"{""good"": []}",21.05680836,"{""good"": []}",40936.5,"{""good"": []}",0.0,"{""good"": []}",NSW,"{""good"": []}",75.5975,"{""good"": []}",,,15.69681195,"{""good"": []}",15.63033905,"{""good"": []}",13.95363479,"{""good"": []}",170.6434145,"{""good"": []}",24.56945833,"{""good"": []}"
2026-09-30 12:23:00+00:00,Aberporth Automatic Weather Station,-4.57,52.14,0.0,"{""good"": []}",992.005,"{""good"": []}",,,15.93492548,"{""good"": []}",,,,,2600.0,"{""good"": []}",10000.0,"{""good"": []}",,"{""good"": []}",5.0,"{""good"": []}",4.0,"{""good"": []}",,"{""good"": []}",8.0,"{""good"": []}",,,369.9756585,"{""good"": []}",,,603.1000257,"{""good"": []}",,,1.0,"{""good"": []}",22.85681788,"{""good"": []}",22.28287556,"{""good"": []}",40623.0,"{""good"": []}",0.0,"{""good"": []}",NSW,"{""good"": []}",74.7675,"{""good"": []}",,,15.69686192,"{""good"": []}",15.6328631,"{""good"": []}",13.95368483,"{""good"": []}",170.2195131,"{""good"": []}",22.42904167,"{""good"": []}"
2026-09-30 12:24:00+00:00,Aberporth Automatic Weather Station,-4.57,52.14,0.0,"{""good"": []}",992.05,"{""good"": []}",,,15.98911683,"{""good"": []}",,,,,2600.0,"{""good"": []}",10000.0,"{""good"": []}",,"{""good"": []}",5.0,"{""good"": []}",4.0,"{""good"": []}",,"{""good"": []}",8.0,"{""good"": []}",,,377.6093707,"{""good"": []}",,,708.0256089,"{""good"": []}",,,1.0,"{""good"": []}",23.08139709,"{""good"": []}",22.51332264,"{""good"": []}",39933.0,"{""good"": []}",0.0,"{""good"": []}",NSW,"{""good"": []}",75.96,"{""good"": []}",,,15.69665953,"{""good"": []}",15.63548471,"{""good"": []}",13.95353722,"{""good"": []}",165.9903947,"{""good"": []}",21.54025,"{""good"": []}"
2026-09-30 12:25:00+00:00,Aberporth Automatic Weather Station,-4.57,52.14,0.0,"{""good"": []}",992.08,"{""good"": []}",,,16.08510779,"{""good"": []}",,,,,2600.0,"{""good"": []}",10000.0,"{""good"": []}",,"{""good"": []}",5.0,"{""good"": []}",4.0,"{""good"": []}",,"{""good"": []}",8.0,"{""good"": []}",,,383.3730949,"{""good"": []}",,,688.5026967,"{""good"": []}",,,1.0,"{""good"": []}",23.83611736,"{""good"": []}",23.27410723,"{""good"": []}",35658.5,"{""good"": []}",0.0,"{""good"": []}",NSW,"{""good"": []}",76.905,"{""good"": []}",,,15.69691189,"{""good"": []}",15.63815886,"{""good"": []}",13.95358475,"{""good"": []}",172.9480603,"{""good"": []}",22.05491667,"{""good"": []}"
2026-09-30 12:26:00+00:00,Aberporth Automatic Weather Station,-4.57,52.14,0.0,"{""good"": []}",992.035,"{""good"": []}",,,16.17173001,"{""good"": []}",,,,,2600.0,"{""good"": []}",10000.0,"{""good"": []}",,"{""good"": []}",5.0,"{""good"": []}",3.0,"{""good"": []}",,"{""good"": []}",8.0,"{""good"": []}",,,389.3078285,"{""good"": []}",,,734.8444049,"{""good"": []}",,,1.0,"{""good"": []}",24.33347611,"{""good"": []}",23.71094362,"{""good"": []}",31551.0,"{""good"": []}",0.0,"{""good"": []}",NSW,"{""good"": []}",78.0,"{""good"": []}",,,15.69681195,"{""good"": []}",15.6408305,"{""good"": []}",13.95322948,"{""good"": []}",168.920426,"{""good"": []}",22.90770833,"{""good"": []}"
2026-09-30 12:27:00+00:00,Aberporth Automatic Weather Station,-4.57,52.14,0.0,"{""good"": []}",991.96,"{""good"": []}",,,16.39740696,"{""good"": []}",,,,,2600.0,"{""good"": []}",10000.0,"{""good"": []}",,"{""good"": []}",6.0,"{""good"": []}",3.0,"{""good"": []}",,"{""good"": []}",8.0,"{""good"": []}",,,391.3736187,"{""good"": []}",,,600.3846125,"{""good"": []}",,,1.0,"{""good"": []}",24.69449631,"{""good"": []}",24.00649805,"{""good"": []}",40396.0,"{""good"": []}",0.0,"{""good"": []}",NSW,"{""good"": []}",78.4075,"{""good"": []}",,,15.69656209,"{""good"": []}",15.64385236,"{""good"": []}",13.95333206,"{""good"": []}",170.0652146,"{""good"": []}",21.986125,"{""good"": []}"
2026-09-30 12:28:00+00:00,Aberporth Automatic Weather Station,-4.57,52.14,0.0,"{""good"": []}",992.005,"{""good"": []}",,,16.56007844,"{""good"": []}",,,,,2600.0,"{""good"": []}",10000.0,"{""good"": []}",,"{""good"": []}",6.0,"{""good"": []}",3.0,"{""good"": []}",,"{""good"": []}",8.0,"{""good"": []}",,,396.7840509,"{""good"": []}",,,686.6537564,"{""good"": []}",,,1.0,"{""good"": []}",24.61788848,"{""good"": []}",23.87438012,"{""good"": []}",39483.0,"{""good"": []}",0.0,"{""good"": []}",NSW,"{""good"": []}",78.9275,"{""good"": []}",,,15.69656209,"{""good"": []}",15.64587611,"{""good"": []}",13.95328202,"{""good"": []}",179.1959572,"{""good"": []}",20.51141667,"{""good"": []}"
2026-09-30 12:29:00+00:00,Aberporth Automatic Weather Station,-4.57,52.14,0.0,"{""good"": []}",991.975,"{""good"": []}",,,16.72385917,"{""good"": []}",,,,,2600.0,"{""good"": []}",10000.0,"{""good"": []}",,"{""good"": []}",6.0,"{""good"": []}",3.0,"{""good"": []}",,"{""good"": []}",8.0,"{""good"": []}",,,399.0222602,"{""good"": []}",,,674.8860261,"{""good"": []}",,,1.0,"{""good"": []}",25.04982001,"{""good"": []}",24.22254594,"{""good"": []}",40167.0,"{""good"": []}",0.0,"{""good"": []}",NSW,"{""good"": []}",78.715,"{""good"": []}",,,15.69681444,"{""good"": []}",15.64834262,"{""good"": []}",13.95343214,"{""good"": []}",172.3314782,"{""good"": []}",21.04620833,"{""good"": []}"
2026-09-30 12:30:00+00:00,Aberporth Automatic Weather Station,-4.57,52.14,0.0,"{""good"": []}",991.965,"{""good"": []}",,,16.80282649,"{""good"": []}",,,,,2600.0,"{""good"": []}",10000.0,"{""good"": []}",,"{""good"": []}",6.0,"{""good"": []}",3.0,"{""good"": []}",,"{""good"": []}",8.0,"{""good"": []}",,,406.2928941,"{""good"": []}",,,669.2474456,"{""good"": []}",,,1.0,"{""good"": []}",25.3468721,"{""good"": []}",24.48491852,"{""good"": []}",34646.5,"{""good"": []}",0.0,"{""good"": []}",NSW,"{""good"": []}",78.0425,"{""good"": []}",,,15.69665953,"{""good"": []}",15.6510668,"{""good"": []}",13.9531294,"{""good"": []}",178.8082818,"{""good"": []}",22.25325,"{""good"": []}"
2026-09-30 12:31:00+00:00,Aberporth Automatic Weather Station,-4.57,52.14,0.0,"{""good"": []}",991.975,"{""good"": []}",,,16.83163478,"{""good"": []}",,,,,2600.0,"{""good"": []}",10000.0,"{""good"": []}",,"{""good"": []}",5.0,"{""good"": []}",3.0,"{""good"": []}",,"{""good"": []}",8.0,"{""good"": []}",,,414.5782488,"{""good"": []}",,,659.7199506,"{""good"": []}",,,1.0,"{""good"": []}",25.5096044,"{""good"": []}",24.61094458,"{""good"": []}",36816.5,"{""good"": []}",0.0,"{""good"": []}",NSW,"{""good"": []}",77.32,"{""good"": []}",,,15.69665953,"{""good"": []}",15.65353582,"{""good"": []}",13.95302682,"{""good"": []}",177.0206177,"{""good"": []}",18.28441667,"{""good"": []}"
2026-09-30 12:32:00+00:00,Aberporth Automatic Weather Station,-4.57,52.14,0.0,"{""good"": []}",991.975,"{""good"": []}",,,17.07498493,"{""good"": []}",,,,,2600.0,"{""good"": []}",3800.0,"{""good"": []}",10000.0,"{""good"": []}",2.0,"{""good"": []}",3.0,"{""good"": []}",3.0,"{""good"": []}",8.0,"{""good"": []}",,,422.4427681,"{""good"": []}",,,644.9694247,"{""good"": []}",,,1.0,"{""good"": []}",25.66639035,"{""good"": []}",24.68767869,"{""good"": []}",32047.5,"{""good"": []}",0.0,"{""good"": []}",NSW,"{""good"": []}",78.4025,"{""good"": []}",,,15.69605737,"{""good"": []}",15.65631002,"{""good"": []}",13.95302683,"{""good"": []}",174.2345709,"{""good"": []}",18.96625,"{""good"": []}"
2026-09-30 12:33:00+00:00,Aberporth Automatic Weather Station,-4.57,52.14,0.0,"{""good"": []}",991.965,"{""good"": []}",,,17.09593846,"{""good"": []}",,,,,2600.0,"{""good"": []}",3900.0,"{""good"": []}",10000.0,"{""good"": []}",1.0,"{""good"": []}",3.0,"{""good"": []}",1.0,"{""good"": []}",5.0,"{""good"": []}",,,429.7561062,"{""good"": []}",,,597.1392685,"{""good"": []}",,,1.0,"{""good"": []}",25.68779967,"{""good"": []}",24.64170866,"{""good"": []}",31720.0,"{""good"": []}",0.0,"{""good"": []}",NSW,"{""good"": []}",77.4525,"{""good"": []}",,,15.69640718,"{""good"": []}",15.65928685,"{""good"": []}",13.95307686,"{""good"": []}",176.8388363,"{""good"": []}",19.32616667,"{""good"": []}"
2026-09-30 12:34:00+00:00,Aberporth Automatic Weather Station,-4.57,52.14,0.0,"{""good"": []}",991.945,"{""good"": []}",,,17.14070859,"{""good"": []}",,,,,2600.0,"{""good"": []}",3700.0,"{""good"": []}",10000.0,"{""good"": []}",1.0,"{""good"": []}",3.0,"{""good"": []}",1.0,"{""good"": []}",5.0,"{""good"": []}",,,436.949494,"{""good"": []}",,,600.1795987,"{""good"": []}",,,1.0,"{""good"": []}",25.55412698,"{""good"": []}",24.48829291,"{""good"": []}",31852.0,"{""good"": []}",0.0,"{""good"": []}",NSW,"{""good"": []}",77.3875,"{""good"": []}",,,15.69630723,"{""good"": []}",15.66135563,"{""good"": []}",13.95307686,"{""good"": []}",175.1057929,"{""good"": []}",17.15166667,"{""good"": []}"
2026-09-30 12:35:00+00:00,Aberporth Automatic Weather Station,-4.57,52.14,0.0,"{""good"": []}",991.96,"{""good"": []}",,,17.23312694,"{""good"": []}",,,,,2600.0,"{""good"": []}",3900.0,"{""good"": []}",10000.0,"{""good"": []}",1.0,"{""good"": []}",2.0,"{""good"": []}",1.0,"{""good"": []}",4.0,"{""good"": []}",,,443.2079388,"{""good"": []}",,,569.4961744,"{""good"": []}",,,1.0,"{""good"": []}",25.5190236,"{""good"": []}",24.44307968,"{""good"": []}",33124.0,"{""good"": []}",0.0,"{""good"": []}",NSW,"{""good"": []}",77.5075,"{""good"": []}",,,15.69630973,"{""good"": []}",15.66397724,"{""good"": []}",13.95302682,"{""good"": []}",171.3590395,"{""good"": []}",16.24058333,"{""good"": []}"
2026-09-30 12:36:00+00:00,Aberporth Automatic Weather Station,-4.57,52.14,0.0,"{""good"": []}",991.975,"{""good"": []}",,,17.25453265,"{""good"": []}",,,,,2600.0,"{""good"": []}",4100.0,"{""good"": []}",10000.0,"{""good"": []}",1.0,"{""good"": []}",2.0,"{""good"": []}",1.0,"{""good"": []}",4.0,"{""good"": []}",,,448.4902456,"{""good"": []}",,,583.7953025,"{""good"": []}",,,1.0,"{""good"": []}",25.42599837,"{""good"": []}",24.36851108,"{""good"": []}",32606.5,"{""good"": []}",0.0,"{""good"": []}",NSW,"{""good"": []}",77.6725,"{""good"": []}",,,15.69660956,"{""good"": []}",15.66669891,"{""good"": []}",13.95277663,"{""good"": []}",172.741125,"{""good"": []}",18.34075,"{""good"": []}"
2026-09-30 12:37:00+00:00,Aberporth Automatic Weather Station,-4.57,52.14,0.0,"{""good"": []}",991.955,"{""good"": []}",,,17.19414294,"{""good"": []}",,,,,2600.0,"{""good"": []}",4100.0,"{""good"": []}",,"{""good"": []}",1.0,"{""good"": []}",2.0,"{""good"": []}",,"{""good"": []}",3.0,"{""good"": []}",,,447.6054338,"{""good"": []}",,,593.6969217,"{""good"": []}",,,1.0,"{""good"": []}",25.426603,"{""good"": []}",24.39302843,"{""good"": []}",30065.5,"{""good"": []}",0.0,"{""good"": []}",NSW,"{""good"": []}",77.1425,"{""good"": []}",,,15.69665953,"{""good"": []}",15.66851253,"{""good"": []}",13.95297679,"{""good"": []}",169.9810803,"{""good"": []}",16.20966667,"{""good"": []}"
2026-09-30 12:38:00+00:00,Aberporth Automatic Weather Station,-4.57,52.14,0.0,"{""good"": []}",991.92,"{""good"": []}",,,17.25714841,"{""good"": []}",,,,,2600.0,"{""good"": []}",4100.0,"{""good"": []}",,"{""good"": []}",1.0,"{""good"": []}",2.0,"{""good"": []}",,"{""good"": []}",3.0,"{""good"": []}",,,448.0796916,"{""good"": []}",,,618.9542171,"{""good"": []}",,,1.0,"{""good"": []}",25.51433898,"{""good"": []}",24.47867429,"{""good"": []}",30662.0,"{""good"": []}",0.0,"{""good"": []}",NSW,"{""good"": []}",77.365,"{""good"": []}",,,15.69620729,"{""good"": []}",15.67158942,"{""good"": []}",13.95287671,"{""good"": []}",170.6252812,"{""good"": []}",18.2155,"{""good"": []}"
2026-09-30 12:39:00+00:00,Aberporth Automatic Weather Station,-4.57,52.14,0.0,"{""good"": []}",991.97,"{""good"": []}",,,17.37071265,"{""good"": []}",,,,,2600.0,"{""good"": []}",4100.0,"{""good"": []}",,"{""good"": []}",1.0,"{""good"": []}",1.0,"{""good"": []}",,"{""good"": []}",2.0,"{""good"": []}",,,449.2877956,"{""good"": []}",,,614.8136951,"{""good"": []}",,,1.0,"{""good"": []}",25.66221292,"{""good"": []}",24.62670502,"{""good"": []}",30044.0,"{""good"": []}",0.0,"{""good"": []}",NSW,"{""good"": []}",78.0425,"{""good"": []}",,,15.69615482,"{""good"": []}",15.67360816,"{""good"": []}",13.95292674,"{""good"": []}",171.2156264,"{""good"": []}",18.46083333,"{""good"": []}"
2026-09-30 12:40:00+00:00,Aberporth Automatic Weather Station,-4.57,52.14,0.0,"{""good"": []}",991.95,"{""good"": []}",,,17.46711084,"{""good"": []}",,,,,2600.0,"{""good"": []}",4100.0,"{""good"": []}",,"{""good"": []}",1.0,"{""good"": []}",2.0,"{""good"": []}",,"{""good"": []}",3.0,"{""good"": []}",,,452.2404872,"{""good"": []}",,,613.2388177,"{""good"": []}",,,1.0,"{""good"": []}",25.80081758,"{""good"": []}",24.74129914,"{""good"": []}",30965.0,"{""good"": []}",0.0,"{""good"": []}",NSW,"{""good"": []}",78.14,"{""good"": []}",,,15.69575255,"{""good"": []}",15.67653246,"{""good"": []}",13.95297678,"{""good"": []}",173.3472541,"{""good"": []}",17.28858333,"{""good"": []}"
2026-09-30 12:41:00+00:00,Aberporth Automatic Weather Station,-4.57,52.14,0.0,"{""good"": []}",991.995,"{""good"": []}",,,17.43523211,"{""good"": []}",,,,,2600.0,"{""good"": []}",4100.0,"{""good"": []}",,"{""good"": []}",1.0,"{""good"": []}",2.0,"{""good"": []}",,"{""good"": []}",3.0,"{""good"": []}",,,454.5266294,"{""good"": []}",,,541.7731771,"{""good"": []}",,,1.0,"{""good"": []}",25.9193271,"{""good"": []}",24.86707544,"{""good"": []}",31577.0,"{""good"": []}",0.0,"{""good"": []}",NSW,"{""good"": []}",77.675,"{""good"": []}",,,15.6956526,"{""good"": []}",15.67870129,"{""good"": []}",13.95287671,"{""good"": []}",172.035148,"{""good"": []}",18.340375,"{""good"": []}"
2026-09-30 12:42:00+00:00,Aberporth Automatic Weather Station,-4.57,52.14,0.0,"{""good"": []}",991.995,"{""good"": []}",,,17.4120126,"{""good"": []}",,,,,2600.0,"{""good"": []}",4100.0,"{""good"": []}",,"{""good"": []}",1.0,"{""good"": []}",2.0,"{""good"": []}",,"{""good"": []}",3.0,"{""good"": []}",,,457.3419778,"{""good"": []}",,,580.736123,"{""good"": []}",,,1.0,"{""good"": []}",25.44312283,"{""good"": []}",24.46472718,"{""good"": []}",28619.5,"{""good"": []}",0.0,"{""good"": []}",NSW,"{""good"": []}",77.48,"{""good"": []}",,,15.69590496,"{""good"": []}",15.68046488,"{""good"": []}",13.95292674,"{""good"": []}",176.9062287,"{""good"": []}",19.47166667,"{""good"": []}"
2026-09-30 12:43:00+00:00,Aberporth Automatic Weather Station,-4.57,52.14,0.0,"{""good"": []}",991.99,"{""good"": []}",,,17.37706092,"{""good"": []}",,,,,4100.0,"{""good"": []}",,"{""good"": []}",,"{""good"": []}",1.0,"{""good"": []}",,"{""good"": []}",,"{""good"": []}",1.0,"{""good"": []}",,,458.176234,"{""good"": []}",,,613.8099881,"{""good"": []}",,,1.0,"{""good"": []}",25.54934492,"{""good"": []}",24.62539123,"{""good"": []}",30460.0,"{""good"": []}",0.0,"{""good"": []}",NSW,"{""good"": []}",77.14,"{""good"": []}",,,15.69610734,"{""good"": []}",15.68328912,"{""good"": []}",13.95277663,"{""good"": []}",175.1427253,"{""good"": []}",19.500375,"{""good"": []}"
2026-09-30 12:44:00+00:00,Aberporth Automatic Weather Station,-4.57,52.14,0.0,"{""good"": []}",992.0,"{""good"": []}",,,17.42138135,"{""good"": []}",,,,,4100.0,"{""good"": []}",,"{""good"": []}",,"{""good"": []}",1.0,"{""good"": []}",,"{""good"": []}",,"{""good"": []}",1.0,"{""good"": []}",,,463.2744447,"{""good"": []}",,,578.0355101,"{""good"": []}",,,1.0,"{""good"": []}",25.68804951,"{""good"": []}",24.75796625,"{""good"": []}",28999.0,"{""good"": []}",0.0,"{""good"": []}",NSW,"{""good"": []}",77.65,"{""good"": []}",,,15.69676197,"{""good"": []}",15.68576063,"{""good"": []}",13.95282667,"{""good"": []}",179.6689379,"{""good"": []}",18.216375,"{""good"": []}"
2026-09-30 12:45:00+00:00,Aberporth Automatic Weather Station,-4.57,52.14,0.0,"{""good"": []}",992.015,"{""good"": []}",,,17.57997055,"{""good"": []}",,,,,4100.0,"{""good"": []}",,"{""good"": []}",,"{""good"": []}",1.0,"{""good"": []}",,"{""good"": []}",,"{""good"": []}",1.0,"{""good"": []}",,,460.4390298,"{""good"": []}",,,420.1902214,"{""good"": []}",,,0.0,"{""suspect"": [""1 case(s) of \""qc consistency check failed: expected radiation_sun_1_minute_mean to be above 0 if sunshine_1_minute_mean is above 0\""""]}",25.2037877,"{""good"": []}",24.18478083,"{""good"": []}",26754.5,"{""good"": []}",0.0,"{""good"": []}",NSW,"{""good"": []}",78.4925,"{""good"": []}",,,15.69595743,"{""good"": []}",15.68807956,"{""good"": []}",13.95262652,"{""good"": []}",170.2960488,"{""good"": []}",14.95604167,"{""good"": []}"
2026-09-30 12:46:00+00:00,Aberporth Automatic Weather Station,-4.57,52.14,0.0,"{""good"": []}",992.025,"{""good"": []}",,,17.55358315,"{""good"": []}",,,,,4100.0,"{""good"": []}",,"{""good"": []}",,"{""good"": []}",1.0,"{""good"": []}",,"{""good"": []}",,"{""good"": []}",1.0,"{""good"": []}",,,453.3177662,"{""good"": []}",,,175.0163405,"{""good"": []}",,,0.0,"{""good"": []}",24.29414033,"{""good"": []}",23.19561225,"{""good"": []}",28491.5,"{""good"": []}",0.0,"{""good"": []}",NSW,"{""good"": []}",78.7875,"{""good"": []}",,,15.69570507,"{""good"": []}",15.68908768,"{""good"": []}",13.95257397,"{""good"": []}",168.2283845,"{""good"": []}",15.750125,"{""good"": []}"
2026-09-30 12:47:00+00:00,Aberporth Automatic Weather Station,-4.57,52.14,0.0,"{""good"": []}",992.01,"{""good"": []}",,,17.30126398,"{""good"": []}",,,,,3300.0,"{""good"": []}",,"{""good"": []}",,"{""good"": []}",1.0,"{""good"": []}",,"{""good"": []}",,"{""good"": []}",1.0,"{""good"": []}",,,445.8094253,"{""good"": []}",,,140.6148992,"{""good"": []}",,,0.0,"{""good"": []}",22.70103881,"{""good"": []}",21.56493638,"{""good"": []}",28114.0,"{""good"": []}",0.0,"{""good"": []}",NSW,"{""good"": []}",77.4675,"{""good"": []}",,,15.69575505,"{""good"": []}",15.69170929,"{""good"": []}",13.95282667,"{""good"": []}",170.679115,"{""good"": []}",20.616125,"{""good"": []}"
2026-09-30 12:48:00+00:00,Aberporth Automatic Weather Station,-4.57,52.14,0.0,"{""good"": []}",992.01,"{""good"": []}",,,17.15848673,"{""good"": []}",,,,,2600.0,"{""good"": []}",,"{""good"": []}",,"{""good"": []}",1.0,"{""good"": []}",,"{""good"": []}",,"{""good"": []}",1.0,"{""good"": []}",,,438.3638306,"{""good"": []}",,,183.7558976,"{""good"": []}",,,0.0,"{""good"": []}",21.57769053,"{""good"": []}",20.47234586,"{""good"": []}",27365.5,"{""good"": []}",0.0,"{""good"": []}",NSW,"{""good"": []}",76.6725,"{""good"": []}",,,15.69620729,"{""good"": []}",15.69418331,"{""good"": []}",13.95287671,"{""good"": []}",172.3707766,"{""good"": []}",18.634375,"{""good"": []}"
2026-09-30 12:49:00+00:00,Aberporth Automatic Weather Station,-4.57,52.14,0.0,"{""good"": []}",992.015,"{""good"": []}",,,17.18457432,"{""good"": []}",,,,,2600.0,"{""good"": []}",,"{""good"": []}",,"{""good"": []}",1.0,"{""good"": []}",,"{""good"": []}",,"{""good"": []}",1.0,"{""good"": []}",,,432.1109178,"{""good"": []}",,,239.8084282,"{""good"": []}",,,0.0,"{""good"": []}",21.11191233,"{""good"": []}",20.01386447,"{""good"": []}",28011.0,"{""good"": []}",0.0,"{""good"": []}",NSW,"{""good"": []}",77.5025,"{""good"": []}",,,15.69590496,"{""good"": []}",15.69554415,"{""good"": []}",13.95277663,"{""good"": []}",171.1411003,"{""good"": []}",18.67379167,"{""good"": []}"
2026-09-30 12:50:00+00:00,Aberporth Automatic Weather Station,-4.57,52.14,0.0,"{""good"": []}",992.025,"{""good"": []}",,,17.20975502,"{""good"": []}",,,,,2600.0,"{""good"": []}",3300.0,"{""good"": []}",,"{""good"": []}",1.0,"{""good"": []}",1.0,"{""good"": []}",,"{""good"": []}",2.0,"{""good"": []}",,,427.5908146,"{""good"": []}",,,274.4889877,"{""good"": []}",,,0.0,"{""good"": []}",21.08008443,"{""good"": []}",19.98894249,"{""good"": []}",28376.5,"{""good"": []}",0.0,"{""good"": []}",NSW,"{""good"": []}",77.3575,"{""good"": []}",,,15.69570507,"{""good"": []}",15.69831586,"{""good"": []}",13.95302932,"{""good"": []}",172.4036937,"{""good"": []}",17.78608333,"{""good"": []}"
2026-09-30 12:51:00+00:00,Aberporth Automatic Weather Station,-4.57,52.14,0.0,"{""good"": []}",992.045,"{""good"": []}",,,17.30549616,"{""good"": []}",,,,,2600.0,"{""good"": []}",3300.0,"{""good"": []}",4100.0,"{""good"": []}",2.0,"{""good"": []}",1.0,"{""good"": []}",1.0,"{""good"": []}",4.0,"{""good"": []}",,,422.9284858,"{""good"": []}",,,326.5430111,"{""good"": []}",,,0.0,"{""good"": []}",21.33684633,"{""good"": []}",20.25146244,"{""good"": []}",26289.5,"{""good"": []}",0.0,"{""good"": []}",NSW,"{""good"": []}",77.985,"{""good"": []}",,,15.69520036,"{""good"": []}",15.70023454,"{""good"": []}",13.95267655,"{""good"": []}",176.9754099,"{""good"": []}",19.49645833,"{""good"": []}"
2026-09-30 12:52:00+00:00,Aberporth Automatic Weather Station,-4.57,52.14,0.0,"{""good"": []}",992.0,"{""good"": []}",,,17.3555078,"{""good"": []}",,,,,2600.0,"{""good"": []}",4100.0,"{""good"": []}",,"{""good"": []}",2.0,"{""good"": []}",1.0,"{""good"": []}",,"{""good"": []}",3.0,"{""good"": []}",,,420.6628191,"{""good"": []}",,,426.1339205,"{""good"": []}",,,0.0,"{""suspect"": [""1 case(s) of \""qc consistency check failed: expected radiation_sun_1_minute_mean to be above 0 if sunshine_1_minute_mean is above 0\""""]}",21.73649274,"{""good"": []}",20.69841699,"{""good"": []}",26564.0,"{""good"": []}",0.0,"{""good"": []}",NSW,"{""good"": []}",76.625,"{""good"": []}",,,15.6956526,"{""good"": []}",15.70240087,"{""good"": []}",13.95302682,"{""good"": []}",189.5748044,"{""good"": []}",18.64675,"{""good"": []}"
2026-09-30 12:53:00+00:00,Aberporth Automatic Weather Station,-4.57,52.14,0.0,"{""good"": []}",992.05,"{""good"": []}",,,17.70728812,"{""good"": []}",,,,,2600.0,"{""good"": []}",3500.0,"{""good"": []}",,"{""good"": []}",2.0,"{""good"": []}",1.0,"{""good"": []}",,"{""good"": []}",3.0,"{""good"": []}",,,419.1491399,"{""good"": []}",,,465.2730328,"{""good"": []}",,,0.0,"{""suspect"": [""1 case(s) of \""qc consistency check failed: expected radiation_sun_1_minute_mean to be above 0 if sunshine_1_minute_mean is above 0\""""]}",22.6965066,"{""good"": []}",21.65742843,"{""good"": []}",27664.5,"{""good"": []}",0.0,"{""good"": []}",NSW,"{""good"": []}",77.81,"{""good"": []}",,,15.69540274,"{""good"": []}",15.70482236,"{""good"": []}",13.95262401,"{""good"": []}",179.6989333,"{""good"": []}",15.02858333,"{""good"": []}"
2026-09-30 12:54:00+00:00,Aberporth Automatic Weather Station,-4.57,52.14,0.0,"{""good"": []}",992.04,"{""good"": []}",,,17.73962154,"{""good"": []}",,,,,2400.0,"{""good"": []}",3500.0,"{""good"": []}",,"{""good"": []}",3.0,"{""good"": []}",1.0,"{""good"": []}",,"{""good"": []}",4.0,"{""good"": []}",,,414.0841567,"{""good"": []}",,,320.5571471,"{""good"": []}",,,0.0,"{""suspect"": [""1 case(s) of \""qc consistency check failed: expected radiation_sun_1_minute_mean to be above 0 if sunshine_1_minute_mean is above 0\""""]}",22.98943123,"{""good"": []}",21.89417219,"{""good"": []}",28720.0,"{""good"": []}",0.0,"{""good"": []}",NSW,"{""good"": []}",76.8375,"{""good"": []}",,,15.6956526,"{""good"": []}",15.70694116,"{""good"": []}",13.95282667,"{""good"": []}",186.6640256,"{""good"": []}",19.78516667,"{""good"": []}"
2026-09-30 12:55:00+00:00,Aberporth Automatic Weather Station,-4.57,52.14,0.0,"{""good"": []}",991.98,"{""good"": []}",,,17.66160859,"{""good"": []}",,,,,2400.0,"{""good"": []}",3500.0,"{""good"": []}",,"{""good"": []}",3.0,"{""good"": []}",1.0,"{""good"": []}",,"{""good"": []}",4.0,"{""good"": []}",,,409.8447588,"{""good"": []}",,,382.2203559,"{""good"": []}",,,0.0,"{""suspect"": [""1 case(s) of \""qc consistency check failed: expected radiation_sun_1_minute_mean to be above 0 if sunshine_1_minute_mean is above 0\""""]}",22.94138081,"{""good"": []}",21.8588773,"{""good"": []}",28626.0,"{""good"": []}",0.0,"{""good"": []}",NSW,"{""good"": []}",73.2925,"{""good"": []}",,,15.69570257,"{""good"": []}",15.70900743,"{""good"": []}",13.95267655,"{""good"": []}",191.4749874,"{""good"": []}",21.56179167,"{""good"": []}"
2026-09-30 12:56:00+00:00,Aberporth Automatic Weather Station,-4.57,52.14,0.0,"{""good"": []}",992.0,"{""good"": []}",,,17.9005317,"{""good"": []}",,,,,2400.0,"{""good"": []}",3500.0,"{""good"": []}",,"{""good"": []}",3.0,"{""good"": []}",1.0,"{""good"": []}",,"{""good"": []}",4.0,"{""good"": []}",,,408.5917691,"{""good"": []}",,,352.8017991,"{""good"": []}",,,0.0,"{""good"": []}",22.82428292,"{""good"": []}",21.76568091,"{""good"": []}",29289.0,"{""good"": []}",0.0,"{""good"": []}",NSW,"{""good"": []}",74.6275,"{""good"": []}",,,15.69545022,"{""good"": []}",15.7110737,"{""good"": []}",13.95292675,"{""good"": []}",182.4098765,"{""good"": []}",14.28779167,"{""good"": []}"
2026-09-30 12:57:00+00:00,Aberporth Automatic Weather Station,-4.57,52.14,0.0,"{""good"": []}",992.005,"{""good"": []}",,,17.95220223,"{""good"": []}",,,,,2400.0,"{""good"": []}",3500.0,"{""good"": []}",,"{""good"": []}",3.0,"{""good"": []}",1.0,"{""good"": []}",,"{""good"": []}",4.0,"{""good"": []}",,,405.0460439,"{""good"": []}",,,369.9030645,"{""good"": []}",,,0.0,"{""good"": []}",22.88023596,"{""good"": []}",21.82041034,"{""good"": []}",29120.0,"{""good"": []}",0.0,"{""good"": []}",NSW,"{""good"": []}",75.675,"{""good"": []}",,,15.69575254,"{""good"": []}",15.71278976,"{""good"": []}",13.95272659,"{""good"": []}",185.1438797,"{""good"": []}",15.57879167,"{""good"": []}"
2026-09-30 12:58:00+00:00,Aberporth Automatic Weather Station,-4.57,52.14,0.0,"{""good"": []}",992.005,"{""good"": []}",,,17.97964892,"{""good"": []}",,,,,2400.0,"{""good"": []}",3500.0,"{""good"": []}",9800.0,"{""good"": []}",3.0,"{""good"": []}",1.0,"{""good"": []}",1.0,"{""good"": []}",5.0,"{""good"": []}",,,405.5291467,"{""good"": []}",,,352.1956524,"{""good"": []}",,,0.0,"{""good"": []}",22.92556555,"{""good"": []}",21.851629,"{""good"": []}",29647.0,"{""good"": []}",0.0,"{""good"": []}",NSW,"{""good"": []}",75.3,"{""good"": []}",,,15.69550019,"{""good"": []}",15.71556147,"{""good"": []}",13.95297679,"{""good"": []}",190.4014703,"{""good"": []}",18.38475,"{""good"": []}"
2026-09-30 12:59:00+00:00,Aberporth Automatic Weather Station,-4.57,52.14,0.0,"{""good"": []}",991.98,"{""good"": []}",,,17.8309781,"{""good"": []}",,,,,2400.0,"{""good"": []}",3500.0,"{""good"": []}",9800.0,"{""good"": []}",3.0,"{""good"": []}",1.0,"{""good"": []}",1.0,"{""good"": []}",5.0,"{""good"": []}",,,407.4310193,"{""good"": []}",,,316.3500989,"{""good"": []}",,,0.0,"{""good"": []}",22.9020975,"{""good"": []}",21.77549934,"{""good"": []}",29191.0,"{""good"": []}",0.0,"{""good"": []}",NSW,"{""good"": []}",72.435,"{""good"": []}",,,15.69580501,"{""good"": []}",15.71793292,"{""good"": []}",13.95287671,"{""good"": []}",190.3178681,"{""good"": []}",20.669625,"{""good"": []}"
2026-09-30 13:00:00+00:00,Aberporth Automatic Weather Station,-4.57,52.14,0.0,"{""good"": []}",992.035,"{""good"": []}",,,17.78832156,"{""good"": []}",,,,,2400.0,"{""good"": []}",9800.0,"{""good"": []}",,"{""good"": []}",5.0,"{""good"": []}",3.0,"{""good"": []}",,"{""good"": []}",8.0,"{""good"": []}",,,410.0218196,"{""good"": []}",,,277.0780605,"{""good"": []}",,,0.0,"{""good"": []}",22.57376468,"{""good"": []}",21.39334492,"{""good"": []}",27859.0,"{""good"": []}",0.0,"{""good"": []}",NSW,"{""good"": []}",72.3875,"{""good"": []}",,,15.69550269,"{""good"": []}",15.71979657,"{""good"": []}",13.95297679,"{""good"": []}",188.0160841,"{""good"": []}",21.15775,"{""good"": []}"
2026-09-30 13:01:00+00:00,Aberporth Automatic Weather Station,-4.57,52.14,0.0,"{""good"": []}",992.04,"{""good"": []}",,,17.67596401,"{""good"": []}",,,,,2400.0,"{""good"": []}",9800.0,"{""good"": []}",,"{""good"": []}",5.0,"{""good"": []}",3.0,"{""good"": []}",,"{""good"": []}",8.0,"{""good"": []}",,,412.3490465,"{""good"": []}",,,251.9796382,"{""good"": []}",,,0.0,"{""good"": []}",22.18263053,"{""good"": []}",20.94644033,"{""good"": []}",29852.5,"{""good"": []}",0.0,"{""good"": []}",NSW,"{""good"": []}",72.1575,"{""good"": []}",,,15.69540024,"{""good"": []}",15.72252324,"{""good"": []}",13.95292675,"{""good"": []}",191.3663582,"{""good"": []}",19.674625,"{""good"": []}"
2026-09-30 13:02:00+00:00,Aberporth Automatic Weather Station,-4.57,52.14,0.0,"{""good"": []}",992.065,"{""good"": []}",,,17.68361891,"{""good"": []}",,,,,2400.0,"{""good"": []}",9800.0,"{""good"": []}",,"{""good"": []}",5.0,"{""good"": []}",3.0,"{""good"": []}",,"{""good"": []}",8.0,"{""good"": []}",,,414.2057007,"{""good"": []}",,,229.0875425,"{""good"": []}",,,0.0,"{""good"": []}",21.86910358,"{""good"": []}",20.54223629,"{""good"": []}",30016.5,"{""good"": []}",0.0,"{""good"": []}",NSW,"{""good"": []}",72.6375,"{""good"": []}",,,15.69509791,"{""good"": []}",15.72438689,"{""good"": []}",13.95302682,"{""good"": []}",195.0891739,"{""good"": []}",19.47008333,"{""good"": []}"
2026-09-30 13:03:00+00:00,Aberporth Automatic Weather Station,-4.57,52.14,0.0,"{""good"": []}",992.07,"{""good"": []}",,,17.69076914,"{""good"": []}",,,,,2400.0,"{""good"": []}",9800.0,"{""good"": []}",,"{""good"": []}",5.0,"{""good"": []}",3.0,"{""good"": []}",,"{""good"": []}",8.0,"{""good"": []}",,,415.2996848,"{""good"": []}",,,204.6775346,"{""good"": []}",,,0.0,"{""good"": []}",21.61989953,"{""good"": []}",20.20740814,"{""good"": []}",29105.0,"{""good"": []}",0.0,"{""good"": []}",NSW,"{""good"": []}",72.9525,"{""good"": []}",,,15.69474811,"{""good"": []}",15.72625554,"{""good"": []}",13.95317944,"{""good"": []}",188.1651219,"{""good"": []}",17.08583333,"{""good"": []}"
2026-09-30 13:04:00+00:00,Aberporth Automatic Weather Station,-4.57,52.14,0.0,"{""good"": []}",992.05,"{""good"": []}",,,17.64423268,"{""good"": []}",,,,,2400.0,"{""good"": []}",9800.0,"{""good"": []}",,"{""good"": []}",6.0,"{""good"": []}",3.0,"{""good"": []}",,"{""good"": []}",8.0,"{""good"": []}",,,415.8041606,"{""good"": []}",,,189.9488375,"{""good"": []}",,,0.0,"{""good"": []}",21.39884815,"{""good"": []}",19.94523537,"{""good"": []}",29481.0,"{""good"": []}",0.0,"{""good"": []}",NSW,"{""good"": []}",72.4125,"{""good"": []}",,,15.69540524,"{""good"": []}",15.72897721,"{""good"": []}",13.95323198,"{""good"": []}",173.3836845,"{""good"": []}",20.328125,"{""good"": []}"
2026-09-30 13:05:00+00:00,Aberporth Automatic Weather Station,-4.57,52.14,0.0,"{""good"": []}",992.03,"{""good"": []}",,,17.55896956,"{""good"": []}",,,,,2400.0,"{""good"": []}",9800.0,"{""good"": []}",,"{""good"": []}",6.0,"{""good"": []}",3.0,"{""good"": []}",,"{""good"": []}",8.0,"{""good"": []}",,,416.0847407,"{""good"": []}",,,195.2918169,"{""good"": []}",,,0.0,"{""good"": []}",21.17295474,"{""good"": []}",19.76161003,"{""good"": []}",29292.5,"{""good"": []}",0.0,"{""good"": []}",NSW,"{""good"": []}",71.4425,"{""good"": []}",,,15.69515038,"{""good"": []}",15.73104598,"{""good"": []}",13.95302932,"{""good"": []}",177.6294215,"{""good"": []}",21.08708333,"{""good"": []}"
2026-09-30 13:06:00+00:00,Aberporth Automatic Weather Station,-4.57,52.14,0.0,"{""good"": []}",992.13,"{""good"": []}",,,17.56239478,"{""good"": []}",,,,,2400.0,"{""good"": []}",9800.0,"{""good"": []}",,"{""good"": []}",6.0,"{""good"": []}",3.0,"{""good"": []}",,"{""good"": []}",8.0,"{""good"": []}",,,416.1538199,"{""good"": []}",,,203.4847647,"{""good"": []}",,,0.0,"{""good"": []}",21.02483096,"{""good"": []}",19.67203779,"{""good"": []}",29832.0,"{""good"": []}",0.0,"{""good"": []}",NSW,"{""good"": []}",72.59,"{""good"": []}",,,15.694948,"{""good"": []}",15.73371763,"{""good"": []}",13.95307686,"{""good"": []}",182.5212608,"{""good"": []}",19.60995833,"{""good"": []}"
2026-09-30 13:07:00+00:00,Aberporth Automatic Weather Station,-4.57,52.14,0.0,"{""good"": []}",992.075,"{""good"": []}",,,17.57297022,"{""good"": []}",,,,,2400.0,"{""good"": []}",9800.0,"{""good"": []}",,"{""good"": []}",6.0,"{""good"": []}",3.0,"{""good"": []}",,"{""good"": []}",8.0,"{""good"": []}",,,416.6323414,"{""good"": []}",,,230.1242032,"{""good"": []}",,,0.0,"{""good"": []}",21.00000374,"{""good"": []}",19.67435565,"{""good"": []}",29574.0,"{""good"": []}",0.0,"{""good"": []}",NSW,"{""good"": []}",71.7625,"{""good"": []}",,,15.69479558,"{""good"": []}",15.73573387,"{""good"": []}",13.95307686,"{""good"": []}",183.8348892,"{""good"": []}",18.60258333,"{""good"": []}"
2026-09-30 13:08:00+00:00,Aberporth Automatic Weather Station,-4.57,52.14,0.0,"{""good"": []}",992.125,"{""good"": []}",,,17.61074003,"{""good"": []}",,,,,2400.0,"{""good"": []}",9800.0,"{""good"": []}",,"{""good"": []}",7.0,"{""good"": []}",3.0,"{""good"": []}",,"{""good"": []}",8.0,"{""good"": []}",,,417.9415364,"{""good"": []}",,,268.8911981,"{""good"": []}",,,0.0,"{""good"": []}",21.16152179,"{""good"": []}",19.86080088,"{""good"": []}",29937.5,"{""good"": []}",0.0,"{""good"": []}",NSW,"{""good"": []}",72.3225,"{""good"": []}",,,15.69509791,"{""good"": []}",15.73855811,"{""good"": []}",13.95307686,"{""good"": []}",182.0195395,"{""good"": []}",18.70683333,"{""good"": []}"
2026-09-30 13:09:00+00:00,Aberporth Automatic Weather Station,-4.57,52.14,0.0,"{""good"": []}",992.135,"{""good"": []}",,,17.66881378,"{""good"": []}",,,,,2400.0,"{""good"": []}",9800.0,"{""good"": []}",,"{""good"": []}",7.0,"{""good"": []}",3.0,"{""good"": []}",,"{""good"": []}",8.0,"{""good"": []}",,,422.2196666,"{""good"": []}",,,435.660866,"{""good"": []}",,,0.0,"{""suspect"": [""1 case(s) of \""qc consistency check failed: expected radiation_sun_1_minute_mean to be above 0 if sunshine_1_minute_mean is above 0\""""]}",21.55679089,"{""good"": []}",20.29013171,"{""good"": []}",29548.5,"{""good"": []}",0.0,"{""good"": []}",NSW,"{""good"": []}",71.8675,"{""good"": []}",,,15.69515038,"{""good"": []}",15.74077697,"{""good"": []}",13.95307686,"{""good"": []}",175.9496828,"{""good"": []}",22.25841667,"{""good"": []}"
2026-09-30 13:10:00+00:00,Aberporth Automatic Weather Station,-4.57,52.14,0.0,"{""good"": []}",992.16,"{""good"": []}",,,17.87978304,"{""good"": []}",,,,,2400.0,"{""good"": []}",9800.0,"{""good"": []}",,"{""good"": []}",7.0,"{""good"": []}",3.0,"{""good"": []}",,"{""good"": []}",8.0,"{""good"": []}",,,427.1794161,"{""good"": []}",,,472.7979498,"{""good"": []}",,,0.0,"{""suspect"": [""1 case(s) of \""qc consistency check failed: expected radiation_sun_1_minute_mean to be above 0 if sunshine_1_minute_mean is above 0\""""]}",22.76948416,"{""good"": []}",21.60269649,"{""good"": []}",32582.0,"{""good"": []}",0.0,"{""good"": []}",NSW,"{""good"": []}",70.665,"{""good"": []}",,,15.69509791,"{""good"": []}",15.74304837,"{""good"": []}",13.95317944,"{""good"": []}",183.1916147,"{""good"": []}",24.31529167,"{""good"": []}"
2026-09-30 13:11:00+00:00,Aberporth Automatic Weather Station,-4.57,52.14,0.0,"{""good"": []}",992.07,"{""good"": []}",,,18.01495537,"{""good"": []}",,,,,2400.0,"{""good"": []}",,"{""good"": []}",,"{""good"": []}",8.0,"{""good"": []}",,"{""good"": []}",,"{""good"": []}",8.0,"{""good"": []}",,,434.689751,"{""good"": []}",,,617.7717576,"{""good"": []}",,,1.0,"{""good"": []}",23.73030252,"{""good"": []}",22.67952908,"{""good"": []}",34079.0,"{""good"": []}",0.0,"{""good"": []}",NSW,"{""good"": []}",69.14,"{""good"": []}",,,15.69479808,"{""good"": []}",15.7444092,"{""good"": []}",13.95307686,"{""good"": []}",177.9433445,"{""good"": []}",26.215,"{""good"": []}"
2026-09-30 13:12:00+00:00,Aberporth Automatic Weather Station,-4.57,52.14,0.0,"{""good"": []}",992.125,"{""good"": []}",,,17.95305916,"{""good"": []}",,,,,2400.0,"{""good"": []}",,"{""good"": []}",,"{""good"": []}",8.0,"{""good"": []}",,"{""good"": []}",,"{""good"": []}",8.0,"{""good"": []}",,,438.1793233,"{""good"": []}",,,373.0619316,"{""good"": []}",,,0.0,"{""suspect"": [""1 case(s) of \""qc consistency check failed: expected radiation_sun_1_minute_mean to be above 0 if sunshine_1_minute_mean is above 0\""""]}",24.03284623,"{""good"": []}",22.9879716,"{""good"": []}",34268.0,"{""good"": []}",0.0,"{""good"": []}",NSW,"{""good"": []}",66.355,"{""good"": []}",,,15.69464817,"{""good"": []}",15.7479889,"{""good"": []}",13.95302683,"{""good"": []}",178.315465,"{""good"": []}",26.512625,"{""good"": []}"
2026-09-30 13:13:00+00:00,Aberporth Automatic Weather Station,-4.57,52.14,0.0,"{""good"": []}",992.185,"{""good"": []}",,,17.94187912,"{""good"": []}",,,,,2400.0,"{""good"": []}",,"{""good"": []}",,"{""good"": []}",8.0,"{""good"": []}",,"{""good"": []}",,"{""good"": []}",8.0,"{""good"": []}",,,444.7382537,"{""good"": []}",,,566.8121767,"{""good"": []}",,,1.0,"{""good"": []}",23.73931697,"{""good"": []}",22.72922066,"{""good"": []}",37788.5,"{""good"": []}",0.0,"{""good"": []}",NSW,"{""good"": []}",67.1925,"{""good"": []}",,,15.69510041,"{""good"": []}",15.75000514,"{""good"": []}",13.95307686,"{""good"": []}",189.8585666,"{""good"": []}",20.65170833,"{""good"": []}"
2026-09-30 13:14:00+00:00,Aberporth Automatic Weather Station,-4.57,52.14,0.0,"{""good"": []}",992.235,"{""good"": []}",,,18.26021925,"{""good"": []}",,,,,2400.0,"{""good"": []}",,"{""good"": []}",,"{""good"": []}",8.0,"{""good"": []}",,"{""good"": []}",,"{""good"": []}",8.0,"{""good"": []}",,,449.5845528,"{""good"": []}",,,491.3215658,"{""good"": []}",,,0.0,"{""suspect"": [""1 case(s) of \""qc consistency check failed: expected radiation_sun_1_minute_mean to be above 0 if sunshine_1_minute_mean is above 0\""""]}",24.55513462,"{""good"": []}",23.55833212,"{""good"": []}",36117.0,"{""good"": []}",0.0,"{""good"": []}",NSW,"{""good"": []}",68.7175,"{""good"": []}",,,15.69464817,"{""good"": []}",15.75262676,"{""good"": []}",13.95317694,"{""good"": []}",184.0565919,"{""good"": []}",18.72883333,"{""good"": []}"
2026-09-30 13:15:00+00:00,Aberporth Automatic Weather Station,-4.57,52.14,0.0,"{""good"": []}",992.275,"{""good"": []}",,,18.31476037,"{""good"": []}",,,,,2400.0,"{""good"": []}",,"{""good"": []}",,"{""good"": []}",8.0,"{""good"": []}",,"{""good"": []}",,"{""good"": []}",8.0,"{""good"": []}",,,452.361199,"{""good"": []}",,,643.5625148,"{""good"": []}",,,1.0,"{""good"": []}",24.84810672,"{""good"": []}",23.83263868,"{""good"": []}",34946.5,"{""good"": []}",0.0,"{""good"": []}",NSW,"{""good"": []}",67.9075,"{""good"": []}",,,15.6945957,"{""good"": []}",15.75444287,"{""good"": []}",13.95333206,"{""good"": []}",183.7028888,"{""good"": []}",22.58095833,"{""good"": []}"
2026-09-30 13:16:00+00:00,Aberporth Automatic Weather Station,-4.57,52.14,0.0,"{""good"": []}",992.215,"{""good"": []}",,,18.34795072,"{""good"": []}",,,,,2400.0,"{""good"": []}",,"{""good"": []}",,"{""good"": []}",8.0,"{""good"": []}",,"{""good"": []}",,"{""good"": []}",8.0,"{""good"": []}",,,455.6729926,"{""good"": []}",,,707.4455654,"{""good"": []}",,,1.0,"{""good"": []}",26.0393457,"{""good"": []}",25.10190347,"{""good"": []}",34723.0,"{""good"": []}",0.0,"{""good"": []}",NSW,"{""good"": []}",66.4975,"{""good"": []}",,,15.69439831,"{""good"": []}",15.75731714,"{""good"": []}",13.9531269,"{""good"": []}",184.1976506,"{""good"": []}",24.906875,"{""good"": []}"
2026-09-30 13:17:00+00:00,Aberporth Automatic Weather Station,-4.57,52.14,0.0,"{""good"": []}",992.285,"{""good"": []}",,,18.27321558,"{""good"": []}",,,,,2400.0,"{""good"": []}",,"{""good"": []}",,"{""good"": []}",8.0,"{""good"": []}",,"{""good"": []}",,"{""good"": []}",8.0,"{""good"": []}",,,456.4189381,"{""good"": []}",,,367.5942863,"{""good"": []}",,,0.0,"{""good"": []}",26.08376835,"{""good"": []}",25.00769802,"{""good"": []}",33023.5,"{""good"": []}",0.0,"{""good"": []}",NSW,"{""good"": []}",65.2675,"{""good"": []}",,,15.69454323,"{""good"": []}",15.75973613,"{""good"": []}",13.95317694,"{""good"": []}",188.90352,"{""good"": []}",23.19516667,"{""good"": []}"
2026-09-30 13:18:00+00:00,Aberporth Automatic Weather Station,-4.57,52.14,0.0,"{""good"": []}",992.32,"{""good"": []}",,,18.18170413,"{""good"": []}",,,,,2400.0,"{""good"": []}",,"{""good"": []}",,"{""good"": []}",8.0,"{""good"": []}",,"{""good"": []}",,"{""good"": []}",8.0,"{""good"": []}",,,455.8615445,"{""good"": []}",,,293.5099407,"{""good"": []}",,,0.0,"{""good"": []}",24.84291742,"{""good"": []}",23.57157489,"{""good"": []}",34748.0,"{""good"": []}",0.0,"{""good"": []}",NSW,"{""good"": []}",66.32,"{""good"": []}",,,15.69469814,"{""good"": []}",15.76205756,"{""good"": []}",13.95317694,"{""good"": []}",189.6380206,"{""good"": []}",20.87591667,"{""good"": []}"
2026-09-30 13:19:00+00:00,Aberporth Automatic Weather Station,-4.57,52.14,0.0,"{""good"": []}",992.315,"{""good"": []}",,,17.96383447,"{""good"": []}",,,,,2400.0,"{""good"": []}",8800.0,"{""good"": []}",11000.0,"{""good"": []}",7.0,"{""good"": []}",4.0,"{""good"": []}",4.0,"{""good"": []}",8.0,"{""good"": []}",,,456.1782299,"{""good"": []}",,,231.3250494,"{""good"": []}",,,0.0,"{""good"": []}",23.73543936,"{""good"": []}",22.30709318,"{""good"": []}",36541.5,"{""good"": []}",0.0,"{""good"": []}",NSW,"{""good"": []}",66.195,"{""good"": []}",,,15.69500047,"{""good"": []}",15.76367105,"{""good"": []}",13.95317944,"{""good"": []}",197.91023,"{""good"": []}",21.96691667,"{""good"": []}"
2026-09-30 13:20:00+00:00,Aberporth Automatic Weather Station,-4.57,52.14,0.0,"{""good"": []}",992.32,"{""good"": []}",,,17.77361637,"{""good"": []}",,,,,2400.0,"{""good"": []}",8800.0,"{""good"": []}",11000.0,"{""good"": []}",7.0,"{""good"": []}",4.0,"{""good"": []}",4.0,"{""good"": []}",8.0,"{""good"": []}",,,455.549325,"{""good"": []}",,,199.427588,"{""good"": []}",,,0.0,"{""good"": []}",22.83410187,"{""good"": []}",21.25105389,"{""good"": []}",33364.0,"{""good"": []}",0.0,"{""good"": []}",NSW,"{""good"": []}",66.255,"{""good"": []}",,,15.69469564,"{""good"": []}",15.76689804,"{""good"": []}",13.95333206,"{""good"": []}",197.1939419,"{""good"": []}",20.71108333,"{""good"": []}"
2026-09-30 13:21:00+00:00,Aberporth Automatic Weather Station,-4.57,52.14,0.0,"{""good"": []}",992.275,"{""good"": []}",,,17.65143537,"{""good"": []}",,,,,2600.0,"{""good"": []}",8400.0,"{""good"": []}",11000.0,"{""good"": []}",6.0,"{""good"": []}",4.0,"{""good"": []}",4.0,"{""good"": []}",8.0,"{""good"": []}",,,448.3807048,"{""good"": []}",,,206.4934223,"{""good"": []}",,,0.0,"{""good"": []}",22.15543227,"{""good"": []}",20.51388748,"{""good"": []}",33471.0,"{""good"": []}",0.0,"{""good"": []}",NSW,"{""good"": []}",66.9425,"{""good"": []}",,,15.69479558,"{""good"": []}",15.76931953,"{""good"": []}",13.95348217,"{""good"": []}",202.6294913,"{""good"": []}",20.99604167,"{""good"": []}"
2026-09-30 13:22:00+00:00,Aberporth Automatic Weather Station,-4.57,52.14,0.0,"{""good"": []}",992.275,"{""good"": []}",,,17.56088328,"{""good"": []}",,,,,2700.0,"{""good"": []}",8400.0,"{""good"": []}",11000.0,"{""good"": []}",6.0,"{""good"": []}",5.0,"{""good"": []}",4.0,"{""good"": []}",8.0,"{""good"": []}",,,439.6376119,"{""good"": []}",,,199.0529023,"{""good"": []}",,,0.0,"{""good"": []}",21.7313559,"{""good"": []}",20.05686224,"{""good"": []}",34407.5,"{""good"": []}",0.0,"{""good"": []}",NSW,"{""good"": []}",67.2875,"{""good"": []}",,,15.69439581,"{""good"": []}",15.7713858,"{""good"": []}",13.95333206,"{""good"": []}",197.4587747,"{""good"": []}",21.84508333,"{""good"": []}"
2026-09-30 13:23:00+00:00,Aberporth Automatic Weather Station,-4.57,52.14,0.0,"{""good"": []}",992.315,"{""good"": []}",,,17.53429103,"{""good"": []}",,,,,2700.0,"{""good"": []}",8400.0,"{""good"": []}",11000.0,"{""good"": []}",6.0,"{""good"": []}",5.0,"{""good"": []}",4.0,"{""good"": []}",8.0,"{""good"": []}",,,433.2767421,"{""good"": []}",,,221.4478371,"{""good"": []}",,,0.0,"{""good"": []}",21.47388944,"{""good"": []}",19.76916305,"{""good"": []}",31332.5,"{""good"": []}",0.0,"{""good"": []}",NSW,"{""good"": []}",68.1025,"{""good"": []}",,,15.69500047,"{""good"": []}",15.77461528,"{""good"": []}",13.95343214,"{""good"": []}",190.8528109,"{""good"": []}",18.206875,"{""good"": []}"
2026-09-30 13:24:00+00:00,Aberporth Automatic Weather Station,-4.57,52.14,0.0,"{""good"": []}",992.325,"{""good"": []}",,,17.5457234,"{""good"": []}",,,,,2700.0,"{""good"": []}",8400.0,"{""good"": []}",11000.0,"{""good"": []}",5.0,"{""good"": []}",5.0,"{""good"": []}",4.0,"{""good"": []}",8.0,"{""good"": []}",,,425.6420567,"{""good"": []}",,,249.944482,"{""good"": []}",,,0.0,"{""good"": []}",21.51156374,"{""good"": []}",19.81735103,"{""good"": []}",33289.0,"{""good"": []}",0.0,"{""good"": []}",NSW,"{""good"": []}",69.3975,"{""good"": []}",,,15.69464817,"{""good"": []}",15.77632633,"{""good"": []}",13.95348468,"{""good"": []}",182.1826958,"{""good"": []}",17.206,"{""good"": []}"
2026-09-30 13:25:00+00:00,Aberporth Automatic Weather Station,-4.57,52.14,0.0,"{""good"": []}",992.395,"{""good"": []}",,,17.59085079,"{""good"": []}",,,,,2700.0,"{""good"": []}",8400.0,"{""good"": []}",11000.0,"{""good"": []}",5.0,"{""good"": []}",5.0,"{""good"": []}",4.0,"{""good"": []}",8.0,"{""good"": []}",,,418.5402108,"{""good"": []}",,,262.3919415,"{""good"": []}",,,0.0,"{""good"": []}",21.64190598,"{""good"": []}",19.97272997,"{""good"": []}",32464.5,"{""good"": []}",0.0,"{""good"": []}",NSW,"{""good"": []}",70.335,"{""good"": []}",,,15.69444578,"{""good"": []}",15.77970841,"{""good"": []}",13.95343464,"{""suspect"": [""1 case(s) of \""qc persistence check failed: expected variation above 0.001\""""]}",186.7901052,"{""good"": []}",15.89904167,"{""good"": []}"
2026-09-30 13:26:00+00:00,Aberporth Automatic Weather Station,-4.57,52.14,0.0,"{""good"": []}",992.35,"{""good"": []}",,,17.57513627,"{""good"": []}",,,,,2700.0,"{""good"": []}",7500.0,"{""good"": []}",11000.0,"{""good"": []}",6.0,"{""good"": []}",5.0,"{""good"": []}",4.0,"{""good"": []}",8.0,"{""good"": []}",,,411.1808157,"{""good"": []}",,,293.2806999,"{""good"": []}",,,0.0,"{""good"": []}",21.81753034,"{""good"": []}",20.22039864,"{""good"": []}",31877.5,"{""good"": []}",0.0,"{""good"": []}",NSW,"{""good"": []}",69.825,"{""good"": []}",,,15.69414095,"{""good"": []}",15.78152453,"{""good"": []}",13.95373737,"{""good"": []}",186.2536881,"{""good"": []}",20.12454167,"{""good"": []}"
2026-09-30 13:27:00+00:00,Aberporth Automatic Weather Station,-4.57,52.14,0.0,"{""good"": []}",992.345,"{""good"": []}",,,17.56274704,"{""good"": []}",,,,,2700.0,"{""good"": []}",7500.0,"{""good"": []}",11000.0,"{""good"": []}",5.0,"{""good"": []}",5.0,"{""good"": []}",4.0,"{""good"": []}",8.0,"{""good"": []}",,,405.6649831,"{""good"": []}",,,269.434656,"{""good"": []}",,,0.0,"{""good"": []}",21.87842284,"{""good"": []}",20.37592744,"{""good"": []}",33654.5,"{""good"": []}",0.0,"{""good"": []}",NSW,"{""good"": []}",69.73,"{""good"": []}",,,15.69459819,"{""good"": []}",15.78389349,"{""good"": []}",13.95378741,"{""good"": []}",177.6573464,"{""good"": []}",21.10883333,"{""good"": []}"
2026-09-30 13:28:00+00:00,Aberporth Automatic Weather Station,-4.57,52.14,0.0,"{""good"": []}",992.36,"{""good"": []}",,,17.56149288,"{""good"": []}",,,,,2700.0,"{""good"": []}",7500.0,"{""good"": []}",11000.0,"{""good"": []}",5.0,"{""good"": []}",6.0,"{""good"": []}",4.0,"{""good"": []}",8.0,"{""good"": []}",,,398.1856583,"{""good"": []}",,,237.8942685,"{""good"": []}",,,0.0,"{""good"": []}",21.74762588,"{""good"": []}",20.2885207,"{""good"": []}",32098.5,"{""good"": []}",0.0,"{""good"": []}",NSW,"{""good"": []}",70.1875,"{""good"": []}",,,15.69454573,"{""good"": []}",15.78626245,"{""good"": []}",13.95383744,"{""good"": []}",183.8196256,"{""good"": []}",19.42133333,"{""good"": []}"
2026-09-30 13:29:00+00:00,Aberporth Automatic Weather Station,-4.57,52.14,0.0,"{""good"": []}",992.415,"{""good"": []}",,,17.46428772,"{""good"": []}",,,,,2700.0,"{""good"": []}",7500.0,"{""good"": []}",12000.0,"{""good"": []}",6.0,"{""good"": []}",6.0,"{""good"": []}",3.0,"{""good"": []}",8.0,"{""good"": []}",,,390.1739729,"{""good"": []}",,,194.1849051,"{""good"": []}",,,0.0,"{""good"": []}",21.53090433,"{""good"": []}",20.0390387,"{""good"": []}",32605.0,"{""good"": []}",0.0,"{""good"": []}",NSW,"{""good"": []}",69.8125,"{""good"": []}",,,15.69449575,"{""good"": []}",15.78868393,"{""good"": []}",13.95393752,"{""good"": []}",184.752921,"{""good"": []}",20.23995833,"{""good"": []}"
2026-09-30 13:30:00+00:00,Aberporth Automatic Weather Station,-4.57,52.14,0.0,"{""good"": []}",992.445,"{""good"": []}",,,17.38139053,"{""good"": []}",,,,,2700.0,"{""good"": []}",7500.0,"{""good"": []}",12000.0,"{""good"": []}",6.0,"{""good"": []}",6.0,"{""good"": []}",3.0,"{""good"": []}",8.0,"{""good"": []}",,,381.78859,"{""good"": []}",,,166.1244721,"{""good"": []}",,,0.0,"{""good"": []}",21.11932027,"{""good"": []}",19.61459086,"{""good"": []}",26299.0,"{""good"": []}",0.0,"{""good"": []}",NSW,"{""good"": []}",69.635,"{""good"": []}",,,15.69394107,"{""good"": []}",15.79135558,"{""good"": []}",13.95408764,"{""good"": []}",193.133478,"{""good"": []}",23.46329167,"{""good"": []}"
2026-09-30 13:31:00+00:00,Aberporth Automatic Weather Station,-4.57,52.14,0.0,"{""good"": []}",992.44,"{""good"": []}",,,17.27104414,"{""good"": []}",,,,,2700.0,"{""good"": []}",7500.0,"{""good"": []}",12000.0,"{""good"": []}",6.0,"{""good"": []}",6.0,"{""good"": []}",3.0,"{""good"": []}",8.0,"{""good"": []}",,,373.5648628,"{""good"": []}",,,166.2963147,"{""good"": []}",,,0.0,"{""good"": []}",20.50385675,"{""good"": []}",19.03370506,"{""good"": []}",15374.0,"{""good"": []}",0.0,"{""good"": []}",NSW,"{""good"": []}",71.4325,"{""good"": []}",,,15.69439581,"{""good"": []}",15.79372453,"{""good"": []}",13.95418771,"{""good"": []}",196.0748107,"{""good"": []}",23.873625,"{""good"": []}"
2026-09-30 13:32:00+00:00,Aberporth Automatic Weather Station,-4.57,52.14,0.0,"{""good"": []}",992.45,"{""good"": []}",,,17.023919,"{""good"": []}",,,,,2700.0,"{""good"": []}",4900.0,"{""good"": []}",7500.0,"{""good"": []}",6.0,"{""good"": []}",3.0,"{""good"": []}",6.0,"{""good"": []}",8.0,"{""good"": []}",,,365.7739355,"{""good"": []}",,,177.513792,"{""good"": []}",,,0.0,"{""good"": []}",19.87761237,"{""good"": []}",18.40876246,"{""good"": []}",11568.0,"{""good"": []}",0.0,"{""good"": []}",UP,"{""good"": []}",73.3125,"{""good"": []}",,,15.69389109,"{""good"": []}",15.79574327,"{""good"": []}",13.95443791,"{""good"": []}",197.4905783,"{""good"": []}",23.27025,"{""good"": []}"
2026-09-30 13:33:00+00:00,Aberporth Automatic Weather Station,-4.57,52.14,0.0,"{""good"": []}",992.485,"{""good"": []}",,,16.64433222,"{""good"": []}",,,,,2700.0,"{""good"": []}",4900.0,"{""good"": []}",7500.0,"{""good"": []}",6.0,"{""good"": []}",3.0,"{""good"": []}",6.0,"{""good"": []}",8.0,"{""good"": []}",,,359.0991642,"{""good"": []}",,,196.6529893,"{""good"": []}",,,0.0,"{""good"": []}",19.33225818,"{""good"": []}",17.78689453,"{""good"": []}",4117.5,"{""good"": []}",0.0,"{""good"": []}",-RA,"{""good"": []}",77.125,"{""good"": []}",,,15.69444828,"{""good"": []}",15.79882017,"{""good"": []}",13.95443791,"{""good"": []}",200.4186402,"{""good"": []}",23.74679167,"{""good"": []}"
2026-09-30 13:34:00+00:00,Aberporth Automatic Weather Station,-4.57,52.14,0.0,"{""good"": []}",992.475,"{""good"": []}",,,16.13446486,"{""good"": []}",,,,,2700.0,"{""good"": []}",5100.0,"{""good"": []}",7500.0,"{""good"": []}",6.0,"{""good"": []}",4.0,"{""good"": []}",6.0,"{""good"": []}",8.0,"{""good"": []}",,,352.6727599,"{""good"": []}",,,214.5953381,"{""good"": []}",,,0.0,"{""good"": []}",18.99637251,"{""good"": []}",17.36486195,"{""good"": []}",2954.0,"{""good"": []}",0.0,"{""good"": []}",RA,"{""good"": []}",78.9525,"{""good"": []}",,,15.69409348,"{""good"": []}",15.80083641,"{""good"": []}",13.95448795,"{""good"": []}",195.4401097,"{""good"": []}",24.61941667,"{""good"": []}"
2026-09-30 13:35:00+00:00,Aberporth Automatic Weather Station,-4.57,52.14,0.0,"{""good"": []}",992.505,"{""good"": []}",,,15.82881377,"{""good"": []}",,,,,2600.0,"{""good"": []}",5100.0,"{""good"": []}",7500.0,"{""good"": []}",6.0,"{""good"": []}",4.0,"{""good"": []}",5.0,"{""good"": []}",8.0,"{""good"": []}",,,347.4044957,"{""good"": []}",,,253.4003223,"{""good"": []}",,,0.0,"{""good"": []}",18.81349511,"{""good"": []}",17.14095882,"{""good"": []}",3042.0,"{""good"": []}",0.0,"{""good"": []}",RA,"{""good"": []}",80.6725,"{""good"": []}",,,15.69454822,"{""good"": []}",15.80365814,"{""good"": []}",13.95464057,"{""good"": []}",190.0945844,"{""good"": []}",24.19120833,"{""good"": []}"
2026-09-30 13:36:00+00:00,Aberporth Automatic Weather Station,-4.57,52.14,0.2,"{""good"": []}",992.59,"{""good"": []}",,,15.65284366,"{""good"": []}",,,,,2600.0,"{""good"": []}",5100.0,"{""good"": []}",7500.0,"{""good"": []}",6.0,"{""good"": []}",4.0,"{""good"": []}",5.0,"{""good"": []}",8.0,"{""good"": []}",,,342.86395,"{""good"": []}",,,311.3625603,"{""good"": []}",,,0.0,"{""good"": []}",18.92208575,"{""good"": []}",17.2266047,"{""good"": []}",3951.5,"{""good"": []}",0.0,"{""good"": []}",RA,"{""good"": []}",82.125,"{""good"": []}",,,15.69439581,"{""good"": []}",15.80562685,"{""good"": []}",13.95479318,"{""good"": []}",190.0502042,"{""good"": []}",20.90216667,"{""good"": []}"
2026-09-30 13:37:00+00:00,Aberporth Automatic Weather Station,-4.57,52.14,0.0,"{""good"": []}",992.555,"{""good"": []}",,,15.5626963,"{""good"": []}",,,,,2600.0,"{""good"": []}",,"{""good"": []}",,"{""good"": []}",8.0,"{""good"": []}",,"{""good"": []}",,"{""good"": []}",8.0,"{""good"": []}",,,339.6004448,"{""good"": []}",,,397.8866133,"{""good"": []}",,,0.0,"{""suspect"": [""1 case(s) of \""qc consistency check failed: expected radiation_sun_1_minute_mean to be above 0 if sunshine_1_minute_mean is above 0\""""]}",19.31236293,"{""good"": []}",17.6294525,"{""good"": []}",4516.5,"{""good"": []}",0.0,"{""good"": []}",RA,"{""good"": []}",83.875,"{""good"": []}",,,15.69424589,"{""good"": []}",15.80754303,"{""good"": []}",13.95479318,"{""good"": []}",188.7414156,"{""good"": []}",21.22066667,"{""good"": []}"
2026-09-30 13:38:00+00:00,Aberporth Automatic Weather Station,-4.57,52.14,0.0,"{""good"": []}",992.52,"{""good"": []}",,,15.61502389,"{""good"": []}",,,,,2600.0,"{""good"": []}",,"{""good"": []}",,"{""good"": []}",8.0,"{""good"": []}",,"{""good"": []}",,"{""good"": []}",8.0,"{""good"": []}",,,336.3216011,"{""good"": []}",,,422.2235904,"{""good"": []}",,,0.0,"{""suspect"": [""1 case(s) of \""qc consistency check failed: expected radiation_sun_1_minute_mean to be above 0 if sunshine_1_minute_mean is above 0\""""]}",19.85615808,"{""good"": []}",18.31612056,"{""good"": []}",5826.5,"{""good"": []}",0.0,"{""good"": []}",RA,"{""good"": []}",85.425,"{""good"": []}",,,15.69424589,"{""good"": []}",15.81051736,"{""good"": []}",13.95524853,"{""good"": []}",187.5397898,"{""good"": []}",19.002125,"{""good"": []}"
2026-09-30 13:39:00+00:00,Aberporth Automatic Weather Station,-4.57,52.14,0.0,"{""good"": []}",992.48,"{""good"": []}",,,15.49934106,"{""good"": []}",,,,,2600.0,"{""good"": []}",,"{""good"": []}",,"{""good"": []}",8.0,"{""good"": []}",,"{""good"": []}",,"{""good"": []}",8.0,"{""good"": []}",,,336.6865894,"{""good"": []}",,,636.7129953,"{""good"": []}",,,1.0,"{""good"": []}",20.67237548,"{""good"": []}",19.28691112,"{""good"": []}",11064.5,"{""good"": []}",0.0,"{""good"": []}",RA,"{""good"": []}",84.575,"{""good"": []}",,,15.69409098,"{""good"": []}",15.81273623,"{""good"": []}",13.95529857,"{""good"": []}",182.4344693,"{""good"": []}",19.66366667,"{""good"": []}"
2026-09-30 13:40:00+00:00,Aberporth Automatic Weather Station,-4.57,52.14,0.0,"{""good"": []}",992.43,"{""good"": []}",,,15.7409274,"{""good"": []}",,,,,2600.0,"{""good"": []}",,"{""good"": []}",,"{""good"": []}",8.0,"{""good"": []}",,"{""good"": []}",,"{""good"": []}",8.0,"{""good"": []}",,,332.1567083,"{""good"": []}",,,341.4459529,"{""good"": []}",,,0.0,"{""good"": []}",21.09745873,"{""good"": []}",19.81024759,"{""good"": []}",27637.5,"{""good"": []}",0.0,"{""good"": []}",RA,"{""good"": []}",82.75,"{""good"": []}",,,15.69419342,"{""good"": []}",15.81525778,"{""good"": []}",13.95499334,"{""good"": []}",180.4988239,"{""good"": []}",19.293,"{""good"": []}"
2026-09-30 13:41:00+00:00,Aberporth Automatic Weather Station,-4.57,52.14,0.0,"{""good"": []}",992.425,"{""good"": []}",,,15.77296103,"{""good"": []}",,,,,2600.0,"{""good"": []}",,"{""good"": []}",,"{""good"": []}",8.0,"{""good"": []}",,"{""good"": []}",,"{""good"": []}",8.0,"{""good"": []}",,,328.3331364,"{""good"": []}",,,312.3588632,"{""good"": []}",,,0.0,"{""good"": []}",20.31453083,"{""good"": []}",19.05993833,"{""good"": []}",40215.0,"{""good"": []}",0.0,"{""good"": []}",RA,"{""good"": []}",82.925,"{""good"": []}",,,15.69399354,"{""good"": []}",15.81788189,"{""good"": []}",13.95514845,"{""good"": []}",180.3541645,"{""good"": []}",19.06166667,"{""good"": []}"
2026-09-30 13:42:00+00:00,Aberporth Automatic Weather Station,-4.57,52.14,0.0,"{""good"": []}",992.435,"{""good"": []}",,,15.79315506,"{""good"": []}",,,,,2600.0,"{""good"": []}",,"{""good"": []}",,"{""good"": []}",8.0,"{""good"": []}",,"{""good"": []}",,"{""good"": []}",8.0,"{""good"": []}",,,324.5016482,"{""good"": []}",,,350.8468288,"{""good"": []}",,,0.0,"{""good"": []}",19.88234945,"{""good"": []}",18.66116676,"{""good"": []}",43852.0,"{""good"": []}",0.0,"{""good"": []}",RA,"{""good"": []}",83.05,"{""good"": []}",,,15.69429587,"{""good"": []}",15.8198481,"{""good"": []}",13.95534861,"{""good"": []}",190.0719252,"{""good"": []}",18.69370833,"{""good"": []}"
2026-09-30 13:43:00+00:00,Aberporth Automatic Weather Station,-4.57,52.14,0.0,"{""good"": []}",992.455,"{""good"": []}",,,15.91337236,"{""good"": []}",,,,,2600.0,"{""good"": []}",,"{""good"": []}",,"{""good"": []}",8.0,"{""good"": []}",,"{""good"": []}",,"{""good"": []}",8.0,"{""good"": []}",,,321.4145952,"{""good"": []}",,,428.586811,"{""good"": []}",,,0.0,"{""suspect"": [""1 case(s) of \""qc consistency check failed: expected radiation_sun_1_minute_mean to be above 0 if sunshine_1_minute_mean is above 0\""""]}",20.12560966,"{""good"": []}",18.99559028,"{""good"": []}",38639.5,"{""good"": []}",0.0,"{""good"": []}",RA,"{""good"": []}",83.4,"{""good"": []}",,,15.69399104,"{""good"": []}",15.82256977,"{""good"": []}",13.95534861,"{""good"": []}",192.7877255,"{""good"": []}",23.19320833,"{""good"": []}"
2026-09-30 13:44:00+00:00,Aberporth Automatic Weather Station,-4.57,52.14,0.0,"{""good"": []}",992.425,"{""good"": []}",,,16.06793175,"{""good"": []}",,,,,2600.0,"{""good"": []}",,"{""good"": []}",,"{""good"": []}",8.0,"{""good"": []}",,"{""good"": []}",,"{""good"": []}",8.0,"{""good"": []}",,,319.2173131,"{""good"": []}",,,446.1985824,"{""good"": []}",,,0.0,"{""suspect"": [""1 case(s) of \""qc consistency check failed: expected radiation_sun_1_minute_mean to be above 0 if sunshine_1_minute_mean is above 0\""""]}",20.40352853,"{""good"": []}",19.37643591,"{""good"": []}",40444.0,"{""good"": []}",0.0,"{""good"": []}",RA,"{""good"": []}",82.575,"{""good"": []}",,,15.69399104,"{""good"": []}",15.8247361,"{""good"": []}",13.95539864,"{""good"": []}",188.482878,"{""good"": []}",19.077875,"{""good"": []}"
2026-09-30 13:45:00+00:00,Aberporth Automatic Weather Station,-4.57,52.14,0.0,"{""good"": []}",992.44,"{""good"": []}",,,16.15012442,"{""good"": []}",,,,,2600.0,"{""good"": []}",,"{""good"": []}",,"{""good"": []}",8.0,"{""good"": []}",,"{""good"": []}",,"{""good"": []}",8.0,"{""good"": []}",,,319.5945247,"{""good"": []}",,,442.8229182,"{""good"": []}",,,0.0,"{""suspect"": [""1 case(s) of \""qc consistency check failed: expected radiation_sun_1_minute_mean to be above 0 if sunshine_1_minute_mean is above 0\""""]}",20.73704816,"{""good"": []}",19.75441168,"{""good"": []}",38742.5,"{""good"": []}",0.0,"{""good"": []}",RA,"{""good"": []}",82.125,"{""good"": []}",,,15.69424339,"{""good"": []}",15.82690494,"{""good"": []}",13.95574892,"{""good"": []}",195.1055575,"{""good"": []}",23.58320833,"{""good"": []}"
2026-09-30 13:46:00+00:00,Aberporth Automatic Weather Station,-4.57,52.14,0.0,"{""good"": []}",992.46,"{""good"": []}",,,16.17429829,"{""good"": []}",,,,,2600.0,"{""good"": []}",,"{""good"": []}",,"{""good"": []}",8.0,"{""good"": []}",,"{""good"": []}",,"{""good"": []}",8.0,"{""good"": []}",,,326.3110749,"{""good"": []}",,,578.0093495,"{""good"": []}",,,1.0,"{""good"": []}",21.19607301,"{""good"": []}",20.33504522,"{""good"": []}",42768.5,"{""good"": []}",0.0,"{""good"": []}",RA,"{""good"": []}",80.1475,"{""good"": []}",,,15.69394107,"{""good"": []}",15.82907628,"{""good"": []}",13.95579895,"{""good"": []}",190.6346549,"{""good"": []}",21.31204167,"{""good"": []}"
2026-09-30 13:47:00+00:00,Aberporth Automatic Weather Station,-4.57,52.14,0.0,"{""good"": []}",992.44,"{""good"": []}",,,16.3450294,"{""good"": []}",,,,,2600.0,"{""good"": []}",4400.0,"{""good"": []}",7400.0,"{""good"": []}",2.0,"{""good"": []}",5.0,"{""good"": []}",7.0,"{""good"": []}",8.0,"{""good"": []}",,,331.7039496,"{""good"": []}",,,464.1873843,"{""good"": []}",,,1.0,"{""good"": []}",21.55099946,"{""good"": []}",20.73199846,"{""good"": []}",39031.5,"{""good"": []}",0.0,"{""good"": []}",RA,"{""good"": []}",80.3875,"{""good"": []}",,,15.69409348,"{""good"": []}",15.83179545,"{""good"": []}",13.95584899,"{""good"": []}",189.3726064,"{""good"": []}",21.52045833,"{""good"": []}"
2026-09-30 13:48:00+00:00,Aberporth Automatic Weather Station,-4.57,52.14,0.0,"{""good"": []}",992.44,"{""good"": []}",,,16.49360278,"{""good"": []}",,,,,2600.0,"{""good"": []}",4400.0,"{""good"": []}",7400.0,"{""good"": []}",1.0,"{""good"": []}",5.0,"{""good"": []}",7.0,"{""good"": []}",8.0,"{""good"": []}",,,337.0329654,"{""good"": []}",,,503.4968446,"{""good"": []}",,,1.0,"{""good"": []}",21.64744757,"{""good"": []}",20.87318302,"{""good"": []}",36922.0,"{""good"": []}",0.0,"{""good"": []}",RA,"{""good"": []}",80.9,"{""good"": []}",,,15.69419093,"{""good"": []}",15.83381419,"{""good"": []}",13.95620427,"{""good"": []}",188.0778106,"{""good"": []}",20.787375,"{""good"": []}"
2026-09-30 13:49:00+00:00,Aberporth Automatic Weather Station,-4.57,52.14,0.0,"{""good"": []}",992.41,"{""good"": []}",,,16.53323384,"{""good"": []}",,,,,2600.0,"{""good"": []}",4400.0,"{""good"": []}",7400.0,"{""good"": []}",1.0,"{""good"": []}",5.0,"{""good"": []}",7.0,"{""good"": []}",8.0,"{""good"": []}",,,341.3180068,"{""good"": []}",,,496.9109134,"{""good"": []}",,,1.0,"{""good"": []}",21.78600225,"{""good"": []}",21.08460018,"{""good"": []}",37591.0,"{""good"": []}",0.0,"{""good"": []}",-RA,"{""good"": []}",80.265,"{""good"": []}",,,15.69409348,"{""good"": []}",15.83598552,"{""good"": []}",13.95615423,"{""good"": []}",189.2767244,"{""good"": []}",17.395875,"{""good"": []}"
2026-09-30 13:50:00+00:00,Aberporth Automatic Weather Station,-4.57,52.14,0.0,"{""good"": []}",992.395,"{""good"": []}",,,16.85364259,"{""good"": []}",,,,,2600.0,"{""good"": []}",4400.0,"{""good"": []}",7400.0,"{""good"": []}",1.0,"{""good"": []}",5.0,"{""good"": []}",7.0,"{""good"": []}",8.0,"{""good"": []}",,,347.1828358,"{""good"": []}",,,626.3787288,"{""good"": []}",,,1.0,"{""good"": []}",22.17995966,"{""good"": []}",21.52103444,"{""good"": []}",41885.5,"{""good"": []}",0.0,"{""good"": []}",-RA,"{""good"": []}",83.025,"{""good"": []}",,,15.69399104,"{""good"": []}",15.83815186,"{""good"": []}",13.95615172,"{""good"": []}",184.1308599,"{""good"": []}",17.14916667,"{""good"": []}"
2026-09-30 13:51:00+00:00,Aberporth Automatic Weather Station,-4.57,52.14,0.0,"{""good"": []}",992.42,"{""good"": []}",,,16.87978016,"{""good"": []}",,,,,2900.0,"{""good"": []}",4400.0,"{""good"": []}",7400.0,"{""good"": []}",1.0,"{""good"": []}",4.0,"{""good"": []}",8.0,"{""good"": []}",8.0,"{""good"": []}",,,353.4645607,"{""good"": []}",,,703.4465006,"{""good"": []}",,,1.0,"{""good"": []}",23.25072533,"{""good"": []}",22.80802036,"{""good"": []}",39794.5,"{""good"": []}",0.0,"{""good"": []}",RERA,"{""good"": []}",82.0,"{""good"": []}",,,15.69439581,"{""good"": []}",15.84042075,"{""good"": []}",13.9565095,"{""good"": []}",183.9773844,"{""good"": []}",17.33616667,"{""good"": []}"
2026-09-30 13:52:00+00:00,Aberporth Automatic Weather Station,-4.57,52.14,0.0,"{""good"": []}",992.395,"{""good"": []}",,,16.93905561,"{""good"": []}",,,,,2900.0,"{""good"": []}",4400.0,"{""good"": []}",7400.0,"{""good"": []}",1.0,"{""good"": []}",4.0,"{""good"": []}",8.0,"{""good"": []}",8.0,"{""good"": []}",,,357.0206204,"{""good"": []}",,,639.4975069,"{""good"": []}",,,1.0,"{""good"": []}",23.87978797,"{""good"": []}",23.57545381,"{""good"": []}",35018.0,"{""good"": []}",0.0,"{""good"": []}",RERA,"{""good"": []}",79.785,"{""good"": []}",,,15.69369121,"{""good"": []}",15.8430949,"{""good"": []}",13.9565095,"{""good"": []}",180.6693437,"{""good"": []}",19.44466667,"{""good"": []}"
2026-09-30 13:53:00+00:00,Aberporth Automatic Weather Station,-4.57,52.14,0.0,"{""good"": []}",992.39,"{""good"": []}",,,17.05131573,"{""good"": []}",,,,,2900.0,"{""good"": []}",4600.0,"{""good"": []}",7400.0,"{""good"": []}",1.0,"{""good"": []}",4.0,"{""good"": []}",8.0,"{""good"": []}",8.0,"{""good"": []}",,,359.8743001,"{""good"": []}",,,636.4938098,"{""good"": []}",,,1.0,"{""good"": []}",24.0134032,"{""good"": []}",23.84794454,"{""good"": []}",40897.5,"{""good"": []}",0.0,"{""good"": []}",RERA,"{""good"": []}",79.2925,"{""good"": []}",,,15.69429337,"{""good"": []}",15.8450611,"{""good"": []}",13.95655954,"{""good"": []}",181.9176459,"{""good"": []}",18.98379167,"{""good"": []}"
2026-09-30 13:54:00+00:00,Aberporth Automatic Weather Station,-4.57,52.14,0.0,"{""good"": []}",992.38,"{""good"": []}",,,16.88179382,"{""good"": []}",,,,,2900.0,"{""good"": []}",4600.0,"{""good"": []}",7400.0,"{""good"": []}",1.0,"{""good"": []}",3.0,"{""good"": []}",6.0,"{""good"": []}",8.0,"{""good"": []}",,,364.6820864,"{""good"": []}",,,609.0243298,"{""good"": []}",,,1.0,"{""good"": []}",23.99467223,"{""good"": []}",23.90282384,"{""good"": []}",40825.0,"{""good"": []}",0.0,"{""good"": []}",RERA,"{""good"": []}",77.315,"{""good"": []}",,,15.69394107,"{""good"": []}",15.84707735,"{""good"": []}",13.9565095,"{""good"": []}",174.4472155,"{""good"": []}",19.62970833,"{""good"": []}"
2026-09-30 13:55:00+00:00,Aberporth Automatic Weather Station,-4.57,52.14,0.0,"{""good"": []}",992.4,"{""good"": []}",,,16.76117428,"{""good"": []}",,,,,3100.0,"{""good"": []}",4600.0,"{""good"": []}",7400.0,"{""good"": []}",1.0,"{""good"": []}",3.0,"{""good"": []}",6.0,"{""good"": []}",8.0,"{""good"": []}",,,368.0993212,"{""good"": []}",,,587.2544425,"{""good"": []}",,,1.0,"{""good"": []}",23.81118772,"{""good"": []}",23.73218899,"{""good"": []}",36521.0,"{""good"": []}",0.0,"{""good"": []}",RERA,"{""good"": []}",76.195,"{""good"": []}",,,15.69303408,"{""good"": []}",15.84964893,"{""good"": []}",13.95675969,"{""good"": []}",184.1148913,"{""good"": []}",22.52075,"{""good"": []}"
2026-09-30 13:56:00+00:00,Aberporth Automatic Weather Station,-4.57,52.14,0.0,"{""good"": []}",992.44,"{""good"": []}",,,16.78821874,"{""good"": []}",,,,,3100.0,"{""good"": []}",4600.0,"{""good"": []}",7400.0,"{""good"": []}",1.0,"{""good"": []}",3.0,"{""good"": []}",5.0,"{""good"": []}",8.0,"{""good"": []}",,,371.7030411,"{""good"": []}",,,569.0249921,"{""good"": []}",,,1.0,"{""good"": []}",23.56691563,"{""good"": []}",23.46015034,"{""good"": []}",37119.5,"{""good"": []}",0.0,"{""good"": []}",RERA,"{""good"": []}",76.6625,"{""good"": []}",,,15.6938886,"{""good"": []}",15.8517152,"{""good"": []}",13.95690981,"{""good"": []}",176.4255016,"{""good"": []}",17.62920833,"{""good"": []}"
2026-09-30 13:57:00+00:00,Aberporth Automatic Weather Station,-4.57,52.14,0.0,"{""good"": []}",992.45,"{""good"": []}",,,16.92656894,"{""good"": []}",,,,,3100.0,"{""good"": []}",4600.0,"{""good"": []}",7400.0,"{""good"": []}",1.0,"{""good"": []}",3.0,"{""good"": []}",4.0,"{""good"": []}",8.0,"{""good"": []}",,,374.7294715,"{""good"": []}",,,551.4888909,"{""good"": []}",,,1.0,"{""good"": []}",23.4700128,"{""good"": []}",23.34862588,"{""good"": []}",37893.0,"{""good"": []}",0.0,"{""good"": []}",RERA,"{""good"": []}",78.69,"{""good"": []}",,,15.69348882,"{""good"": []}",15.853834,"{""good"": []}",13.95690981,"{""good"": []}",178.1065837,"{""good"": []}",18.95320833,"{""good"": []}"
2026-09-30 13:58:00+00:00,Aberporth Automatic Weather Station,-4.57,52.14,0.0,"{""good"": []}",992.465,"{""good"": []}",,,16.70678806,"{""good"": []}",,,,,3100.0,"{""good"": []}",4600.0,"{""good"": []}",7400.0,"{""good"": []}",1.0,"{""good"": []}",3.0,"{""good"": []}",4.0,"{""good"": []}",8.0,"{""good"": []}",,,377.8857778,"{""good"": []}",,,541.5740273,"{""good"": []}",,,1.0,"{""good"": []}",23.42015351,"{""good"": []}",23.29455084,"{""good"": []}",42266.5,"{""good"": []}",0.0,"{""good"": []}",RERA,"{""good"": []}",76.2475,"{""good"": []}",,,15.69363624,"{""good"": []}",15.85565012,"{""good"": []}",13.95736516,"{""good"": []}",185.7868315,"{""good"": []}",20.41908333,"{""good"": []}"
2026-09-30 13:59:00+00:00,Aberporth Automatic Weather Station,-4.57,52.14,0.0,"{""good"": []}",992.48,"{""good"": []}",,,16.69147328,"{""good"": []}",,,,,3100.0,"{""good"": []}",4600.0,"{""good"": []}",7400.0,"{""good"": []}",1.0,"{""good"": []}",3.0,"{""good"": []}",4.0,"{""good"": []}",8.0,"{""good"": []}",,,381.5720767,"{""good"": []}",,,537.5280348,"{""good"": []}",,,1.0,"{""good"": []}",23.4121959,"{""good"": []}",23.1564909,"{""good"": []}",43048.5,"{""good"": []}",0.0,"{""good"": []}",RERA,"{""good"": []}",76.3475,"{""good"": []}",,,15.69399104,"{""good"": []}",15.85786898,"{""good"": []}",13.9574152,"{""good"": []}",174.7525607,"{""good"": []}",19.099125,"{""good"": []}"
2026-09-30 14:00:00+00:00,Aberporth Automatic Weather Station,-4.57,52.14,0.0,"{""good"": []}",992.49,"{""good"": []}",,,16.73141163,"{""good"": []}",,,,,3100.0,"{""good"": []}",4600.0,"{""good"": []}",7400.0,"{""good"": []}",1.0,"{""good"": []}",3.0,"{""good"": []}",4.0,"{""good"": []}",8.0,"{""good"": []}",,,385.8100321,"{""good"": []}",,,531.3553836,"{""good"": []}",,,1.0,"{""good"": []}",23.41466188,"{""good"": []}",23.0588636,"{""good"": []}",39782.0,"{""good"": []}",0.0,"{""good"": []}",RERA,"{""good"": []}",76.58,"{""good"": []}",,,15.69348882,"{""good"": []}",15.85999029,"{""good"": []}",13.95761785,"{""good"": []}",182.6418407,"{""good"": []}",19.17729167,"{""good"": []}"
2026-09-30 14:01:00+00:00,Aberporth Automatic Weather Station,-4.57,52.14,0.0,"{""good"": []}",992.455,"{""good"": []}",,,16.85223103,"{""good"": []}",,,,,3100.0,"{""good"": []}",4600.0,"{""good"": []}",7400.0,"{""good"": []}",1.0,"{""good"": []}",2.0,"{""good"": []}",4.0,"{""good"": []}",7.0,"{""good"": []}",,,390.282321,"{""good"": []}",,,520.3169711,"{""good"": []}",,,1.0,"{""good"": []}",23.47686608,"{""good"": []}",23.00977145,"{""good"": []}",46628.5,"{""good"": []}",0.0,"{""good"": []}",RERA,"{""good"": []}",76.79,"{""good"": []}",,,15.69323646,"{""good"": []}",15.86144868,"{""good"": []}",13.95782051,"{""good"": []}",185.3003048,"{""good"": []}",16.46175,"{""good"": []}"
2026-09-30 14:02:00+00:00,Aberporth Automatic Weather Station,-4.57,52.14,0.0,"{""good"": []}",992.505,"{""good"": []}",,,16.81234515,"{""good"": []}",,,,,4600.0,"{""good"": []}",7400.0,"{""good"": []}",10000.0,"{""good"": []}",2.0,"{""good"": []}",3.0,"{""good"": []}",3.0,"{""good"": []}",8.0,"{""good"": []}",,,393.8610113,"{""good"": []}",,,443.8089601,"{""good"": []}",,,1.0,"{""good"": []}",23.44503318,"{""good"": []}",22.81300575,"{""good"": []}",46247.5,"{""good"": []}",0.0,"{""good"": []}",RERA,"{""good"": []}",75.765,"{""good"": []}",,,15.69404351,"{""good"": []}",15.86397024,"{""good"": []}",13.95802066,"{""good"": []}",179.2780394,"{""good"": []}",19.81195833,"{""good"": []}"
2026-09-30 14:03:00+00:00,Aberporth Automatic Weather Station,-4.57,52.14,0.0,"{""good"": []}",992.46,"{""good"": []}",,,16.79920141,"{""good"": []}",,,,,4600.0,"{""good"": []}",7400.0,"{""good"": []}",10000.0,"{""good"": []}",2.0,"{""good"": []}",3.0,"{""good"": []}",3.0,"{""good"": []}",8.0,"{""good"": []}",,,398.4545006,"{""good"": []}",,,480.286894,"{""good"": []}",,,1.0,"{""good"": []}",23.16993757,"{""good"": []}",22.37869203,"{""good"": []}",47943.0,"{""good"": []}",0.0,"{""good"": []}",RERA,"{""good"": []}",75.5925,"{""good"": []}",,,15.69237945,"{""good"": []}",15.86558623,"{""good"": []}",13.95827085,"{""good"": []}",176.6806586,"{""good"": []}",16.66308333,"{""good"": []}"
2026-09-30 14:04:00+00:00,Aberporth Automatic Weather Station,-4.57,52.14,0.0,"{""good"": []}",992.52,"{""good"": []}",,,16.79567377,"{""good"": []}",,,,,5000.0,"{""good"": []}",7400.0,"{""good"": []}",10000.0,"{""good"": []}",1.0,"{""good"": []}",3.0,"{""good"": []}",1.0,"{""good"": []}",5.0,"{""good"": []}",,,403.9676862,"{""good"": []}",,,520.7399723,"{""good"": []}",,,1.0,"{""good"": []}",23.36132473,"{""good"": []}",22.60541505,"{""good"": []}",43858.0,"{""good"": []}",0.0,"{""good"": []}",RERA,"{""good"": []}",75.79,"{""good"": []}",,,15.69303658,"{""good"": []}",15.86780259,"{""good"": []}",13.95832089,"{""good"": []}",181.3831346,"{""good"": []}",17.13125,"{""good"": []}"
2026-09-30 14:05:00+00:00,Aberporth Automatic Weather Station,-4.57,52.14,0.0,"{""good"": []}",992.555,"{""good"": []}",,,16.80957699,"{""good"": []}",,,,,5000.0,"{""good"": []}",7400.0,"{""good"": []}",10000.0,"{""good"": []}",1.0,"{""good"": []}",3.0,"{""good"": []}",1.0,"{""good"": []}",5.0,"{""good"": []}",,,409.19659,"{""good"": []}",,,509.0260478,"{""good"": []}",,,1.0,"{""good"": []}",23.54213589,"{""good"": []}",22.78929017,"{""good"": []}",41303.0,"{""good"": []}",0.0,"{""good"": []}",RERA,"{""good"": []}",75.3125,"{""good"": []}",,,15.69404351,"{""good"": []}",15.87007399,"{""good"": []}",13.95837093,"{""good"": []}",182.4476231,"{""good"": []}",19.17275,"{""good"": []}"
2026-09-30 14:06:00+00:00,Aberporth Automatic Weather Station,-4.57,52.14,0.0,"{""good"": []}",992.52,"{""good"": []}",,,16.76268327,"{""good"": []}",,,,,7400.0,"{""good"": []}",10000.0,"{""good"": []}",,"{""good"": []}",3.0,"{""good"": []}",1.0,"{""good"": []}",,"{""good"": []}",4.0,"{""good"": []}",,,414.35899,"{""good"": []}",,,513.2287624,"{""good"": []}",,,1.0,"{""good"": []}",23.60469237,"{""good"": []}",22.8557038,"{""good"": []}",44497.5,"{""good"": []}",0.0,"{""good"": []}",RERA,"{""good"": []}",74.6525,"{""good"": []}",,,15.69404351,"{""good"": []}",15.87173751,"{""good"": []}",13.95847351,"{""good"": []}",188.798912,"{""good"": []}",18.47795833,"{""good"": []}"
2026-09-30 14:07:00+00:00,Aberporth Automatic Weather Station,-4.57,52.14,0.0,"{""good"": []}",992.555,"{""good"": []}",,,16.75835366,"{""good"": []}",,,,,7400.0,"{""good"": []}",10000.0,"{""good"": []}",,"{""good"": []}",3.0,"{""good"": []}",1.0,"{""good"": []}",,"{""good"": []}",4.0,"{""good"": []}",,,418.9725733,"{""good"": []}",,,506.9392032,"{""good"": []}",,,1.0,"{""good"": []}",23.66009575,"{""good"": []}",22.92720025,"{""good"": []}",41453.0,"{""good"": []}",0.0,"{""good"": []}",RERA,"{""good"": []}",74.405,"{""good"": []}",,,15.69368871,"{""good"": []}",15.87304581,"{""good"": []}",13.95872871,"{""good"": []}",188.1740775,"{""good"": []}",19.02145833,"{""good"": []}"
2026-09-30 14:08:00+00:00,Aberporth Automatic Weather Station,-4.57,52.14,0.0,"{""good"": []}",992.575,"{""good"": []}",,,16.8214116,"{""good"": []}",,,,,7400.0,"{""good"": []}",10000.0,"{""good"": []}",,"{""good"": []}",2.0,"{""good"": []}",1.0,"{""good"": []}",,"{""good"": []}",3.0,"{""good"": []}",,,422.9288496,"{""good"": []}",,,506.2677778,"{""good"": []}",,,1.0,"{""good"": []}",23.68094292,"{""good"": []}",22.96219292,"{""good"": []}",42884.5,"{""good"": []}",0.0,"{""good"": []}",RERA,"{""good"": []}",75.185,"{""good"": []}",,,15.69333391,"{""good"": []}",15.87536724,"{""good"": []}",13.95888132,"{""good"": []}",181.1919513,"{""good"": []}",18.40775,"{""good"": []}"
2026-09-30 14:09:00+00:00,Aberporth Automatic Weather Station,-4.57,52.14,0.0,"{""good"": []}",992.585,"{""good"": []}",,,16.76661565,"{""good"": []}",,,,,7500.0,"{""good"": []}",10000.0,"{""good"": []}",,"{""good"": []}",2.0,"{""good"": []}",1.0,"{""good"": []}",,"{""good"": []}",3.0,"{""good"": []}",,,424.0755255,"{""good"": []}",,,504.4614176,"{""good"": []}",,,1.0,"{""good"": []}",23.66805335,"{""good"": []}",22.97528332,"{""good"": []}",44337.5,"{""good"": []}",0.0,"{""good"": []}",RERA,"{""good"": []}",75.005,"{""good"": []}",,,15.69313402,"{""good"": []}",15.8778888,"{""good"": []}",13.95908148,"{""good"": []}",183.328458,"{""good"": []}",17.34041667,"{""good"": []}"
2026-09-30 14:10:00+00:00,Aberporth Automatic Weather Station,-4.57,52.14,0.0,"{""good"": []}",992.6,"{""good"": []}",,,16.81103602,"{""good"": []}",,,,,7500.0,"{""good"": []}",10000.0,"{""good"": []}",,"{""good"": []}",2.0,"{""good"": []}",1.0,"{""good"": []}",,"{""good"": []}",3.0,"{""good"": []}",,,424.556126,"{""good"": []}",,,501.6339798,"{""good"": []}",,,1.0,"{""good"": []}",23.62982439,"{""good"": []}",22.97130699,"{""good"": []}",42181.0,"{""good"": []}",0.0,"{""good"": []}",RERA,"{""good"": []}",75.1875,"{""good"": []}",,,15.69248189,"{""good"": []}",15.87995757,"{""good"": []}",13.95908148,"{""good"": []}",184.9712645,"{""good"": []}",16.252375,"{""good"": []}"
2026-09-30 14:11:00+00:00,Aberporth Automatic Weather Station,-4.57,52.14,0.0,"{""good"": []}",992.63,"{""good"": []}",,,16.94081944,"{""good"": []}",,,,,7500.0,"{""good"": []}",10000.0,"{""good"": []}",,"{""good"": []}",2.0,"{""good"": []}",1.0,"{""good"": []}",,"{""good"": []}",3.0,"{""good"": []}",,,422.1910855,"{""good"": []}",,,475.8693258,"{""good"": []}",,,1.0,"{""good"": []}",23.69076687,"{""good"": []}",23.01344806,"{""good"": []}",38780.5,"{""good"": []}",0.0,"{""good"": []}",RERA,"{""good"": []}",76.275,"{""good"": []}",,,15.69273175,"{""good"": []}",15.88217393,"{""good"": []}",13.95933167,"{""good"": []}",181.0393074,"{""good"": []}",15.70020833,"{""good"": []}"
2026-09-30 14:12:00+00:00,Aberporth Automatic Weather Station,-4.57,52.14,0.0,"{""good"": []}",992.625,"{""good"": []}",,,16.94741753,"{""good"": []}",,,,,7500.0,"{""good"": []}",10000.0,"{""good"": []}",,"{""good"": []}",2.0,"{""good"": []}",1.0,"{""good"": []}",,"{""good"": []}",3.0,"{""good"": []}",,,423.9968423,"{""good"": []}",,,481.4073428,"{""good"": []}",,,1.0,"{""good"": []}",23.68683679,"{""good"": []}",22.99643128,"{""good"": []}",37488.5,"{""good"": []}",0.0,"{""good"": []}",RERA,"{""good"": []}",76.4525,"{""good"": []}",,,15.6929866,"{""good"": []}",15.88363733,"{""good"": []}",13.95943174,"{""good"": []}",178.1109009,"{""good"": []}",16.01033333,"{""good"": []}"
2026-09-30 14:13:00+00:00,Aberporth Automatic Weather Station,-4.57,52.14,0.0,"{""good"": []}",992.655,"{""good"": []}",,,16.88587359,"{""good"": []}",,,,,7500.0,"{""good"": []}",10000.0,"{""good"": []}",,"{""good"": []}",2.0,"{""good"": []}",1.0,"{""good"": []}",,"{""good"": []}",3.0,"{""good"": []}",,,422.7412712,"{""good"": []}",,,491.4779102,"{""good"": []}",,,1.0,"{""good"": []}",23.74540822,"{""good"": []}",23.078448,"{""good"": []}",39459.5,"{""good"": []}",0.0,"{""good"": []}",RERA,"{""good"": []}",75.6675,"{""good"": []}",,,15.69253186,"{""good"": []}",15.88540342,"{""good"": []}",13.95948178,"{""good"": []}",189.6943638,"{""good"": []}",17.12345833,"{""good"": []}"
2026-09-30 14:14:00+00:00,Aberporth Automatic Weather Station,-4.57,52.14,0.0,"{""good"": []}",992.66,"{""good"": []}",,,17.05247495,"{""good"": []}",,,,,7500.0,"{""good"": []}",10000.0,"{""good"": []}",,"{""good"": []}",2.0,"{""good"": []}",1.0,"{""good"": []}",,"{""good"": []}",3.0,"{""good"": []}",,,422.803696,"{""good"": []}",,,495.0670522,"{""good"": []}",,,1.0,"{""good"": []}",23.8449819,"{""good"": []}",23.20024547,"{""good"": []}",36877.5,"{""good"": []}",0.0,"{""good"": []}",RERA,"{""good"": []}",76.2475,"{""good"": []}",,,15.69364123,"{""good"": []}",15.88746969,"{""good"": []}",13.95968444,"{""good"": []}",184.3819534,"{""good"": []}",14.517875,"{""good"": []}"
2026-09-30 14:15:00+00:00,Aberporth Automatic Weather Station,-4.57,52.14,0.0,"{""good"": []}",992.705,"{""good"": []}",,,17.0314215,"{""good"": []}",,,,,7500.0,"{""good"": []}",,"{""good"": []}",,"{""good"": []}",1.0,"{""good"": []}",,"{""good"": []}",,"{""good"": []}",1.0,"{""good"": []}",,,420.2734595,"{""good"": []}",,,491.7483274,"{""good"": []}",,,1.0,"{""good"": []}",23.99451733,"{""good"": []}",23.34791903,"{""good"": []}",36955.0,"{""good"": []}",0.0,"{""good"": []}",RERA,"{""good"": []}",75.71,"{""good"": []}",,,15.69248189,"{""good"": []}",15.8894359,"{""good"": []}",13.96003971,"{""good"": []}",185.6970539,"{""good"": []}",16.17920833,"{""good"": []}"
2026-09-30 14:16:00+00:00,Aberporth Automatic Weather Station,-4.57,52.14,0.0,"{""good"": []}",992.7,"{""good"": []}",,,17.18870407,"{""good"": []}",,,,,7500.0,"{""good"": []}",,"{""good"": []}",,"{""good"": []}",1.0,"{""good"": []}",,"{""good"": []}",,"{""good"": []}",1.0,"{""good"": []}",,,416.6476196,"{""good"": []}",,,489.8951681,"{""good"": []}",,,1.0,"{""good"": []}",24.06145361,"{""good"": []}",23.45133848,"{""good"": []}",39943.0,"{""good"": []}",0.0,"{""good"": []}",RERA,"{""good"": []}",76.77,"{""good"": []}",,,15.69263431,"{""good"": []}",15.8914021,"{""good"": []}",13.96014229,"{""good"": []}",185.5647783,"{""good"": []}",14.944625,"{""good"": []}"
2026-09-30 14:17:00+00:00,Aberporth Automatic Weather Station,-4.57,52.14,0.0,"{""good"": []}",992.735,"{""good"": []}",,,17.34195933,"{""good"": []}",,,,,7500.0,"{""good"": []}",,"{""good"": []}",,"{""good"": []}",1.0,"{""good"": []}",,"{""good"": []}",,"{""good"": []}",1.0,"{""good"": []}",,,418.6268917,"{""good"": []}",,,486.3506149,"{""good"": []}",,,1.0,"{""good"": []}",24.15412405,"{""good"": []}",23.61280929,"{""good"": []}",36453.0,"{""good"": []}",0.0,"{""good"": []}",RERA,"{""good"": []}",77.145,"{""good"": []}",,,15.69308655,"{""good"": []}",15.89341834,"{""good"": []}",13.96059264,"{""good"": []}",185.2130767,"{""good"": []}",18.017875,"{""good"": []}"
2026-09-30 14:18:00+00:00,Aberporth Automatic Weather Station,-4.57,52.14,0.0,"{""good"": []}",992.695,"{""good"": []}",,,17.10142479,"{""good"": []}",,,,,7500.0,"{""good"": []}",,"{""good"": []}",,"{""good"": []}",1.0,"{""good"": []}",,"{""good"": []}",,"{""good"": []}",1.0,"{""good"": []}",,,421.8508402,"{""good"": []}",,,486.9468466,"{""good"": []}",,,1.0,"{""good"": []}",24.19809447,"{""good"": []}",23.64130796,"{""good"": []}",39647.5,"{""good"": []}",0.0,"{""good"": []}",RERA,"{""good"": []}",74.83,"{""good"": []}",,,15.6929866,"{""good"": []}",15.89553715,"{""good"": []}",13.96069271,"{""good"": []}",187.8277504,"{""good"": []}",20.57495833,"{""good"": []}"
2026-09-30 14:19:00+00:00,Aberporth Automatic Weather Station,-4.57,52.14,0.0,"{""good"": []}",992.705,"{""good"": []}",,,17.09790214,"{""good"": []}",,,,,7500.0,"{""good"": []}",,"{""good"": []}",,"{""good"": []}",1.0,"{""good"": []}",,"{""good"": []}",,"{""good"": []}",1.0,"{""good"": []}",,,426.1436009,"{""good"": []}",,,488.8906959,"{""good"": []}",,,1.0,"{""good"": []}",24.13589277,"{""good"": []}",23.56462631,"{""good"": []}",38584.0,"{""good"": []}",0.0,"{""good"": []}",RERA,"{""good"": []}",74.135,"{""good"": []}",,,15.69333641,"{""good"": []}",15.89775602,"{""good"": []}",13.96059264,"{""good"": []}",193.7654805,"{""good"": []}",15.43433333,"{""good"": []}"
2026-09-30 14:20:00+00:00,Aberporth Automatic Weather Station,-4.57,52.14,0.0,"{""good"": []}",992.715,"{""good"": []}",,,17.22693107,"{""good"": []}",,,,,7500.0,"{""good"": []}",,"{""good"": []}",,"{""good"": []}",1.0,"{""good"": []}",,"{""good"": []}",,"{""good"": []}",1.0,"{""good"": []}",,,430.9621531,"{""good"": []}",,,488.5407197,"{""good"": []}",,,1.0,"{""good"": []}",24.22876809,"{""good"": []}",23.60958727,"{""good"": []}",35685.0,"{""good"": []}",0.0,"{""good"": []}",RERA,"{""good"": []}",74.9225,"{""good"": []}",,,15.693184,"{""good"": []}",15.89932198,"{""good"": []}",13.96089287,"{""good"": []}",190.4552785,"{""good"": []}",16.20566667,"{""good"": []}"
2026-09-30 14:21:00+00:00,Aberporth Automatic Weather Station,-4.57,52.14,0.0,"{""good"": []}",992.71,"{""good"": []}",,,17.22290126,"{""good"": []}",,,,,10000.0,"{""good"": []}",,"{""good"": []}",,"{""good"": []}",1.0,"{""good"": []}",,"{""good"": []}",,"{""good"": []}",1.0,"{""good"": []}",,,435.6385645,"{""good"": []}",,,487.078106,"{""good"": []}",,,1.0,"{""good"": []}",24.32370713,"{""good"": []}",23.67252911,"{""good"": []}",33086.0,"{""good"": []}",0.0,"{""good"": []}",RERA,"{""good"": []}",74.4275,"{""good"": []}",,,15.69252937,"{""good"": []}",15.90189356,"{""good"": []}",13.96114556,"{""good"": []}",187.2540051,"{""good"": []}",16.04258333,"{""good"": []}"
2026-09-30 14:22:00+00:00,Aberporth Automatic Weather Station,-4.57,52.14,0.0,"{""good"": []}",992.685,"{""good"": []}",,,17.28842255,"{""good"": []}",,,,,10000.0,"{""good"": []}",,"{""good"": []}",,"{""good"": []}",1.0,"{""good"": []}",,"{""good"": []}",,"{""good"": []}",1.0,"{""good"": []}",,,440.4221549,"{""good"": []}",,,486.0683254,"{""good"": []}",,,1.0,"{""good"": []}",24.36953641,"{""good"": []}",23.73133229,"{""good"": []}",35727.0,"{""good"": []}",0.0,"{""good"": []}",RERA,"{""good"": []}",74.53,"{""good"": []}",,,15.693184,"{""good"": []}",15.90315183,"{""good"": []}",13.96125064,"{""good"": []}",186.8324897,"{""good"": []}",18.69008333,"{""good"": []}"
2026-09-30 14:23:00+00:00,Aberporth Automatic Weather Station,-4.57,52.14,0.0,"{""good"": []}",992.69,"{""good"": []}",,,17.20632981,"{""good"": []}",,,,,10000.0,"{""good"": []}",,"{""good"": []}",,"{""good"": []}",1.0,"{""good"": []}",,"{""good"": []}",,"{""good"": []}",1.0,"{""good"": []}",,,444.8150409,"{""good"": []}",,,485.0209945,"{""good"": []}",,,1.0,"{""good"": []}",24.31353089,"{""good"": []}",23.7185466,"{""good"": []}",39989.5,"{""good"": []}",0.0,"{""good"": []}",RERA,"{""good"": []}",72.27,"{""good"": []}",,,15.69187473,"{""good"": []}",15.90577595,"{""good"": []}",13.96134822,"{""good"": []}",187.1896299,"{""good"": []}",20.37591667,"{""good"": []}"
2026-09-30 14:24:00+00:00,Aberporth Automatic Weather Station,-4.57,52.14,0.0,"{""good"": []}",992.69,"{""good"": []}",,,17.19464511,"{""good"": []}",,,,,10000.0,"{""good"": []}",,"{""good"": []}",,"{""good"": []}",1.0,"{""good"": []}",,"{""good"": []}",,"{""good"": []}",1.0,"{""good"": []}",,,448.3289579,"{""good"": []}",,,460.7795038,"{""good"": []}",,,1.0,"{""good"": []}",24.20116508,"{""good"": []}",23.60394748,"{""good"": []}",39642.5,"{""good"": []}",0.0,"{""good"": []}",RERA,"{""good"": []}",71.985,"{""good"": []}",,,15.69222953,"{""good"": []}",15.90799481,"{""good"": []}",13.96175353,"{""good"": []}",186.8609285,"{""good"": []}",19.49458333,"{""good"": []}"
2026-09-30 14:25:00+00:00,Aberporth Automatic Weather Station,-4.57,52.14,0.0,"{""good"": []}",992.7,"{""good"": []}",,,17.15592094,"{""good"": []}",,,,,10000.0,"{""good"": []}",,"{""good"": []}",,"{""good"": []}",1.0,"{""good"": []}",,"{""good"": []}",,"{""good"": []}",1.0,"{""good"": []}",,,451.4300641,"{""good"": []}",,,448.4583116,"{""good"": []}",,,1.0,"{""good"": []}",23.98922809,"{""good"": []}",23.32616913,"{""good"": []}",35500.5,"{""good"": []}",0.0,"{""good"": []}",RERA,"{""good"": []}",72.1125,"{""good"": []}",,,15.69237945,"{""good"": []}",15.90980842,"{""good"": []}",13.96185361,"{""good"": []}",189.8212934,"{""good"": []}",19.26933333,"{""good"": []}"
2026-09-30 14:26:00+00:00,Aberporth Automatic Weather Station,-4.57,52.14,0.0,"{""good"": []}",992.685,"{""good"": []}",,,17.26978748,"{""good"": []}",,,,,10000.0,"{""good"": []}",,"{""good"": []}",,"{""good"": []}",1.0,"{""good"": []}",,"{""good"": []}",,"{""good"": []}",1.0,"{""good"": []}",,,453.9990837,"{""good"": []}",,,447.4218802,"{""good"": []}",,,1.0,"{""good"": []}",23.87419642,"{""good"": []}",23.13448623,"{""good"": []}",38311.5,"{""good"": []}",0.0,"{""good"": []}",RERA,"{""good"": []}",72.6375,"{""good"": []}",,,15.69313402,"{""good"": []}",15.91177464,"{""good"": []}",13.96195368,"{""good"": []}",192.2565141,"{""good"": []}",19.075,"{""good"": []}"
2026-09-30 14:27:00+00:00,Aberporth Automatic Weather Station,-4.57,52.14,0.0,"{""good"": []}",992.74,"{""good"": []}",,,17.22814026,"{""good"": []}",,,,,10000.0,"{""good"": []}",,"{""good"": []}",,"{""good"": []}",1.0,"{""good"": []}",,"{""good"": []}",,"{""good"": []}",1.0,"{""good"": []}",,,457.0312433,"{""good"": []}",,,451.3642329,"{""good"": []}",,,1.0,"{""good"": []}",23.95216091,"{""good"": []}",23.17189916,"{""good"": []}",35279.0,"{""good"": []}",0.0,"{""good"": []}",RERA,"{""good"": []}",71.71,"{""good"": []}",,,15.69268178,"{""good"": []}",15.91394597,"{""good"": []}",13.96235649,"{""good"": []}",187.7198354,"{""good"": []}",20.74775,"{""good"": []}"
2026-09-30 14:28:00+00:00,Aberporth Automatic Weather Station,-4.57,52.14,0.0,"{""good"": []}",992.725,"{""good"": []}",,,17.17807866,"{""good"": []}",,,,,10000.0,"{""good"": []}",,"{""good"": []}",,"{""good"": []}",1.0,"{""good"": []}",,"{""good"": []}",,"{""good"": []}",1.0,"{""good"": []}",,,460.0434773,"{""good"": []}",,,418.6283057,"{""good"": []}",,,1.0,"{""good"": []}",23.81426082,"{""good"": []}",23.00448634,"{""good"": []}",35324.0,"{""good"": []}",0.0,"{""good"": []}",RERA,"{""good"": []}",71.4825,"{""good"": []}",,,15.69298161,"{""good"": []}",15.91555696,"{""good"": []}",13.96240653,"{""good"": []}",194.7510974,"{""good"": []}",17.50991667,"{""good"": []}"
2026-09-30 14:29:00+00:00,Aberporth Automatic Weather Station,-4.57,52.14,0.0,"{""good"": []}",992.765,"{""good"": []}",,,17.28998151,"{""good"": []}",,,,,0.0,"{""good"": []}",,"{""good"": []}",,"{""good"": []}",0.0,"{""good"": []}",,"{""good"": []}",,"{""good"": []}",0.0,"{""good"": []}",,,464.0972174,"{""good"": []}",,,437.40931,"{""good"": []}",,,1.0,"{""good"": []}",23.79119253,"{""good"": []}",22.92896112,"{""good"": []}",36090.0,"{""good"": []}",0.0,"{""good"": []}",RERA,"{""good"": []}",72.4075,"{""good"": []}",,,15.69227951,"{""good"": []}",15.91737308,"{""good"": []}",13.96240903,"{""good"": []}",195.0333258,"{""good"": []}",17.17058333,"{""good"": []}"
2026-09-30 14:30:00+00:00,Aberporth Automatic Weather Station,-4.57,52.14,0.0,"{""good"": []}",992.75,"{""good"": []}",,,17.28388807,"{""good"": []}",,,,,0.0,"{""good"": []}",,"{""good"": []}",,"{""good"": []}",0.0,"{""good"": []}",,"{""good"": []}",,"{""good"": []}",0.0,"{""good"": []}",,,467.3975167,"{""good"": []}",,,364.1424298,"{""good"": []}",,,0.0,"{""suspect"": [""1 case(s) of \""qc consistency check failed: expected radiation_sun_1_minute_mean to be above 0 if sunshine_1_minute_mean is above 0\""""]}",23.81451317,"{""good"": []}",22.82685046,"{""good"": []}",35489.0,"{""good"": []}",0.0,"{""good"": []}",RERA,"{""good"": []}",71.6825,"{""good"": []}",,,15.69262931,"{""good"": []}",15.91939182,"{""good"": []}",13.96266423,"{""good"": []}",195.7522529,"{""good"": []}",16.30654167,"{""good"": []}"
2026-09-30 14:31:00+00:00,Aberporth Automatic Weather Station,-4.57,52.14,0.0,"{""good"": []}",992.755,"{""good"": []}",,,17.35585756,"{""good"": []}",,,,,0.0,"{""good"": []}",,"{""good"": []}",,"{""good"": []}",0.0,"{""good"": []}",,"{""good"": []}",,"{""good"": []}",0.0,"{""good"": []}",,,470.2689432,"{""good"": []}",,,338.5819039,"{""good"": []}",,,0.0,"{""suspect"": [""1 case(s) of \""qc consistency check failed: expected radiation_sun_1_minute_mean to be above 0 if sunshine_1_minute_mean is above 0\""""]}",23.49988191,"{""good"": []}",22.34072711,"{""good"": []}",36979.0,"{""good"": []}",0.0,"{""good"": []}",RERA,"{""good"": []}",72.4825,"{""good"": []}",,,15.69207462,"{""good"": []}",15.92201343,"{""good"": []}",13.96291442,"{""good"": []}",202.5313424,"{""good"": []}",16.19745833,"{""good"": []}"
2026-09-30 14:32:00+00:00,Aberporth Automatic Weather Station,-4.57,52.14,0.0,"{""good"": []}",992.72,"{""good"": []}",,,17.32594002,"{""good"": []}",,,,,0.0,"{""good"": []}",,"{""good"": []}",,"{""good"": []}",0.0,"{""good"": []}",,"{""good"": []}",,"{""good"": []}",0.0,"{""good"": []}",,,473.8666988,"{""good"": []}",,,393.3791281,"{""good"": []}",,,1.0,"{""good"": []}",23.42846339,"{""good"": []}",22.2776354,"{""good"": []}",39687.0,"{""good"": []}",0.0,"{""good"": []}",RERA,"{""good"": []}",72.4325,"{""good"": []}",,,15.69253186,"{""good"": []}",15.92387708,"{""good"": []}",13.9630145,"{""good"": []}",196.6133906,"{""good"": []}",15.97691667,"{""good"": []}"
2026-09-30 14:33:00+00:00,Aberporth Automatic Weather Station,-4.57,52.14,0.0,"{""good"": []}",992.73,"{""good"": []}",,,17.28403797,"{""good"": []}",,,,,0.0,"{""good"": []}",,"{""good"": []}",,"{""good"": []}",0.0,"{""good"": []}",,"{""good"": []}",,"{""good"": []}",0.0,"{""good"": []}",,,477.6187199,"{""good"": []}",,,421.7742566,"{""good"": []}",,,1.0,"{""good"": []}",23.50446658,"{""good"": []}",22.39888088,"{""good"": []}",39708.5,"{""good"": []}",0.0,"{""good"": []}",RERA,"{""good"": []}",72.0825,"{""good"": []}",,,15.69217706,"{""good"": []}",15.92559564,"{""good"": []}",13.96351488,"{""good"": []}",196.351827,"{""good"": []}",13.80758333,"{""good"": []}"
2026-09-30 14:34:00+00:00,Aberporth Automatic Weather Station,-4.57,52.14,0.0,"{""good"": []}",992.73,"{""good"": []}",,,17.44655955,"{""good"": []}",,,,,0.0,"{""good"": []}",,"{""good"": []}",,"{""good"": []}",0.0,"{""good"": []}",,"{""good"": []}",,"{""good"": []}",0.0,"{""good"": []}",,,481.5044443,"{""good"": []}",,,447.7388059,"{""good"": []}",,,1.0,"{""good"": []}",23.83793375,"{""good"": []}",22.82780957,"{""good"": []}",35769.5,"{""good"": []}",0.0,"{""good"": []}",RERA,"{""good"": []}",73.415,"{""good"": []}",,,15.6926318,"{""good"": []}",15.92831231,"{""good"": []}",13.96372004,"{""good"": []}",191.5677894,"{""good"": []}",16.22595833,"{""good"": []}"
2026-09-30 14:35:00+00:00,Aberporth Automatic Weather Station,-4.57,52.14,0.0,"{""good"": []}",992.725,"{""good"": []}",,,17.46776291,"{""good"": []}",,,,,0.0,"{""good"": []}",,"{""good"": []}",,"{""good"": []}",0.0,"{""good"": []}",,"{""good"": []}",,"{""good"": []}",0.0,"{""good"": []}",,,484.8248858,"{""good"": []}",,,452.626811,"{""good"": []}",,,1.0,"{""good"": []}",24.13659984,"{""good"": []}",23.1991365,"{""good"": []}",38374.0,"{""good"": []}",0.0,"{""good"": []}",RERA,"{""good"": []}",71.63,"{""good"": []}",,,15.69212709,"{""good"": []}",15.92978071,"{""good"": []}",13.9639252,"{""good"": []}",195.2454354,"{""good"": []}",19.77033333,"{""good"": []}"
2026-09-30 14:36:00+00:00,Aberporth Automatic Weather Station,-4.57,52.14,0.0,"{""good"": []}",992.72,"{""good"": []}",,,17.37106991,"{""good"": []}",,,,,0.0,"{""good"": []}",,"{""good"": []}",,"{""good"": []}",0.0,"{""good"": []}",,"{""good"": []}",,"{""good"": []}",0.0,"{""good"": []}",,,487.3089396,"{""good"": []}",,,460.4057888,"{""good"": []}",,,1.0,"{""good"": []}",24.23606859,"{""good"": []}",23.40395975,"{""good"": []}",38560.0,"{""good"": []}",0.0,"{""good"": []}",RERA,"{""good"": []}",69.1625,"{""good"": []}",,,15.6919272,"{""good"": []}",15.93194704,"{""good"": []}",13.96422543,"{""good"": []}",194.3573738,"{""good"": []}",16.70925,"{""good"": []}"
2026-09-30 14:37:00+00:00,Aberporth Automatic Weather Station,-4.57,52.14,0.0,"{""good"": []}",992.72,"{""good"": []}",,,17.49571426,"{""good"": []}",,,,,0.0,"{""good"": []}",,"{""good"": []}",,"{""good"": []}",0.0,"{""good"": []}",,"{""good"": []}",,"{""good"": []}",0.0,"{""good"": []}",,,488.6120836,"{""good"": []}",,,476.0752511,"{""good"": []}",,,1.0,"{""good"": []}",24.39598012,"{""good"": []}",23.59448372,"{""good"": []}",39531.0,"{""good"": []}",0.0,"{""good"": []}",RERA,"{""good"": []}",69.2075,"{""good"": []}",,,15.6912226,"{""good"": []}",15.93406334,"{""good"": []}",13.96437555,"{""good"": []}",190.69496,"{""good"": []}",18.52491667,"{""good"": []}"
2026-09-30 14:38:00+00:00,Aberporth Automatic Weather Station,-4.57,52.14,0.0,"{""good"": []}",992.685,"{""good"": []}",,,17.44439349,"{""good"": []}",,,,,0.0,"{""good"": []}",,"{""good"": []}",,"{""good"": []}",0.0,"{""good"": []}",,"{""good"": []}",,"{""good"": []}",0.0,"{""good"": []}",,,489.4580526,"{""good"": []}",,,472.981728,"{""good"": []}",,,1.0,"{""good"": []}",24.55926208,"{""good"": []}",23.79583269,"{""good"": []}",36532.0,"{""good"": []}",0.0,"{""good"": []}",RERA,"{""good"": []}",68.6375,"{""good"": []}",,,15.69293413,"{""good"": []}",15.9364373,"{""good"": []}",13.96452566,"{""good"": []}",190.8272322,"{""good"": []}",16.76641667,"{""good"": []}"
2026-09-30 14:39:00+00:00,Aberporth Automatic Weather Station,-4.57,52.14,0.0,"{""good"": []}",992.72,"{""good"": []}",,,17.42707255,"{""good"": []}",,,,,0.0,"{""good"": []}",,"{""good"": []}",,"{""good"": []}",0.0,"{""good"": []}",,"{""good"": []}",,"{""good"": []}",0.0,"{""good"": []}",,,486.6792628,"{""good"": []}",,,469.9856089,"{""good"": []}",,,1.0,"{""good"": []}",24.63239455,"{""good"": []}",23.89789089,"{""good"": []}",40811.0,"{""good"": []}",0.0,"{""good"": []}",RERA,"{""good"": []}",68.5575,"{""good"": []}",,,15.69112016,"{""good"": []}",15.93875372,"{""good"": []}",13.96492847,"{""good"": []}",185.2745514,"{""good"": []}",18.62645833,"{""good"": []}"
2026-09-30 14:40:00+00:00,Aberporth Automatic Weather Station,-4.57,52.14,0.0,"{""good"": []}",992.69,"{""good"": []}",,,17.41276709,"{""good"": []}",,,,,0.0,"{""good"": []}",,"{""good"": []}",,"{""good"": []}",0.0,"{""good"": []}",,"{""good"": []}",,"{""good"": []}",0.0,"{""good"": []}",,,488.7919831,"{""good"": []}",,,468.2091736,"{""good"": []}",,,1.0,"{""good"": []}",24.57422286,"{""good"": []}",23.93882557,"{""good"": []}",37743.0,"{""good"": []}",0.0,"{""good"": []}",RERA,"{""good"": []}",68.1325,"{""good"": []}",,,15.69313652,"{""good"": []}",15.93941163,"{""good"": []}",13.96508109,"{""good"": []}",186.2332369,"{""good"": []}",19.98720833,"{""good"": []}"
2026-09-30 14:41:00+00:00,Aberporth Automatic Weather Station,-4.57,52.14,0.0,"{""good"": []}",992.725,"{""good"": []}",,,17.36431692,"{""good"": []}",,,,,0.0,"{""good"": []}",,"{""good"": []}",,"{""good"": []}",0.0,"{""good"": []}",,"{""good"": []}",,"{""good"": []}",0.0,"{""good"": []}",,,491.397648,"{""good"": []}",,,468.6987584,"{""good"": []}",,,1.0,"{""good"": []}",24.51630353,"{""good"": []}",23.95936659,"{""good"": []}",41915.5,"{""good"": []}",0.0,"{""good"": []}",RERA,"{""good"": []}",68.0325,"{""good"": []}",,,15.69298411,"{""good"": []}",15.94132781,"{""good"": []}",13.96513363,"{""good"": []}",190.921598,"{""good"": []}",21.39358333,"{""good"": []}"
2026-09-30 14:42:00+00:00,Aberporth Automatic Weather Station,-4.57,52.14,0.0,"{""good"": []}",992.705,"{""good"": []}",,,17.30156878,"{""good"": []}",,,,,0.0,"{""good"": []}",,"{""good"": []}",,"{""good"": []}",0.0,"{""good"": []}",,"{""good"": []}",,"{""good"": []}",0.0,"{""good"": []}",,,493.3249176,"{""good"": []}",,,466.4829992,"{""good"": []}",,,1.0,"{""good"": []}",24.42700352,"{""good"": []}",23.91365133,"{""good"": []}",34533.0,"{""good"": []}",0.0,"{""good"": []}",RERA,"{""good"": []}",66.3175,"{""good"": []}",,,15.69217956,"{""good"": []}",15.94389689,"{""good"": []}",13.9654864,"{""good"": []}",189.2854773,"{""good"": []}",19.98033333,"{""good"": []}"
2026-09-30 14:43:00+00:00,Aberporth Automatic Weather Station,-4.57,52.14,0.0,"{""good"": []}",992.69,"{""good"": []}",,,17.32579012,"{""good"": []}",,,,,0.0,"{""good"": []}",,"{""good"": []}",,"{""good"": []}",0.0,"{""good"": []}",,"{""good"": []}",,"{""good"": []}",0.0,"{""good"": []}",,,493.9324989,"{""good"": []}",,,465.0416924,"{""good"": []}",,,1.0,"{""good"": []}",24.36822721,"{""good"": []}",23.84995768,"{""good"": []}",38426.5,"{""good"": []}",0.0,"{""good"": []}",RERA,"{""good"": []}",66.77,"{""good"": []}",,,15.69102021,"{""good"": []}",15.945713,"{""good"": []}",13.96558648,"{""good"": []}",175.7741791,"{""good"": []}",20.141625,"{""good"": []}"
2026-09-30 14:44:00+00:00,Aberporth Automatic Weather Station,-4.57,52.14,0.0,"{""good"": []}",992.73,"{""good"": []}",,,17.39519132,"{""good"": []}",,,,,0.0,"{""good"": []}",,"{""good"": []}",,"{""good"": []}",0.0,"{""good"": []}",,"{""good"": []}",,"{""good"": []}",0.0,"{""good"": []}",,,494.2340784,"{""good"": []}",,,464.2933531,"{""good"": []}",,,1.0,"{""good"": []}",24.31136473,"{""good"": []}",23.83460437,"{""good"": []}",38777.0,"{""good"": []}",0.0,"{""good"": []}",RERA,"{""good"": []}",67.6025,"{""good"": []}",,,15.6919272,"{""good"": []}",15.94757665,"{""good"": []}",13.96593675,"{""good"": []}",185.4574177,"{""good"": []}",21.67625,"{""good"": []}"
2026-09-30 14:45:00+00:00,Aberporth Automatic Weather Station,-4.57,52.14,0.0,"{""good"": []}",992.72,"{""good"": []}",,,17.30564606,"{""good"": []}",,,,,0.0,"{""good"": []}",,"{""good"": []}",,"{""good"": []}",0.0,"{""good"": []}",,"{""good"": []}",,"{""good"": []}",0.0,"{""good"": []}",,,491.7830702,"{""good"": []}",,,295.7624259,"{""good"": []}",,,0.0,"{""suspect"": [""1 case(s) of \""qc consistency check failed: expected radiation_sun_1_minute_mean to be above 0 if sunshine_1_minute_mean is above 0\""""]}",23.92209443,"{""good"": []}",23.36448623,"{""good"": []}",37255.0,"{""good"": []}",0.0,"{""good"": []}",RERA,"{""good"": []}",66.945,"{""good"": []}",,,15.69257933,"{""good"": []}",15.94979802,"{""good"": []}",13.96618944,"{""good"": []}",182.4294198,"{""good"": []}",20.59970833,"{""good"": []}"
2026-09-30 14:46:00+00:00,Aberporth Automatic Weather Station,-4.57,52.14,0.0,"{""good"": []}",992.7,"{""good"": []}",,,17.17762646,"{""good"": []}",,,,,0.0,"{""good"": []}",,"{""good"": []}",,"{""good"": []}",0.0,"{""good"": []}",,"{""good"": []}",,"{""good"": []}",0.0,"{""good"": []}",,,486.4062937,"{""good"": []}",,,255.402758,"{""good"": []}",,,0.0,"{""suspect"": [""1 case(s) of \""qc consistency check failed: expected radiation_sun_1_minute_mean to be above 0 if sunshine_1_minute_mean is above 0\""""]}",22.97457037,"{""good"": []}",22.15045041,"{""good"": []}",39646.5,"{""good"": []}",0.0,"{""good"": []}",RERA,"{""good"": []}",66.885,"{""good"": []}",,,15.69117013,"{""good"": []}",15.95085617,"{""good"": []}",13.96644464,"{""good"": []}",189.4883696,"{""good"": []}",21.43925,"{""good"": []}"
2026-09-30 14:47:00+00:00,Aberporth Automatic Weather Station,-4.57,52.14,0.0,"{""good"": []}",992.68,"{""good"": []}",,,17.07307121,"{""good"": []}",,,,,0.0,"{""good"": []}",,"{""good"": []}",,"{""good"": []}",0.0,"{""good"": []}",,"{""good"": []}",,"{""good"": []}",0.0,"{""good"": []}",,,484.3526288,"{""good"": []}",,,340.9674911,"{""good"": []}",,,1.0,"{""good"": []}",22.42629798,"{""good"": []}",21.61845943,"{""good"": []}",39645.5,"{""good"": []}",0.0,"{""good"": []}",RERA,"{""good"": []}",66.72,"{""good"": []}",,,15.69232698,"{""good"": []}",15.95347778,"{""good"": []}",13.96669483,"{""good"": []}",186.9051054,"{""good"": []}",19.02191667,"{""good"": []}"
2026-09-30 14:48:00+00:00,Aberporth Automatic Weather Station,-4.57,52.14,0.0,"{""good"": []}",992.755,"{""good"": []}",,,17.2723058,"{""good"": []}",,,,,0.0,"{""good"": []}",,"{""good"": []}",,"{""good"": []}",0.0,"{""good"": []}",,"{""good"": []}",,"{""good"": []}",0.0,"{""good"": []}",,,483.4253341,"{""good"": []}",,,447.8591637,"{""good"": []}",,,1.0,"{""good"": []}",22.65772298,"{""good"": []}",22.05151681,"{""good"": []}",42969.0,"{""good"": []}",0.0,"{""good"": []}",RERA,"{""good"": []}",69.1525,"{""good"": []}",,,15.69172732,"{""good"": []}",15.95489115,"{""good"": []}",13.96699756,"{""good"": []}",189.3763297,"{""good"": []}",15.56929167,"{""good"": []}"
2026-09-30 14:49:00+00:00,Aberporth Automatic Weather Station,-4.57,52.14,0.0,"{""good"": []}",992.75,"{""good"": []}",,,17.49622142,"{""good"": []}",,,,,0.0,"{""good"": []}",,"{""good"": []}",,"{""good"": []}",0.0,"{""good"": []}",,"{""good"": []}",,"{""good"": []}",0.0,"{""good"": []}",,,481.2190289,"{""good"": []}",,,364.5325998,"{""good"": []}",,,1.0,"{""good"": []}",23.09942599,"{""good"": []}",22.58774138,"{""good"": []}",43810.0,"{""good"": []}",0.0,"{""good"": []}",RERA,"{""good"": []}",70.3625,"{""good"": []}",,,15.69273175,"{""good"": []}",15.95645211,"{""good"": []}",13.96724775,"{""good"": []}",182.9640371,"{""good"": []}",16.985125,"{""good"": []}"
2026-09-30 14:50:00+00:00,Aberporth Automatic Weather Station,-4.57,52.14,0.0,"{""good"": []}",992.7,"{""good"": []}",,,17.43961168,"{""good"": []}",,,,,0.0,"{""good"": []}",,"{""good"": []}",,"{""good"": []}",0.0,"{""good"": []}",,"{""good"": []}",,"{""good"": []}",0.0,"{""good"": []}",,,477.1139364,"{""good"": []}",,,380.0731771,"{""good"": []}",,,1.0,"{""good"": []}",23.24916379,"{""good"": []}",22.80640935,"{""good"": []}",37129.0,"{""good"": []}",0.0,"{""good"": []}",NSW,"{""good"": []}",68.9925,"{""good"": []}",,,15.69187723,"{""good"": []}",15.9580656,"{""good"": []}",13.96755549,"{""good"": []}",183.1080875,"{""good"": []}",18.37245833,"{""good"": []}"
2026-09-30 14:51:00+00:00,Aberporth Automatic Weather Station,-4.57,52.14,0.0,"{""good"": []}",992.745,"{""good"": []}",,,17.32302446,"{""good"": []}",,,,,0.0,"{""good"": []}",,"{""good"": []}",,"{""good"": []}",0.0,"{""good"": []}",,"{""good"": []}",,"{""good"": []}",0.0,"{""good"": []}",,,471.3538609,"{""good"": []}",,,357.8419711,"{""good"": []}",,,0.0,"{""suspect"": [""1 case(s) of \""qc consistency check failed: expected radiation_sun_1_minute_mean to be above 0 if sunshine_1_minute_mean is above 0\""""]}",23.32868732,"{""good"": []}",22.96476054,"{""good"": []}",42680.0,"{""good"": []}",0.0,"{""good"": []}",NSW,"{""good"": []}",66.6675,"{""good"": []}",,,15.69162737,"{""good"": []}",15.96038703,"{""good"": []}",13.9677056,"{""good"": []}",191.3170985,"{""good"": []}",22.41933333,"{""good"": []}"
2026-09-30 14:52:00+00:00,Aberporth Automatic Weather Station,-4.57,52.14,0.0,"{""good"": []}",992.725,"{""good"": []}",,,17.26102582,"{""good"": []}",,,,,0.0,"{""good"": []}",,"{""good"": []}",,"{""good"": []}",0.0,"{""good"": []}",,"{""good"": []}",,"{""good"": []}",0.0,"{""good"": []}",,,467.8318702,"{""good"": []}",,,428.1780684,"{""good"": []}",,,1.0,"{""good"": []}",23.03571522,"{""good"": []}",22.68884297,"{""good"": []}",38984.5,"{""good"": []}",0.0,"{""good"": []}",NSW,"{""good"": []}",66.2375,"{""good"": []}",,,15.69212709,"{""good"": []}",15.9617979,"{""good"": []}",13.96810841,"{""good"": []}",197.5048228,"{""good"": []}",21.431375,"{""good"": []}"
2026-09-30 14:53:00+00:00,Aberporth Automatic Weather Station,-4.57,52.14,0.0,"{""good"": []}",992.755,"{""good"": []}",,,17.38990485,"{""good"": []}",,,,,0.0,"{""good"": []}",,"{""good"": []}",,"{""good"": []}",0.0,"{""good"": []}",,"{""good"": []}",,"{""good"": []}",0.0,"{""good"": []}",,,463.2228003,"{""good"": []}",,,359.9496145,"{""good"": []}",,,1.0,"{""good"": []}",23.16187754,"{""good"": []}",22.83581218,"{""good"": []}",39528.0,"{""good"": []}",0.0,"{""good"": []}",NSW,"{""good"": []}",67.865,"{""good"": []}",,,15.69217956,"{""good"": []}",15.96411683,"{""good"": []}",13.96825853,"{""good"": []}",187.846037,"{""good"": []}",19.37270833,"{""good"": []}"
2026-09-30 14:54:00+00:00,Aberporth Automatic Weather Station,-4.57,52.14,0.0,"{""good"": []}",992.73,"{""good"": []}",,,17.37741318,"{""good"": []}",,,,,0.0,"{""good"": []}",,"{""good"": []}",,"{""good"": []}",0.0,"{""good"": []}",,"{""good"": []}",,"{""good"": []}",0.0,"{""good"": []}",,,460.9633994,"{""good"": []}",,,473.4602768,"{""good"": []}",,,1.0,"{""good"": []}",23.39889909,"{""good"": []}",23.1246678,"{""good"": []}",43515.0,"{""good"": []}",0.0,"{""good"": []}",NSW,"{""good"": []}",66.5425,"{""good"": []}",,,15.69172482,"{""good"": []}",15.96502488,"{""good"": []}",13.96850872,"{""good"": []}",189.416857,"{""good"": []}",20.75670833,"{""good"": []}"
2026-09-30 14:55:00+00:00,Aberporth Automatic Weather Station,-4.57,52.14,0.0,"{""good"": []}",992.72,"{""good"": []}",,,17.42832921,"{""good"": []}",,,,,0.0,"{""good"": []}",,"{""good"": []}",,"{""good"": []}",0.0,"{""good"": []}",,"{""good"": []}",,"{""good"": []}",0.0,"{""good"": []}",,,459.4295385,"{""good"": []}",,,495.2227857,"{""good"": []}",,,1.0,"{""good"": []}",23.826146,"{""good"": []}",23.74472491,"{""good"": []}",45159.0,"{""good"": []}",0.0,"{""good"": []}",NSW,"{""good"": []}",66.095,"{""good"": []}",,,15.69212709,"{""good"": []}",15.96699109,"{""good"": []}",13.96850872,"{""good"": []}",193.6028953,"{""good"": []}",21.12925,"{""good"": []}"
2026-09-30 14:56:00+00:00,Aberporth Automatic Weather Station,-4.57,52.14,0.0,"{""good"": []}",992.77,"{""good"": []}",,,17.57261795,"{""good"": []}",,,,,7200.0,"{""good"": []}",,"{""good"": []}",,"{""good"": []}",1.0,"{""good"": []}",,"{""good"": []}",,"{""good"": []}",1.0,"{""good"": []}",,,456.8834882,"{""good"": []}",,,416.2619771,"{""good"": []}",,,1.0,"{""good"": []}",24.16601173,"{""good"": []}",24.19842822,"{""good"": []}",41249.5,"{""good"": []}",0.0,"{""good"": []}",NSW,"{""good"": []}",66.92,"{""good"": []}",,,15.69046803,"{""good"": []}",15.96875718,"{""good"": []}",13.96901411,"{""good"": []}",191.3811816,"{""good"": []}",18.52225,"{""good"": []}"
2026-09-30 14:57:00+00:00,Aberporth Automatic Weather Station,-4.57,52.14,0.0,"{""good"": []}",992.785,"{""good"": []}",,,17.50528288,"{""good"": []}",,,,,7200.0,"{""good"": []}",,"{""good"": []}",,"{""good"": []}",1.0,"{""good"": []}",,"{""good"": []}",,"{""good"": []}",1.0,"{""good"": []}",,,454.6673648,"{""good"": []}",,,418.5214868,"{""good"": []}",,,1.0,"{""good"": []}",23.95991363,"{""good"": []}",23.82855995,"{""good"": []}",43439.5,"{""good"": []}",0.0,"{""good"": []}",NSW,"{""good"": []}",66.58,"{""good"": []}",,,15.69182476,"{""good"": []}",15.97052577,"{""good"": []}",13.96941942,"{""good"": []}",188.5532778,"{""good"": []}",17.95575,"{""good"": []}"
2026-09-30 14:58:00+00:00,Aberporth Automatic Weather Station,-4.57,52.14,0.0,"{""good"": []}",992.725,"{""good"": []}",,,17.50321925,"{""good"": []}",,,,,7200.0,"{""good"": []}",,"{""good"": []}",,"{""good"": []}",1.0,"{""good"": []}",,"{""good"": []}",,"{""good"": []}",1.0,"{""good"": []}",,,450.5533968,"{""good"": []}",,,294.735947,"{""good"": []}",,,0.0,"{""suspect"": [""1 case(s) of \""qc consistency check failed: expected radiation_sun_1_minute_mean to be above 0 if sunshine_1_minute_mean is above 0\""""]}",23.77371829,"{""good"": []}",23.52484806,"{""good"": []}",39393.5,"{""good"": []}",0.0,"{""good"": []}",NSW,"{""good"": []}",66.8,"{""good"": []}",,,15.69217706,"{""good"": []}",15.97233938,"{""good"": []}",13.96971965,"{""good"": []}",184.535298,"{""good"": []}",18.17654167,"{""good"": []}"
2026-09-30 14:59:00+00:00,Aberporth Automatic Weather Station,-4.57,52.14,0.0,"{""good"": []}",992.77,"{""good"": []}",,,17.48025457,"{""good"": []}",,,,,7100.0,"{""good"": []}",,"{""good"": []}",,"{""good"": []}",1.0,"{""good"": []}",,"{""good"": []}",,"{""good"": []}",1.0,"{""good"": []}",,,446.1418844,"{""good"": []}",,,272.8372875,"{""good"": []}",,,0.0,"{""suspect"": [""1 case(s) of \""qc consistency check failed: expected radiation_sun_1_minute_mean to be above 0 if sunshine_1_minute_mean is above 0\""""]}",23.09937353,"{""good"": []}",22.60843476,"{""good"": []}",39524.0,"{""good"": []}",0.0,"{""good"": []}",NSW,"{""good"": []}",67.1225,"{""good"": []}",,,15.69127007,"{""good"": []}",15.97420302,"{""good"": []}",13.97012497,"{""good"": []}",191.7011128,"{""good"": []}",19.35266667,"{""good"": []}"
2026-09-30 15:00:00+00:00,Aberporth Automatic Weather Station,-4.57,52.14,0.0,"{""good"": []}",992.755,"{""good"": []}",,,17.37731325,"{""good"": []}",,,,,7100.0,"{""good"": []}",,"{""good"": []}",,"{""good"": []}",1.0,"{""good"": []}",,"{""good"": []}",,"{""good"": []}",1.0,"{""good"": []}",,,444.6709649,"{""good"": []}",,,443.1002175,"{""good"": []}",,,1.0,"{""good"": []}",22.8860299,"{""good"": []}",22.4129254,"{""good"": []}",40571.5,"{""good"": []}",0.0,"{""good"": []}",NSW,"{""good"": []}",66.615,"{""good"": []}",,,15.69182476,"{""good"": []}",15.97510858,"{""good"": []}",13.9704302,"{""good"": []}",177.5049019,"{""good"": []}",18.49608333,"{""good"": []}"
2026-09-30 15:01:00+00:00,Aberporth Automatic Weather Station,-4.57,52.14,0.0,"{""good"": []}",992.795,"{""good"": []}",,,17.40551444,"{""good"": []}",,,,,7100.0,"{""good"": []}",,"{""good"": []}",,"{""good"": []}",1.0,"{""good"": []}",,"{""good"": []}",,"{""good"": []}",1.0,"{""good"": []}",,,444.0288133,"{""good"": []}",,,481.7878727,"{""good"": []}",,,1.0,"{""good"": []}",23.46407146,"{""good"": []}",23.28070363,"{""good"": []}",43085.0,"{""good"": []}",0.0,"{""good"": []}",NSW,"{""good"": []}",67.0,"{""good"": []}",,,15.69152493,"{""good"": []}",15.97697723,"{""good"": []}",13.97058031,"{""good"": []}",179.982844,"{""good"": []}",21.27404167,"{""good"": []}"
2026-09-30 15:02:00+00:00,Aberporth Automatic Weather Station,-4.57,52.14,0.0,"{""good"": []}",992.75,"{""good"": []}",,,17.44535286,"{""good"": []}",,,,,7100.0,"{""good"": []}",,"{""good"": []}",,"{""good"": []}",1.0,"{""good"": []}",,"{""good"": []}",,"{""good"": []}",1.0,"{""good"": []}",,,444.1056612,"{""good"": []}",,,448.4198339,"{""good"": []}",,,1.0,"{""good"": []}",23.7688313,"{""good"": []}",23.79895481,"{""good"": []}",35563.5,"{""good"": []}",0.0,"{""good"": []}",NSW,"{""good"": []}",67.05,"{""good"": []}",,,15.69061794,"{""good"": []}",15.97813795,"{""good"": []}",13.9710807,"{""good"": []}",182.7075001,"{""good"": []}",20.22395833,"{""good"": []}"
2026-09-30 15:03:00+00:00,Aberporth Automatic Weather Station,-4.57,52.14,0.0,"{""good"": []}",992.775,"{""good"": []}",,,17.4746658,"{""good"": []}",,,,,7100.0,"{""good"": []}",15000.0,"{""good"": []}",,"{""good"": []}",1.0,"{""good"": []}",1.0,"{""good"": []}",,"{""good"": []}",2.0,"{""good"": []}",,,443.087725,"{""good"": []}",,,419.2107196,"{""good"": []}",,,1.0,"{""good"": []}",23.93785722,"{""good"": []}",24.05412655,"{""good"": []}",37531.5,"{""good"": []}",0.0,"{""good"": []}",NSW,"{""good"": []}",66.99,"{""good"": []}",,,15.69147246,"{""good"": []}",15.98020922,"{""good"": []}",13.9713359,"{""good"": []}",187.214868,"{""good"": []}",20.50308333,"{""good"": []}"
2026-09-30 15:04:00+00:00,Aberporth Automatic Weather Station,-4.57,52.14,0.0,"{""good"": []}",992.785,"{""good"": []}",,,17.53625721,"{""good"": []}",,,,,7100.0,"{""good"": []}",15000.0,"{""good"": []}",,"{""good"": []}",2.0,"{""good"": []}",1.0,"{""good"": []}",,"{""good"": []}",3.0,"{""good"": []}",,,441.6774499,"{""good"": []}",,,436.1234698,"{""good"": []}",,,1.0,"{""good"": []}",24.05319619,"{""good"": []}",24.17733271,"{""good"": []}",41294.5,"{""good"": []}",0.0,"{""good"": []}",NSW,"{""good"": []}",67.815,"{""good"": []}",,,15.69152493,"{""good"": []}",15.9821229,"{""good"": []}",13.97163863,"{""good"": []}",183.7529028,"{""good"": []}",17.77379167,"{""good"": []}"
2026-09-30 15:05:00+00:00,Aberporth Automatic Weather Station,-4.57,52.14,0.0,"{""good"": []}",992.78,"{""good"": []}",,,17.49012299,"{""good"": []}",,,,,7100.0,"{""good"": []}",15000.0,"{""good"": []}",,"{""good"": []}",2.0,"{""good"": []}",1.0,"{""good"": []}",,"{""good"": []}",3.0,"{""good"": []}",,,439.6346503,"{""good"": []}",,,386.4580684,"{""good"": []}",,,1.0,"{""good"": []}",24.02166561,"{""good"": []}",24.02809559,"{""good"": []}",40568.0,"{""good"": []}",0.0,"{""good"": []}",NSW,"{""good"": []}",66.82,"{""good"": []}",,,15.69107019,"{""good"": []}",15.98277831,"{""good"": []}",13.97189132,"{""good"": []}",181.3722013,"{""good"": []}",18.43395833,"{""good"": []}"
2026-09-30 15:06:00+00:00,Aberporth Automatic Weather Station,-4.57,52.14,0.0,"{""good"": []}",992.755,"{""good"": []}",,,17.41790367,"{""good"": []}",,,,,7100.0,"{""good"": []}",15000.0,"{""good"": []}",,"{""good"": []}",2.0,"{""good"": []}",1.0,"{""good"": []}",,"{""good"": []}",3.0,"{""good"": []}",,,437.9378296,"{""good"": []}",,,411.4195255,"{""good"": []}",,,1.0,"{""good"": []}",23.9750743,"{""good"": []}",24.12043778,"{""good"": []}",37556.0,"{""good"": []}",0.0,"{""good"": []}",NSW,"{""good"": []}",65.74,"{""good"": []}",,,15.69147496,"{""good"": []}",15.98514726,"{""good"": []}",13.97224159,"{""good"": []}",179.8950355,"{""good"": []}",19.45216667,"{""good"": []}"
2026-09-30 15:07:00+00:00,Aberporth Automatic Weather Station,-4.57,52.14,0.0,"{""good"": []}",992.835,"{""good"": []}",,,17.50065097,"{""good"": []}",,,,,7100.0,"{""good"": []}",15000.0,"{""good"": []}",,"{""good"": []}",2.0,"{""good"": []}",1.0,"{""good"": []}",,"{""good"": []}",3.0,"{""good"": []}",,,436.5388902,"{""good"": []}",,,423.0028371,"{""good"": []}",,,1.0,"{""good"": []}",23.9287928,"{""good"": []}",24.12688182,"{""good"": []}",38005.0,"{""good"": []}",0.0,"{""good"": []}",NSW,"{""good"": []}",66.35,"{""good"": []}",,,15.69102021,"{""good"": []}",15.98670822,"{""good"": []}",13.97259186,"{""good"": []}",181.6808341,"{""good"": []}",17.70008333,"{""good"": []}"
2026-09-30 15:08:00+00:00,Aberporth Automatic Weather Station,-4.57,52.14,0.0,"{""good"": []}",992.835,"{""good"": []}",,,17.64685343,"{""good"": []}",,,,,7100.0,"{""good"": []}",15000.0,"{""good"": []}",,"{""good"": []}",2.0,"{""good"": []}",1.0,"{""good"": []}",,"{""good"": []}",3.0,"{""good"": []}",,,435.0591859,"{""good"": []}",,,417.485522,"{""good"": []}",,,1.0,"{""good"": []}",24.06336743,"{""good"": []}",24.31977111,"{""good"": []}",36419.5,"{""good"": []}",0.0,"{""good"": []}",NSW,"{""good"": []}",66.5025,"{""good"": []}",,,15.69167485,"{""good"": []}",15.98726106,"{""good"": []}",13.97295214,"{""good"": []}",187.0233108,"{""good"": []}",16.73679167,"{""good"": []}"
2026-09-30 15:09:00+00:00,Aberporth Automatic Weather Station,-4.57,52.14,0.0,"{""good"": []}",992.84,"{""good"": []}",,,17.55398289,"{""good"": []}",,,,,7100.0,"{""good"": []}",15000.0,"{""good"": []}",,"{""good"": []}",2.0,"{""good"": []}",1.0,"{""good"": []}",,"{""good"": []}",3.0,"{""good"": []}",,,433.2588516,"{""good"": []}",,,396.4413582,"{""good"": []}",,,1.0,"{""good"": []}",24.10078939,"{""good"": []}",24.38512573,"{""good"": []}",41911.0,"{""good"": []}",0.0,"{""good"": []}",NSW,"{""good"": []}",63.8725,"{""good"": []}",,,15.69202964,"{""good"": []}",15.98923227,"{""good"": []}",13.97310226,"{""good"": []}",190.3219407,"{""good"": []}",19.92191667,"{""good"": []}"
2026-09-30 15:10:00+00:00,Aberporth Automatic Weather Station,-4.57,52.14,0.0,"{""good"": []}",992.795,"{""good"": []}",,,17.42631556,"{""good"": []}",,,,,7100.0,"{""good"": []}",15000.0,"{""good"": []}",,"{""good"": []}",2.0,"{""good"": []}",1.0,"{""good"": []}",,"{""good"": []}",3.0,"{""good"": []}",,,431.5299202,"{""good"": []}",,,397.8980941,"{""good"": []}",,,1.0,"{""good"": []}",23.92677654,"{""good"": []}",24.17179283,"{""good"": []}",40653.0,"{""good"": []}",0.0,"{""good"": []}",NSW,"{""good"": []}",62.91,"{""good"": []}",,,15.69092027,"{""good"": []}",15.99084576,"{""good"": []}",13.97335244,"{""good"": []}",181.253075,"{""good"": []}",21.37466667,"{""good"": []}"
2026-09-30 15:11:00+00:00,Aberporth Automatic Weather Station,-4.57,52.14,0.0,"{""good"": []}",992.82,"{""good"": []}",,,17.3859225,"{""good"": []}",,,,,7100.0,"{""good"": []}",15000.0,"{""good"": []}",,"{""good"": []}",2.0,"{""good"": []}",1.0,"{""good"": []}",,"{""good"": []}",3.0,"{""good"": []}",,,430.2467024,"{""good"": []}",,,398.8762574,"{""good"": []}",,,1.0,"{""good"": []}",23.77180197,"{""good"": []}",24.07633103,"{""good"": []}",44187.5,"{""good"": []}",0.0,"{""good"": []}",NSW,"{""good"": []}",63.1875,"{""good"": []}",,,15.69127257,"{""good"": []}",15.99170129,"{""good"": []}",13.97365268,"{""good"": []}",188.3694933,"{""good"": []}",23.09095833,"{""good"": []}"
2026-09-30 15:12:00+00:00,Aberporth Automatic Weather Station,-4.57,52.14,0.0,"{""good"": []}",992.825,"{""good"": []}",,,17.28953181,"{""good"": []}",,,,,7100.0,"{""good"": []}",15000.0,"{""good"": []}",,"{""good"": []}",1.0,"{""good"": []}",1.0,"{""good"": []}",,"{""good"": []}",2.0,"{""good"": []}",,,428.1138831,"{""good"": []}",,,353.4381831,"{""good"": []}",,,1.0,"{""good"": []}",23.57875334,"{""good"": []}",23.83414979,"{""good"": []}",42748.5,"{""good"": []}",0.0,"{""good"": []}",NSW,"{""good"": []}",61.3925,"{""good"": []}",,,15.69192221,"{""good"": []}",15.99276194,"{""good"": []}",13.97416307,"{""good"": []}",181.4886006,"{""good"": []}",22.944625,"{""good"": []}"
2026-09-30 15:13:00+00:00,Aberporth Automatic Weather Station,-4.57,52.14,0.0,"{""good"": []}",992.83,"{""good"": []}",,,17.20637978,"{""good"": []}",,,,,7100.0,"{""good"": []}",15000.0,"{""good"": []}",,"{""good"": []}",1.0,"{""good"": []}",1.0,"{""good"": []}",,"{""good"": []}",2.0,"{""good"": []}",,,426.2577927,"{""good"": []}",,,380.1124872,"{""good"": []}",,,1.0,"{""good"": []}",23.31584523,"{""good"": []}",23.51367089,"{""good"": []}",48770.0,"{""good"": []}",0.0,"{""good"": []}",NSW,"{""good"": []}",61.9625,"{""good"": []}",,,15.6908678,"{""good"": []}",15.99437794,"{""good"": []}",13.97436323,"{""good"": []}",186.8614794,"{""good"": []}",22.19675,"{""good"": []}"
2026-09-30 15:14:00+00:00,Aberporth Automatic Weather Station,-4.57,52.14,0.0,"{""good"": []}",992.82,"{""good"": []}",,,17.2651031,"{""good"": []}",,,,,7100.0,"{""good"": []}",15000.0,"{""good"": []}",,"{""good"": []}",1.0,"{""good"": []}",1.0,"{""good"": []}",,"{""good"": []}",2.0,"{""good"": []}",,,424.4799151,"{""good"": []}",,,388.394399,"{""good"": []}",,,1.0,"{""good"": []}",23.33629264,"{""good"": []}",23.57524899,"{""good"": []}",41660.0,"{""good"": []}",0.0,"{""good"": []}",NSW,"{""good"": []}",62.615,"{""good"": []}",,,15.69046553,"{""good"": []}",15.9957863,"{""good"": []}",13.97471349,"{""good"": []}",188.4969814,"{""good"": []}",19.76079167,"{""good"": []}"
2026-09-30 15:15:00+00:00,Aberporth Automatic Weather Station,-4.57,52.14,0.0,"{""good"": []}",992.895,"{""good"": []}",,,17.37479493,"{""good"": []}",,,,,7100.0,"{""good"": []}",15000.0,"{""good"": []}",,"{""good"": []}",1.0,"{""good"": []}",1.0,"{""good"": []}",,"{""good"": []}",2.0,"{""good"": []}",,,422.7658844,"{""good"": []}",,,388.9064868,"{""good"": []}",,,1.0,"{""good"": []}",23.41566876,"{""good"": []}",23.63063532,"{""good"": []}",43237.0,"{""good"": []}",0.0,"{""good"": []}",NSW,"{""good"": []}",63.4275,"{""good"": []}",,,15.68996331,"{""good"": []}",15.99694701,"{""good"": []}",13.97506626,"{""good"": []}",184.4113002,"{""good"": []}",15.88341667,"{""good"": []}"
2026-09-30 15:16:00+00:00,Aberporth Automatic Weather Station,-4.57,52.14,0.0,"{""good"": []}",992.9,"{""good"": []}",,,17.44731654,"{""good"": []}",,,,,7100.0,"{""good"": []}",15000.0,"{""good"": []}",,"{""good"": []}",1.0,"{""good"": []}",1.0,"{""good"": []}",,"{""good"": []}",2.0,"{""good"": []}",,,420.9700873,"{""good"": []}",,,382.1473389,"{""good"": []}",,,1.0,"{""good"": []}",23.54908661,"{""good"": []}",23.77947031,"{""good"": []}",41493.5,"{""good"": []}",0.0,"{""good"": []}",NSW,"{""good"": []}",64.42,"{""good"": []}",,,15.69162237,"{""good"": []}",15.9979051,"{""good"": []}",13.97552412,"{""good"": []}",194.1763255,"{""good"": []}",16.124625,"{""good"": []}"
2026-09-30 15:17:00+00:00,Aberporth Automatic Weather Station,-4.57,52.14,0.0,"{""good"": []}",992.935,"{""good"": []}",,,17.46801274,"{""good"": []}",,,,,7100.0,"{""good"": []}",,"{""good"": []}",,"{""good"": []}",1.0,"{""good"": []}",,"{""good"": []}",,"{""good"": []}",1.0,"{""good"": []}",,,418.6618233,"{""good"": []}",,,347.8547746,"{""good"": []}",,,1.0,"{""good"": []}",23.61350444,"{""good"": []}",23.74391815,"{""good"": []}",47000.5,"{""good"": []}",0.0,"{""good"": []}",NSW,"{""good"": []}",64.7525,"{""good"": []}",,,15.6915749,"{""good"": []}",15.99856051,"{""good"": []}",13.97572427,"{""good"": []}",188.5322515,"{""good"": []}",18.772,"{""good"": []}"
2026-09-30 15:18:00+00:00,Aberporth Automatic Weather Station,-4.57,52.14,0.0,"{""good"": []}",992.92,"{""good"": []}",,,17.36869899,"{""good"": []}",,,,,7100.0,"{""good"": []}",,"{""good"": []}",,"{""good"": []}",1.0,"{""good"": []}",,"{""good"": []}",,"{""good"": []}",1.0,"{""good"": []}",,,416.9333243,"{""good"": []}",,,383.2369059,"{""good"": []}",,,1.0,"{""good"": []}",23.53231943,"{""good"": []}",23.63083763,"{""good"": []}",48803.5,"{""good"": []}",0.0,"{""good"": []}",NSW,"{""good"": []}",63.4225,"{""good"": []}",,,15.69071788,"{""good"": []}",15.99992385,"{""good"": []}",13.97607454,"{""good"": []}",188.0542195,"{""good"": []}",21.17054167,"{""good"": []}"
2026-09-30 15:19:00+00:00,Aberporth Automatic Weather Station,-4.57,52.14,0.0,"{""good"": []}",992.915,"{""good"": []}",,,17.39292783,"{""good"": []}",,,,,7100.0,"{""good"": []}",,"{""good"": []}",,"{""good"": []}",1.0,"{""good"": []}",,"{""good"": []}",,"{""good"": []}",1.0,"{""good"": []}",,,415.2503664,"{""good"": []}",,,387.9132246,"{""good"": []}",,,1.0,"{""good"": []}",23.50048654,"{""good"": []}",23.71290431,"{""good"": []}",52550.0,"{""good"": []}",0.0,"{""good"": []}",NSW,"{""good"": []}",62.475,"{""good"": []}",,,15.6908703,"{""good"": []}",16.00097949,"{""good"": []}",13.97607704,"{""good"": []}",198.509205,"{""good"": []}",20.05291667,"{""good"": []}"
2026-09-30 15:20:00+00:00,Aberporth Automatic Weather Station,-4.57,52.14,0.0,"{""good"": []}",992.92,"{""good"": []}",,,17.37418784,"{""good"": []}",,,,,7100.0,"{""good"": []}",,"{""good"": []}",,"{""good"": []}",1.0,"{""good"": []}",,"{""good"": []}",,"{""good"": []}",1.0,"{""good"": []}",,,413.5245565,"{""good"": []}",,,384.9921273,"{""good"": []}",,,1.0,"{""good"": []}",23.46835133,"{""good"": []}",23.74316635,"{""good"": []}",50802.5,"{""good"": []}",0.0,"{""good"": []}",NSW,"{""good"": []}",60.995,"{""good"": []}",,,15.69117013,"{""good"": []}",16.00224027,"{""good"": []}",13.97668501,"{""good"": []}",189.5798562,"{""good"": []}",18.77325,"{""good"": []}"
2026-09-30 15:21:00+00:00,Aberporth Automatic Weather Station,-4.57,52.14,0.0,"{""good"": []}",992.96,"{""good"": []}",,,17.4167994,"{""good"": []}",,,,,7100.0,"{""good"": []}",,"{""good"": []}",,"{""good"": []}",1.0,"{""good"": []}",,"{""good"": []}",,"{""good"": []}",1.0,"{""good"": []}",,,411.7954942,"{""good"": []}",,,383.3343673,"{""good"": []}",,,1.0,"{""good"": []}",23.48960573,"{""good"": []}",23.78273979,"{""good"": []}",48418.0,"{""good"": []}",0.0,"{""good"": []}",NSW,"{""good"": []}",62.9725,"{""good"": []}",,,15.69147246,"{""good"": []}",16.00315333,"{""good"": []}",13.9769352,"{""good"": []}",186.0818066,"{""good"": []}",15.855125,"{""good"": []}"
2026-09-30 15:22:00+00:00,Aberporth Automatic Weather Station,-4.57,52.14,0.0,"{""good"": []}",992.945,"{""good"": []}",,,17.41996979,"{""good"": []}",,,,,7100.0,"{""good"": []}",,"{""good"": []}",,"{""good"": []}",1.0,"{""good"": []}",,"{""good"": []}",,"{""good"": []}",1.0,"{""good"": []}",,,410.0675942,"{""good"": []}",,,382.3943258,"{""good"": []}",,,1.0,"{""good"": []}",23.58681088,"{""good"": []}",23.88006737,"{""good"": []}",52803.0,"{""good"": []}",0.0,"{""good"": []}",NSW,"{""good"": []}",63.36,"{""good"": []}",,,15.69132004,"{""good"": []}",16.00461173,"{""good"": []}",13.97713535,"{""good"": []}",190.6202518,"{""good"": []}",16.49016667,"{""good"": []}"
2026-09-30 15:23:00+00:00,Aberporth Automatic Weather Station,-4.57,52.14,0.0,"{""good"": []}",992.965,"{""good"": []}",,,17.56128801,"{""good"": []}",,,,,7100.0,"{""good"": []}",,"{""good"": []}",,"{""good"": []}",1.0,"{""good"": []}",,"{""good"": []}",,"{""good"": []}",1.0,"{""good"": []}",,,408.3079163,"{""good"": []}",,,379.4403183,"{""good"": []}",,,1.0,"{""good"": []}",23.70109051,"{""good"": []}",23.97361843,"{""good"": []}",48486.0,"{""good"": []}",0.0,"{""good"": []}",NSW,"{""good"": []}",65.415,"{""good"": []}",,,15.68996331,"{""good"": []}",16.00582248,"{""good"": []}",13.97763824,"{""good"": []}",185.7613902,"{""good"": []}",14.94591667,"{""good"": []}"
2026-09-30 15:24:00+00:00,Aberporth Automatic Weather Station,-4.57,52.14,0.0,"{""good"": []}",992.99,"{""good"": []}",,,17.46559935,"{""good"": []}",,,,,7100.0,"{""good"": []}",,"{""good"": []}",,"{""good"": []}",1.0,"{""good"": []}",,"{""good"": []}",,"{""good"": []}",1.0,"{""good"": []}",,,406.8339796,"{""good"": []}",,,372.3432997,"{""good"": []}",,,1.0,"{""good"": []}",23.8014662,"{""good"": []}",24.05644441,"{""good"": []}",40722.0,"{""good"": []}",0.0,"{""good"": []}",NSW,"{""good"": []}",65.0975,"{""good"": []}",,,15.69056797,"{""good"": []}",16.00663047,"{""good"": []}",13.97794598,"{""good"": []}",179.7468494,"{""good"": []}",16.55791667,"{""good"": []}"
2026-09-30 15:25:00+00:00,Aberporth Automatic Weather Station,-4.57,52.14,0.0,"{""good"": []}",992.97,"{""good"": []}",,,17.3845684,"{""good"": []}",,,,,7100.0,"{""good"": []}",,"{""good"": []}",,"{""good"": []}",1.0,"{""good"": []}",,"{""good"": []}",,"{""good"": []}",1.0,"{""good"": []}",,,405.4315744,"{""good"": []}",,,364.3139996,"{""good"": []}",,,1.0,"{""good"": []}",23.70441596,"{""good"": []}",24.02839782,"{""good"": []}",40978.0,"{""good"": []}",0.0,"{""good"": []}",NSW,"{""good"": []}",66.51,"{""good"": []}",,,15.69061794,"{""good"": []}",16.00768862,"{""good"": []}",13.97799601,"{""good"": []}",174.334839,"{""good"": []}",15.22816667,"{""good"": []}"
2026-09-30 15:26:00+00:00,Aberporth Automatic Weather Station,-4.57,52.14,0.0,"{""good"": []}",992.965,"{""good"": []}",,,17.41427609,"{""good"": []}",,,,,7100.0,"{""good"": []}",,"{""good"": []}",,"{""good"": []}",1.0,"{""good"": []}",,"{""good"": []}",,"{""good"": []}",1.0,"{""good"": []}",,,403.9723406,"{""good"": []}",,,359.8678529,"{""good"": []}",,,1.0,"{""good"": []}",23.56384502,"{""good"": []}",24.00392543,"{""good"": []}",42908.5,"{""good"": []}",0.0,"{""good"": []}",NSW,"{""good"": []}",67.9075,"{""good"": []}",,,15.69081783,"{""good"": []}",16.00889687,"{""good"": []}",13.97844636,"{""good"": []}",168.2451832,"{""good"": []}",17.69083333,"{""good"": []}"
2026-09-30 15:27:00+00:00,Aberporth Automatic Weather Station,-4.57,52.14,0.0,"{""good"": []}",992.915,"{""good"": []}",,,17.29814356,"{""good"": []}",,,,,7100.0,"{""good"": []}",,"{""good"": []}",,"{""good"": []}",1.0,"{""good"": []}",,"{""good"": []}",,"{""good"": []}",1.0,"{""good"": []}",,,402.3050301,"{""good"": []}",,,351.325601,"{""good"": []}",,,1.0,"{""good"": []}",23.36192936,"{""good"": []}",23.92402425,"{""good"": []}",42325.5,"{""good"": []}",0.0,"{""good"": []}",NSW,"{""good"": []}",67.9325,"{""good"": []}",,,15.69056797,"{""good"": []}",16.00965733,"{""good"": []}",13.97884917,"{""good"": []}",177.0780492,"{""good"": []}",19.56245833,"{""good"": []}"
2026-09-30 15:28:00+00:00,Aberporth Automatic Weather Station,-4.57,52.14,0.0,"{""good"": []}",992.965,"{""good"": []}",,,17.22345339,"{""good"": []}",,,,,7100.0,"{""good"": []}",,"{""good"": []}",,"{""good"": []}",1.0,"{""good"": []}",,"{""good"": []}",,"{""good"": []}",1.0,"{""good"": []}",,,401.0989822,"{""good"": []}",,,346.265433,"{""good"": []}",,,1.0,"{""good"": []}",23.13040442,"{""good"": []}",23.7264493,"{""good"": []}",45259.0,"{""good"": []}",0.0,"{""good"": []}",NSW,"{""good"": []}",66.905,"{""good"": []}",,,15.69072039,"{""good"": []}",16.01015764,"{""good"": []}",13.97915441,"{""good"": []}",191.7720255,"{""good"": []}",16.71116667,"{""good"": []}"
2026-09-30 15:29:00+00:00,Aberporth Automatic Weather Station,-4.57,52.14,0.0,"{""good"": []}",993.0,"{""good"": []}",,,17.26757395,"{""good"": []}",,,,,15000.0,"{""good"": []}",,"{""good"": []}",,"{""good"": []}",1.0,"{""good"": []}",,"{""good"": []}",,"{""good"": []}",1.0,"{""good"": []}",,,399.3476604,"{""good"": []}",,,332.330004,"{""good"": []}",,,1.0,"{""good"": []}",23.07137327,"{""good"": []}",23.64755219,"{""good"": []}",42096.0,"{""good"": []}",0.0,"{""good"": []}",NSW,"{""good"": []}",66.4225,"{""good"": []}",,,15.69096774,"{""good"": []}",16.0110657,"{""good"": []}",13.97950718,"{""good"": []}",192.7478443,"{""good"": []}",20.26470833,"{""good"": []}"
2026-09-30 15:30:00+00:00,Aberporth Automatic Weather Station,-4.57,52.14,0.0,"{""good"": []}",992.995,"{""good"": []}",,,17.26888058,"{""good"": []}",,,,,15000.0,"{""good"": []}",,"{""good"": []}",,"{""good"": []}",1.0,"{""good"": []}",,"{""good"": []}",,"{""good"": []}",1.0,"{""good"": []}",,,398.8798153,"{""good"": []}",,,336.071726,"{""good"": []}",,,1.0,"{""good"": []}",22.9228972,"{""good"": []}",23.40461665,"{""good"": []}",42870.0,"{""good"": []}",0.0,"{""good"": []}",NSW,"{""good"": []}",67.3,"{""good"": []}",,,15.69077036,"{""good"": []}",16.01121829,"{""good"": []}",13.97985744,"{""good"": []}",189.9709941,"{""good"": []}",18.79041667,"{""good"": []}"
2026-09-30 15:31:00+00:00,Aberporth Automatic Weather Station,-4.57,52.14,0.0,"{""good"": []}",993.045,"{""good"": []}",,,17.27895386,"{""good"": []}",,,,,15000.0,"{""good"": []}",,"{""good"": []}",,"{""good"": []}",1.0,"{""good"": []}",,"{""good"": []}",,"{""good"": []}",1.0,"{""good"": []}",,,398.985545,"{""good"": []}",,,344.925686,"{""good"": []}",,,1.0,"{""good"": []}",22.92335191,"{""good"": []}",23.41166264,"{""good"": []}",43711.0,"{""good"": []}",0.0,"{""good"": []}",NSW,"{""good"": []}",67.9375,"{""good"": []}",,,15.69066791,"{""good"": []}",16.01212135,"{""good"": []}",13.98021272,"{""good"": []}",175.0698532,"{""good"": []}",16.21925,"{""good"": []}"
2026-09-30 15:32:00+00:00,Aberporth Automatic Weather Station,-4.57,52.14,0.0,"{""good"": []}",993.04,"{""good"": []}",,,17.1631686,"{""good"": []}",,,,,0.0,"{""good"": []}",,"{""good"": []}",,"{""good"": []}",0.0,"{""good"": []}",,"{""good"": []}",,"{""good"": []}",0.0,"{""good"": []}",,,398.0834979,"{""good"": []}",,,339.2563009,"{""good"": []}",,,1.0,"{""good"": []}",22.94268751,"{""good"": []}",23.46312009,"{""good"": []}",40213.5,"{""good"": []}",0.0,"{""good"": []}",NSW,"{""good"": []}",67.675,"{""good"": []}",,,15.690518,"{""good"": []}",16.0133371,"{""good"": []}",13.98056799,"{""good"": []}",174.0587725,"{""good"": []}",23.37775,"{""good"": []}"
2026-09-30 15:33:00+00:00,Aberporth Automatic Weather Station,-4.57,52.14,0.0,"{""good"": []}",993.025,"{""good"": []}",,,17.07206438,"{""good"": []}",,,,,0.0,"{""good"": []}",,"{""good"": []}",,"{""good"": []}",0.0,"{""good"": []}",,"{""good"": []}",,"{""good"": []}",0.0,"{""good"": []}",,,396.6153957,"{""good"": []}",,,333.6881257,"{""good"": []}",,,1.0,"{""good"": []}",22.74812731,"{""good"": []}",23.37178948,"{""good"": []}",40150.0,"{""good"": []}",0.0,"{""good"": []}",NSW,"{""good"": []}",67.5875,"{""good"": []}",,,15.69031561,"{""good"": []}",16.01429519,"{""good"": []}",13.98101834,"{""good"": []}",183.1903756,"{""good"": []}",21.47395833,"{""good"": []}"
2026-09-30 15:34:00+00:00,Aberporth Automatic Weather Station,-4.57,52.14,0.0,"{""good"": []}",993.09,"{""good"": []}",,,17.08667214,"{""good"": []}",,,,,0.0,"{""good"": []}",,"{""good"": []}",,"{""good"": []}",0.0,"{""good"": []}",,"{""good"": []}",,"{""good"": []}",0.0,"{""good"": []}",,,394.601771,"{""good"": []}",,,326.9213227,"{""good"": []}",,,1.0,"{""good"": []}",22.63626869,"{""good"": []}",23.24304093,"{""good"": []}",35952.5,"{""good"": []}",0.0,"{""good"": []}",NSW,"{""good"": []}",67.255,"{""good"": []}",,,15.69036558,"{""good"": []}",16.01505065,"{""good"": []}",13.98137111,"{""good"": []}",182.6084905,"{""good"": []}",21.77025,"{""good"": []}"
2026-09-30 15:35:00+00:00,Aberporth Automatic Weather Station,-4.57,52.14,0.0,"{""good"": []}",993.105,"{""good"": []}",,,17.08032387,"{""good"": []}",,,,,0.0,"{""good"": []}",,"{""good"": []}",,"{""good"": []}",0.0,"{""good"": []}",,"{""good"": []}",,"{""good"": []}",0.0,"{""good"": []}",,,392.4794441,"{""good"": []}",,,325.2871985,"{""good"": []}",,,1.0,"{""good"": []}",22.51735691,"{""good"": []}",23.12180045,"{""good"": []}",44443.5,"{""good"": []}",0.0,"{""good"": []}",NSW,"{""good"": []}",68.0775,"{""good"": []}",,,15.69031312,"{""good"": []}",16.01575608,"{""good"": []}",13.98157126,"{""good"": []}",185.1435496,"{""good"": []}",19.245,"{""good"": []}"
2026-09-30 15:36:00+00:00,Aberporth Automatic Weather Station,-4.57,52.14,0.0,"{""good"": []}",993.155,"{""good"": []}",,,17.13089014,"{""good"": []}",,,,,0.0,"{""good"": []}",,"{""good"": []}",,"{""good"": []}",0.0,"{""good"": []}",,"{""good"": []}",,"{""good"": []}",0.0,"{""good"": []}",,,390.1681122,"{""good"": []}",,,321.7258719,"{""good"": []}",,,1.0,"{""good"": []}",22.53341952,"{""good"": []}",23.09048438,"{""good"": []}",46159.0,"{""good"": []}",0.0,"{""good"": []}",NSW,"{""good"": []}",69.22,"{""good"": []}",,,15.69031561,"{""good"": []}",16.01605627,"{""good"": []}",13.98197907,"{""good"": []}",181.4423045,"{""good"": []}",17.55825,"{""good"": []}"
2026-09-30 15:37:00+00:00,Aberporth Automatic Weather Station,-4.57,52.14,0.0,"{""good"": []}",993.165,"{""good"": []}",,,17.11945526,"{""good"": []}",,,,,0.0,"{""good"": []}",,"{""good"": []}",,"{""good"": []}",0.0,"{""good"": []}",,"{""good"": []}",,"{""good"": []}",0.0,"{""good"": []}",,,387.5939469,"{""good"": []}",,,321.6253302,"{""good"": []}",,,1.0,"{""good"": []}",22.56988706,"{""good"": []}",23.09320187,"{""good"": []}",42086.5,"{""good"": []}",0.0,"{""good"": []}",NSW,"{""good"": []}",69.88,"{""good"": []}",,,15.6908678,"{""good"": []}",16.01621137,"{""good"": []}",13.98237938,"{""good"": []}",182.5058537,"{""good"": []}",18.46370833,"{""good"": []}"
2026-09-30 15:38:00+00:00,Aberporth Automatic Weather Station,-4.57,52.14,0.0,"{""good"": []}",993.165,"{""good"": []}",,,17.08112833,"{""good"": []}",,,,,0.0,"{""good"": []}",,"{""good"": []}",,"{""good"": []}",0.0,"{""good"": []}",,"{""good"": []}",,"{""good"": []}",0.0,"{""good"": []}",,,384.9287346,"{""good"": []}",,,313.0689937,"{""good"": []}",,,1.0,"{""good"": []}",22.555381,"{""good"": []}",23.09007976,"{""good"": []}",38919.5,"{""good"": []}",0.0,"{""good"": []}",NSW,"{""good"": []}",68.735,"{""good"": []}",,,15.68955854,"{""good"": []}",16.01726701,"{""good"": []}",13.98273466,"{""good"": []}",185.9483778,"{""good"": []}",21.35641667,"{""good"": []}"
2026-09-30 15:39:00+00:00,Aberporth Automatic Weather Station,-4.57,52.14,0.0,"{""good"": []}",993.17,"{""good"": []}",,,17.0123842,"{""good"": []}",,,,,0.0,"{""good"": []}",,"{""good"": []}",,"{""good"": []}",0.0,"{""good"": []}",,"{""good"": []}",,"{""good"": []}",0.0,"{""good"": []}",,,379.2501839,"{""good"": []}",,,129.2725672,"{""good"": []}",,,0.0,"{""good"": []}",22.0909145,"{""good"": []}",22.29198464,"{""good"": []}",37900.5,"{""good"": []}",0.0,"{""good"": []}",NSW,"{""good"": []}",68.8075,"{""good"": []}",,,15.69011323,"{""good"": []}",16.01832767,"{""good"": []}",13.98298735,"{""good"": []}",173.8545379,"{""good"": []}",22.203625,"{""good"": []}"
2026-09-30 15:40:00+00:00,Aberporth Automatic Weather Station,-4.57,52.14,0.0,"{""good"": []}",993.07,"{""good"": []}",,,16.87363675,"{""good"": []}",,,,,0.0,"{""good"": []}",,"{""good"": []}",,"{""good"": []}",0.0,"{""good"": []}",,"{""good"": []}",,"{""good"": []}",0.0,"{""good"": []}",,,376.7145603,"{""good"": []}",,,316.0717537,"{""good"": []}",,,1.0,"{""good"": []}",21.42811013,"{""good"": []}",21.45306224,"{""good"": []}",39726.0,"{""good"": []}",0.0,"{""good"": []}",NSW,"{""good"": []}",69.35,"{""good"": []}",,,15.69021567,"{""good"": []}",16.01843023,"{""good"": []}",13.9834402,"{""good"": []}",186.5419812,"{""good"": []}",20.083875,"{""good"": []}"
2026-09-30 15:41:00+00:00,Aberporth Automatic Weather Station,-4.57,52.14,0.0,"{""good"": []}",993.18,"{""good"": []}",,,16.94243086,"{""good"": []}",,,,,0.0,"{""good"": []}",,"{""good"": []}",,"{""good"": []}",0.0,"{""good"": []}",,"{""good"": []}",,"{""good"": []}",0.0,"{""good"": []}",,,373.9746247,"{""good"": []}",,,304.3026275,"{""good"": []}",,,1.0,"{""good"": []}",21.64477921,"{""good"": []}",21.96033606,"{""good"": []}",36523.0,"{""good"": []}",0.0,"{""good"": []}",NSW,"{""good"": []}",69.4725,"{""good"": []}",,,15.68991334,"{""good"": []}",16.01893554,"{""good"": []}",13.9838405,"{""good"": []}",186.0544623,"{""good"": []}",18.90466667,"{""good"": []}"
2026-09-30 15:42:00+00:00,Aberporth Automatic Weather Station,-4.57,52.14,0.0,"{""good"": []}",993.205,"{""good"": []}",,,17.04723595,"{""good"": []}",,,,,0.0,"{""good"": []}",,"{""good"": []}",,"{""good"": []}",0.0,"{""good"": []}",,"{""good"": []}",,"{""good"": []}",0.0,"{""good"": []}",,,371.2714418,"{""good"": []}",,,304.2920225,"{""good"": []}",,,1.0,"{""good"": []}",21.83274097,"{""good"": []}",22.24138639,"{""good"": []}",40839.5,"{""good"": []}",0.0,"{""good"": []}",NSW,"{""good"": []}",70.7075,"{""good"": []}",,,15.69066792,"{""good"": []}",16.01923573,"{""good"": []}",13.98409821,"{""good"": []}",178.6589814,"{""good"": []}",15.068375,"{""good"": []}"
2026-09-30 15:43:00+00:00,Aberporth Automatic Weather Station,-4.57,52.14,0.0,"{""good"": []}",993.23,"{""good"": []}",,,17.11517313,"{""good"": []}",,,,,0.0,"{""good"": []}",,"{""good"": []}",,"{""good"": []}",0.0,"{""good"": []}",,"{""good"": []}",,"{""good"": []}",0.0,"{""good"": []}",,,367.7428731,"{""good"": []}",,,253.3275702,"{""good"": []}",,,1.0,"{""good"": []}",21.92888927,"{""good"": []}",22.30412093,"{""good"": []}",40834.5,"{""good"": []}",0.0,"{""good"": []}",NSW,"{""good"": []}",71.54,"{""good"": []}",,,15.69031312,"{""good"": []}",16.02009125,"{""good"": []}",13.98445098,"{""good"": []}",176.0424647,"{""good"": []}",16.02933333,"{""good"": []}"
2026-09-30 15:44:00+00:00,Aberporth Automatic Weather Station,-4.57,52.14,0.0,"{""good"": []}",993.19,"{""good"": []}",,,17.00100179,"{""good"": []}",,,,,0.0,"{""good"": []}",,"{""good"": []}",,"{""good"": []}",0.0,"{""good"": []}",,"{""good"": []}",,"{""good"": []}",0.0,"{""good"": []}",,,364.3468033,"{""good"": []}",,,260.5291677,"{""good"": []}",,,1.0,"{""good"": []}",21.8201987,"{""good"": []}",22.12376507,"{""good"": []}",38863.5,"{""good"": []}",0.0,"{""good"": []}",NSW,"{""good"": []}",70.5425,"{""good"": []}",,,15.68970845,"{""good"": []}",16.02064659,"{""good"": []}",13.98485129,"{""good"": []}",184.4715528,"{""good"": []}",17.59375,"{""good"": []}"
2026-09-30 15:45:00+00:00,Aberporth Automatic Weather Station,-4.57,52.14,0.0,"{""good"": []}",993.195,"{""good"": []}",,,16.95925214,"{""good"": []}",,,,,0.0,"{""good"": []}",,"{""good"": []}",,"{""good"": []}",0.0,"{""good"": []}",,"{""good"": []}",,"{""good"": []}",0.0,"{""good"": []}",,,364.0833524,"{""good"": []}",,,279.9553717,"{""good"": []}",,,1.0,"{""good"": []}",21.7175569,"{""good"": []}",22.08217849,"{""good"": []}",38254.5,"{""good"": []}",0.0,"{""good"": []}",NSW,"{""good"": []}",69.575,"{""good"": []}",,,15.69001328,"{""good"": []}",16.02090175,"{""good"": []}",13.98545675,"{""good"": []}",182.7688374,"{""good"": []}",22.03845833,"{""good"": []}"
2026-09-30 15:46:00+00:00,Aberporth Automatic Weather Station,-4.57,52.14,0.0,"{""good"": []}",993.18,"{""good"": []}",,,17.00286804,"{""good"": []}",,,,,0.0,"{""good"": []}",,"{""good"": []}",,"{""good"": []}",0.0,"{""good"": []}",,"{""good"": []}",,"{""good"": []}",0.0,"{""good"": []}",,,364.6540564,"{""good"": []}",,,289.644998,"{""good"": []}",,,1.0,"{""good"": []}",21.70295089,"{""good"": []}",22.22451448,"{""good"": []}",41177.0,"{""good"": []}",0.0,"{""good"": []}",NSW,"{""good"": []}",69.3875,"{""good"": []}",,,15.6898109,"{""good"": []}",16.0211519,"{""good"": []}",13.98571194,"{""good"": []}",185.9153386,"{""good"": []}",20.29275,"{""good"": []}"
2026-09-30 15:47:00+00:00,Aberporth Automatic Weather Station,-4.57,52.14,0.0,"{""good"": []}",993.22,"{""good"": []}",,,17.05116582,"{""good"": []}",,,,,0.0,"{""good"": []}",,"{""good"": []}",,"{""good"": []}",0.0,"{""good"": []}",,"{""good"": []}",,"{""good"": []}",0.0,"{""good"": []}",,,363.8092681,"{""good"": []}",,,290.2801898,"{""good"": []}",,,1.0,"{""good"": []}",21.69337928,"{""good"": []}",22.36655325,"{""good"": []}",40218.0,"{""good"": []}",0.0,"{""good"": []}",NSW,"{""good"": []}",69.92,"{""good"": []}",,,15.69061794,"{""good"": []}",16.02120443,"{""good"": []}",13.98601218,"{""good"": []}",192.1056729,"{""good"": []}",18.48741667,"{""good"": []}"
2026-09-30 15:48:00+00:00,Aberporth Automatic Weather Station,-4.57,52.14,0.0,"{""good"": []}",993.245,"{""good"": []}",,,17.0751873,"{""good"": []}",,,,,0.0,"{""good"": []}",,"{""good"": []}",,"{""good"": []}",0.0,"{""good"": []}",,"{""good"": []}",,"{""good"": []}",0.0,"{""good"": []}",,,361.1151689,"{""good"": []}",,,286.2132147,"{""good"": []}",,,1.0,"{""good"": []}",21.69458854,"{""good"": []}",22.47788039,"{""good"": []}",39735.0,"{""good"": []}",0.0,"{""good"": []}",NSW,"{""good"": []}",69.565,"{""good"": []}",,,15.68955854,"{""good"": []}",16.02130449,"{""good"": []}",13.98671772,"{""good"": []}",195.4643903,"{""good"": []}",19.59554167,"{""good"": []}"
2026-09-30 15:49:00+00:00,Aberporth Automatic Weather Station,-4.57,52.14,0.0,"{""good"": []}",993.26,"{""good"": []}",,,17.11769394,"{""good"": []}",,,,,0.0,"{""good"": []}",,"{""good"": []}",,"{""good"": []}",0.0,"{""good"": []}",,"{""good"": []}",,"{""good"": []}",0.0,"{""good"": []}",,,359.8047062,"{""good"": []}",,,285.9048359,"{""good"": []}",,,1.0,"{""good"": []}",21.65248197,"{""good"": []}",22.53271223,"{""good"": []}",39513.5,"{""good"": []}",0.0,"{""good"": []}",NSW,"{""good"": []}",70.17,"{""good"": []}",,,15.68976093,"{""good"": []}",16.02221255,"{""good"": []}",13.98702296,"{""good"": []}",184.2700804,"{""good"": []}",17.23716667,"{""good"": []}"
2026-09-30 15:50:00+00:00,Aberporth Automatic Weather Station,-4.57,52.14,0.0,"{""good"": []}",993.28,"{""good"": []}",,,17.05957521,"{""good"": []}",,,,,0.0,"{""good"": []}",,"{""good"": []}",,"{""good"": []}",0.0,"{""good"": []}",,"{""good"": []}",,"{""good"": []}",0.0,"{""good"": []}",,,358.2409973,"{""good"": []}",,,286.2506425,"{""good"": []}",,,1.0,"{""good"": []}",21.64175857,"{""good"": []}",22.60616686,"{""good"": []}",40323.5,"{""good"": []}",0.0,"{""good"": []}",NSW,"{""good"": []}",69.58,"{""good"": []}",,,15.68986087,"{""good"": []}",16.02200993,"{""good"": []}",13.9874733,"{""good"": []}",186.1404022,"{""good"": []}",18.85658333,"{""good"": []}"
2026-09-30 15:51:00+00:00,Aberporth Automatic Weather Station,-4.57,52.14,0.0,"{""good"": []}",993.28,"{""good"": []}",,,17.05212269,"{""good"": []}",,,,,0.0,"{""good"": []}",,"{""good"": []}",,"{""good"": []}",0.0,"{""good"": []}",,"{""good"": []}",,"{""good"": []}",0.0,"{""good"": []}",,,357.0479857,"{""good"": []}",,,286.2612772,"{""good"": []}",,,1.0,"{""good"": []}",21.55029239,"{""good"": []}",22.66064652,"{""good"": []}",41313.0,"{""good"": []}",0.0,"{""good"": []}",NSW,"{""good"": []}",69.155,"{""good"": []}",,,15.69046553,"{""good"": []}",16.02241518,"{""good"": []}",13.98798119,"{""good"": []}",187.6656804,"{""good"": []}",17.66545833,"{""good"": []}"
2026-09-30 15:52:00+00:00,Aberporth Automatic Weather Station,-4.57,52.14,0.0,"{""good"": []}",993.295,"{""good"": []}",,,17.05519314,"{""good"": []}",,,,,0.0,"{""good"": []}",,"{""good"": []}",,"{""good"": []}",0.0,"{""good"": []}",,"{""good"": []}",,"{""good"": []}",0.0,"{""good"": []}",,,354.5489883,"{""good"": []}",,,278.2382226,"{""good"": []}",,,1.0,"{""good"": []}",21.18182179,"{""good"": []}",22.66306429,"{""good"": []}",42000.0,"{""good"": []}",0.0,"{""good"": []}",NSW,"{""good"": []}",69.135,"{""good"": []}",,,15.68956104,"{""good"": []}",16.02271537,"{""good"": []}",13.988384,"{""good"": []}",184.9933828,"{""good"": []}",15.33516667,"{""good"": []}"
2026-09-30 15:53:00+00:00,Aberporth Automatic Weather Station,-4.57,52.14,0.0,"{""good"": []}",993.335,"{""good"": []}",,,17.09246078,"{""good"": []}",,,,,0.0,"{""good"": []}",,"{""good"": []}",,"{""good"": []}",0.0,"{""good"": []}",,"{""good"": []}",,"{""good"": []}",0.0,"{""good"": []}",,,353.1677229,"{""good"": []}",,,277.0736912,"{""good"": []}",,,1.0,"{""good"": []}",20.77502227,"{""good"": []}",22.64483863,"{""good"": []}",43736.0,"{""good"": []}",0.0,"{""good"": []}",NSW,"{""good"": []}",70.0475,"{""good"": []}",,,15.68986087,"{""good"": []}",16.02286795,"{""good"": []}",13.98848408,"{""good"": []}",181.9995567,"{""good"": []}",17.59283333,"{""good"": []}"
2026-09-30 15:54:00+00:00,Aberporth Automatic Weather Station,-4.57,52.14,0.0,"{""good"": []}",993.31,"{""good"": []}",,,17.05514067,"{""good"": []}",,,,,0.0,"{""good"": []}",,"{""good"": []}",,"{""good"": []}",0.0,"{""good"": []}",,"{""good"": []}",,"{""good"": []}",0.0,"{""good"": []}",,,350.0822989,"{""good"": []}",,,288.3348359,"{""good"": []}",,,1.0,"{""good"": []}",20.57139516,"{""good"": []}",22.68471179,"{""good"": []}",39702.5,"{""good"": []}",0.0,"{""good"": []}",NSW,"{""good"": []}",70.1025,"{""good"": []}",,,15.69026314,"{""good"": []}",16.02256527,"{""good"": []}",13.98923966,"{""good"": []}",185.531068,"{""good"": []}",20.651,"{""good"": []}"
2026-09-30 15:55:00+00:00,Aberporth Automatic Weather Station,-4.57,52.14,0.0,"{""good"": []}",993.33,"{""good"": []}",,,17.07720096,"{""good"": []}",,,,,0.0,"{""good"": []}",,"{""good"": []}",,"{""good"": []}",0.0,"{""good"": []}",,"{""good"": []}",,"{""good"": []}",0.0,"{""good"": []}",,,346.75227,"{""good"": []}",,,295.4210498,"{""good"": []}",,,1.0,"{""good"": []}",20.59501312,"{""good"": []}",22.74956687,"{""good"": []}",40079.0,"{""good"": []}",0.0,"{""good"": []}",NSW,"{""good"": []}",70.005,"{""good"": []}",,,15.69011323,"{""good"": []}",16.02281793,"{""good"": []}",13.98964497,"{""good"": []}",187.9288132,"{""good"": []}",19.263875,"{""good"": []}"
2026-09-30 15:56:00+00:00,Aberporth Automatic Weather Station,-4.57,52.14,0.0,"{""good"": []}",993.325,"{""good"": []}",,,17.02215268,"{""good"": []}",,,,,4300.0,"{""good"": []}",,"{""good"": []}",,"{""good"": []}",1.0,"{""good"": []}",,"{""good"": []}",,"{""good"": []}",1.0,"{""good"": []}",,,344.7969448,"{""good"": []}",,,298.9424654,"{""good"": []}",,,1.0,"{""good"": []}",20.87136795,"{""good"": []}",22.83364918,"{""good"": []}",41023.5,"{""good"": []}",0.0,"{""good"": []}",NSW,"{""good"": []}",68.605,"{""good"": []}",,,15.69006326,"{""good"": []}",16.02251274,"{""good"": []}",13.99004778,"{""good"": []}",186.5452882,"{""good"": []}",20.08875,"{""good"": []}"
2026-09-30 15:57:00+00:00,Aberporth Automatic Weather Station,-4.57,52.14,0.0,"{""good"": []}",993.315,"{""good"": []}",,,17.03222596,"{""good"": []}",,,,,4300.0,"{""good"": []}",,"{""good"": []}",,"{""good"": []}",1.0,"{""good"": []}",,"{""good"": []}",,"{""good"": []}",1.0,"{""good"": []}",,,342.6351901,"{""good"": []}",,,288.81621,"{""good"": []}",,,1.0,"{""good"": []}",21.12103172,"{""good"": []}",22.83999082,"{""good"": []}",41210.0,"{""good"": []}",0.0,"{""good"": []}",NSW,"{""good"": []}",69.0725,"{""good"": []}",,,15.6908678,"{""good"": []}",16.02236265,"{""good"": []}",13.99035301,"{""good"": []}",189.0094885,"{""good"": []}",17.80083333,"{""good"": []}"
2026-09-30 15:58:00+00:00,Aberporth Automatic Weather Station,-4.57,52.14,0.0,"{""good"": []}",993.34,"{""good"": []}",,,17.08742413,"{""good"": []}",,,,,4300.0,"{""good"": []}",,"{""good"": []}",,"{""good"": []}",1.0,"{""good"": []}",,"{""good"": []}",,"{""good"": []}",1.0,"{""good"": []}",,,342.286816,"{""good"": []}",,,273.8334994,"{""good"": []}",,,1.0,"{""good"": []}",21.2782699,"{""good"": []}",22.79522968,"{""good"": []}",44289.5,"{""good"": []}",0.0,"{""good"": []}",NSW,"{""good"": []}",70.09,"{""good"": []}",,,15.68976093,"{""good"": []}",16.02321817,"{""good"": []}",13.99090594,"{""good"": []}",180.0308497,"{""good"": []}",16.09966667,"{""good"": []}"
2026-09-30 15:59:00+00:00,Aberporth Automatic Weather Station,-4.57,52.14,0.0,"{""good"": []}",993.345,"{""good"": []}",,,17.00810205,"{""good"": []}",,,,,4300.0,"{""good"": []}",,"{""good"": []}",,"{""good"": []}",1.0,"{""good"": []}",,"{""good"": []}",,"{""good"": []}",1.0,"{""good"": []}",,,342.1279507,"{""good"": []}",,,263.3053697,"{""good"": []}",,,1.0,"{""good"": []}",21.33664145,"{""good"": []}",22.72232703,"{""good"": []}",39343.5,"{""good"": []}",0.0,"{""good"": []}",NSW,"{""good"": []}",69.505,"{""good"": []}",,,15.68945859,"{""good"": []}",16.02307058,"{""good"": []}",13.99105605,"{""good"": []}",182.7846401,"{""good"": []}",18.68208333,"{""good"": []}"
2026-09-30 16:00:00+00:00,Aberporth Automatic Weather Station,-4.57,52.14,0.0,"{""good"": []}",993.375,"{""good"": []}",,,16.99687204,"{""good"": []}",,,,,4300.0,"{""good"": []}",,"{""good"": []}",,"{""good"": []}",1.0,"{""good"": []}",,"{""good"": []}",,"{""good"": []}",1.0,"{""good"": []}",,,339.0513771,"{""good"": []}",,,258.5058007,"{""good"": []}",,,1.0,"{""good"": []}",21.28778904,"{""good"": []}",22.6010341,"{""good"": []}",41525.5,"{""good"": []}",0.0,"{""good"": []}",NSW,"{""good"": []}",69.505,"{""good"": []}",,,15.6898084,"{""good"": []}",16.02306558,"{""good"": []}",13.99171156,"{""good"": []}",191.5236475,"{""good"": []}",19.44733333,"{""good"": []}"
2026-09-30 16:01:00+00:00,Aberporth Automatic Weather Station,-4.57,52.14,0.0,"{""good"": []}",993.355,"{""good"": []}",,,16.9555721,"{""good"": []}",,,,,4300.0,"{""good"": []}",,"{""good"": []}",,"{""good"": []}",1.0,"{""good"": []}",,"{""good"": []}",,"{""good"": []}",1.0,"{""good"": []}",,,335.2832754,"{""good"": []}",,,255.7017695,"{""good"": []}",,,1.0,"{""good"": []}",21.05147455,"{""good"": []}",22.48009584,"{""good"": []}",43117.5,"{""good"": []}",0.0,"{""good"": []}",NSW,"{""good"": []}",68.94,"{""good"": []}",,,15.6898134,"{""good"": []}",16.02281542,"{""good"": []}",13.99196425,"{""good"": []}",189.2279497,"{""good"": []}",16.86854167,"{""good"": []}"
2026-09-30 16:02:00+00:00,Aberporth Automatic Weather Station,-4.57,52.14,0.0,"{""good"": []}",993.41,"{""good"": []}",,,16.96685706,"{""good"": []}",,,,,4300.0,"{""good"": []}",,"{""good"": []}",,"{""good"": []}",1.0,"{""good"": []}",,"{""good"": []}",,"{""good"": []}",1.0,"{""good"": []}",,,332.0264429,"{""good"": []}",,,253.0098873,"{""good"": []}",,,1.0,"{""good"": []}",20.75422009,"{""good"": []}",22.38246604,"{""good"": []}",39887.5,"{""good"": []}",0.0,"{""good"": []}",NSW,"{""good"": []}",69.62,"{""good"": []}",,,15.69026314,"{""good"": []}",16.02231512,"{""good"": []}",13.99251718,"{""good"": []}",183.2923287,"{""good"": []}",19.08008333,"{""good"": []}"
2026-09-30 16:03:00+00:00,Aberporth Automatic Weather Station,-4.57,52.14,0.0,"{""good"": []}",993.31,"{""good"": []}",,,16.83913727,"{""good"": []}",,,,,4300.0,"{""good"": []}",,"{""good"": []}",,"{""good"": []}",1.0,"{""good"": []}",,"{""good"": []}",,"{""good"": []}",1.0,"{""good"": []}",,,329.2183653,"{""good"": []}",,,250.7260617,"{""good"": []}",,,1.0,"{""good"": []}",20.74177775,"{""good"": []}",22.29370056,"{""good"": []}",40278.0,"{""good"": []}",0.0,"{""good"": []}",NSW,"{""good"": []}",67.2975,"{""good"": []}",,,15.69026564,"{""good"": []}",16.02180981,"{""good"": []}",13.9930701,"{""good"": []}",180.9283643,"{""good"": []}",22.70795833,"{""good"": []}"
2026-09-30 16:04:00+00:00,Aberporth Automatic Weather Station,-4.57,52.14,0.0,"{""good"": []}",993.365,"{""good"": []}",,,16.86421804,"{""good"": []}",,,,,4300.0,"{""good"": []}",,"{""good"": []}",,"{""good"": []}",1.0,"{""good"": []}",,"{""good"": []}",,"{""good"": []}",1.0,"{""good"": []}",,,326.0872596,"{""good"": []}",,,248.2571253,"{""good"": []}",,,1.0,"{""good"": []}",20.76560558,"{""good"": []}",22.18781588,"{""good"": []}",41928.0,"{""good"": []}",0.0,"{""good"": []}",NSW,"{""good"": []}",67.23,"{""good"": []}",,,15.69026314,"{""good"": []}",16.02190987,"{""good"": []}",13.99362803,"{""good"": []}",183.0435042,"{""good"": []}",19.04325,"{""good"": []}"
2026-09-30 16:05:00+00:00,Aberporth Automatic Weather Station,-4.57,52.14,0.0,"{""good"": []}",993.32,"{""good"": []}",,,16.8708661,"{""good"": []}",,,,,4300.0,"{""good"": []}",,"{""good"": []}",,"{""good"": []}",1.0,"{""good"": []}",,"{""good"": []}",,"{""good"": []}",1.0,"{""good"": []}",,,323.6967465,"{""good"": []}",,,243.0272835,"{""good"": []}",,,1.0,"{""good"": []}",20.7798568,"{""good"": []}",22.09532134,"{""good"": []}",41019.0,"{""good"": []}",0.0,"{""good"": []}",NSW,"{""good"": []}",68.08,"{""good"": []}",,,15.6894586,"{""good"": []}",16.0221125,"{""good"": []}",13.9939808,"{""good"": []}",180.5366336,"{""good"": []}",19.42429167,"{""good"": []}"
2026-09-30 16:06:00+00:00,Aberporth Automatic Weather Station,-4.57,52.14,0.0,"{""good"": []}",993.4,"{""good"": []}",,,16.83687128,"{""good"": []}",,,,,4300.0,"{""good"": []}",,"{""good"": []}",,"{""good"": []}",1.0,"{""good"": []}",,"{""good"": []}",,"{""good"": []}",1.0,"{""good"": []}",,,320.8170582,"{""good"": []}",,,238.6382266,"{""good"": []}",,,1.0,"{""good"": []}",20.76948069,"{""good"": []}",22.01511295,"{""good"": []}",43173.0,"{""good"": []}",0.0,"{""good"": []}",NSW,"{""good"": []}",68.37,"{""good"": []}",,,15.68950857,"{""good"": []}",16.02216252,"{""good"": []}",13.99413342,"{""good"": []}",182.4798102,"{""good"": []}",18.18508333,"{""good"": []}"
2026-09-30 16:07:00+00:00,Aberporth Automatic Weather Station,-4.57,52.14,0.0,"{""good"": []}",993.375,"{""good"": []}",,,16.78575039,"{""good"": []}",,,,,4300.0,"{""good"": []}",,"{""good"": []}",,"{""good"": []}",1.0,"{""good"": []}",,"{""good"": []}",,"{""good"": []}",1.0,"{""good"": []}",,,317.6978877,"{""good"": []}",,,235.8526058,"{""good"": []}",,,1.0,"{""good"": []}",20.71569381,"{""good"": []}",21.92992416,"{""good"": []}",41872.5,"{""good"": []}",0.0,"{""good"": []}",NSW,"{""good"": []}",68.01,"{""good"": []}",,,15.68905632,"{""good"": []}",16.0213045,"{""good"": []}",13.99463881,"{""good"": []}",185.2000523,"{""good"": []}",18.86908333,"{""good"": []}"
2026-09-30 16:08:00+00:00,Aberporth Automatic Weather Station,-4.57,52.14,0.0,"{""good"": []}",993.425,"{""good"": []}",,,16.82654567,"{""good"": []}",,,,,4300.0,"{""good"": []}",,"{""good"": []}",,"{""good"": []}",1.0,"{""good"": []}",,"{""good"": []}",,"{""good"": []}",1.0,"{""good"": []}",,,314.647978,"{""good"": []}",,,234.4909411,"{""good"": []}",,,1.0,"{""good"": []}",20.6567626,"{""good"": []}",21.8538944,"{""good"": []}",40740.5,"{""good"": []}",0.0,"{""good"": []}",NSW,"{""good"": []}",68.835,"{""good"": []}",,,15.69006325,"{""good"": []}",16.0211494,"{""good"": []}",13.9951392,"{""good"": []}",190.7455083,"{""good"": []}",17.65525,"{""good"": []}"
2026-09-30 16:09:00+00:00,Aberporth Automatic Weather Station,-4.57,52.14,0.0,"{""good"": []}",993.455,"{""good"": []}",,,16.83707115,"{""good"": []}",,,,,4300.0,"{""good"": []}",,"{""good"": []}",,"{""good"": []}",1.0,"{""good"": []}",,"{""good"": []}",,"{""good"": []}",1.0,"{""good"": []}",,,311.8743783,"{""good"": []}",,,230.0253776,"{""good"": []}",,,1.0,"{""good"": []}",20.66220175,"{""good"": []}",21.82237603,"{""good"": []}",40119.0,"{""good"": []}",0.0,"{""good"": []}",NSW,"{""good"": []}",69.4575,"{""good"": []}",,,15.68971096,"{""good"": []}",16.02110187,"{""good"": []}",13.99549446,"{""good"": []}",184.8783672,"{""good"": []}",16.29858333,"{""good"": []}"
2026-09-30 16:10:00+00:00,Aberporth Automatic Weather Station,-4.57,52.14,0.0,"{""good"": []}",993.42,"{""good"": []}",,,16.81199288,"{""good"": []}",,,,,4300.0,"{""good"": []}",,"{""good"": []}",,"{""good"": []}",1.0,"{""good"": []}",,"{""good"": []}",,"{""good"": []}",1.0,"{""good"": []}",,,309.0762671,"{""good"": []}",,,230.0114235,"{""good"": []}",,,1.0,"{""good"": []}",20.66099249,"{""good"": []}",21.8009758,"{""good"": []}",40939.0,"{""good"": []}",0.0,"{""good"": []}",NSW,"{""good"": []}",69.475,"{""good"": []}",,,15.68930868,"{""good"": []}",16.02059906,"{""good"": []}",13.99604989,"{""good"": []}",185.5989064,"{""good"": []}",15.84945833,"{""good"": []}"
2026-09-30 16:11:00+00:00,Aberporth Automatic Weather Station,-4.57,52.14,0.0,"{""good"": []}",993.47,"{""good"": []}",,,16.81184048,"{""good"": []}",,,,,5700.0,"{""good"": []}",,"{""good"": []}",,"{""good"": []}",1.0,"{""good"": []}",,"{""good"": []}",,"{""good"": []}",1.0,"{""good"": []}",,,306.1194241,"{""good"": []}",,,221.4656762,"{""good"": []}",,,1.0,"{""good"": []}",20.6684504,"{""good"": []}",21.75329735,"{""good"": []}",39332.5,"{""good"": []}",0.0,"{""good"": []}",NSW,"{""good"": []}",69.8675,"{""good"": []}",,,15.68915626,"{""good"": []}",16.02044647,"{""good"": []}",13.99640016,"{""good"": []}",188.3977526,"{""good"": []}",15.195625,"{""good"": []}"
2026-09-30 16:12:00+00:00,Aberporth Automatic Weather Station,-4.57,52.14,0.0,"{""good"": []}",993.49,"{""good"": []}",,,16.79945125,"{""good"": []}",,,,,5700.0,"{""good"": []}",,"{""good"": []}",,"{""good"": []}",1.0,"{""good"": []}",,"{""good"": []}",,"{""good"": []}",1.0,"{""good"": []}",,,303.848452,"{""good"": []}",,,217.1798557,"{""good"": []}",,,1.0,"{""good"": []}",20.66603189,"{""good"": []}",21.71744548,"{""good"": []}",37951.0,"{""good"": []}",0.0,"{""good"": []}",NSW,"{""good"": []}",70.1,"{""good"": []}",,,15.68951107,"{""good"": []}",16.01963847,"{""good"": []}",13.99675794,"{""good"": []}",190.7365773,"{""good"": []}",15.65083333,"{""good"": []}"
2026-09-30 16:13:00+00:00,Aberporth Automatic Weather Station,-4.57,52.14,0.0,"{""good"": []}",993.49,"{""good"": []}",,,16.76716778,"{""good"": []}",,,,,5700.0,"{""good"": []}",,"{""good"": []}",,"{""good"": []}",1.0,"{""good"": []}",,"{""good"": []}",,"{""good"": []}",1.0,"{""good"": []}",,,301.1428327,"{""good"": []}",,,217.7753302,"{""good"": []}",,,1.0,"{""good"": []}",20.63253751,"{""good"": []}",21.61966582,"{""good"": []}",38740.5,"{""good"": []}",0.0,"{""good"": []}",NSW,"{""good"": []}",70.245,"{""good"": []}",,,15.68965849,"{""good"": []}",16.01923572,"{""good"": []}",13.99721079,"{""good"": []}",188.306012,"{""good"": []}",16.29925,"{""good"": []}"
2026-09-30 16:14:00+00:00,Aberporth Automatic Weather Station,-4.57,52.14,0.0,"{""good"": []}",993.485,"{""good"": []}",,,16.70779239,"{""good"": []}",,,,,5700.0,"{""good"": []}",,"{""good"": []}",,"{""good"": []}",1.0,"{""good"": []}",,"{""good"": []}",,"{""good"": []}",1.0,"{""good"": []}",,,295.7763983,"{""good"": []}",,,66.40833689,"{""good"": []}",,,0.0,"{""good"": []}",20.29771119,"{""good"": []}",20.85107843,"{""good"": []}",37139.0,"{""good"": []}",0.0,"{""good"": []}",NSW,"{""good"": []}",70.1025,"{""good"": []}",,,15.68976092,"{""good"": []}",16.0183777,"{""good"": []}",13.99766113,"{""good"": []}",181.4794379,"{""good"": []}",18.355375,"{""good"": []}"
2026-09-30 16:15:00+00:00,Aberporth Automatic Weather Station,-4.57,52.14,0.0,"{""good"": []}",993.465,"{""good"": []}",,,16.55665571,"{""good"": []}",,,,,5700.0,"{""good"": []}",,"{""good"": []}",,"{""good"": []}",1.0,"{""good"": []}",,"{""good"": []}",,"{""good"": []}",1.0,"{""good"": []}",,,291.253999,"{""good"": []}",,,117.5625287,"{""good"": []}",,,0.0,"{""suspect"": [""1 case(s) of \""qc consistency check failed: expected radiation_sun_1_minute_mean to be above 0 if sunshine_1_minute_mean is above 0\""""]}",19.52439986,"{""good"": []}",19.41243514,"{""good"": []}",39599.0,"{""good"": []}",0.0,"{""good"": []}",NSW,"{""good"": []}",70.2175,"{""good"": []}",,,15.68925871,"{""good"": []}",16.01873292,"{""good"": []}",13.99816402,"{""good"": []}",185.1012963,"{""good"": []}",16.49625,"{""good"": []}"
2026-09-30 16:16:00+00:00,Aberporth Automatic Weather Station,-4.57,52.14,0.0,"{""good"": []}",993.46,"{""good"": []}",,,16.44731616,"{""good"": []}",,,,,0.0,"{""good"": []}",,"{""good"": []}",,"{""good"": []}",0.0,"{""good"": []}",,"{""good"": []}",,"{""good"": []}",0.0,"{""good"": []}",,,286.0545075,"{""good"": []}",,,70.177845,"{""good"": []}",,,0.0,"{""good"": []}",19.16423914,"{""good"": []}",18.86553794,"{""good"": []}",37791.0,"{""good"": []}",0.0,"{""good"": []}",NSW,"{""good"": []}",70.6825,"{""good"": []}",,,15.68940862,"{""good"": []}",16.01827764,"{""good"": []}",13.99877199,"{""good"": []}",180.2808241,"{""good"": []}",20.00420833,"{""good"": []}"
2026-09-30 16:17:00+00:00,Aberporth Automatic Weather Station,-4.57,52.14,0.0,"{""good"": []}",993.425,"{""good"": []}",,,16.35278672,"{""good"": []}",,,,,0.0,"{""good"": []}",,"{""good"": []}",,"{""good"": []}",0.0,"{""good"": []}",,"{""good"": []}",,"{""good"": []}",0.0,"{""good"": []}",,,281.1058403,"{""good"": []}",,,50.93474713,"{""good"": []}",,,0.0,"{""good"": []}",18.59697844,"{""good"": []}",17.86669829,"{""good"": []}",38778.5,"{""good"": []}",0.0,"{""good"": []}",NSW,"{""good"": []}",70.8425,"{""good"": []}",,,15.68920624,"{""good"": []}",16.01747214,"{""good"": []}",13.99902218,"{""good"": []}",184.515325,"{""good"": []}",16.57154167,"{""good"": []}"
2026-09-30 16:18:00+00:00,Aberporth Automatic Weather Station,-4.57,52.14,0.0,"{""good"": []}",993.47,"{""good"": []}",,,16.26082307,"{""good"": []}",,,,,0.0,"{""good"": []}",,"{""good"": []}",,"{""good"": []}",0.0,"{""good"": []}",,"{""good"": []}",,"{""good"": []}",0.0,"{""good"": []}",,,275.5793336,"{""good"": []}",,,51.64650494,"{""good"": []}",,,0.0,"{""good"": []}",18.19612027,"{""good"": []}",17.13305613,"{""good"": []}",39317.5,"{""good"": []}",0.0,"{""good"": []}",NSW,"{""good"": []}",72.05,"{""good"": []}",,,15.68925621,"{""good"": []}",16.01711943,"{""good"": []}",13.9995801,"{""good"": []}",188.9230666,"{""good"": []}",13.378125,"{""good"": []}"
2026-09-30 16:19:00+00:00,Aberporth Automatic Weather Station,-4.57,52.14,0.0,"{""good"": []}",993.475,"{""good"": []}",,,16.15274767,"{""good"": []}",,,,,0.0,"{""good"": []}",,"{""good"": []}",,"{""good"": []}",0.0,"{""good"": []}",,"{""good"": []}",,"{""good"": []}",0.0,"{""good"": []}",,,270.0330914,"{""good"": []}",,,55.13869178,"{""good"": []}",,,0.0,"{""good"": []}",17.95824425,"{""good"": []}",16.63866791,"{""good"": []}",38568.5,"{""good"": []}",0.0,"{""good"": []}",NSW,"{""good"": []}",72.4675,"{""good"": []}",,,15.68920874,"{""good"": []}",16.01601124,"{""good"": []}",14.00013303,"{""good"": []}",182.8215985,"{""good"": []}",15.21916667,"{""good"": []}"
2026-09-30 16:20:00+00:00,Aberporth Automatic Weather Station,-4.57,52.14,0.0,"{""good"": []}",993.47,"{""good"": []}",,,16.09140609,"{""good"": []}",,,,,0.0,"{""good"": []}",,"{""good"": []}",,"{""good"": []}",0.0,"{""good"": []}",,"{""good"": []}",,"{""good"": []}",0.0,"{""good"": []}",,,264.6651619,"{""good"": []}",,,62.9163535,"{""good"": []}",,,0.0,"{""good"": []}",17.79465997,"{""good"": []}",16.35233246,"{""good"": []}",37326.5,"{""good"": []}",0.0,"{""good"": []}",NSW,"{""good"": []}",72.4375,"{""good"": []}",,,15.68860408,"{""good"": []}",16.01560599,"{""good"": []}",14.00028315,"{""good"": []}",187.0689853,"{""good"": []}",17.601125,"{""good"": []}"
2026-09-30 16:21:00+00:00,Aberporth Automatic Weather Station,-4.57,52.14,0.0,"{""good"": []}",993.49,"{""good"": []}",,,16.06158848,"{""good"": []}",,,,,0.0,"{""good"": []}",,"{""good"": []}",,"{""good"": []}",0.0,"{""good"": []}",,"{""good"": []}",,"{""good"": []}",0.0,"{""good"": []}",,,259.2441002,"{""good"": []}",,,58.07066766,"{""good"": []}",,,0.0,"{""good"": []}",17.66330336,"{""good"": []}",16.17625764,"{""good"": []}",37949.0,"{""good"": []}",0.0,"{""good"": []}",NSW,"{""good"": []}",73.1775,"{""good"": []}",,,15.68940613,"{""good"": []}",16.01474797,"{""good"": []}",14.00099369,"{""good"": []}",186.4602216,"{""good"": []}",15.691625,"{""good"": []}"
2026-09-30 16:22:00+00:00,Aberporth Automatic Weather Station,-4.57,52.14,0.0,"{""good"": []}",993.525,"{""good"": []}",,,16.01137948,"{""good"": []}",,,,,0.0,"{""good"": []}",,"{""good"": []}",,"{""good"": []}",0.0,"{""good"": []}",,"{""good"": []}",,"{""good"": []}",0.0,"{""good"": []}",,,253.6742754,"{""good"": []}",,,48.20483867,"{""good"": []}",,,0.0,"{""good"": []}",17.54253023,"{""good"": []}",16.00104203,"{""good"": []}",36378.5,"{""good"": []}",0.0,"{""good"": []}",NSW,"{""good"": []}",73.465,"{""good"": []}",,,15.6898084,"{""good"": []}",16.01429519,"{""good"": []}",14.00144404,"{""good"": []}",186.1452342,"{""good"": []}",16.332,"{""good"": []}"
2026-09-30 16:23:00+00:00,Aberporth Automatic Weather Station,-4.57,52.14,0.0,"{""good"": []}",993.52,"{""good"": []}",,,15.98649858,"{""good"": []}",,,,,0.0,"{""good"": []}",,"{""good"": []}",,"{""good"": []}",0.0,"{""good"": []}",,"{""good"": []}",,"{""good"": []}",0.0,"{""good"": []}",,,248.1431218,"{""good"": []}",,,47.57110083,"{""good"": []}",,,0.0,"{""good"": []}",17.42356848,"{""good"": []}",15.85119798,"{""good"": []}",37465.0,"{""good"": []}",0.0,"{""good"": []}",NSW,"{""good"": []}",73.825,"{""good"": []}",,,15.6894586,"{""good"": []}",16.0138399,"{""good"": []}",14.00194943,"{""good"": []}",189.8709876,"{""good"": []}",15.0905,"{""good"": []}"
2026-09-30 16:24:00+00:00,Aberporth Automatic Weather Station,-4.57,52.14,0.0,"{""good"": []}",993.535,"{""good"": []}",,,15.95638117,"{""good"": []}",,,,,0.0,"{""good"": []}",,"{""good"": []}",,"{""good"": []}",0.0,"{""good"": []}",,"{""good"": []}",,"{""good"": []}",0.0,"{""good"": []}",,,242.7549327,"{""good"": []}",,,49.05195552,"{""good"": []}",,,0.0,"{""good"": []}",17.34519923,"{""good"": []}",15.7373082,"{""good"": []}",38246.0,"{""good"": []}",0.0,"{""good"": []}",NSW,"{""good"": []}",74.0675,"{""good"": []}",,,15.68971095,"{""good"": []}",16.01282928,"{""good"": []}",14.0023022,"{""good"": []}",180.9153251,"{""good"": []}",15.27375,"{""good"": []}"
2026-09-30 16:25:00+00:00,Aberporth Automatic Weather Station,-4.57,52.14,0.0,"{""good"": []}",993.595,"{""good"": []}",,,15.92928674,"{""good"": []}",,,,,0.0,"{""good"": []}",,"{""good"": []}",,"{""good"": []}",0.0,"{""good"": []}",,"{""good"": []}",,"{""good"": []}",0.0,"{""good"": []}",,,237.6038156,"{""good"": []}",,,55.24697094,"{""good"": []}",,,0.0,"{""good"": []}",17.30566358,"{""good"": []}",15.70125901,"{""good"": []}",38326.0,"{""good"": []}",0.0,"{""good"": []}",NSW,"{""good"": []}",74.6675,"{""good"": []}",,,15.68900635,"{""good"": []}",16.01217638,"{""good"": []}",14.00290516,"{""good"": []}",176.8069576,"{""good"": []}",13.37941667,"{""good"": []}"
2026-09-30 16:26:00+00:00,Aberporth Automatic Weather Station,-4.57,52.14,0.0,"{""good"": []}",993.61,"{""good"": []}",,,15.86910439,"{""good"": []}",,,,,0.0,"{""good"": []}",,"{""good"": []}",,"{""good"": []}",0.0,"{""good"": []}",,"{""good"": []}",,"{""good"": []}",0.0,"{""good"": []}",,,232.5744705,"{""good"": []}",,,58.10715006,"{""good"": []}",,,0.0,"{""good"": []}",17.30908897,"{""good"": []}",15.72980763,"{""good"": []}",36433.0,"{""good"": []}",0.0,"{""good"": []}",NSW,"{""good"": []}",75.125,"{""good"": []}",,,15.68966098,"{""good"": []}",16.01131836,"{""good"": []}",14.00361571,"{""good"": []}",180.4254195,"{""good"": []}",15.64779167,"{""good"": []}"
2026-09-30 16:27:00+00:00,Aberporth Automatic Weather Station,-4.57,52.14,0.0,"{""good"": []}",993.605,"{""good"": []}",,,15.85963571,"{""good"": []}",,,,,2700.0,"{""good"": []}",,"{""good"": []}",,"{""good"": []}",1.0,"{""good"": []}",,"{""good"": []}",,"{""good"": []}",1.0,"{""good"": []}",,,227.9559347,"{""good"": []}",,,74.21344998,"{""good"": []}",,,0.0,"{""good"": []}",17.34268079,"{""good"": []}",15.89153071,"{""good"": []}",36993.5,"{""good"": []}",0.0,"{""good"": []}",NSW,"{""good"": []}",74.91,"{""good"": []}",,,15.68925371,"{""good"": []}",16.01061292,"{""good"": []}",14.00401602,"{""good"": []}",186.1603822,"{""good"": []}",16.498,"{""good"": []}"
2026-09-30 16:28:00+00:00,Aberporth Automatic Weather Station,-4.57,52.14,0.0,"{""good"": []}",993.565,"{""good"": []}",,,15.89957156,"{""good"": []}",,,,,2700.0,"{""good"": []}",,"{""good"": []}",,"{""good"": []}",1.0,"{""good"": []}",,"{""good"": []}",,"{""good"": []}",1.0,"{""good"": []}",,,223.9913821,"{""good"": []}",,,108.392276,"{""good"": []}",,,0.0,"{""suspect"": [""1 case(s) of \""qc consistency check failed: expected radiation_sun_1_minute_mean to be above 0 if sunshine_1_minute_mean is above 0\""""]}",17.328527,"{""good"": []}",16.00310762,"{""good"": []}",33769.5,"{""good"": []}",0.0,"{""good"": []}",NSW,"{""good"": []}",74.445,"{""good"": []}",,,15.68986087,"{""good"": []}",16.00950474,"{""good"": []}",14.00457395,"{""good"": []}",186.0487714,"{""good"": []}",18.17308333,"{""good"": []}"
2026-09-30 16:29:00+00:00,Aberporth Automatic Weather Station,-4.57,52.14,0.0,"{""good"": []}",993.595,"{""good"": []}",,,15.98126207,"{""good"": []}",,,,,2700.0,"{""good"": []}",,"{""good"": []}",,"{""good"": []}",1.0,"{""good"": []}",,"{""good"": []}",,"{""good"": []}",1.0,"{""good"": []}",,,221.6082057,"{""good"": []}",,,189.3394227,"{""good"": []}",,,1.0,"{""good"": []}",17.75502188,"{""good"": []}",16.67648297,"{""good"": []}",35339.5,"{""good"": []}",0.0,"{""good"": []}",NSW,"{""good"": []}",74.475,"{""good"": []}",,,15.68920624,"{""good"": []}",16.00839406,"{""good"": []}",14.00492672,"{""good"": []}",184.170118,"{""good"": []}",16.237375,"{""good"": []}"
2026-09-30 16:30:00+00:00,Aberporth Automatic Weather Station,-4.57,52.14,0.0,"{""good"": []}",993.59,"{""good"": []}",,,16.05448572,"{""good"": []}",,,,,2700.0,"{""good"": []}",,"{""good"": []}",,"{""good"": []}",1.0,"{""good"": []}",,"{""good"": []}",,"{""good"": []}",1.0,"{""good"": []}",,,219.2155297,"{""good"": []}",,,192.5111645,"{""good"": []}",,,1.0,"{""good"": []}",18.26129014,"{""good"": []}",16.93558108,"{""good"": []}",35195.5,"{""good"": []}",0.0,"{""good"": []}",NSW,"{""good"": []}",74.7475,"{""good"": []}",,,15.68915627,"{""good"": []}",16.00768863,"{""good"": []}",14.00532702,"{""good"": []}",186.1512546,"{""good"": []}",18.281125,"{""good"": []}"
2026-09-30 16:31:00+00:00,Aberporth Automatic Weather Station,-4.57,52.14,0.0,"{""good"": []}",993.6,"{""good"": []}",,,16.15264524,"{""good"": []}",,,,,2700.0,"{""good"": []}",,"{""good"": []}",,"{""good"": []}",1.0,"{""good"": []}",,"{""good"": []}",,"{""good"": []}",1.0,"{""good"": []}",,,216.6593503,"{""good"": []}",,,191.5549249,"{""good"": []}",,,1.0,"{""good"": []}",18.59944442,"{""good"": []}",17.00295133,"{""good"": []}",33589.0,"{""good"": []}",0.0,"{""good"": []}",NSW,"{""good"": []}",74.445,"{""good"": []}",,,15.6891063,"{""good"": []}",16.00718581,"{""good"": []}",14.00603507,"{""good"": []}",182.6802601,"{""good"": []}",15.895125,"{""good"": []}"
2026-09-30 16:32:00+00:00,Aberporth Automatic Weather Station,-4.57,52.14,0.0,"{""good"": []}",993.625,"{""good"": []}",,,16.17742371,"{""good"": []}",,,,,2700.0,"{""good"": []}",,"{""good"": []}",,"{""good"": []}",1.0,"{""good"": []}",,"{""good"": []}",,"{""good"": []}",1.0,"{""good"": []}",,,214.1372995,"{""good"": []}",,,187.9332503,"{""good"": []}",,,1.0,"{""good"": []}",18.82598742,"{""good"": []}",17.05682156,"{""good"": []}",34359.5,"{""good"": []}",0.0,"{""good"": []}",NSW,"{""good"": []}",74.5375,"{""good"": []}",,,15.68930618,"{""good"": []}",16.00607513,"{""good"": []}",14.00643788,"{""good"": []}",181.6194881,"{""good"": []}",17.218125,"{""good"": []}"
2026-09-30 16:33:00+00:00,Aberporth Automatic Weather Station,-4.57,52.14,0.0,"{""good"": []}",993.655,"{""good"": []}",,,16.22874197,"{""good"": []}",,,,,2700.0,"{""good"": []}",,"{""good"": []}",,"{""good"": []}",1.0,"{""good"": []}",,"{""good"": []}",,"{""good"": []}",1.0,"{""good"": []}",,,211.7074065,"{""good"": []}",,,187.8945453,"{""good"": []}",,,1.0,"{""good"": []}",18.95754142,"{""good"": []}",17.0811391,"{""good"": []}",33564.0,"{""good"": []}",0.0,"{""good"": []}",NSW,"{""good"": []}",75.03,"{""good"": []}",,,15.68915627,"{""good"": []}",16.00466426,"{""good"": []}",14.00704835,"{""good"": []}",187.9842544,"{""good"": []}",13.91779167,"{""good"": []}"
2026-09-30 16:34:00+00:00,Aberporth Automatic Weather Station,-4.57,52.14,0.0,"{""good"": []}",993.695,"{""good"": []}",,,16.23055326,"{""good"": []}",,,,,2700.0,"{""good"": []}",,"{""good"": []}",,"{""good"": []}",1.0,"{""good"": []}",,"{""good"": []}",,"{""good"": []}",1.0,"{""good"": []}",,,209.4219701,"{""good"": []}",,,189.7951364,"{""good"": []}",,,1.0,"{""good"": []}",19.08008346,"{""good"": []}",17.10344848,"{""good"": []}",35119.5,"{""good"": []}",0.0,"{""good"": []}",NSW,"{""good"": []}",74.725,"{""good"": []}",,,15.68955854,"{""good"": []}",16.00410642,"{""good"": []}",14.00739862,"{""good"": []}",185.7027546,"{""good"": []}",16.09525,"{""good"": []}"
2026-09-30 16:35:00+00:00,Aberporth Automatic Weather Station,-4.57,52.14,0.0,"{""good"": []}",993.715,"{""good"": []}",,,16.26001611,"{""good"": []}",,,,,2700.0,"{""good"": []}",,"{""good"": []}",,"{""good"": []}",1.0,"{""good"": []}",,"{""good"": []}",,"{""good"": []}",1.0,"{""good"": []}",,,207.2187144,"{""good"": []}",,,193.0918584,"{""good"": []}",,,1.0,"{""good"": []}",19.16575321,"{""good"": []}",17.13400775,"{""good"": []}",34919.0,"{""good"": []}",0.0,"{""good"": []}",NSW,"{""good"": []}",74.6675,"{""good"": []}",,,15.68895388,"{""good"": []}",16.00300074,"{""good"": []}",14.00779892,"{""good"": []}",184.3607523,"{""good"": []}",16.17420833,"{""good"": []}"
2026-09-30 16:36:00+00:00,Aberporth Automatic Weather Station,-4.57,52.14,0.0,"{""good"": []}",993.735,"{""good"": []}",,,16.25739786,"{""good"": []}",,,,,2700.0,"{""good"": []}",,"{""good"": []}",,"{""good"": []}",1.0,"{""good"": []}",,"{""good"": []}",,"{""good"": []}",1.0,"{""good"": []}",,,205.1113355,"{""good"": []}",,,195.2831396,"{""good"": []}",,,1.0,"{""good"": []}",19.23334159,"{""good"": []}",17.17564678,"{""good"": []}",34752.0,"{""good"": []}",0.0,"{""good"": []}",NSW,"{""good"": []}",74.3525,"{""good"": []}",,,15.68915627,"{""good"": []}",16.00178499,"{""good"": []}",14.00840689,"{""good"": []}",184.3960294,"{""good"": []}",16.77,"{""good"": []}"
2026-09-30 16:37:00+00:00,Aberporth Automatic Weather Station,-4.57,52.14,0.0,"{""good"": []}",993.74,"{""good"": []}",,,16.23997448,"{""good"": []}",,,,,2700.0,"{""good"": []}",,"{""good"": []}",,"{""good"": []}",1.0,"{""good"": []}",,"{""good"": []}",,"{""good"": []}",1.0,"{""good"": []}",,,202.9615888,"{""good"": []}",,,192.6405299,"{""good"": []}",,,1.0,"{""good"": []}",19.24880207,"{""good"": []}",17.1933729,"{""good"": []}",34016.0,"{""good"": []}",0.0,"{""good"": []}",NSW,"{""good"": []}",74.14,"{""good"": []}",,,15.688754,"{""good"": []}",16.00067431,"{""good"": []}",14.0090599,"{""good"": []}",186.623027,"{""good"": []}",15.132375,"{""good"": []}"
2026-09-30 16:38:00+00:00,Aberporth Automatic Weather Station,-4.57,52.14,0.0,"{""good"": []}",993.8,"{""good"": []}",,,16.23670166,"{""good"": []}",,,,,2700.0,"{""good"": []}",,"{""good"": []}",,"{""good"": []}",1.0,"{""good"": []}",,"{""good"": []}",,"{""good"": []}",1.0,"{""good"": []}",,,200.8079591,"{""good"": []}",,,183.851208,"{""good"": []}",,,1.0,"{""good"": []}",19.23726917,"{""good"": []}",17.17202263,"{""good"": []}",36871.0,"{""good"": []}",0.0,"{""good"": []}",NSW,"{""good"": []}",73.7575,"{""good"": []}",,,15.68910629,"{""good"": []}",15.99992385,"{""good"": []}",14.0094627,"{""good"": []}",190.8269905,"{""good"": []}",15.86791667,"{""good"": []}"
2026-09-30 16:39:00+00:00,Aberporth Automatic Weather Station,-4.57,52.14,0.0,"{""good"": []}",993.82,"{""good"": []}",,,16.31239367,"{""good"": []}",,,,,2700.0,"{""good"": []}",,"{""good"": []}",,"{""good"": []}",1.0,"{""good"": []}",,"{""good"": []}",,"{""good"": []}",1.0,"{""good"": []}",,,201.5982688,"{""good"": []}",,,176.6911506,"{""good"": []}",,,1.0,"{""good"": []}",19.21349631,"{""good"": []}",17.12202632,"{""good"": []}",37306.5,"{""good"": []}",0.0,"{""good"": []}",NSW,"{""good"": []}",74.0675,"{""good"": []}",,,15.68875649,"{""good"": []}",15.99815526,"{""good"": []}",14.00992055,"{""good"": []}",189.4576307,"{""good"": []}",13.21529167,"{""good"": []}"
2026-09-30 16:40:00+00:00,Aberporth Automatic Weather Station,-4.57,52.14,0.0,"{""good"": []}",993.85,"{""good"": []}",,,16.32634436,"{""good"": []}",,,,,2700.0,"{""good"": []}",,"{""good"": []}",,"{""good"": []}",1.0,"{""good"": []}",,"{""good"": []}",,"{""good"": []}",1.0,"{""good"": []}",,,199.1582298,"{""good"": []}",,,169.6694128,"{""good"": []}",,,1.0,"{""good"": []}",19.20790725,"{""good"": []}",17.05344968,"{""good"": []}",36042.0,"{""good"": []}",0.0,"{""good"": []}",NSW,"{""good"": []}",74.505,"{""good"": []}",,,15.68860158,"{""good"": []}",15.99750236,"{""good"": []}",14.01042344,"{""good"": []}",188.8967418,"{""good"": []}",12.26375,"{""good"": []}"
2026-09-30 16:41:00+00:00,Aberporth Automatic Weather Station,-4.57,52.14,0.0,"{""good"": []}",993.87,"{""good"": []}",,,16.35157503,"{""good"": []}",,,,,2700.0,"{""good"": []}",,"{""good"": []}",,"{""good"": []}",1.0,"{""good"": []}",,"{""good"": []}",,"{""good"": []}",1.0,"{""good"": []}",,,196.75925,"{""good"": []}",,,160.3638395,"{""good"": []}",,,1.0,"{""good"": []}",19.15774314,"{""good"": []}",16.96614534,"{""good"": []}",37363.5,"{""good"": []}",0.0,"{""good"": []}",NSW,"{""good"": []}",74.99,"{""good"": []}",,,15.68870402,"{""good"": []}",15.99608899,"{""good"": []}",14.01092883,"{""good"": []}",185.773646,"{""good"": []}",11.693375,"{""good"": []}"
2026-09-30 16:42:00+00:00,Aberporth Automatic Weather Station,-4.57,52.14,0.0,"{""good"": []}",993.905,"{""good"": []}",,,16.27658506,"{""good"": []}",,,,,2700.0,"{""good"": []}",,"{""good"": []}",,"{""good"": []}",1.0,"{""good"": []}",,"{""good"": []}",,"{""good"": []}",1.0,"{""good"": []}",,,194.2591036,"{""good"": []}",,,154.2832384,"{""good"": []}",,,1.0,"{""good"": []}",19.07998102,"{""good"": []}",16.86881527,"{""good"": []}",35698.0,"{""good"": []}",0.0,"{""good"": []}",NSW,"{""good"": []}",74.4275,"{""good"": []}",,,15.68905632,"{""good"": []}",15.99493078,"{""good"": []}",14.01163187,"{""good"": []}",191.2382087,"{""good"": []}",14.54379167,"{""good"": []}"
2026-09-30 16:43:00+00:00,Aberporth Automatic Weather Station,-4.57,52.14,0.0,"{""good"": []}",993.895,"{""good"": []}",,,16.20371367,"{""good"": []}",,,,,2700.0,"{""good"": []}",3100.0,"{""good"": []}",,"{""good"": []}",1.0,"{""good"": []}",,"{""good"": []}",,"{""good"": []}",1.0,"{""good"": []}",,,192.5994812,"{""good"": []}",,,153.7502274,"{""good"": []}",,,1.0,"{""good"": []}",18.93825079,"{""good"": []}",16.76796844,"{""good"": []}",33938.0,"{""good"": []}",0.0,"{""good"": []}",NSW,"{""good"": []}",73.42,"{""good"": []}",,,15.68860158,"{""good"": []}",15.9936675,"{""good"": []}",14.01198714,"{""good"": []}",202.8532733,"{""good"": []}",16.015125,"{""good"": []}"
2026-09-30 16:44:00+00:00,Aberporth Automatic Weather Station,-4.57,52.14,0.0,"{""good"": []}",993.91,"{""good"": []}",,,16.22229377,"{""good"": []}",,,,,2700.0,"{""good"": []}",3100.0,"{""good"": []}",,"{""good"": []}",1.0,"{""good"": []}",,"{""good"": []}",,"{""good"": []}",1.0,"{""good"": []}",,,190.7941345,"{""good"": []}",,,152.2083669,"{""good"": []}",,,1.0,"{""good"": []}",18.77466652,"{""good"": []}",16.68332915,"{""good"": []}",35408.0,"{""good"": []}",0.0,"{""good"": []}",NSW,"{""good"": []}",73.3275,"{""good"": []}",,,15.68920624,"{""good"": []}",15.99276194,"{""good"": []}",14.01259261,"{""good"": []}",194.1213443,"{""good"": []}",13.167125,"{""good"": []}"
2026-09-30 16:45:00+00:00,Aberporth Automatic Weather Station,-4.57,52.14,0.0,"{""good"": []}",993.925,"{""good"": []}",,,16.20607959,"{""good"": []}",,,,,2700.0,"{""good"": []}",3100.0,"{""good"": []}",,"{""good"": []}",1.0,"{""good"": []}",,"{""good"": []}",,"{""good"": []}",1.0,"{""good"": []}",,,188.605378,"{""good"": []}",,,148.6299802,"{""good"": []}",,,1.0,"{""good"": []}",18.66819459,"{""good"": []}",16.60478422,"{""good"": []}",37574.5,"{""good"": []}",0.0,"{""good"": []}",NSW,"{""good"": []}",73.61,"{""good"": []}",,,15.68855161,"{""good"": []}",15.99170129,"{""good"": []}",14.0128428,"{""good"": []}",196.9376837,"{""good"": []}",13.706125,"{""good"": []}"
2026-09-30 16:46:00+00:00,Aberporth Automatic Weather Station,-4.57,52.14,0.0,"{""good"": []}",993.9,"{""good"": []}",,,16.18729212,"{""good"": []}",,,,,2700.0,"{""good"": []}",3100.0,"{""good"": []}",,"{""good"": []}",1.0,"{""good"": []}",,"{""good"": []}",,"{""good"": []}",1.0,"{""good"": []}",,,186.2218202,"{""good"": []}",,,146.6315322,"{""good"": []}",,,1.0,"{""good"": []}",18.56610745,"{""good"": []}",16.54224949,"{""good"": []}",39952.0,"{""good"": []}",0.0,"{""good"": []}",NSW,"{""good"": []}",73.445,"{""good"": []}",,,15.68885144,"{""good"": []}",15.9900878,"{""good"": []}",14.01355335,"{""good"": []}",182.554017,"{""good"": []}",15.76883333,"{""good"": []}"
2026-09-30 16:47:00+00:00,Aberporth Automatic Weather Station,-4.57,52.14,0.0,"{""good"": []}",993.88,"{""good"": []}",,,16.13224385,"{""good"": []}",,,,,2700.0,"{""good"": []}",3100.0,"{""good"": []}",,"{""good"": []}",1.0,"{""good"": []}",,"{""good"": []}",,"{""good"": []}",1.0,"{""good"": []}",,,183.778139,"{""good"": []}",,,143.6593179,"{""good"": []}",,,1.0,"{""good"": []}",18.44391519,"{""good"": []}",16.50192175,"{""good"": []}",35810.5,"{""good"": []}",0.0,"{""good"": []}",NSW,"{""good"": []}",72.26,"{""good"": []}",,,15.68830175,"{""good"": []}",15.98837424,"{""good"": []}",14.01385357,"{""good"": []}",185.0654873,"{""good"": []}",15.276625,"{""good"": []}"
2026-09-30 16:48:00+00:00,Aberporth Automatic Weather Station,-4.57,52.14,0.0,"{""good"": []}",993.925,"{""good"": []}",,,16.15249284,"{""good"": []}",,,,,2700.0,"{""good"": []}",3100.0,"{""good"": []}",,"{""good"": []}",1.0,"{""good"": []}",,"{""good"": []}",,"{""good"": []}",1.0,"{""good"": []}",,,181.3510309,"{""good"": []}",,,140.586728,"{""good"": []}",,,1.0,"{""good"": []}",18.30103317,"{""good"": []}",16.46128679,"{""good"": []}",36188.5,"{""good"": []}",0.0,"{""good"": []}",NSW,"{""good"": []}",72.61,"{""good"": []}",,,15.68865155,"{""good"": []}",15.98711347,"{""good"": []}",14.01440651,"{""good"": []}",186.9842138,"{""good"": []}",14.85229167,"{""good"": []}"
2026-09-30 16:49:00+00:00,Aberporth Automatic Weather Station,-4.57,52.14,0.0,"{""good"": []}",993.94,"{""good"": []}",,,16.16065239,"{""good"": []}",,,,,2700.0,"{""good"": []}",3100.0,"{""good"": []}",,"{""good"": []}",1.0,"{""good"": []}",,"{""good"": []}",,"{""good"": []}",1.0,"{""good"": []}",,,178.8693706,"{""good"": []}",,,137.0052135,"{""good"": []}",,,1.0,"{""good"": []}",18.18987412,"{""good"": []}",16.41471483,"{""good"": []}",37044.0,"{""good"": []}",0.0,"{""good"": []}",NSW,"{""good"": []}",72.93,"{""good"": []}",,,15.68875399,"{""good"": []}",15.98534988,"{""good"": []}",14.01516459,"{""good"": []}",191.5698202,"{""good"": []}",14.78258333,"{""good"": []}"
2026-09-30 16:50:00+00:00,Aberporth Automatic Weather Station,-4.57,52.14,0.0,"{""good"": []}",993.96,"{""good"": []}",,,16.15994537,"{""good"": []}",,,,,2700.0,"{""good"": []}",3100.0,"{""good"": []}",,"{""good"": []}",1.0,"{""good"": []}",,"{""good"": []}",,"{""good"": []}",1.0,"{""good"": []}",,,176.3404717,"{""good"": []}",,,134.5167102,"{""good"": []}",,,1.0,"{""good"": []}",18.10077648,"{""good"": []}",16.38535944,"{""good"": []}",38203.0,"{""good"": []}",0.0,"{""good"": []}",NSW,"{""good"": []}",72.94,"{""good"": []}",,,15.6887515,"{""good"": []}",15.98383895,"{""good"": []}",14.01561493,"{""good"": []}",193.0975984,"{""good"": []}",12.14875,"{""good"": []}"
2026-09-30 16:51:00+00:00,Aberporth Automatic Weather Station,-4.57,52.14,0.0,"{""good"": []}",993.97,"{""good"": []}",,,16.16614123,"{""good"": []}",,,,,2700.0,"{""good"": []}",3100.0,"{""good"": []}",,"{""good"": []}",1.0,"{""good"": []}",,"{""good"": []}",,"{""good"": []}",1.0,"{""good"": []}",,,173.8004169,"{""good"": []}",,,133.8579893,"{""good"": []}",,,1.0,"{""good"": []}",18.05091468,"{""good"": []}",16.35323913,"{""good"": []}",38037.5,"{""good"": []}",0.0,"{""good"": []}",NSW,"{""good"": []}",73.5875,"{""good"": []}",,,15.68855161,"{""good"": []}",15.98242558,"{""good"": []}",14.01602275,"{""good"": []}",185.4663364,"{""good"": []}",11.179,"{""good"": []}"
2026-09-30 16:52:00+00:00,Aberporth Automatic Weather Station,-4.57,52.14,0.0,"{""good"": []}",993.985,"{""good"": []}",,,16.1278168,"{""good"": []}",,,,,2700.0,"{""good"": []}",3100.0,"{""good"": []}",,"{""good"": []}",1.0,"{""good"": []}",,"{""good"": []}",,"{""good"": []}",1.0,"{""good"": []}",,,171.4163726,"{""good"": []}",,,135.1955635,"{""good"": []}",,,1.0,"{""good"": []}",18.02301686,"{""good"": []}",16.3455812,"{""good"": []}",38123.5,"{""good"": []}",0.0,"{""good"": []}",NSW,"{""good"": []}",73.4425,"{""good"": []}",,,15.68824928,"{""good"": []}",15.98207037,"{""good"": []}",14.01657567,"{""good"": []}",186.9983113,"{""good"": []}",12.93120833,"{""good"": []}"
2026-09-30 16:53:00+00:00,Aberporth Automatic Weather Station,-4.57,52.14,0.0,"{""good"": []}",993.99,"{""good"": []}",,,16.09115126,"{""good"": []}",,,,,2900.0,"{""good"": []}",,"{""good"": []}",,"{""good"": []}",1.0,"{""good"": []}",,"{""good"": []}",,"{""good"": []}",1.0,"{""good"": []}",,,169.1044126,"{""good"": []}",,,138.3560913,"{""good"": []}",,,1.0,"{""good"": []}",17.98800842,"{""good"": []}",16.41023396,"{""good"": []}",40206.5,"{""good"": []}",0.0,"{""good"": []}",NSW,"{""good"": []}",72.8925,"{""good"": []}",,,15.68844917,"{""good"": []}",15.97934869,"{""good"": []}",14.01723367,"{""good"": []}",186.2339503,"{""good"": []}",14.42429167,"{""good"": []}"
2026-09-30 16:54:00+00:00,Aberporth Automatic Weather Station,-4.57,52.14,0.0,"{""good"": []}",993.965,"{""good"": []}",,,16.08233714,"{""good"": []}",,,,,2900.0,"{""good"": []}",,"{""good"": []}",,"{""good"": []}",1.0,"{""good"": []}",,"{""good"": []}",,"{""good"": []}",1.0,"{""good"": []}",,,166.6347834,"{""good"": []}",,,140.1570878,"{""good"": []}",,,1.0,"{""good"": []}",17.94031529,"{""good"": []}",16.56510588,"{""good"": []}",42781.0,"{""good"": []}",0.0,"{""good"": []}",NSW,"{""good"": []}",71.42,"{""good"": []}",,,15.68824928,"{""good"": []}",15.97829054,"{""good"": []}",14.01768652,"{""good"": []}",187.9894022,"{""good"": []}",15.6075,"{""good"": []}"
2026-09-30 16:55:00+00:00,Aberporth Automatic Weather Station,-4.57,52.14,0.0,"{""good"": []}",994.0,"{""good"": []}",,,16.10782264,"{""good"": []}",,,,,2900.0,"{""good"": []}",,"{""good"": []}",,"{""good"": []}",1.0,"{""good"": []}",,"{""good"": []}",,"{""good"": []}",1.0,"{""good"": []}",,,163.8910344,"{""good"": []}",,,130.7961071,"{""good"": []}",,,1.0,"{""good"": []}",17.89271959,"{""good"": []}",16.81680582,"{""good"": []}",42437.0,"{""good"": []}",0.0,"{""good"": []}",NSW,"{""good"": []}",71.1025,"{""good"": []}",,,15.68849914,"{""good"": []}",15.9762718,"{""good"": []}",14.01788668,"{""good"": []}",194.9302814,"{""good"": []}",14.25191667,"{""good"": []}"
2026-09-30 16:56:00+00:00,Aberporth Automatic Weather Station,-4.57,52.14,0.0,"{""good"": []}",994.03,"{""good"": []}",,,16.08979217,"{""good"": []}",,,,,2900.0,"{""good"": []}",,"{""good"": []}",,"{""good"": []}",1.0,"{""good"": []}",,"{""good"": []}",,"{""good"": []}",1.0,"{""good"": []}",,,160.9020779,"{""good"": []}",,,119.6050755,"{""good"": []}",,,1.0,"{""good"": []}",17.81470513,"{""good"": []}",17.26436481,"{""good"": []}",43094.0,"{""good"": []}",0.0,"{""good"": []}",NSW,"{""good"": []}",71.695,"{""good"": []}",,,15.68850164,"{""good"": []}",15.97460578,"{""good"": []}",14.0186973,"{""good"": []}",188.1628284,"{""good"": []}",16.00308333,"{""good"": []}"
2026-09-30 16:57:00+00:00,Aberporth Automatic Weather Station,-4.57,52.14,0.0,"{""good"": []}",994.03,"{""good"": []}",,,16.038319,"{""good"": []}",,,,,2900.0,"{""good"": []}",,"{""good"": []}",,"{""good"": []}",1.0,"{""good"": []}",,"{""good"": []}",,"{""good"": []}",1.0,"{""good"": []}",,,157.9585679,"{""good"": []}",,,112.2056081,"{""good"": []}",,,1.0,"{""good"": []}",17.69886146,"{""good"": []}",17.85476682,"{""good"": []}",42326.5,"{""good"": []}",0.0,"{""good"": []}",NSW,"{""good"": []}",71.1725,"{""good"": []}",,,15.68784451,"{""good"": []}",15.97355013,"{""good"": []}",14.01899753,"{""good"": []}",197.155295,"{""good"": []}",14.307,"{""good"": []}"
2026-09-30 16:58:00+00:00,Aberporth Automatic Weather Station,-4.57,52.14,0.0,"{""good"": []}",994.07,"{""good"": []}",,,16.00785183,"{""good"": []}",,,,,3100.0,"{""good"": []}",,"{""good"": []}",,"{""good"": []}",1.0,"{""good"": []}",,"{""good"": []}",,"{""good"": []}",1.0,"{""good"": []}",,,155.1859821,"{""good"": []}",,,107.4783509,"{""good"": []}",,,1.0,"{""good"": []}",17.53694117,"{""good"": []}",18.2356624,"{""good"": []}",42449.5,"{""good"": []}",0.0,"{""good"": []}",NSW,"{""good"": []}",71.11,"{""good"": []}",,,15.68845167,"{""good"": []}",15.97067336,"{""good"": []}",14.01975061,"{""good"": []}",189.4003459,"{""good"": []}",15.44879167,"{""good"": []}"
2026-09-30 16:59:00+00:00,Aberporth Automatic Weather Station,-4.57,52.14,0.0,"{""good"": []}",994.105,"{""good"": []}",,,15.95532437,"{""good"": []}",,,,,3100.0,"{""good"": []}",,"{""good"": []}",,"{""good"": []}",1.0,"{""good"": []}",,"{""good"": []}",,"{""good"": []}",1.0,"{""good"": []}",,,152.5436441,"{""good"": []}",,,104.7650898,"{""good"": []}",,,1.0,"{""good"": []}",17.31371862,"{""good"": []}",18.36289734,"{""good"": []}",46494.0,"{""good"": []}",0.0,"{""good"": []}",NSW,"{""good"": []}",71.295,"{""good"": []}",,,15.68865155,"{""good"": []}",15.96981783,"{""good"": []}",14.0202585,"{""good"": []}",190.0968186,"{""good"": []}",13.99891667,"{""good"": []}"
2026-09-30 17:00:00+00:00,Aberporth Automatic Weather Station,-4.57,52.14,0.0,"{""good"": []}",994.125,"{""good"": []}",,,15.92072745,"{""good"": []}",,,,,3100.0,"{""good"": []}",,"{""good"": []}",,"{""good"": []}",1.0,"{""good"": []}",,"{""good"": []}",,"{""good"": []}",1.0,"{""good"": []}",,,149.8864745,"{""good"": []}",,,99.0756293,"{""good"": []}",,,1.0,"{""good"": []}",17.08430489,"{""good"": []}",18.36390391,"{""good"": []}",44587.0,"{""good"": []}",0.0,"{""good"": []}",NSW,"{""good"": []}",70.945,"{""good"": []}",,,15.68809687,"{""good"": []}",15.96810178,"{""good"": []}",14.02076139,"{""good"": []}",186.600198,"{""good"": []}",15.78275,"{""good"": []}"
2026-09-30 17:01:00+00:00,Aberporth Automatic Weather Station,-4.57,52.14,0.0,"{""good"": []}",994.115,"{""good"": []}",,,15.91674261,"{""good"": []}",,,,,3100.0,"{""good"": []}",,"{""good"": []}",,"{""good"": []}",1.0,"{""good"": []}",,"{""good"": []}",,"{""good"": []}",1.0,"{""good"": []}",,,147.0342771,"{""good"": []}",,,84.56992408,"{""good"": []}",,,0.0,"{""suspect"": [""1 case(s) of \""qc consistency check failed: expected radiation_sun_1_minute_mean to be above 0 if sunshine_1_minute_mean is above 0\""""]}",16.87196813,"{""good"": []}",18.19079885,"{""good"": []}",43627.5,"{""good"": []}",0.0,"{""good"": []}",NSW,"{""good"": []}",70.55,"{""good"": []}",,,15.68844916,"{""good"": []}",15.96638822,"{""good"": []}",14.02131931,"{""good"": []}",191.3351037,"{""good"": []}",14.766625,"{""good"": []}"
2026-09-30 17:02:00+00:00,Aberporth Automatic Weather Station,-4.57,52.14,0.0,"{""good"": []}",994.12,"{""good"": []}",,,15.86975646,"{""good"": []}",,,,,3100.0,"{""good"": []}",,"{""good"": []}",,"{""good"": []}",1.0,"{""good"": []}",,"{""good"": []}",,"{""good"": []}",1.0,"{""good"": []}",,,143.7962879,"{""good"": []}",,,58.73053737,"{""good"": []}",,,0.0,"{""suspect"": [""1 case(s) of \""qc consistency check failed: expected radiation_sun_1_minute_mean to be above 0 if sunshine_1_minute_mean is above 0\""""]}",16.678115,"{""good"": []}",17.7033642,"{""good"": []}",44497.0,"{""good"": []}",0.0,"{""good"": []}",NSW,"{""good"": []}",71.02,"{""good"": []}",,,15.68855161,"{""good"": []}",15.96421939,"{""good"": []}",14.02176966,"{""good"": []}",191.7213234,"{""good"": []}",14.92425,"{""good"": []}"
2026-09-30 17:03:00+00:00,Aberporth Automatic Weather Station,-4.57,52.14,0.0,"{""good"": []}",994.115,"{""good"": []}",,,15.78927764,"{""good"": []}",,,,,3100.0,"{""good"": []}",,"{""good"": []}",,"{""good"": []}",1.0,"{""good"": []}",,"{""good"": []}",,"{""good"": []}",1.0,"{""good"": []}",,,140.4685416,"{""good"": []}",,,51.06128312,"{""good"": []}",,,0.0,"{""good"": []}",16.4971989,"{""good"": []}",17.06331806,"{""good"": []}",44869.5,"{""good"": []}",0.0,"{""good"": []}",NSW,"{""good"": []}",71.2275,"{""good"": []}",,,15.68799692,"{""good"": []}",15.96321127,"{""good"": []}",14.02227255,"{""good"": []}",193.7220767,"{""good"": []}",14.98754167,"{""good"": []}"
2026-09-30 17:04:00+00:00,Aberporth Automatic Weather Station,-4.57,52.14,0.0,"{""good"": []}",994.095,"{""good"": []}",,,15.71796522,"{""good"": []}",,,,,3100.0,"{""good"": []}",,"{""good"": []}",,"{""good"": []}",1.0,"{""good"": []}",,"{""good"": []}",,"{""good"": []}",1.0,"{""good"": []}",,,137.1119168,"{""good"": []}",,,46.85963741,"{""good"": []}",,,0.0,"{""good"": []}",16.33940607,"{""good"": []}",16.49300749,"{""good"": []}",42424.5,"{""good"": []}",0.0,"{""good"": []}",NSW,"{""good"": []}",71.53,"{""good"": []}",,,15.68819681,"{""good"": []}",15.96139515,"{""good"": []}",14.02298059,"{""good"": []}",193.356016,"{""good"": []}",14.25083333,"{""good"": []}"
2026-09-30 17:05:00+00:00,Aberporth Automatic Weather Station,-4.57,52.14,0.0,"{""good"": []}",994.125,"{""good"": []}",,,15.66619226,"{""good"": []}",,,,,3100.0,"{""good"": []}",,"{""good"": []}",,"{""good"": []}",1.0,"{""good"": []}",,"{""good"": []}",,"{""good"": []}",1.0,"{""good"": []}",,,133.7675185,"{""good"": []}",,,42.36338236,"{""good"": []}",,,0.0,"{""good"": []}",16.19899003,"{""good"": []}",16.01931765,"{""good"": []}",43129.0,"{""good"": []}",0.0,"{""good"": []}",NSW,"{""good"": []}",71.9575,"{""good"": []}",,,15.68809936,"{""good"": []}",15.95912626,"{""good"": []}",14.02333086,"{""good"": []}",189.4177575,"{""good"": []}",11.42347917,"{""good"": []}"
2026-09-30 17:06:00+00:00,Aberporth Automatic Weather Station,-4.57,52.14,0.0,"{""good"": []}",994.15,"{""good"": []}",,,15.56707838,"{""good"": []}",,,,,3100.0,"{""good"": []}",,"{""good"": []}",,"{""good"": []}",1.0,"{""good"": []}",,"{""good"": []}",,"{""good"": []}",1.0,"{""good"": []}",,,130.4035371,"{""good"": []}",,,36.79934203,"{""good"": []}",,,0.0,"{""good"": []}",16.08441059,"{""good"": []}",15.58882789,"{""good"": []}",41945.5,"{""good"": []}",0.0,"{""good"": []}",NSW,"{""good"": []}",72.59,"{""good"": []}",,,15.68814934,"{""good"": []}",15.95736017,"{""good"": []}",14.02409145,"{""good"": []}",192.5494118,"{""good"": []}",13.037375,"{""good"": []}"
2026-09-30 17:07:00+00:00,Aberporth Automatic Weather Station,-4.57,52.14,0.0,"{""good"": []}",994.18,"{""good"": []}",,,15.50961421,"{""good"": []}",,,,,3100.0,"{""good"": []}",,"{""good"": []}",,"{""good"": []}",1.0,"{""good"": []}",,"{""good"": []}",,"{""good"": []}",1.0,"{""good"": []}",,,127.0386592,"{""good"": []}",,,33.95993456,"{""good"": []}",,,0.0,"{""good"": []}",15.9827182,"{""good"": []}",15.25777876,"{""good"": []}",42774.0,"{""good"": []}",0.0,"{""good"": []}",NSW,"{""good"": []}",72.87,"{""good"": []}",,,15.68769459,"{""good"": []}",15.95604937,"{""good"": []}",14.02444172,"{""good"": []}",193.7106416,"{""good"": []}",14.58004167,"{""good"": []}"
2026-09-30 17:08:00+00:00,Aberporth Automatic Weather Station,-4.57,52.14,0.0,"{""good"": []}",994.2,"{""good"": []}",,,15.49798197,"{""good"": []}",,,,,3100.0,"{""good"": []}",,"{""good"": []}",,"{""good"": []}",1.0,"{""good"": []}",,"{""good"": []}",,"{""good"": []}",1.0,"{""good"": []}",,,123.6779569,"{""good"": []}",,,32.84880111,"{""good"": []}",,,0.0,"{""good"": []}",15.8987574,"{""good"": []}",15.03533178,"{""good"": []}",43286.5,"{""good"": []}",0.0,"{""good"": []}",NSW,"{""good"": []}",72.9625,"{""good"": []}",,,15.68850164,"{""good"": []}",15.95378047,"{""good"": []}",14.0252023,"{""good"": []}",191.2218674,"{""good"": []}",16.75504167,"{""good"": []}"
2026-09-30 17:09:00+00:00,Aberporth Automatic Weather Station,-4.57,52.14,0.0,"{""good"": []}",994.24,"{""good"": []}",,,15.48861072,"{""good"": []}",,,,,3100.0,"{""good"": []}",,"{""good"": []}",,"{""good"": []}",1.0,"{""good"": []}",,"{""good"": []}",,"{""good"": []}",1.0,"{""good"": []}",,,120.3683814,"{""good"": []}",,,31.45084974,"{""good"": []}",,,0.0,"{""good"": []}",15.82548003,"{""good"": []}",14.91856965,"{""good"": []}",41668.5,"{""good"": []}",0.0,"{""good"": []}",NSW,"{""good"": []}",73.23,"{""good"": []}",,,15.68804689,"{""good"": []}",15.95231957,"{""good"": []}",14.02545249,"{""good"": []}",190.4339024,"{""good"": []}",12.73375,"{""good"": []}"
2026-09-30 17:10:00+00:00,Aberporth Automatic Weather Station,-4.57,52.14,0.0,"{""good"": []}",994.265,"{""good"": []}",,,15.44691354,"{""good"": []}",,,,,3100.0,"{""good"": []}",,"{""good"": []}",,"{""good"": []}",1.0,"{""good"": []}",,"{""good"": []}",,"{""good"": []}",1.0,"{""good"": []}",,,117.0023763,"{""good"": []}",,,28.05111507,"{""good"": []}",,,0.0,"{""good"": []}",15.75547064,"{""good"": []}",14.80095583,"{""good"": []}",41542.5,"{""good"": []}",0.0,"{""good"": []}",NSW,"{""good"": []}",73.415,"{""good"": []}",,,15.68824678,"{""good"": []}",15.95040339,"{""good"": []}",14.02621057,"{""good"": []}",188.5980291,"{""good"": []}",13.778,"{""good"": []}"
2026-09-30 17:11:00+00:00,Aberporth Automatic Weather Station,-4.57,52.14,0.0,"{""good"": []}",994.27,"{""good"": []}",,,15.38904714,"{""good"": []}",,,,,3100.0,"{""good"": []}",,"{""good"": []}",,"{""good"": []}",1.0,"{""good"": []}",,"{""good"": []}",,"{""good"": []}",1.0,"{""good"": []}",,,113.7145282,"{""good"": []}",,,24.19478944,"{""good"": []}",,,0.0,"{""good"": []}",15.68435443,"{""good"": []}",14.65942409,"{""good"": []}",42068.5,"{""good"": []}",0.0,"{""good"": []}",NSW,"{""good"": []}",73.86,"{""good"": []}",,,15.68784701,"{""good"": []}",15.94843718,"{""good"": []}",14.02666342,"{""good"": []}",186.4170989,"{""good"": []}",14.55629167,"{""good"": []}"
2026-09-30 17:12:00+00:00,Aberporth Automatic Weather Station,-4.57,52.14,0.0,"{""good"": []}",994.32,"{""good"": []}",,,15.37227333,"{""good"": []}",,,,,0.0,"{""good"": []}",,"{""good"": []}",,"{""good"": []}",0.0,"{""good"": []}",,"{""good"": []}",,"{""good"": []}",0.0,"{""good"": []}",,,110.4641037,"{""good"": []}",,,22.15438652,"{""good"": []}",,,0.0,"{""good"": []}",15.60810388,"{""good"": []}",14.53984457,"{""good"": []}",42269.0,"{""good"": []}",0.0,"{""good"": []}",NSW,"{""good"": []}",74.11,"{""good"": []}",,,15.68819931,"{""good"": []}",15.94636841,"{""good"": []}",14.02716881,"{""good"": []}",189.804403,"{""good"": []}",12.19416667,"{""good"": []}"
2026-09-30 17:13:00+00:00,Aberporth Automatic Weather Station,-4.57,52.14,0.0,"{""good"": []}",994.36,"{""good"": []}",,,15.29673123,"{""good"": []}",,,,,0.0,"{""good"": []}",,"{""good"": []}",,"{""good"": []}",0.0,"{""good"": []}",,"{""good"": []}",,"{""good"": []}",0.0,"{""good"": []}",,,107.1917517,"{""good"": []}",,,21.43421174,"{""good"": []}",,,0.0,"{""good"": []}",15.54746372,"{""good"": []}",14.43722938,"{""good"": []}",41091.0,"{""good"": []}",0.0,"{""good"": []}",NSW,"{""good"": []}",74.61,"{""good"": []}",,,15.68829925,"{""good"": []}",15.94384936,"{""good"": []}",14.02772424,"{""good"": []}",194.0825202,"{""good"": []}",11.538375,"{""good"": []}"
2026-09-30 17:14:00+00:00,Aberporth Automatic Weather Station,-4.57,52.14,0.0,"{""good"": []}",994.37,"{""good"": []}",,,15.25870909,"{""good"": []}",,,,,3100.0,"{""good"": []}",,"{""good"": []}",,"{""good"": []}",1.0,"{""good"": []}",,"{""good"": []}",,"{""good"": []}",1.0,"{""good"": []}",,,106.4387184,"{""good"": []}",,,21.22633867,"{""good"": []}",,,0.0,"{""good"": []}",15.50485495,"{""good"": []}",14.35993829,"{""good"": []}",41837.0,"{""good"": []}",0.0,"{""good"": []}",NSW,"{""good"": []}",74.935,"{""good"": []}",,,15.68804689,"{""good"": []}",15.94319396,"{""good"": []}",14.02837474,"{""good"": []}",193.7735838,"{""good"": []}",12.8565,"{""good"": []}"
2026-09-30 17:15:00+00:00,Aberporth Automatic Weather Station,-4.57,52.14,0.0,"{""good"": []}",994.37,"{""good"": []}",,,15.24994494,"{""good"": []}",,,,,2900.0,"{""good"": []}",,"{""good"": []}",,"{""good"": []}",1.0,"{""good"": []}",,"{""good"": []}",,"{""good"": []}",1.0,"{""good"": []}",,,104.8253666,"{""good"": []}",,,20.76142289,"{""good"": []}",,,0.0,"{""good"": []}",15.47674976,"{""good"": []}",14.31900611,"{""good"": []}",41747.0,"{""good"": []}",0.0,"{""good"": []}",NSW,"{""good"": []}",75.17,"{""good"": []}",,,15.68819931,"{""good"": []}",15.94112769,"{""good"": []}",14.02888263,"{""good"": []}",192.2448621,"{""good"": []}",12.911375,"{""good"": []}"
2026-09-30 17:16:00+00:00,Aberporth Automatic Weather Station,-4.57,52.14,0.0,"{""good"": []}",994.385,"{""good"": []}",,,15.2693345,"{""good"": []}",,,,,2900.0,"{""good"": []}",,"{""good"": []}",,"{""good"": []}",1.0,"{""good"": []}",,"{""good"": []}",,"{""good"": []}",1.0,"{""good"": []}",,,103.9916141,"{""good"": []}",,,20.15269375,"{""good"": []}",,,0.0,"{""good"": []}",15.44909929,"{""good"": []}",14.28965323,"{""good"": []}",40987.5,"{""good"": []}",0.0,"{""good"": []}",NSW,"{""good"": []}",75.185,"{""good"": []}",,,15.68809687,"{""good"": []}",15.93910895,"{""good"": []}",14.02953563,"{""good"": []}",192.017094,"{""good"": []}",13.03516667,"{""good"": []}"
2026-09-30 17:17:00+00:00,Aberporth Automatic Weather Station,-4.57,52.14,0.0,"{""good"": []}",994.395,"{""good"": []}",,,15.26097508,"{""good"": []}",,,,,2900.0,"{""good"": []}",,"{""good"": []}",,"{""good"": []}",1.0,"{""good"": []}",,"{""good"": []}",,"{""good"": []}",1.0,"{""good"": []}",,,103.4693558,"{""good"": []}",,,19.5992499,"{""good"": []}",,,0.0,"{""good"": []}",15.41213455,"{""good"": []}",14.26095475,"{""good"": []}",39985.0,"{""good"": []}",0.0,"{""good"": []}",NSW,"{""good"": []}",75.35,"{""good"": []}",,,15.68804689,"{""good"": []}",15.93663492,"{""good"": []}",14.02983836,"{""good"": []}",191.1317731,"{""good"": []}",12.60925,"{""good"": []}"
2026-09-30 17:18:00+00:00,Aberporth Automatic Weather Station,-4.57,52.14,0.0,"{""good"": []}",994.41,"{""good"": []}",,,15.22410968,"{""good"": []}",,,,,2900.0,"{""good"": []}",,"{""good"": []}",,"{""good"": []}",1.0,"{""good"": []}",,"{""good"": []}",,"{""good"": []}",1.0,"{""good"": []}",,,102.9232793,"{""good"": []}",,,18.88191538,"{""good"": []}",,,0.0,"{""good"": []}",15.36353198,"{""good"": []}",14.22424866,"{""good"": []}",39626.5,"{""good"": []}",0.0,"{""good"": []}",NSW,"{""good"": []}",75.5975,"{""good"": []}",,,15.68809936,"{""good"": []}",15.935124,"{""good"": []}",14.03064649,"{""good"": []}",193.6712174,"{""good"": []}",14.315125,"{""good"": []}"
2026-09-30 17:19:00+00:00,Aberporth Automatic Weather Station,-4.57,52.14,0.0,"{""good"": []}",994.41,"{""good"": []}",,,15.20003574,"{""good"": []}",,,,,2900.0,"{""good"": []}",,"{""good"": []}",,"{""good"": []}",1.0,"{""good"": []}",,"{""good"": []}",,"{""good"": []}",1.0,"{""good"": []}",,,102.3055126,"{""good"": []}",,,18.07268525,"{""good"": []}",,,0.0,"{""good"": []}",15.30495305,"{""good"": []}",14.17903544,"{""good"": []}",40601.0,"{""good"": []}",0.0,"{""good"": []}",NSW,"{""good"": []}",75.825,"{""good"": []}",,,15.68809936,"{""good"": []}",15.93310775,"{""good"": []}",14.03094922,"{""good"": []}",193.6307197,"{""good"": []}",13.218375,"{""good"": []}"
2026-09-30 17:20:00+00:00,Aberporth Automatic Weather Station,-4.57,52.14,0.0,"{""good"": []}",994.455,"{""good"": []}",,,15.18417132,"{""good"": []}",,,,,2900.0,"{""good"": []}",,"{""good"": []}",,"{""good"": []}",1.0,"{""good"": []}",,"{""good"": []}",,"{""good"": []}",1.0,"{""good"": []}",,,101.5483781,"{""good"": []}",,,17.48828391,"{""good"": []}",,,0.0,"{""good"": []}",15.24033534,"{""good"": []}",14.11363086,"{""good"": []}",38589.0,"{""good"": []}",0.0,"{""good"": []}",NSW,"{""good"": []}",76.025,"{""good"": []}",,,15.68784451,"{""good"": []}",15.93098645,"{""good"": []}",14.0317073,"{""good"": []}",192.1059577,"{""good"": []}",14.07879167,"{""good"": []}"
2026-09-30 17:21:00+00:00,Aberporth Automatic Weather Station,-4.57,52.14,0.0,"{""good"": []}",994.455,"{""good"": []}",,,15.20673626,"{""good"": []}",,,,,2900.0,"{""good"": []}",,"{""good"": []}",,"{""good"": []}",1.0,"{""good"": []}",,"{""good"": []}",,"{""good"": []}",1.0,"{""good"": []}",,,100.8627181,"{""good"": []}",,,16.93107197,"{""good"": []}",,,0.0,"{""good"": []}",15.18382513,"{""good"": []}",14.07259628,"{""good"": []}",38539.0,"{""good"": []}",0.0,"{""good"": []}",NSW,"{""good"": []}",76.13,"{""good"": []}",,,15.68789448,"{""good"": []}",15.92957558,"{""good"": []}",14.03210761,"{""good"": []}",184.5730414,"{""good"": []}",13.97683333,"{""good"": []}"
2026-09-30 17:22:00+00:00,Aberporth Automatic Weather Station,-4.57,52.14,0.0,"{""good"": []}",994.49,"{""good"": []}",,,15.12479343,"{""good"": []}",,,,,2900.0,"{""good"": []}",,"{""good"": []}",,"{""good"": []}",1.0,"{""good"": []}",,"{""good"": []}",,"{""good"": []}",1.0,"{""good"": []}",,,100.3293484,"{""good"": []}",,,16.2026554,"{""good"": []}",,,0.0,"{""good"": []}",15.12791956,"{""good"": []}",14.03946439,"{""good"": []}",39124.5,"{""good"": []}",0.0,"{""good"": []}",NSW,"{""good"": []}",76.46,"{""good"": []}",,,15.68744473,"{""good"": []}",15.92770693,"{""good"": []}",14.03281566,"{""good"": []}",188.833324,"{""good"": []}",11.50433333,"{""good"": []}"
2026-09-30 17:23:00+00:00,Aberporth Automatic Weather Station,-4.57,52.14,0.0,"{""good"": []}",994.505,"{""good"": []}",,,15.03484593,"{""good"": []}",,,,,2900.0,"{""good"": []}",,"{""good"": []}",,"{""good"": []}",1.0,"{""good"": []}",,"{""good"": []}",,"{""good"": []}",1.0,"{""good"": []}",,,99.79835896,"{""good"": []}",,,15.7117331,"{""good"": []}",,,0.0,"{""good"": []}",15.05690578,"{""good"": []}",13.96313491,"{""good"": []}",38893.0,"{""good"": []}",0.0,"{""good"": []}",NSW,"{""good"": []}",76.8125,"{""good"": []}",,,15.68834922,"{""good"": []}",15.92503529,"{""good"": []}",14.03332104,"{""good"": []}",187.8767301,"{""good"": []}",13.42229167,"{""good"": []}"
2026-09-30 17:24:00+00:00,Aberporth Automatic Weather Station,-4.57,52.14,0.0,"{""good"": []}",994.505,"{""good"": []}",,,14.98216608,"{""good"": []}",,,,,2900.0,"{""good"": []}",,"{""good"": []}",,"{""good"": []}",1.0,"{""good"": []}",,"{""good"": []}",,"{""good"": []}",1.0,"{""good"": []}",,,99.23381927,"{""good"": []}",,,15.17957394,"{""good"": []}",,,0.0,"{""good"": []}",14.99178089,"{""good"": []}",13.89803256,"{""good"": []}",38400.5,"{""good"": []}",0.0,"{""good"": []}",NSW,"{""good"": []}",77.14,"{""good"": []}",,,15.68764462,"{""good"": []}",15.92296902,"{""good"": []}",14.03387647,"{""good"": []}",186.363102,"{""good"": []}",11.62354167,"{""good"": []}"
2026-09-30 17:25:00+00:00,Aberporth Automatic Weather Station,-4.57,52.14,0.0,"{""good"": []}",994.51,"{""good"": []}",,,14.93260914,"{""good"": []}",,,,,2900.0,"{""good"": []}",,"{""good"": []}",,"{""good"": []}",1.0,"{""good"": []}",,"{""good"": []}",,"{""good"": []}",1.0,"{""good"": []}",,,98.55585543,"{""good"": []}",,,14.56914057,"{""good"": []}",,,0.0,"{""good"": []}",14.9321526,"{""good"": []}",13.82849931,"{""good"": []}",37981.5,"{""good"": []}",0.0,"{""good"": []}",NSW,"{""good"": []}",77.41,"{""good"": []}",,,15.68744473,"{""good"": []}",15.92085272,"{""good"": []}",14.03422924,"{""good"": []}",185.6362603,"{""good"": []}",13.392375,"{""good"": []}"
2026-09-30 17:26:00+00:00,Aberporth Automatic Weather Station,-4.57,52.14,0.0,"{""good"": []}",994.5,"{""good"": []}",,,14.94394408,"{""good"": []}",,,,,2900.0,"{""good"": []}",,"{""good"": []}",,"{""good"": []}",1.0,"{""good"": []}",,"{""good"": []}",,"{""good"": []}",1.0,"{""good"": []}",,,97.81997389,"{""good"": []}",,,13.95425801,"{""good"": []}",,,0.0,"{""good"": []}",14.86989843,"{""good"": []}",13.78379062,"{""good"": []}",38100.0,"{""good"": []}",0.0,"{""good"": []}",NSW,"{""good"": []}",77.53,"{""good"": []}",,,15.68789698,"{""good"": []}",15.91898907,"{""good"": []}",14.03503736,"{""good"": []}",186.94827,"{""good"": []}",10.9806625,"{""good"": []}"
2026-09-30 17:27:00+00:00,Aberporth Automatic Weather Station,-4.57,52.14,0.0,"{""good"": []}",994.51,"{""good"": []}",,,14.87882252,"{""good"": []}",,,,,2900.0,"{""good"": []}",,"{""good"": []}",,"{""good"": []}",1.0,"{""good"": []}",,"{""good"": []}",,"{""good"": []}",1.0,"{""good"": []}",,,96.80619546,"{""good"": []}",,,13.38674377,"{""good"": []}",,,0.0,"{""good"": []}",14.8054806,"{""good"": []}",13.72639115,"{""good"": []}",38169.5,"{""good"": []}",0.0,"{""good"": []}",NSW,"{""good"": []}",77.785,"{""good"": []}",,,15.68779454,"{""good"": []}",15.9167677,"{""good"": []}",14.03554024,"{""good"": []}",185.3009205,"{""good"": []}",9.9696125,"{""good"": []}"
2026-09-30 17:28:00+00:00,Aberporth Automatic Weather Station,-4.57,52.14,0.0,"{""good"": []}",994.515,"{""good"": []}",,,14.7871112,"{""good"": []}",,,,,2900.0,"{""good"": []}",,"{""good"": []}",,"{""good"": []}",1.0,"{""good"": []}",,"{""good"": []}",,"{""good"": []}",1.0,"{""good"": []}",,,95.21266217,"{""good"": []}",,,12.78027877,"{""good"": []}",,,0.0,"{""good"": []}",14.74519522,"{""good"": []}",13.6331448,"{""good"": []}",37782.0,"{""good"": []}",0.0,"{""good"": []}",NSW,"{""good"": []}",78.1025,"{""good"": []}",,,15.68789448,"{""good"": []}",15.9146514,"{""good"": []}",14.03614571,"{""good"": []}",185.6073,"{""good"": []}",10.811375,"{""good"": []}"
2026-09-30 17:29:00+00:00,Aberporth Automatic Weather Station,-4.57,52.14,0.0,"{""good"": []}",994.535,"{""good"": []}",,,14.77930641,"{""good"": []}",,,,,2700.0,"{""good"": []}",,"{""good"": []}",,"{""good"": []}",1.0,"{""good"": []}",,"{""good"": []}",,"{""good"": []}",1.0,"{""good"": []}",,,92.25840394,"{""good"": []}",,,12.08392906,"{""good"": []}",,,0.0,"{""good"": []}",14.69513105,"{""good"": []}",13.54694444,"{""good"": []}",37118.5,"{""good"": []}",0.0,"{""good"": []}",NSW,"{""good"": []}",78.31,"{""good"": []}",,,15.68719238,"{""good"": []}",15.91288532,"{""good"": []}",14.03675118,"{""good"": []}",189.3822602,"{""good"": []}",10.69616667,"{""good"": []}"
2026-09-30 17:30:00+00:00,Aberporth Automatic Weather Station,-4.57,52.14,0.0,"{""good"": []}",994.545,"{""good"": []}",,,14.74264336,"{""good"": []}",,,,,2700.0,"{""good"": []}",,"{""good"": []}",,"{""good"": []}",1.0,"{""good"": []}",,"{""good"": []}",,"{""good"": []}",1.0,"{""good"": []}",,,89.23958329,"{""good"": []}",,,11.38192529,"{""good"": []}",,,0.0,"{""good"": []}",14.65554543,"{""good"": []}",13.48697735,"{""good"": []}",37410.5,"{""good"": []}",0.0,"{""good"": []}",NSW,"{""good"": []}",78.545,"{""good"": []}",,,15.68754467,"{""good"": []}",15.91021118,"{""good"": []}",14.03735664,"{""good"": []}",189.2498951,"{""good"": []}",10.19525833,"{""good"": []}"
2026-09-30 17:31:00+00:00,Aberporth Automatic Weather Station,-4.57,52.14,0.0,"{""good"": []}",994.555,"{""good"": []}",,,14.76943549,"{""good"": []}",,,,,2700.0,"{""good"": []}",,"{""good"": []}",,"{""good"": []}",1.0,"{""good"": []}",,"{""good"": []}",,"{""good"": []}",1.0,"{""good"": []}",,,86.22796765,"{""good"": []}",,,10.85798634,"{""good"": []}",,,0.0,"{""good"": []}",14.6130366,"{""good"": []}",13.44780604,"{""good"": []}",37947.0,"{""good"": []}",0.0,"{""good"": []}",NSW,"{""good"": []}",78.675,"{""good"": []}",,,15.68779703,"{""good"": []}",15.90814741,"{""good"": []}",14.03796211,"{""good"": []}",189.8356055,"{""good"": []}",10.7395125,"{""good"": []}"
2026-09-30 17:32:00+00:00,Aberporth Automatic Weather Station,-4.57,52.14,0.0,"{""good"": []}",994.545,"{""good"": []}",,,14.7425934,"{""good"": []}",,,,,2700.0,"{""good"": []}",,"{""good"": []}",,"{""good"": []}",1.0,"{""good"": []}",,"{""good"": []}",,"{""good"": []}",1.0,"{""good"": []}",,,83.26921893,"{""good"": []}",,,10.40832754,"{""good"": []}",,,0.0,"{""good"": []}",14.58669282,"{""good"": []}",13.44533832,"{""good"": []}",37125.5,"{""good"": []}",0.0,"{""good"": []}",NSW,"{""good"": []}",78.845,"{""good"": []}",,,15.68789448,"{""good"": []}",15.90607613,"{""good"": []}",14.03846249,"{""good"": []}",186.6312799,"{""good"": []}",10.6586375,"{""good"": []}"
2026-09-30 17:33:00+00:00,Aberporth Automatic Weather Station,-4.57,52.14,0.0,"{""good"": []}",994.56,"{""good"": []}",,,14.7862068,"{""good"": []}",,,,,2700.0,"{""good"": []}",,"{""good"": []}",,"{""good"": []}",1.0,"{""good"": []}",,"{""good"": []}",,"{""good"": []}",1.0,"{""good"": []}",,,80.30565017,"{""good"": []}",,,10.0804192,"{""good"": []}",,,0.0,"{""good"": []}",14.57476017,"{""good"": []}",13.46371634,"{""good"": []}",37161.5,"{""good"": []}",0.0,"{""good"": []}",NSW,"{""good"": []}",78.85,"{""good"": []}",,,15.68784701,"{""good"": []}",15.90451267,"{""good"": []}",14.03917054,"{""good"": []}",189.2773293,"{""good"": []}",10.227875,"{""good"": []}"
2026-09-30 17:34:00+00:00,Aberporth Automatic Weather Station,-4.57,52.14,0.0,"{""good"": []}",994.585,"{""good"": []}",,,14.7292448,"{""good"": []}",,,,,2700.0,"{""good"": []}",,"{""good"": []}",,"{""good"": []}",1.0,"{""good"": []}",,"{""good"": []}",,"{""good"": []}",1.0,"{""good"": []}",,,77.30378632,"{""good"": []}",,,9.683305892,"{""good"": []}",,,0.0,"{""good"": []}",14.5542603,"{""good"": []}",13.46245501,"{""good"": []}",38284.5,"{""good"": []}",0.0,"{""good"": []}",NSW,"{""good"": []}",78.99,"{""good"": []}",,,15.68759465,"{""good"": []}",15.90214371,"{""good"": []}",14.03967342,"{""good"": []}",191.1602387,"{""good"": []}",9.454258333,"{""good"": []}"
2026-09-30 17:35:00+00:00,Aberporth Automatic Weather Station,-4.57,52.14,0.0,"{""good"": []}",994.605,"{""good"": []}",,,14.60570472,"{""good"": []}",,,,,2700.0,"{""good"": []}",,"{""good"": []}",,"{""good"": []}",1.0,"{""good"": []}",,"{""good"": []}",,"{""good"": []}",1.0,"{""good"": []}",,,74.24529888,"{""good"": []}",,,9.58261206,"{""good"": []}",,,0.0,"{""good"": []}",14.50596254,"{""good"": []}",13.38809121,"{""good"": []}",38462.5,"{""good"": []}",0.0,"{""good"": []}",NSW,"{""good"": []}",79.365,"{""good"": []}",,,15.68754468,"{""good"": []}",15.89977225,"{""good"": []}",14.04027889,"{""good"": []}",190.2553681,"{""good"": []}",8.813391667,"{""good"": []}"
2026-09-30 17:36:00+00:00,Aberporth Automatic Weather Station,-4.57,52.14,0.0,"{""good"": []}",994.64,"{""good"": []}",,,14.53529919,"{""good"": []}",,,,,2500.0,"{""good"": []}",,"{""good"": []}",,"{""good"": []}",2.0,"{""good"": []}",,"{""good"": []}",,"{""good"": []}",2.0,"{""good"": []}",,,71.15047934,"{""good"": []}",,,9.593966845,"{""good"": []}",,,0.0,"{""good"": []}",14.44229674,"{""good"": []}",13.27153141,"{""good"": []}",37522.5,"{""good"": []}",0.0,"{""good"": []}",NSW,"{""good"": []}",79.6925,"{""good"": []}",,,15.68779454,"{""good"": []}",15.89785607,"{""good"": []}",14.04088435,"{""good"": []}",192.9341119,"{""good"": []}",9.070425,"{""good"": []}"
2026-09-30 17:37:00+00:00,Aberporth Automatic Weather Station,-4.57,52.14,0.0,"{""good"": []}",994.66,"{""good"": []}",,,14.50402255,"{""good"": []}",,,,,2500.0,"{""good"": []}",,"{""good"": []}",,"{""good"": []}",2.0,"{""good"": []}",,"{""good"": []}",,"{""good"": []}",2.0,"{""good"": []}",,,68.10104891,"{""good"": []}",,,9.674704369,"{""good"": []}",,,0.0,"{""good"": []}",14.37400379,"{""good"": []}",13.17596471,"{""good"": []}",38145.0,"{""good"": []}",0.0,"{""good"": []}",NSW,"{""good"": []}",79.88,"{""good"": []}",,,15.68744223,"{""good"": []}",15.89498431,"{""good"": []}",14.04128967,"{""good"": []}",192.098974,"{""good"": []}",9.085591667,"{""good"": []}"
2026-09-30 17:38:00+00:00,Aberporth Automatic Weather Station,-4.57,52.14,0.0,"{""good"": []}",994.685,"{""good"": []}",,,14.52799406,"{""good"": []}",,,,,2500.0,"{""good"": []}",,"{""good"": []}",,"{""good"": []}",2.0,"{""good"": []}",,"{""good"": []}",,"{""good"": []}",2.0,"{""good"": []}",,,65.19952147,"{""good"": []}",,,9.759561309,"{""good"": []}",,,0.0,"{""good"": []}",14.32147364,"{""good"": []}",13.12279882,"{""good"": []}",37212.0,"{""good"": []}",0.0,"{""good"": []}",NSW,"{""good"": []}",80.0225,"{""good"": []}",,,15.68809936,"{""good"": []}",15.8928655,"{""good"": []}",14.04214532,"{""good"": []}",190.4255104,"{""good"": []}",9.0231375,"{""good"": []}"
2026-09-30 17:39:00+00:00,Aberporth Automatic Weather Station,-4.57,52.14,0.0,"{""good"": []}",994.705,"{""good"": []}",,,14.45376108,"{""good"": []}",,,,,2500.0,"{""good"": []}",,"{""good"": []}",,"{""good"": []}",2.0,"{""good"": []}",,"{""good"": []}",,"{""good"": []}",2.0,"{""good"": []}",,,62.41353172,"{""good"": []}",,,9.531765718,"{""good"": []}",,,0.0,"{""good"": []}",14.27261622,"{""good"": []}",13.07204572,"{""good"": []}",37173.0,"{""good"": []}",0.0,"{""good"": []}",NSW,"{""good"": []}",80.25,"{""good"": []}",,,15.68774706,"{""good"": []}",15.89095183,"{""good"": []}",14.04254813,"{""good"": []}",190.2510387,"{""good"": []}",9.315666667,"{""good"": []}"
2026-09-30 17:40:00+00:00,Aberporth Automatic Weather Station,-4.57,52.14,0.0,"{""good"": []}",994.72,"{""good"": []}",,,14.42817815,"{""good"": []}",,,,,2500.0,"{""good"": []}",,"{""good"": []}",,"{""good"": []}",2.0,"{""good"": []}",,"{""good"": []}",,"{""good"": []}",2.0,"{""good"": []}",,,59.7394291,"{""good"": []}",,,9.223255417,"{""good"": []}",,,0.0,"{""good"": []}",14.21016718,"{""good"": []}",13.00185557,"{""good"": []}",36954.0,"{""good"": []}",0.0,"{""good"": []}",NSW,"{""good"": []}",80.475,"{""good"": []}",,,15.68728982,"{""good"": []}",15.88832772,"{""good"": []}",14.04330622,"{""good"": []}",190.8752114,"{""good"": []}",8.677825,"{""good"": []}"
2026-09-30 17:41:00+00:00,Aberporth Automatic Weather Station,-4.57,52.14,0.0,"{""good"": []}",994.735,"{""good"": []}",,,14.44570395,"{""good"": []}",,,,,2500.0,"{""good"": []}",,"{""good"": []}",,"{""good"": []}",2.0,"{""good"": []}",,"{""good"": []}",,"{""good"": []}",2.0,"{""good"": []}",,,57.2121595,"{""good"": []}",,,8.727663503,"{""good"": []}",,,0.0,"{""good"": []}",14.15793434,"{""good"": []}",12.9589627,"{""good"": []}",36925.5,"{""good"": []}",0.0,"{""good"": []}",NSW,"{""good"": []}",80.625,"{""good"": []}",,,15.68699249,"{""good"": []}",15.88640903,"{""good"": []}",14.0438116,"{""good"": []}",192.2525586,"{""good"": []}",9.06075,"{""good"": []}"
2026-09-30 17:42:00+00:00,Aberporth Automatic Weather Station,-4.57,52.14,0.0,"{""good"": []}",994.755,"{""good"": []}",,,14.40777926,"{""good"": []}",,,,,2500.0,"{""good"": []}",18000.0,"{""good"": []}",,"{""good"": []}",2.0,"{""good"": []}",1.0,"{""good"": []}",,"{""good"": []}",3.0,"{""good"": []}",,,54.77258784,"{""good"": []}",,,7.908939067,"{""good"": []}",,,0.0,"{""good"": []}",14.12051488,"{""good"": []}",12.93262703,"{""good"": []}",37265.5,"{""good"": []}",0.0,"{""good"": []}",NSW,"{""good"": []}",80.75,"{""good"": []}",,,15.68769459,"{""good"": []}",15.88333715,"{""good"": []}",14.04441707,"{""good"": []}",193.1001728,"{""good"": []}",8.555045833,"{""good"": []}"
2026-09-30 17:43:00+00:00,Aberporth Automatic Weather Station,-4.57,52.14,0.0,"{""good"": []}",994.775,"{""good"": []}",,,14.39136271,"{""good"": []}",,,,,2500.0,"{""good"": []}",18000.0,"{""good"": []}",,"{""good"": []}",2.0,"{""good"": []}",1.0,"{""good"": []}",,"{""good"": []}",3.0,"{""good"": []}",,,52.3282895,"{""good"": []}",,,7.092326829,"{""good"": []}",,,0.0,"{""good"": []}",14.08002231,"{""good"": []}",12.89280133,"{""good"": []}",37116.0,"{""good"": []}",0.0,"{""good"": []}",NSW,"{""good"": []}",80.925,"{""good"": []}",,,15.68719488,"{""good"": []}",15.88192378,"{""good"": []}",14.04507257,"{""good"": []}",193.6627152,"{""good"": []}",8.208516667,"{""good"": []}"
2026-09-30 17:44:00+00:00,Aberporth Automatic Weather Station,-4.57,52.14,0.0,"{""good"": []}",994.79,"{""good"": []}",,,14.32523682,"{""good"": []}",,,,,2500.0,"{""good"": []}",18000.0,"{""good"": []}",,"{""good"": []}",2.0,"{""good"": []}",1.0,"{""good"": []}",,"{""good"": []}",3.0,"{""good"": []}",,,49.89548768,"{""good"": []}",,,6.240257691,"{""good"": []}",,,0.0,"{""good"": []}",14.02446902,"{""good"": []}",12.83117327,"{""good"": []}",36771.0,"{""good"": []}",0.0,"{""good"": []}",NSW,"{""good"": []}",81.1,"{""good"": []}",,,15.68724235,"{""good"": []}",15.87899697,"{""good"": []}",14.04552792,"{""good"": []}",195.0309927,"{""good"": []}",8.712929167,"{""good"": []}"
2026-09-30 17:45:00+00:00,Aberporth Automatic Weather Station,-4.57,52.14,0.0,"{""good"": []}",994.82,"{""good"": []}",,,14.32674581,"{""good"": []}",,,,,2500.0,"{""good"": []}",18000.0,"{""good"": []}",,"{""good"": []}",1.0,"{""good"": []}",1.0,"{""good"": []}",,"{""good"": []}",2.0,"{""good"": []}",,,47.51124507,"{""good"": []}",,,5.575423843,"{""good"": []}",,,0.0,"{""good"": []}",13.96040347,"{""good"": []}",12.74915155,"{""good"": []}",35547.0,"{""good"": []}",0.0,"{""good"": []}",NSW,"{""good"": []}",81.3,"{""good"": []}",,,15.68739476,"{""good"": []}",15.87602265,"{""good"": []}",14.04617842,"{""good"": []}",196.5153067,"{""good"": []}",9.0509125,"{""good"": []}"
2026-09-30 17:46:00+00:00,Aberporth Automatic Weather Station,-4.57,52.14,0.0,"{""good"": []}",994.845,"{""good"": []}",,,14.30745868,"{""good"": []}",,,,,2500.0,"{""good"": []}",18000.0,"{""good"": []}",,"{""good"": []}",1.0,"{""good"": []}",1.0,"{""good"": []}",,"{""good"": []}",2.0,"{""good"": []}",,,45.1514583,"{""good"": []}",,,5.044326097,"{""good"": []}",,,0.0,"{""good"": []}",13.89674017,"{""good"": []}",12.70665831,"{""good"": []}",35752.5,"{""good"": []}",0.0,"{""good"": []}",NSW,"{""good"": []}",81.45,"{""good"": []}",,,15.68759465,"{""good"": []}",15.87395387,"{""good"": []}",14.04648366,"{""good"": []}",194.9559814,"{""good"": []}",11.27145833,"{""good"": []}"
2026-09-30 17:47:00+00:00,Aberporth Automatic Weather Station,-4.57,52.14,0.0,"{""good"": []}",994.845,"{""good"": []}",,,14.48971959,"{""good"": []}",,,,,2500.0,"{""good"": []}",18000.0,"{""good"": []}",,"{""good"": []}",1.0,"{""good"": []}",1.0,"{""good"": []}",,"{""good"": []}",2.0,"{""good"": []}",,,42.83586437,"{""good"": []}",,,4.723681811,"{""good"": []}",,,0.0,"{""good"": []}",13.85494091,"{""good"": []}",12.73143042,"{""good"": []}",35856.5,"{""good"": []}",0.0,"{""good"": []}",NSW,"{""good"": []}",81.625,"{""good"": []}",,,15.68734479,"{""good"": []}",15.87188761,"{""good"": []}",14.0471892,"{""good"": []}",190.4819496,"{""good"": []}",9.805766667,"{""good"": []}"
2026-09-30 17:48:00+00:00,Aberporth Automatic Weather Station,-4.57,52.14,0.0,"{""good"": []}",994.86,"{""good"": []}",,,14.45512018,"{""good"": []}",,,,,2500.0,"{""good"": []}",18000.0,"{""good"": []}",,"{""good"": []}",1.0,"{""good"": []}",1.0,"{""good"": []}",,"{""good"": []}",2.0,"{""good"": []}",,,40.56236522,"{""good"": []}",,,4.176778845,"{""good"": []}",,,0.0,"{""good"": []}",13.82618112,"{""good"": []}",12.78238334,"{""good"": []}",35485.0,"{""good"": []}",0.0,"{""good"": []}",NSW,"{""good"": []}",81.375,"{""good"": []}",,,15.68708993,"{""good"": []}",15.86926349,"{""good"": []}",14.04769709,"{""good"": []}",195.2824139,"{""good"": []}",10.54961667,"{""good"": []}"
2026-09-30 17:49:00+00:00,Aberporth Automatic Weather Station,-4.57,52.14,0.0,"{""good"": []}",994.865,"{""good"": []}",,,14.33198232,"{""good"": []}",,,,,2500.0,"{""good"": []}",18000.0,"{""good"": []}",,"{""good"": []}",1.0,"{""good"": []}",1.0,"{""good"": []}",,"{""good"": []}",2.0,"{""good"": []}",,,38.34262966,"{""good"": []}",,,3.821080427,"{""good"": []}",,,0.0,"{""good"": []}",13.76604315,"{""good"": []}",12.77397611,"{""good"": []}",35192.5,"{""good"": []}",0.0,"{""good"": []}",NSW,"{""good"": []}",81.5,"{""good"": []}",,,15.68744473,"{""good"": []}",15.86664438,"{""good"": []}",14.04835009,"{""good"": []}",198.6241986,"{""good"": []}",9.5855,"{""good"": []}"
2026-09-30 17:50:00+00:00,Aberporth Automatic Weather Station,-4.57,52.14,0.0,"{""good"": []}",994.875,"{""good"": []}",,,14.25024685,"{""good"": []}",,,,,2500.0,"{""good"": []}",18000.0,"{""good"": []}",,"{""good"": []}",1.0,"{""good"": []}",1.0,"{""good"": []}",,"{""good"": []}",2.0,"{""good"": []}",,,36.15780846,"{""good"": []}",,,3.427437742,"{""good"": []}",,,0.0,"{""good"": []}",13.70273463,"{""good"": []}",12.70605637,"{""good"": []}",35680.5,"{""good"": []}",0.0,"{""good"": []}",NSW,"{""good"": []}",81.75,"{""good"": []}",,,15.68744473,"{""good"": []}",15.86427542,"{""good"": []}",14.04890302,"{""good"": []}",195.5987111,"{""good"": []}",8.979016667,"{""good"": []}"
2026-09-30 17:51:00+00:00,Aberporth Automatic Weather Station,-4.57,52.14,0.0,"{""good"": []}",994.89,"{""good"": []}",,,14.16765195,"{""good"": []}",,,,,2500.0,"{""good"": []}",18000.0,"{""good"": []}",,"{""good"": []}",1.0,"{""good"": []}",1.0,"{""good"": []}",,"{""good"": []}",2.0,"{""good"": []}",,,33.9784933,"{""good"": []}",,,3.099079972,"{""good"": []}",,,0.0,"{""good"": []}",13.63600073,"{""good"": []}",12.62705685,"{""good"": []}",34482.5,"{""good"": []}",0.0,"{""good"": []}",NSW,"{""good"": []}",82.075,"{""good"": []}",,,15.68724485,"{""good"": []}",15.86139865,"{""good"": []}",14.04936087,"{""good"": []}",198.718828,"{""good"": []}",9.234366667,"{""good"": []}"
2026-09-30 17:52:00+00:00,Aberporth Automatic Weather Station,-4.57,52.14,0.0,"{""good"": []}",994.9,"{""good"": []}",,,14.15354886,"{""good"": []}",,,,,2500.0,"{""good"": []}",18000.0,"{""good"": []}",,"{""good"": []}",1.0,"{""good"": []}",1.0,"{""good"": []}",,"{""good"": []}",2.0,"{""good"": []}",,,31.76980688,"{""good"": []}",,,2.674378153,"{""good"": []}",,,0.0,"{""good"": []}",13.57556294,"{""good"": []}",12.58914189,"{""good"": []}",35297.0,"{""good"": []}",0.0,"{""good"": []}",NSW,"{""good"": []}",82.225,"{""good"": []}",,,15.68694002,"{""good"": []}",15.85937991,"{""good"": []}",14.04991379,"{""good"": []}",193.9051148,"{""good"": []}",9.311820833,"{""good"": []}"
2026-09-30 17:53:00+00:00,Aberporth Automatic Weather Station,-4.57,52.14,0.0,"{""good"": []}",994.91,"{""good"": []}",,,14.11839731,"{""good"": []}",,,,,2500.0,"{""good"": []}",18000.0,"{""good"": []}",,"{""good"": []}",1.0,"{""good"": []}",1.0,"{""good"": []}",,"{""good"": []}",2.0,"{""good"": []}",,,29.50284965,"{""good"": []}",,,2.338657572,"{""good"": []}",,,0.0,"{""good"": []}",13.52071672,"{""good"": []}",12.54457806,"{""good"": []}",35370.0,"{""good"": []}",0.0,"{""good"": []}",NSW,"{""good"": []}",82.575,"{""good"": []}",,,15.68734229,"{""good"": []}",15.85665824,"{""good"": []}",14.05061934,"{""good"": []}",192.8089312,"{""good"": []}",10.80270833,"{""good"": []}"
2026-09-30 17:54:00+00:00,Aberporth Automatic Weather Station,-4.57,52.14,0.0,"{""good"": []}",994.93,"{""good"": []}",,,14.08566164,"{""good"": []}",,,,,2500.0,"{""good"": []}",18000.0,"{""good"": []}",,"{""good"": []}",1.0,"{""good"": []}",1.0,"{""good"": []}",,"{""good"": []}",2.0,"{""good"": []}",,,27.19914339,"{""good"": []}",,,1.934712159,"{""good"": []}",,,0.0,"{""good"": []}",13.48112859,"{""good"": []}",12.52152186,"{""good"": []}",34677.5,"{""good"": []}",0.0,"{""good"": []}",NSW,"{""good"": []}",82.775,"{""good"": []}",,,15.68708993,"{""good"": []}",15.85418922,"{""good"": []}",14.05127484,"{""good"": []}",199.8546486,"{""good"": []}",10.201125,"{""good"": []}"
2026-09-30 17:55:00+00:00,Aberporth Automatic Weather Station,-4.57,52.14,0.0,"{""good"": []}",994.93,"{""good"": []}",,,14.07080405,"{""good"": []}",,,,,2500.0,"{""good"": []}",18000.0,"{""good"": []}",,"{""good"": []}",1.0,"{""good"": []}",1.0,"{""good"": []}",,"{""good"": []}",2.0,"{""good"": []}",,,25.04697846,"{""good"": []}",,,1.666211507,"{""good"": []}",,,0.0,"{""good"": []}",13.44446367,"{""good"": []}",12.50092839,"{""good"": []}",34270.5,"{""good"": []}",0.0,"{""good"": []}",NSW,"{""good"": []}",83.05,"{""good"": []}",,,15.68774706,"{""good"": []}",15.8515626,"{""good"": []}",14.05168266,"{""good"": []}",196.3018537,"{""good"": []}",10.77308333,"{""good"": []}"
2026-09-30 17:56:00+00:00,Aberporth Automatic Weather Station,-4.57,52.14,0.0,"{""good"": []}",994.93,"{""good"": []}",,,14.11245377,"{""good"": []}",,,,,2500.0,"{""good"": []}",18000.0,"{""good"": []}",,"{""good"": []}",1.0,"{""good"": []}",1.0,"{""good"": []}",,"{""good"": []}",2.0,"{""good"": []}",,,23.07752037,"{""good"": []}",,,1.437589719,"{""good"": []}",,,0.0,"{""good"": []}",13.4284985,"{""good"": []}",12.50536179,"{""good"": []}",33656.0,"{""good"": []}",0.0,"{""good"": []}",NSW,"{""good"": []}",83.35,"{""good"": []}",,,15.68769459,"{""good"": []}",15.8486383,"{""good"": []}",14.05243323,"{""good"": []}",194.9321912,"{""good"": []}",13.420125,"{""good"": []}"
2026-09-30 17:57:00+00:00,Aberporth Automatic Weather Station,-4.57,52.14,0.0,"{""good"": []}",994.915,"{""good"": []}",,,14.28454397,"{""good"": []}",,,,,2500.0,"{""good"": []}",18000.0,"{""good"": []}",,"{""good"": []}",1.0,"{""good"": []}",1.0,"{""good"": []}",,"{""good"": []}",2.0,"{""good"": []}",,,21.22804586,"{""good"": []}",,,1.237137697,"{""good"": []}",,,0.0,"{""good"": []}",13.43696079,"{""good"": []}",12.57736027,"{""good"": []}",33556.5,"{""good"": []}",0.0,"{""good"": []}",NSW,"{""good"": []}",83.525,"{""good"": []}",,,15.68729482,"{""good"": []}",15.8458666,"{""good"": []}",14.05288858,"{""good"": []}",195.3456987,"{""good"": []}",12.89754167,"{""good"": []}"
2026-09-30 17:58:00+00:00,Aberporth Automatic Weather Station,-4.57,52.14,0.0,"{""good"": []}",994.95,"{""good"": []}",,,14.34578311,"{""good"": []}",,,,,2500.0,"{""good"": []}",18000.0,"{""good"": []}",,"{""good"": []}",1.0,"{""good"": []}",1.0,"{""good"": []}",,"{""good"": []}",2.0,"{""good"": []}",,,19.45196299,"{""good"": []}",,,0.913378881,"{""good"": []}",,,0.0,"{""good"": []}",13.46299476,"{""good"": []}",12.69396753,"{""good"": []}",33924.5,"{""good"": []}",0.0,"{""good"": []}",NSW,"{""good"": []}",83.25,"{""good"": []}",,,15.68754468,"{""good"": []}",15.84329502,"{""good"": []}",14.05339397,"{""good"": []}",193.5533869,"{""good"": []}",11.228625,"{""good"": []}"
2026-09-30 17:59:00+00:00,Aberporth Automatic Weather Station,-4.57,52.14,0.0,"{""good"": []}",994.955,"{""good"": []}",,,14.27734127,"{""good"": []}",,,,,2500.0,"{""good"": []}",,"{""good"": []}",,"{""good"": []}",1.0,"{""good"": []}",,"{""good"": []}",,"{""good"": []}",1.0,"{""good"": []}",,,17.71599582,"{""good"": []}",,,0.6070596718,"{""good"": []}",,,0.0,"{""good"": []}",13.47649394,"{""good"": []}",12.75051279,"{""good"": []}",33110.5,"{""good"": []}",0.0,"{""good"": []}",NSW,"{""good"": []}",83.15,"{""good"": []}",,,15.68683758,"{""good"": []}",15.84107615,"{""good"": []}",14.05399943,"{""good"": []}",196.7951982,"{""good"": []}",12.58641667,"{""good"": []}"
2026-09-30 18:00:00+00:00,Aberporth Automatic Weather Station,-4.57,52.14,0.0,"{""good"": []}",994.95,"{""good"": []}",,,14.27406596,"{""good"": []}",,,,,2500.0,"{""good"": []}",,"{""good"": []}",,"{""good"": []}",1.0,"{""good"": []}",,"{""good"": []}",,"{""good"": []}",1.0,"{""good"": []}",,,16.07171107,"{""good"": []}",,,0.4185438968,"{""good"": []}",,,0.0,"{""good"": []}",13.48153334,"{""good"": []}",12.7694428,"{""good"": []}",33155.5,"{""good"": []}",0.0,"{""good"": []}",NSW,"{""good"": []}",83.2,"{""good"": []}",,,15.68694002,"{""good"": []}",15.83784917,"{""good"": []}",14.05455486,"{""good"": []}",192.3419915,"{""good"": []}",11.19458333,"{""good"": []}"
2026-09-30 18:01:00+00:00,Aberporth Automatic Weather Station,-4.57,52.14,0.0,"{""good"": []}",994.95,"{""good"": []}",,,14.22531598,"{""good"": []}",,,,,18000.0,"{""good"": []}",,"{""good"": []}",,"{""good"": []}",1.0,"{""good"": []}",,"{""good"": []}",,"{""good"": []}",1.0,"{""good"": []}",,,14.66522401,"{""good"": []}",,,0.1807005749,"{""good"": []}",,,0.0,"{""good"": []}",13.48289,"{""good"": []}",12.77543726,"{""good"": []}",33172.0,"{""good"": []}",0.0,"{""good"": []}",NSW,"{""good"": []}",83.325,"{""good"": []}",,,15.68694002,"{""good"": []}",15.83552775,"{""good"": []}",14.05500521,"{""good"": []}",188.8075106,"{""good"": []}",11.785375,"{""good"": []}"
2026-09-30 18:02:00+00:00,Aberporth Automatic Weather Station,-4.57,52.14,0.0,"{""good"": []}",994.955,"{""good"": []}",,,14.17938662,"{""good"": []}",,,,,18000.0,"{""good"": []}",,"{""good"": []}",,"{""good"": []}",1.0,"{""good"": []}",,"{""good"": []}",,"{""good"": []}",1.0,"{""good"": []}",,,13.68609776,"{""good"": []}",,,-0.01703726173,"{""good"": []}",,,0.0,"{""good"": []}",13.47030026,"{""good"": []}",12.77608916,"{""good"": []}",33665.5,"{""good"": []}",0.0,"{""good"": []}",NSW,"{""good"": []}",83.5,"{""good"": []}",,,15.6874947,"{""good"": []}",15.83306123,"{""good"": []}",14.05586587,"{""good"": []}",185.4105221,"{""good"": []}",10.89841667,"{""good"": []}"
2026-09-30 18:03:00+00:00,Aberporth Automatic Weather Station,-4.57,52.14,0.0,"{""good"": []}",994.97,"{""good"": []}",,,14.20225137,"{""good"": []}",,,,,18000.0,"{""good"": []}",,"{""good"": []}",,"{""good"": []}",1.0,"{""good"": []}",,"{""good"": []}",,"{""good"": []}",1.0,"{""good"": []}",,,12.83187959,"{""good"": []}",,,-0.1918073565,"{""good"": []}",,,0.0,"{""good"": []}",13.4639042,"{""good"": []}",12.78505088,"{""good"": []}",32773.5,"{""good"": []}",0.0,"{""good"": []}",NSW,"{""good"": []}",83.65,"{""good"": []}",,,15.68704246,"{""good"": []}",15.83013192,"{""good"": []}",14.05646883,"{""good"": []}",187.2422058,"{""good"": []}",11.94145833,"{""good"": []}"
2026-09-30 18:04:00+00:00,Aberporth Automatic Weather Station,-4.57,52.14,0.0,"{""good"": []}",994.965,"{""good"": []}",,,14.12997708,"{""good"": []}",,,,,18000.0,"{""good"": []}",,"{""good"": []}",,"{""good"": []}",1.0,"{""good"": []}",,"{""good"": []}",,"{""good"": []}",1.0,"{""good"": []}",,,12.04429773,"{""good"": []}",,,-0.3952743495,"{""good"": []}",,,0.0,"{""good"": []}",13.46511345,"{""good"": []}",12.79129511,"{""good"": []}",32377.0,"{""good"": []}",0.0,"{""good"": []}",NSW,"{""good"": []}",83.7,"{""good"": []}",,,15.68719487,"{""good"": []}",15.82675485,"{""good"": []}",14.05712684,"{""good"": []}",183.721085,"{""good"": []}",11.17575,"{""good"": []}"
2026-09-30 18:05:00+00:00,Aberporth Automatic Weather Station,-4.57,52.14,0.0,"{""good"": []}",994.99,"{""good"": []}",,,14.07387951,"{""good"": []}",,,,,18000.0,"{""good"": []}",,"{""good"": []}",,"{""good"": []}",1.0,"{""good"": []}",,"{""good"": []}",,"{""good"": []}",1.0,"{""good"": []}",,,11.32902331,"{""good"": []}",,,-0.5530824792,"{""good"": []}",,,0.0,"{""good"": []}",13.46773434,"{""good"": []}",12.781679,"{""good"": []}",32626.5,"{""good"": []}",0.0,"{""good"": []}",NSW,"{""good"": []}",83.95,"{""good"": []}",,,15.68684258,"{""good"": []}",15.82478864,"{""good"": []}",14.05782988,"{""good"": []}",189.6214794,"{""good"": []}",10.84616667,"{""good"": []}"
2026-09-30 18:06:00+00:00,Aberporth Automatic Weather Station,-4.57,52.14,0.0,"{""good"": []}",995.005,"{""good"": []}",,,14.22597304,"{""good"": []}",,,,,18000.0,"{""good"": []}",,"{""good"": []}",,"{""good"": []}",1.0,"{""good"": []}",,"{""good"": []}",,"{""good"": []}",1.0,"{""good"": []}",,,10.7080279,"{""good"": []}",,,-0.4603826275,"{""good"": []}",,,0.0,"{""good"": []}",13.4952324,"{""good"": []}",12.82412478,"{""good"": []}",32625.5,"{""good"": []}",0.0,"{""good"": []}",NSW,"{""good"": []}",84.225,"{""good"": []}",,,15.6871424,"{""good"": []}",15.82120643,"{""good"": []}",14.05823769,"{""good"": []}",191.7528598,"{""good"": []}",12.349,"{""good"": []}"
2026-09-30 18:07:00+00:00,Aberporth Automatic Weather Station,-4.57,52.14,0.0,"{""good"": []}",995.04,"{""good"": []}",,,14.31047917,"{""good"": []}",,,,,18000.0,"{""good"": []}",,"{""good"": []}",,"{""good"": []}",1.0,"{""good"": []}",,"{""good"": []}",,"{""good"": []}",1.0,"{""good"": []}",,,10.1311043,"{""good"": []}",,,-0.655481639,"{""good"": []}",,,0.0,"{""good"": []}",13.5892645,"{""good"": []}",12.96873117,"{""good"": []}",32141.0,"{""good"": []}",0.0,"{""good"": []}",NSW,"{""good"": []}",84.05,"{""good"": []}",,,15.68684258,"{""good"": []}",15.81818208,"{""good"": []}",14.05878812,"{""good"": []}",191.7202361,"{""good"": []}",11.361375,"{""good"": []}"
2026-09-30 18:08:00+00:00,Aberporth Automatic Weather Station,-4.57,52.14,0.0,"{""good"": []}",995.095,"{""good"": []}",,,14.2910896,"{""good"": []}",,,,,4800.0,"{""good"": []}",,"{""good"": []}",,"{""good"": []}",1.0,"{""good"": []}",,"{""good"": []}",,"{""good"": []}",1.0,"{""good"": []}",,,9.572696654,"{""good"": []}",,,-0.6556575247,"{""good"": []}",,,0.0,"{""good"": []}",13.68974014,"{""good"": []}",13.10109638,"{""good"": []}",32706.5,"{""good"": []}",0.0,"{""good"": []}",NSW,"{""good"": []}",83.95,"{""good"": []}",,,15.68729482,"{""good"": []}",15.81636596,"{""good"": []}",14.05934604,"{""good"": []}",195.9970215,"{""good"": []}",11.731,"{""good"": []}"
2026-09-30 18:09:00+00:00,Aberporth Automatic Weather Station,-4.57,52.14,0.0,"{""good"": []}",995.11,"{""good"": []}",,,14.34437156,"{""good"": []}",,,,,4800.0,"{""good"": []}",,"{""good"": []}",,"{""good"": []}",1.0,"{""good"": []}",,"{""good"": []}",,"{""good"": []}",1.0,"{""good"": []}",,,9.039651684,"{""good"": []}",,,-0.5318484579,"{""good"": []}",,,0.0,"{""good"": []}",13.79983984,"{""good"": []}",13.23507758,"{""good"": []}",32437.5,"{""good"": []}",0.0,"{""good"": []}",NSW,"{""good"": []}",84.1,"{""good"": []}",,,15.68699249,"{""good"": []}",15.81278626,"{""good"": []}",14.05994901,"{""good"": []}",199.8949798,"{""good"": []}",11.968625,"{""good"": []}"
2026-09-30 18:10:00+00:00,Aberporth Automatic Weather Station,-4.57,52.14,0.0,"{""good"": []}",995.175,"{""good"": []}",,,14.34009191,"{""good"": []}",,,,,3100.0,"{""good"": []}",,"{""good"": []}",,"{""good"": []}",1.0,"{""good"": []}",,"{""good"": []}",,"{""good"": []}",1.0,"{""good"": []}",,,8.562768481,"{""good"": []}",,,-0.5618771095,"{""good"": []}",,,0.0,"{""good"": []}",13.91271034,"{""good"": []}",13.3705699,"{""good"": []}",27746.0,"{""good"": []}",0.0,"{""good"": []}",NSW,"{""good"": []}",84.45,"{""good"": []}",,,15.68694252,"{""good"": []}",15.81001205,"{""good"": []}",14.06060702,"{""good"": []}",207.5954305,"{""good"": []}",12.29579167,"{""good"": []}"
2026-09-30 18:11:00+00:00,Aberporth Automatic Weather Station,-4.57,52.14,0.0,"{""good"": []}",995.195,"{""good"": []}",,,14.34794917,"{""good"": []}",,,,,1900.0,"{""good"": []}",,"{""good"": []}",,"{""good"": []}",1.0,"{""good"": []}",,"{""good"": []}",,"{""good"": []}",1.0,"{""good"": []}",,,8.145435278,"{""good"": []}",,,-0.8452027185,"{""good"": []}",,,0.0,"{""good"": []}",13.93521898,"{""good"": []}",13.41588304,"{""good"": []}",11160.5,"{""good"": []}",0.0,"{""good"": []}",NSW,"{""good"": []}",85.05,"{""good"": []}",,,15.68679011,"{""good"": []}",15.80789575,"{""good"": []}",14.06100982,"{""good"": []}",209.0965594,"{""good"": []}",11.46866667,"{""good"": []}"
2026-09-30 18:12:00+00:00,Aberporth Automatic Weather Station,-4.57,52.14,0.0,"{""good"": []}",995.22,"{""good"": []}",,,14.31249282,"{""good"": []}",,,,,1800.0,"{""good"": []}",,"{""good"": []}",,"{""good"": []}",1.0,"{""good"": []}",,"{""good"": []}",,"{""good"": []}",1.0,"{""good"": []}",,,7.757110285,"{""good"": []}",,,-1.145113114,"{""good"": []}",,,0.0,"{""good"": []}",13.88118225,"{""good"": []}",13.36372373,"{""good"": []}",8807.0,"{""good"": []}",0.0,"{""good"": []}",-RA,"{""good"": []}",85.425,"{""good"": []}",,,15.68653524,"{""good"": []}",15.80441611,"{""good"": []}",14.06181544,"{""good"": []}",209.7001877,"{""good"": []}",12.35316667,"{""good"": []}"
2026-09-30 18:13:00+00:00,Aberporth Automatic Weather Station,-4.57,52.14,0.0,"{""good"": []}",995.245,"{""good"": []}",,,14.29098967,"{""good"": []}",,,,,1800.0,"{""good"": []}",,"{""good"": []}",,"{""good"": []}",1.0,"{""good"": []}",,"{""good"": []}",,"{""good"": []}",1.0,"{""good"": []}",,,7.376821646,"{""good"": []}",,,-1.383106603,"{""good"": []}",,,0.0,"{""good"": []}",13.82194873,"{""good"": []}",13.30073443,"{""good"": []}",14324.5,"{""good"": []}",0.0,"{""good"": []}",-RA,"{""good"": []}",85.875,"{""good"": []}",,,15.68704246,"{""good"": []}",15.801792,"{""good"": []}",14.06222076,"{""good"": []}",215.1910969,"{""good"": []}",10.68695833,"{""good"": []}"
2026-09-30 18:14:00+00:00,Aberporth Automatic Weather Station,-4.57,52.14,0.0,"{""good"": []}",995.275,"{""good"": []}",,,14.24143273,"{""good"": []}",,,,,1800.0,"{""good"": []}",,"{""good"": []}",,"{""good"": []}",2.0,"{""good"": []}",,"{""good"": []}",,"{""good"": []}",2.0,"{""good"": []}",,,6.998116259,"{""good"": []}",,,-1.49598452,"{""good"": []}",,,0.0,"{""good"": []}",13.76735235,"{""good"": []}",13.23945854,"{""good"": []}",15188.5,"{""good"": []}",0.0,"{""good"": []}",-RA,"{""good"": []}",86.7,"{""good"": []}",,,15.68663769,"{""good"": []}",15.79871761,"{""good"": []}",14.06302387,"{""good"": []}",217.8941168,"{""good"": []}",12.24204167,"{""good"": []}"
2026-09-30 18:15:00+00:00,Aberporth Automatic Weather Station,-4.57,52.14,0.0,"{""good"": []}",995.28,"{""good"": []}",,,14.20149437,"{""good"": []}",,,,,1800.0,"{""good"": []}",,"{""good"": []}",,"{""good"": []}",2.0,"{""good"": []}",,"{""good"": []}",,"{""good"": []}",2.0,"{""good"": []}",,,6.627094141,"{""good"": []}",,,-1.499904211,"{""good"": []}",,,0.0,"{""good"": []}",13.71945933,"{""good"": []}",13.196211,"{""good"": []}",15137.5,"{""good"": []}",0.0,"{""good"": []}",-RA,"{""good"": []}",86.6,"{""good"": []}",,,15.68688755,"{""good"": []}",15.79508537,"{""good"": []}",14.06337914,"{""good"": []}",215.42691,"{""good"": []}",13.95433333,"{""good"": []}"
2026-09-30 18:16:00+00:00,Aberporth Automatic Weather Station,-4.57,52.14,0.0,"{""good"": []}",995.3,"{""good"": []}",,,14.20572655,"{""good"": []}",,,,,1700.0,"{""good"": []}",,"{""good"": []}",,"{""good"": []}",2.0,"{""good"": []}",,"{""good"": []}",,"{""good"": []}",2.0,"{""good"": []}",,,6.261764711,"{""good"": []}",,,-1.767072025,"{""good"": []}",,,0.0,"{""good"": []}",13.62799316,"{""good"": []}",13.14358961,"{""good"": []}",9181.5,"{""good"": []}",0.0,"{""good"": []}",-RA,"{""good"": []}",86.725,"{""good"": []}",,,15.68613797,"{""good"": []}",15.79276644,"{""good"": []}",14.06393457,"{""good"": []}",216.1141774,"{""good"": []}",13.61933333,"{""good"": []}"
2026-09-30 18:17:00+00:00,Aberporth Automatic Weather Station,-4.57,52.14,0.0,"{""good"": []}",995.28,"{""good"": []}",,,14.13103638,"{""good"": []}",,,,,1700.0,"{""good"": []}",,"{""good"": []}",,"{""good"": []}",3.0,"{""good"": []}",,"{""good"": []}",,"{""good"": []}",3.0,"{""good"": []}",,,5.901268546,"{""good"": []}",,,-2.030519988,"{""good"": []}",,,0.0,"{""good"": []}",13.49306624,"{""good"": []}",13.02466949,"{""good"": []}",14523.0,"{""good"": []}",0.0,"{""good"": []}",-RA,"{""good"": []}",86.575,"{""good"": []}",,,15.68689255,"{""good"": []}",15.78923677,"{""good"": []}",14.06459258,"{""good"": []}",209.6024973,"{""good"": []}",13.20779167,"{""good"": []}"
2026-09-30 18:18:00+00:00,Aberporth Automatic Weather Station,-4.57,52.14,0.0,"{""good"": []}",995.26,"{""good"": []}",,,14.02603392,"{""good"": []}",,,,,1700.0,"{""good"": []}",,"{""good"": []}",,"{""good"": []}",3.0,"{""good"": []}",,"{""good"": []}",,"{""good"": []}",3.0,"{""good"": []}",,,5.549244709,"{""good"": []}",,,-2.239514868,"{""good"": []}",,,0.0,"{""good"": []}",13.34297616,"{""good"": []}",12.88952685,"{""good"": []}",31741.0,"{""good"": []}",0.0,"{""good"": []}",-RA,"{""good"": []}",86.8,"{""good"": []}",,,15.68679011,"{""good"": []}",15.7865126,"{""good"": []}",14.06499289,"{""good"": []}",212.6393873,"{""good"": []}",10.65790833,"{""good"": []}"
2026-09-30 18:19:00+00:00,Aberporth Automatic Weather Station,-4.57,52.14,0.0,"{""good"": []}",995.265,"{""good"": []}",,,13.91639207,"{""good"": []}",,,,,1700.0,"{""good"": []}",19000.0,"{""good"": []}",,"{""good"": []}",3.0,"{""good"": []}",1.0,"{""good"": []}",,"{""good"": []}",4.0,"{""good"": []}",,,5.209131221,"{""good"": []}",,,-2.334123982,"{""good"": []}",,,0.0,"{""good"": []}",13.19656382,"{""good"": []}",12.73077603,"{""good"": []}",34809.5,"{""good"": []}",0.0,"{""good"": []}",-RA,"{""good"": []}",87.125,"{""good"": []}",,,15.68668766,"{""good"": []}",15.78313552,"{""good"": []}",14.06570093,"{""good"": []}",212.3657993,"{""good"": []}",11.177,"{""good"": []}"
2026-09-30 18:20:00+00:00,Aberporth Automatic Weather Station,-4.57,52.14,0.0,"{""good"": []}",995.255,"{""good"": []}",,,13.82151036,"{""good"": []}",,,,,1700.0,"{""good"": []}",19000.0,"{""good"": []}",,"{""good"": []}",3.0,"{""good"": []}",1.0,"{""good"": []}",,"{""good"": []}",4.0,"{""good"": []}",,,4.878101488,"{""good"": []}",,,-2.373500099,"{""good"": []}",,,0.0,"{""good"": []}",13.06934465,"{""good"": []}",12.58068221,"{""good"": []}",35259.5,"{""good"": []}",0.0,"{""good"": []}",-RA,"{""good"": []}",87.55,"{""good"": []}",,,15.68669016,"{""good"": []}",15.7808166,"{""good"": []}",14.06615378,"{""good"": []}",212.1631746,"{""good"": []}",11.086125,"{""good"": []}"
2026-09-30 18:21:00+00:00,Aberporth Automatic Weather Station,-4.57,52.14,0.0,"{""good"": []}",995.21,"{""good"": []}",,,13.77542611,"{""good"": []}",,,,,1700.0,"{""good"": []}",19000.0,"{""good"": []}",,"{""good"": []}",3.0,"{""good"": []}",2.0,"{""good"": []}",,"{""good"": []}",5.0,"{""good"": []}",,,4.556438194,"{""good"": []}",,,-2.368725662,"{""good"": []}",,,0.0,"{""good"": []}",12.96997084,"{""good"": []}",12.46049574,"{""good"": []}",36066.0,"{""good"": []}",0.0,"{""good"": []}",-RA,"{""good"": []}",87.95,"{""good"": []}",,,15.68689005,"{""good"": []}",15.77784226,"{""good"": []}",14.06675924,"{""good"": []}",211.683607,"{""good"": []}",11.29425,"{""good"": []}"
2026-09-30 18:22:00+00:00,Aberporth Automatic Weather Station,-4.57,52.14,0.0,"{""good"": []}",995.215,"{""good"": []}",,,13.73614481,"{""good"": []}",,,,,1700.0,"{""good"": []}",19000.0,"{""good"": []}",,"{""good"": []}",3.0,"{""good"": []}",2.0,"{""good"": []}",,"{""good"": []}",5.0,"{""good"": []}",,,4.246153783,"{""good"": []}",,,-2.414409292,"{""good"": []}",,,0.0,"{""good"": []}",12.89568159,"{""good"": []}",12.38950634,"{""good"": []}",35494.0,"{""good"": []}",0.0,"{""good"": []}",-RA,"{""good"": []}",88.3,"{""good"": []}",,,15.68633536,"{""good"": []}",15.77547081,"{""good"": []}",14.06721459,"{""good"": []}",206.4605336,"{""good"": []}",10.44355,"{""good"": []}"
2026-09-30 18:23:00+00:00,Aberporth Automatic Weather Station,-4.57,52.14,0.0,"{""good"": []}",995.235,"{""good"": []}",,,13.69640632,"{""good"": []}",,,,,1700.0,"{""good"": []}",19000.0,"{""good"": []}",,"{""good"": []}",3.0,"{""good"": []}",2.0,"{""good"": []}",,"{""good"": []}",5.0,"{""good"": []}",,,3.944442577,"{""good"": []}",,,-2.390939225,"{""good"": []}",,,0.0,"{""good"": []}",12.83579846,"{""good"": []}",12.33638541,"{""good"": []}",33625.0,"{""good"": []}",0.0,"{""good"": []}",-RA,"{""good"": []}",88.6,"{""good"": []}",,,15.68623542,"{""good"": []}",15.7718911,"{""good"": []}",14.06781755,"{""good"": []}",207.9253695,"{""good"": []}",10.956875,"{""good"": []}"
2026-09-30 18:24:00+00:00,Aberporth Automatic Weather Station,-4.57,52.14,0.0,"{""good"": []}",995.22,"{""good"": []}",,,13.66160704,"{""good"": []}",,,,,1700.0,"{""good"": []}",19000.0,"{""good"": []}",,"{""good"": []}",3.0,"{""good"": []}",3.0,"{""good"": []}",,"{""good"": []}",6.0,"{""good"": []}",,,3.652181177,"{""good"": []}",,,-2.356110103,"{""good"": []}",,,0.0,"{""good"": []}",12.78865749,"{""good"": []}",12.30778933,"{""good"": []}",33505.5,"{""good"": []}",0.0,"{""good"": []}",-RA,"{""good"": []}",88.85,"{""good"": []}",,,15.68618544,"{""good"": []}",15.76861159,"{""good"": []}",14.0685256,"{""good"": []}",207.6716578,"{""good"": []}",12.01904167,"{""good"": []}"
2026-09-30 18:25:00+00:00,Aberporth Automatic Weather Station,-4.57,52.14,0.0,"{""good"": []}",995.225,"{""good"": []}",,,13.66029542,"{""good"": []}",,,,,1700.0,"{""good"": []}",19000.0,"{""good"": []}",,"{""good"": []}",3.0,"{""good"": []}",3.0,"{""good"": []}",,"{""good"": []}",6.0,"{""good"": []}",,,3.370853386,"{""good"": []}",,,-2.310526849,"{""good"": []}",,,0.0,"{""good"": []}",12.74735792,"{""good"": []}",12.28226042,"{""good"": []}",34744.5,"{""good"": []}",0.0,"{""good"": []}",-RA,"{""good"": []}",88.35,"{""good"": []}",,,15.68623542,"{""good"": []}",15.76598998,"{""good"": []}",14.06902598,"{""good"": []}",204.4136107,"{""good"": []}",10.18145833,"{""good"": []}"
2026-09-30 18:26:00+00:00,Aberporth Automatic Weather Station,-4.57,52.14,0.0,"{""good"": []}",995.225,"{""good"": []}",,,13.65017217,"{""good"": []}",,,,,1700.0,"{""good"": []}",19000.0,"{""good"": []}",,"{""good"": []}",3.0,"{""good"": []}",3.0,"{""good"": []}",,"{""good"": []}",6.0,"{""good"": []}",,,3.098428007,"{""good"": []}",,,-2.391264749,"{""good"": []}",,,0.0,"{""good"": []}",12.70051926,"{""good"": []}",12.2558773,"{""good"": []}",35160.5,"{""good"": []}",0.0,"{""good"": []}",-RA,"{""good"": []}",88.525,"{""good"": []}",,,15.68618295,"{""good"": []}",15.7624603,"{""good"": []}",14.0694313,"{""good"": []}",206.3815982,"{""good"": []}",10.88191667,"{""good"": []}"
2026-09-30 18:27:00+00:00,Aberporth Automatic Weather Station,-4.57,52.14,0.0,"{""good"": []}",995.225,"{""good"": []}",,,13.59830177,"{""good"": []}",,,,,1700.0,"{""good"": []}",19000.0,"{""good"": []}",,"{""good"": []}",2.0,"{""good"": []}",4.0,"{""good"": []}",,"{""good"": []}",6.0,"{""good"": []}",,,2.837818686,"{""good"": []}",,,-2.249815461,"{""good"": []}",,,0.0,"{""good"": []}",12.65523715,"{""good"": []}",12.23357291,"{""good"": []}",32698.0,"{""good"": []}",0.0,"{""good"": []}",-RA,"{""good"": []}",88.2,"{""good"": []}",,,15.68633536,"{""good"": []}",15.75948597,"{""good"": []}",14.0700868,"{""good"": []}",206.7587895,"{""good"": []}",13.49175,"{""good"": []}"
2026-09-30 18:28:00+00:00,Aberporth Automatic Weather Station,-4.57,52.14,0.0,"{""good"": []}",995.235,"{""good"": []}",,,13.62801444,"{""good"": []}",,,,,1700.0,"{""good"": []}",19000.0,"{""good"": []}",,"{""good"": []}",2.0,"{""good"": []}",4.0,"{""good"": []}",,"{""good"": []}",6.0,"{""good"": []}",,,2.587142896,"{""good"": []}",,,-2.260268644,"{""good"": []}",,,0.0,"{""good"": []}",12.61917435,"{""good"": []}",12.23191194,"{""good"": []}",39090.0,"{""good"": []}",0.0,"{""good"": []}",-RA,"{""good"": []}",87.375,"{""good"": []}",,,15.68664019,"{""good"": []}",15.75630652,"{""good"": []}",14.07044207,"{""good"": []}",208.4753006,"{""good"": []}",13.221,"{""good"": []}"
2026-09-30 18:29:00+00:00,Aberporth Automatic Weather Station,-4.57,52.14,0.0,"{""good"": []}",995.26,"{""good"": []}",,,13.6117453,"{""good"": []}",,,,,1700.0,"{""good"": []}",19000.0,"{""good"": []}",,"{""good"": []}",2.0,"{""good"": []}",4.0,"{""good"": []}",,"{""good"": []}",6.0,"{""good"": []}",,,2.34736096,"{""good"": []}",,,-2.302987109,"{""good"": []}",,,0.0,"{""good"": []}",12.57893413,"{""good"": []}",12.21010709,"{""good"": []}",40541.0,"{""good"": []}",0.0,"{""good"": []}",RERA,"{""good"": []}",87.1,"{""good"": []}",,,15.68674013,"{""good"": []}",15.75368491,"{""good"": []}",14.0709975,"{""good"": []}",205.4331581,"{""good"": []}",11.336625,"{""good"": []}"
2026-09-30 18:30:00+00:00,Aberporth Automatic Weather Station,-4.57,52.14,0.0,"{""good"": []}",995.255,"{""good"": []}",,,13.54028047,"{""good"": []}",,,,,1700.0,"{""good"": []}",19000.0,"{""good"": []}",,"{""good"": []}",2.0,"{""good"": []}",5.0,"{""good"": []}",,"{""good"": []}",7.0,"{""good"": []}",,,2.119129578,"{""good"": []}",,,-2.311957651,"{""good"": []}",,,0.0,"{""good"": []}",12.52721098,"{""good"": []}",12.15638423,"{""good"": []}",41052.5,"{""good"": []}",0.0,"{""good"": []}",RERA,"{""good"": []}",87.175,"{""good"": []}",,,15.68648777,"{""good"": []}",15.75020777,"{""good"": []}",14.07159796,"{""good"": []}",206.0708511,"{""good"": []}",12.07995833,"{""good"": []}"
2026-09-30 18:31:00+00:00,Aberporth Automatic Weather Station,-4.57,52.14,0.0,"{""good"": []}",995.275,"{""good"": []}",,,13.5414397,"{""good"": []}",,,,,1700.0,"{""good"": []}",19000.0,"{""good"": []}",,"{""good"": []}",2.0,"{""good"": []}",5.0,"{""good"": []}",,"{""good"": []}",7.0,"{""good"": []}",,,1.901601864,"{""good"": []}",,,-2.193676493,"{""good"": []}",,,0.0,"{""good"": []}",12.46898933,"{""good"": []}",12.12673162,"{""good"": []}",41301.5,"{""good"": []}",0.0,"{""good"": []}",RERA,"{""good"": []}",86.85,"{""good"": []}",,,15.6867901,"{""good"": []}",15.74682819,"{""good"": []}",14.07210835,"{""good"": []}",206.099037,"{""good"": []}",12.058,"{""good"": []}"
2026-09-30 18:32:00+00:00,Aberporth Automatic Weather Station,-4.57,52.14,0.0,"{""good"": []}",995.285,"{""good"": []}",,,13.51364075,"{""good"": []}",,,,,1700.0,"{""good"": []}",19000.0,"{""good"": []}",,"{""good"": []}",1.0,"{""good"": []}",5.0,"{""good"": []}",,"{""good"": []}",6.0,"{""good"": []}",,,1.690662575,"{""good"": []}",,,-2.248029775,"{""good"": []}",,,0.0,"{""good"": []}",12.42330746,"{""good"": []}",12.10855592,"{""good"": []}",42141.0,"{""good"": []}",0.0,"{""good"": []}",RERA,"{""good"": []}",86.85,"{""good"": []}",,,15.68638783,"{""good"": []}",15.74329852,"{""good"": []}",14.07295901,"{""good"": []}",201.4385995,"{""good"": []}",10.99525,"{""good"": []}"
2026-09-30 18:33:00+00:00,Aberporth Automatic Weather Station,-4.57,52.14,0.0,"{""good"": []}",995.26,"{""good"": []}",,,13.50518139,"{""good"": []}",,,,,1700.0,"{""good"": []}",19000.0,"{""good"": []}",,"{""good"": []}",1.0,"{""good"": []}",6.0,"{""good"": []}",,"{""good"": []}",7.0,"{""good"": []}",,,1.486922311,"{""good"": []}",,,-2.143996679,"{""good"": []}",,,0.0,"{""good"": []}",12.38422652,"{""good"": []}",12.06736897,"{""good"": []}",41642.0,"{""good"": []}",0.0,"{""good"": []}",RERA,"{""good"": []}",86.95,"{""good"": []}",,,15.68603553,"{""good"": []}",15.74107966,"{""good"": []}",14.07341436,"{""good"": []}",197.6240656,"{""good"": []}",11.59645833,"{""good"": []}"
2026-09-30 18:34:00+00:00,Aberporth Automatic Weather Station,-4.57,52.14,0.0,"{""good"": []}",995.235,"{""good"": []}",,,13.5294552,"{""good"": []}",,,,,1700.0,"{""good"": []}",19000.0,"{""good"": []}",,"{""good"": []}",1.0,"{""good"": []}",6.0,"{""good"": []}",,"{""good"": []}",7.0,"{""good"": []}",,,1.289938809,"{""good"": []}",,,-2.135704231,"{""good"": []}",,,0.0,"{""good"": []}",12.35365285,"{""good"": []}",12.0518608,"{""good"": []}",41160.5,"{""good"": []}",0.0,"{""good"": []}",RERA,"{""good"": []}",86.925,"{""good"": []}",,,15.68638783,"{""good"": []}",15.73739489,"{""good"": []}",14.07391975,"{""good"": []}",198.8127559,"{""good"": []}",10.92395833,"{""good"": []}"
2026-09-30 18:35:00+00:00,Aberporth Automatic Weather Station,-4.57,52.14,0.0,"{""good"": []}",995.23,"{""good"": []}",,,13.46771139,"{""good"": []}",,,,,1700.0,"{""good"": []}",19000.0,"{""good"": []}",,"{""good"": []}",1.0,"{""good"": []}",6.0,"{""good"": []}",,"{""good"": []}",7.0,"{""good"": []}",,,1.094094968,"{""good"": []}",,,-2.168018407,"{""good"": []}",,,0.0,"{""good"": []}",12.32136773,"{""good"": []}",12.03207408,"{""good"": []}",42393.5,"{""good"": []}",0.0,"{""good"": []}",RERA,"{""good"": []}",86.85,"{""good"": []}",,,15.68623542,"{""good"": []}",15.73447309,"{""good"": []}",14.07422248,"{""good"": []}",195.0698662,"{""good"": []}",12.80733333,"{""good"": []}"
2026-09-30 18:36:00+00:00,Aberporth Automatic Weather Station,-4.57,52.14,0.0,"{""good"": []}",995.22,"{""good"": []}",,,13.48800785,"{""good"": []}",,,,,1700.0,"{""good"": []}",19000.0,"{""good"": []}",,"{""good"": []}",1.0,"{""good"": []}",6.0,"{""good"": []}",,"{""good"": []}",7.0,"{""good"": []}",,,0.9015346414,"{""good"": []}",,,-1.959652728,"{""good"": []}",,,0.0,"{""good"": []}",12.28923751,"{""good"": []}",12.0237168,"{""good"": []}",43598.0,"{""good"": []}",0.0,"{""good"": []}",RERA,"{""good"": []}",85.1,"{""good"": []}",,,15.68603553,"{""good"": []}",15.73119358,"{""good"": []}",14.07493052,"{""good"": []}",197.1599836,"{""good"": []}",14.17829167,"{""good"": []}"
2026-09-30 18:37:00+00:00,Aberporth Automatic Weather Station,-4.57,52.14,0.0,"{""good"": []}",995.225,"{""good"": []}",,,13.59538121,"{""good"": []}",,,,,1700.0,"{""good"": []}",19000.0,"{""good"": []}",,"{""good"": []}",1.0,"{""good"": []}",6.0,"{""good"": []}",,"{""good"": []}",7.0,"{""good"": []}",,,0.7043611459,"{""good"": []}",,,-2.155705358,"{""good"": []}",,,0.0,"{""good"": []}",12.24874245,"{""good"": []}",12.0244711,"{""good"": []}",54295.0,"{""good"": []}",0.0,"{""good"": []}",RERA,"{""good"": []}",84.775,"{""good"": []}",,,15.68628539,"{""good"": []}",15.72832181,"{""good"": []}",14.07528079,"{""good"": []}",199.3889194,"{""good"": []}",12.87683333,"{""good"": []}"
2026-09-30 18:38:00+00:00,Aberporth Automatic Weather Station,-4.57,52.14,0.0,"{""good"": []}",995.24,"{""good"": []}",,,13.46343174,"{""good"": []}",,,,,1700.0,"{""good"": []}",8900.0,"{""good"": []}",19000.0,"{""good"": []}",1.0,"{""good"": []}",1.0,"{""good"": []}",7.0,"{""good"": []}",8.0,"{""good"": []}",,,0.5048921951,"{""good"": []}",,,-2.208575741,"{""good"": []}",,,0.0,"{""good"": []}",12.20114926,"{""good"": []}",11.98051421,"{""good"": []}",52317.5,"{""good"": []}",0.0,"{""good"": []}",RERA,"{""good"": []}",84.75,"{""good"": []}",,,15.6860855,"{""good"": []}",15.72478964,"{""good"": []}",14.07603637,"{""good"": []}",199.4243276,"{""good"": []}",11.498125,"{""good"": []}"
2026-09-30 18:39:00+00:00,Aberporth Automatic Weather Station,-4.57,52.14,0.0,"{""good"": []}",995.265,"{""good"": []}",,,13.39030303,"{""good"": []}",,,,,1700.0,"{""good"": []}",8900.0,"{""good"": []}",19000.0,"{""good"": []}",1.0,"{""good"": []}",1.0,"{""good"": []}",7.0,"{""good"": []}",8.0,"{""good"": []}",,,0.3103870722,"{""good"": []}",,,-2.138541657,"{""good"": []}",,,0.0,"{""good"": []}",12.14075894,"{""good"": []}",11.9086656,"{""good"": []}",52774.5,"{""good"": []}",0.0,"{""good"": []}",RERA,"{""good"": []}",84.525,"{""good"": []}",,,15.68603553,"{""good"": []}",15.7219679,"{""good"": []}",14.07639164,"{""good"": []}",201.672668,"{""good"": []}",12.609,"{""good"": []}"
2026-09-30 18:40:00+00:00,Aberporth Automatic Weather Station,-4.57,52.14,0.0,"{""good"": []}",995.27,"{""good"": []}",,,13.3771593,"{""good"": []}",,,,,1700.0,"{""good"": []}",8900.0,"{""good"": []}",19000.0,"{""good"": []}",1.0,"{""good"": []}",1.0,"{""good"": []}",7.0,"{""good"": []}",8.0,"{""good"": []}",,,0.1208152253,"{""good"": []}",,,-2.151055397,"{""good"": []}",,,0.0,"{""good"": []}",12.08354418,"{""good"": []}",11.87049836,"{""good"": []}",56109.5,"{""good"": []}",0.0,"{""good"": []}",RERA,"{""good"": []}",83.95,"{""good"": []}",,,15.68603303,"{""good"": []}",15.71858833,"{""good"": []}",14.07684199,"{""good"": []}",204.6486856,"{""good"": []}",13.185375,"{""good"": []}"
2026-09-30 18:41:00+00:00,Aberporth Automatic Weather Station,-4.57,52.14,0.0,"{""good"": []}",995.28,"{""good"": []}",,,13.32583853,"{""good"": []}",,,,,1700.0,"{""good"": []}",8900.0,"{""good"": []}",18000.0,"{""good"": []}",1.0,"{""good"": []}",1.0,"{""good"": []}",7.0,"{""good"": []}",8.0,"{""good"": []}",,,-0.06040922542,"{""good"": []}",,,-2.145803539,"{""good"": []}",,,0.0,"{""good"": []}",12.02637937,"{""good"": []}",11.82151112,"{""good"": []}",60965.0,"{""good"": []}",0.0,"{""good"": []}",RERA,"{""good"": []}",83.75,"{""good"": []}",,,15.68618795,"{""good"": []}",15.71536134,"{""good"": []}",14.07745246,"{""good"": []}",203.9332868,"{""good"": []}",12.96825,"{""good"": []}"
2026-09-30 18:42:00+00:00,Aberporth Automatic Weather Station,-4.57,52.14,0.0,"{""good"": []}",995.27,"{""good"": []}",,,13.25618999,"{""good"": []}",,,,,1700.0,"{""good"": []}",8900.0,"{""good"": []}",18000.0,"{""good"": []}",1.0,"{""good"": []}",1.0,"{""good"": []}",7.0,"{""good"": []}",8.0,"{""good"": []}",,,-0.2280351744,"{""good"": []}",,,-2.148617873,"{""good"": []}",,,0.0,"{""good"": []}",11.95863858,"{""good"": []}",11.75857178,"{""good"": []}",60755.5,"{""good"": []}",0.0,"{""good"": []}",RERA,"{""good"": []}",83.8,"{""good"": []}",,,15.68593309,"{""good"": []}",15.71203179,"{""good"": []}",14.07805292,"{""good"": []}",203.707887,"{""good"": []}",13.71533333,"{""good"": []}"
2026-09-30 18:43:00+00:00,Aberporth Automatic Weather Station,-4.57,52.14,0.0,"{""good"": []}",995.275,"{""good"": []}",,,13.21741087,"{""good"": []}",,,,,1700.0,"{""good"": []}",8900.0,"{""good"": []}",18000.0,"{""good"": []}",1.0,"{""good"": []}",1.0,"{""good"": []}",8.0,"{""good"": []}",8.0,"{""good"": []}",,,-0.3815969165,"{""good"": []}",,,-2.121377699,"{""good"": []}",,,0.0,"{""good"": []}",11.89331631,"{""good"": []}",11.68974537,"{""good"": []}",67225.0,"{""good"": []}",0.0,"{""good"": []}",RERA,"{""good"": []}",83.7,"{""good"": []}",,,15.6860855,"{""good"": []}",15.70885734,"{""good"": []}",14.07861085,"{""good"": []}",205.422176,"{""good"": []}",13.58820833,"{""good"": []}"
2026-09-30 18:44:00+00:00,Aberporth Automatic Weather Station,-4.57,52.14,0.0,"{""good"": []}",995.285,"{""good"": []}",,,13.19368669,"{""good"": []}",,,,,1800.0,"{""good"": []}",8900.0,"{""good"": []}",17000.0,"{""good"": []}",1.0,"{""good"": []}",1.0,"{""good"": []}",8.0,"{""good"": []}",8.0,"{""good"": []}",,,-0.5207987737,"{""good"": []}",,,-2.111853737,"{""good"": []}",,,0.0,"{""good"": []}",11.83685607,"{""good"": []}",11.64105535,"{""good"": []}",69777.0,"{""good"": []}",0.0,"{""good"": []}",RERA,"{""good"": []}",83.625,"{""good"": []}",,,15.68583315,"{""good"": []}",15.70588301,"{""good"": []}",14.07901366,"{""good"": []}",205.7780847,"{""good"": []}",12.914875,"{""good"": []}"
2026-09-30 18:45:00+00:00,Aberporth Automatic Weather Station,-4.57,52.14,0.0,"{""good"": []}",995.285,"{""good"": []}",,,13.14896403,"{""good"": []}",,,,,1800.0,"{""good"": []}",8900.0,"{""good"": []}",17000.0,"{""good"": []}",1.0,"{""good"": []}",1.0,"{""good"": []}",8.0,"{""good"": []}",8.0,"{""good"": []}",,,-0.6487320217,"{""good"": []}",,,-2.100571036,"{""good"": []}",,,0.0,"{""good"": []}",11.80094569,"{""good"": []}",11.59720087,"{""good"": []}",70230.5,"{""good"": []}",0.0,"{""good"": []}",RERA,"{""good"": []}",83.7,"{""good"": []}",,,15.68568323,"{""good"": []}",15.70260099,"{""good"": []}",14.07961913,"{""good"": []}",204.5382743,"{""good"": []}",13.64958333,"{""good"": []}"
2026-09-30 18:46:00+00:00,Aberporth Automatic Weather Station,-4.57,52.14,0.0,"{""good"": []}",995.3,"{""good"": []}",,,13.13617256,"{""good"": []}",,,,,8900.0,"{""good"": []}",17000.0,"{""good"": []}",,"{""good"": []}",1.0,"{""good"": []}",8.0,"{""good"": []}",,"{""good"": []}",8.0,"{""good"": []}",,,-0.7668667145,"{""good"": []}",,,-2.043755477,"{""good"": []}",,,0.0,"{""good"": []}",11.76347376,"{""good"": []}",11.57313311,"{""good"": []}",72870.5,"{""good"": []}",0.0,"{""good"": []}",RERA,"{""good"": []}",83.725,"{""good"": []}",,,15.68578318,"{""good"": []}",15.70008194,"{""good"": []}",14.08007448,"{""good"": []}",204.0192649,"{""good"": []}",13.84904167,"{""good"": []}"
2026-09-30 18:47:00+00:00,Aberporth Automatic Weather Station,-4.57,52.14,0.0,"{""good"": []}",995.29,"{""good"": []}",,,13.12937459,"{""good"": []}",,,,,8900.0,"{""good"": []}",17000.0,"{""good"": []}",,"{""good"": []}",1.0,"{""good"": []}",8.0,"{""good"": []}",,"{""good"": []}",8.0,"{""good"": []}",,,-0.8802461689,"{""good"": []}",,,-2.079085449,"{""good"": []}",,,0.0,"{""good"": []}",11.71965574,"{""good"": []}",11.5600452,"{""good"": []}",73328.0,"{""good"": []}",0.0,"{""good"": []}",RERA,"{""good"": []}",83.65,"{""good"": []}",,,15.68593309,"{""good"": []}",15.69680242,"{""good"": []}",14.08067744,"{""good"": []}",205.9123224,"{""good"": []}",12.741625,"{""good"": []}"
2026-09-30 18:48:00+00:00,Aberporth Automatic Weather Station,-4.57,52.14,0.0,"{""good"": []}",995.29,"{""good"": []}",,,13.06198955,"{""good"": []}",,,,,8900.0,"{""good"": []}",15000.0,"{""good"": []}",,"{""good"": []}",1.0,"{""good"": []}",8.0,"{""good"": []}",,"{""good"": []}",8.0,"{""good"": []}",,,-0.984419266,"{""good"": []}",,,-2.073606979,"{""good"": []}",,,0.0,"{""good"": []}",11.68344304,"{""good"": []}",11.51538396,"{""good"": []}",74201.5,"{""good"": []}",0.0,"{""good"": []}",RERA,"{""good"": []}",83.875,"{""good"": []}",,,15.68613548,"{""good"": []}",15.69317269,"{""good"": []}",14.08123537,"{""good"": []}",203.076026,"{""good"": []}",12.20175,"{""good"": []}"
2026-09-30 18:49:00+00:00,Aberporth Automatic Weather Station,-4.57,52.14,0.0,"{""good"": []}",995.285,"{""good"": []}",,,12.97234185,"{""good"": []}",,,,,8900.0,"{""good"": []}",15000.0,"{""good"": []}",,"{""good"": []}",1.0,"{""good"": []}",8.0,"{""good"": []}",,"{""good"": []}",8.0,"{""good"": []}",,,-1.083079933,"{""good"": []}",,,-2.098559569,"{""good"": []}",,,0.0,"{""good"": []}",11.62743503,"{""good"": []}",11.43915439,"{""good"": []}",74566.5,"{""good"": []}",0.0,"{""good"": []}",RERA,"{""good"": []}",84.225,"{""good"": []}",,,15.6857307,"{""good"": []}",15.69105639,"{""good"": []}",14.08173576,"{""good"": []}",203.0608562,"{""good"": []}",12.5865,"{""good"": []}"
2026-09-30 18:50:00+00:00,Aberporth Automatic Weather Station,-4.57,52.14,0.0,"{""good"": []}",995.265,"{""good"": []}",,,12.93129923,"{""good"": []}",,,,,8900.0,"{""good"": []}",15000.0,"{""good"": []}",,"{""good"": []}",1.0,"{""good"": []}",8.0,"{""good"": []}",,"{""good"": []}",8.0,"{""good"": []}",,,-1.174940748,"{""good"": []}",,,-2.08421119,"{""good"": []}",,,0.0,"{""good"": []}",11.57057504,"{""good"": []}",11.38261163,"{""good"": []}",73977.0,"{""good"": []}",0.0,"{""good"": []}",RERA,"{""good"": []}",84.4,"{""good"": []}",,,15.68578068,"{""good"": []}",15.68722153,"{""good"": []}",14.0824463,"{""good"": []}",199.1139569,"{""good"": []}",11.51620833,"{""good"": []}"
2026-09-30 18:51:00+00:00,Aberporth Automatic Weather Station,-4.57,52.14,0.0,"{""good"": []}",995.28,"{""good"": []}",,,12.83576297,"{""good"": []}",,,,,8900.0,"{""good"": []}",15000.0,"{""good"": []}",,"{""good"": []}",1.0,"{""good"": []}",8.0,"{""good"": []}",,"{""good"": []}",8.0,"{""good"": []}",,,-1.262453016,"{""good"": []}",,,-2.151656109,"{""good"": []}",,,0.0,"{""good"": []}",11.51376002,"{""good"": []}",11.31458699,"{""good"": []}",72859.5,"{""good"": []}",0.0,"{""good"": []}",RERA,"{""good"": []}",84.7,"{""good"": []}",,,15.68558079,"{""good"": []}",15.68394452,"{""good"": []}",14.08279657,"{""good"": []}",197.2071975,"{""good"": []}",11.69158333,"{""good"": []}"
2026-09-30 18:52:00+00:00,Aberporth Automatic Weather Station,-4.57,52.14,0.0,"{""good"": []}",995.25,"{""good"": []}",,,12.76268671,"{""good"": []}",,,,,8900.0,"{""good"": []}",15000.0,"{""good"": []}",,"{""good"": []}",1.0,"{""good"": []}",8.0,"{""good"": []}",,"{""good"": []}",8.0,"{""good"": []}",,,-1.342223947,"{""good"": []}",,,-2.111877679,"{""good"": []}",,,0.0,"{""good"": []}",11.44581686,"{""good"": []}",11.22713029,"{""good"": []}",71841.5,"{""good"": []}",0.0,"{""good"": []}",RERA,"{""good"": []}",85.125,"{""good"": []}",,,15.68567823,"{""good"": []}",15.68046488,"{""good"": []}",14.08339953,"{""good"": []}",195.7783973,"{""good"": []}",12.09183333,"{""good"": []}"
2026-09-30 18:53:00+00:00,Aberporth Automatic Weather Station,-4.57,52.14,0.0,"{""good"": []}",995.25,"{""good"": []}",,,12.78746269,"{""good"": []}",,,,,8900.0,"{""good"": []}",15000.0,"{""good"": []}",,"{""good"": []}",1.0,"{""good"": []}",8.0,"{""good"": []}",,"{""good"": []}",8.0,"{""good"": []}",,,-1.415400247,"{""good"": []}",,,-2.051920463,"{""good"": []}",,,0.0,"{""good"": []}",11.38885444,"{""good"": []}",11.18493927,"{""good"": []}",73781.5,"{""good"": []}",0.0,"{""good"": []}",RERA,"{""good"": []}",85.25,"{""good"": []}",,,15.68552832,"{""good"": []}",15.67764064,"{""good"": []}",14.08395746,"{""good"": []}",194.9835827,"{""good"": []}",11.85804167,"{""good"": []}"
2026-09-30 18:54:00+00:00,Aberporth Automatic Weather Station,-4.57,52.14,0.0,"{""good"": []}",995.235,"{""good"": []}",,,12.78469204,"{""good"": []}",,,,,8900.0,"{""good"": []}",15000.0,"{""good"": []}",,"{""good"": []}",1.0,"{""good"": []}",8.0,"{""good"": []}",,"{""good"": []}",8.0,"{""good"": []}",,,-1.482842973,"{""good"": []}",,,-2.111851384,"{""good"": []}",,,0.0,"{""good"": []}",11.36105406,"{""good"": []}",11.15528167,"{""good"": []}",73288.5,"{""good"": []}",0.0,"{""good"": []}",RERA,"{""good"": []}",85.25,"{""good"": []}",,,15.6857332,"{""good"": []}",15.67466882,"{""good"": []}",14.08436027,"{""good"": []}",196.2064908,"{""good"": []}",11.73329167,"{""good"": []}"
2026-09-30 18:55:00+00:00,Aberporth Automatic Weather Station,-4.57,52.14,0.0,"{""good"": []}",995.245,"{""good"": []}",,,12.73987194,"{""good"": []}",,,,,8900.0,"{""good"": []}",15000.0,"{""good"": []}",,"{""good"": []}",1.0,"{""good"": []}",8.0,"{""good"": []}",,"{""good"": []}",8.0,"{""good"": []}",,,-1.546374822,"{""good"": []}",,,-2.145699466,"{""good"": []}",,,0.0,"{""good"": []}",11.31622916,"{""good"": []}",11.10941155,"{""good"": []}",70940.0,"{""good"": []}",0.0,"{""good"": []}",RERA,"{""good"": []}",85.325,"{""good"": []}",,,15.68563326,"{""good"": []}",15.67103658,"{""good"": []}",14.08486566,"{""good"": []}",195.6894583,"{""good"": []}",11.50179167,"{""good"": []}"
2026-09-30 18:56:00+00:00,Aberporth Automatic Weather Station,-4.57,52.14,0.0,"{""good"": []}",995.245,"{""good"": []}",,,12.67137763,"{""good"": []}",,,,,8900.0,"{""good"": []}",15000.0,"{""good"": []}",,"{""good"": []}",1.0,"{""good"": []}",8.0,"{""good"": []}",,"{""good"": []}",8.0,"{""good"": []}",,,-1.606395324,"{""good"": []}",,,-2.163640391,"{""good"": []}",,,0.0,"{""good"": []}",11.26108062,"{""good"": []}",11.04426175,"{""good"": []}",71503.0,"{""good"": []}",0.0,"{""good"": []}",RERA,"{""good"": []}",85.4,"{""good"": []}",,,15.68542587,"{""good"": []}",15.6683099,"{""good"": []}",14.08541858,"{""good"": []}",198.6360571,"{""good"": []}",11.29104167,"{""good"": []}"
2026-09-30 18:57:00+00:00,Aberporth Automatic Weather Station,-4.57,52.14,0.0,"{""good"": []}",995.26,"{""good"": []}",,,12.64509016,"{""good"": []}",,,,,8900.0,"{""good"": []}",15000.0,"{""good"": []}",,"{""good"": []}",1.0,"{""good"": []}",8.0,"{""good"": []}",,"{""good"": []}",8.0,"{""good"": []}",,,-1.663736671,"{""good"": []}",,,-2.2033431,"{""good"": []}",,,0.0,"{""good"": []}",11.20885278,"{""good"": []}",10.98726191,"{""good"": []}",70472.0,"{""good"": []}",0.0,"{""good"": []}",RERA,"{""good"": []}",85.625,"{""good"": []}",,,15.68568073,"{""good"": []}",15.6653881,"{""good"": []}",14.08592397,"{""good"": []}",195.3266245,"{""good"": []}",10.88933333,"{""good"": []}"
2026-09-30 18:58:00+00:00,Aberporth Automatic Weather Station,-4.57,52.14,0.0,"{""good"": []}",995.27,"{""good"": []}",,,12.60419495,"{""good"": []}",,,,,8900.0,"{""good"": []}",15000.0,"{""good"": []}",,"{""good"": []}",1.0,"{""good"": []}",8.0,"{""good"": []}",,"{""good"": []}",8.0,"{""good"": []}",,,-1.715354948,"{""good"": []}",,,-2.183717715,"{""good"": []}",,,0.0,"{""good"": []}",11.15561556,"{""good"": []}",10.9301197,"{""good"": []}",69525.0,"{""good"": []}",0.0,"{""good"": []}",RERA,"{""good"": []}",85.825,"{""good"": []}",,,15.68588062,"{""good"": []}",15.66246381,"{""good"": []}",14.08652944,"{""good"": []}",192.9319306,"{""good"": []}",11.97225,"{""good"": []}"
2026-09-30 18:59:00+00:00,Aberporth Automatic Weather Station,-4.57,52.14,0.0,"{""good"": []}",995.295,"{""good"": []}",,,12.64675156,"{""good"": []}",,,,,8900.0,"{""good"": []}",15000.0,"{""good"": []}",,"{""good"": []}",1.0,"{""good"": []}",8.0,"{""good"": []}",,"{""good"": []}",8.0,"{""good"": []}",,,-1.761381667,"{""good"": []}",,,-2.154543515,"{""good"": []}",,,0.0,"{""good"": []}",11.12172143,"{""good"": []}",10.90262761,"{""good"": []}",72479.5,"{""good"": []}",0.0,"{""good"": []}",RERA,"{""good"": []}",85.875,"{""good"": []}",,,15.68598306,"{""good"": []}",15.65908423,"{""good"": []}",14.08687971,"{""good"": []}",190.1896807,"{""good"": []}",11.07845833,"{""good"": []}"
2026-09-30 19:00:00+00:00,Aberporth Automatic Weather Station,-4.57,52.14,0.0,"{""good"": []}",995.325,"{""good"": []}",,,12.67143009,"{""good"": []}",,,,,8900.0,"{""good"": []}",15000.0,"{""good"": []}",,"{""good"": []}",1.0,"{""good"": []}",8.0,"{""good"": []}",,"{""good"": []}",8.0,"{""good"": []}",,,-1.804166781,"{""good"": []}",,,-2.14856293,"{""good"": []}",,,0.0,"{""good"": []}",11.11320667,"{""good"": []}",10.89940559,"{""good"": []}",69007.0,"{""good"": []}",0.0,"{""good"": []}",RERA,"{""good"": []}",85.925,"{""good"": []}",,,15.68583064,"{""good"": []}",15.65625999,"{""good"": []}",14.08753771,"{""good"": []}",190.3474292,"{""good"": []}",12.37004167,"{""good"": []}"
2026-09-30 19:01:00+00:00,Aberporth Automatic Weather Station,-4.57,52.14,0.0,"{""good"": []}",995.345,"{""good"": []}",,,12.68305983,"{""good"": []}",,,,,8900.0,"{""good"": []}",15000.0,"{""good"": []}",,"{""good"": []}",1.0,"{""good"": []}",8.0,"{""good"": []}",,"{""good"": []}",8.0,"{""good"": []}",,,-1.84322321,"{""good"": []}",,,-2.162685152,"{""good"": []}",,,0.0,"{""good"": []}",11.10248078,"{""good"": []}",10.92100313,"{""good"": []}",68512.0,"{""good"": []}",0.0,"{""good"": []}",RERA,"{""good"": []}",85.925,"{""good"": []}",,,15.6853784,"{""good"": []}",15.65303301,"{""good"": []}",14.08774037,"{""good"": []}",189.826348,"{""good"": []}",11.26141667,"{""good"": []}"
2026-09-30 19:02:00+00:00,Aberporth Automatic Weather Station,-4.57,52.14,0.0,"{""good"": []}",995.365,"{""good"": []}",,,12.61285667,"{""good"": []}",,,,,8900.0,"{""good"": []}",15000.0,"{""good"": []}",,"{""good"": []}",1.0,"{""good"": []}",8.0,"{""good"": []}",,"{""good"": []}",8.0,"{""good"": []}",,,-1.879152769,"{""good"": []}",,,-2.172810815,"{""good"": []}",,,0.0,"{""good"": []}",11.09356377,"{""good"": []}",10.90816499,"{""good"": []}",68851.5,"{""good"": []}",0.0,"{""good"": []}",RERA,"{""good"": []}",85.975,"{""good"": []}",,,15.68568073,"{""good"": []}",15.65010871,"{""good"": []}",14.08834584,"{""good"": []}",192.1163225,"{""good"": []}",12.17625,"{""good"": []}"
2026-09-30 19:03:00+00:00,Aberporth Automatic Weather Station,-4.57,52.14,0.0,"{""good"": []}",995.385,"{""good"": []}",,,12.60056487,"{""good"": []}",,,,,8900.0,"{""good"": []}",15000.0,"{""good"": []}",,"{""good"": []}",1.0,"{""good"": []}",8.0,"{""good"": []}",,"{""good"": []}",8.0,"{""good"": []}",,,-1.911024051,"{""good"": []}",,,-2.104084282,"{""good"": []}",,,0.0,"{""good"": []}",11.08102399,"{""good"": []}",10.88656745,"{""good"": []}",69908.0,"{""good"": []}",0.0,"{""good"": []}",RERA,"{""good"": []}",86.1,"{""good"": []}",,,15.68532843,"{""good"": []}",15.64642644,"{""good"": []}",14.08905138,"{""good"": []}",190.5937492,"{""good"": []}",12.21945833,"{""good"": []}"
2026-09-30 19:04:00+00:00,Aberporth Automatic Weather Station,-4.57,52.14,0.0,"{""good"": []}",995.39,"{""good"": []}",,,12.67147756,"{""good"": []}",,,,,8900.0,"{""good"": []}",15000.0,"{""good"": []}",,"{""good"": []}",1.0,"{""good"": []}",8.0,"{""good"": []}",,"{""good"": []}",8.0,"{""good"": []}",,,-1.939128543,"{""good"": []}",,,-2.081543851,"{""good"": []}",,,0.0,"{""good"": []}",11.07835313,"{""good"": []}",10.90871948,"{""good"": []}",69542.5,"{""good"": []}",0.0,"{""good"": []}",RERA,"{""good"": []}",86.175,"{""good"": []}",,,15.68548084,"{""good"": []}",15.64355218,"{""good"": []}",14.08950423,"{""good"": []}",191.6669764,"{""good"": []}",11.98491667,"{""good"": []}"
2026-09-30 19:05:00+00:00,Aberporth Automatic Weather Station,-4.57,52.14,0.0,"{""good"": []}",995.4,"{""good"": []}",,,12.61728872,"{""good"": []}",,,,,8900.0,"{""good"": []}",15000.0,"{""good"": []}",,"{""good"": []}",1.0,"{""good"": []}",8.0,"{""good"": []}",,"{""good"": []}",8.0,"{""good"": []}",,,-1.96534208,"{""good"": []}",,,-2.125894682,"{""good"": []}",,,0.0,"{""good"": []}",11.07200954,"{""good"": []}",10.92840629,"{""good"": []}",67541.0,"{""good"": []}",0.0,"{""good"": []}",RERA,"{""good"": []}",86.175,"{""good"": []}",,,15.68542837,"{""good"": []}",15.64052782,"{""good"": []}",14.09005965,"{""good"": []}",192.5715647,"{""good"": []}",11.809125,"{""good"": []}"
2026-09-30 19:06:00+00:00,Aberporth Automatic Weather Station,-4.57,52.14,0.0,"{""good"": []}",995.395,"{""good"": []}",,,12.59145345,"{""good"": []}",,,,,15000.0,"{""good"": []}",,"{""good"": []}",,"{""good"": []}",8.0,"{""good"": []}",,"{""good"": []}",,"{""good"": []}",8.0,"{""good"": []}",,,-1.992652907,"{""good"": []}",,,-2.099032266,"{""good"": []}",,,0.0,"{""good"": []}",11.0530712,"{""good"": []}",10.92760453,"{""good"": []}",66085.5,"{""good"": []}",0.0,"{""good"": []}",RERA,"{""good"": []}",86.3,"{""good"": []}",,,15.68542837,"{""good"": []}",15.63780364,"{""good"": []}",14.09066262,"{""good"": []}",193.4365588,"{""good"": []}",11.74591667,"{""good"": []}"
2026-09-30 19:07:00+00:00,Aberporth Automatic Weather Station,-4.57,52.14,0.0,"{""good"": []}",995.405,"{""good"": []}",,,12.57221379,"{""good"": []}",,,,,15000.0,"{""good"": []}",,"{""good"": []}",,"{""good"": []}",8.0,"{""good"": []}",,"{""good"": []}",,"{""good"": []}",8.0,"{""good"": []}",,,-2.016170565,"{""good"": []}",,,-2.066541103,"{""good"": []}",,,0.0,"{""good"": []}",11.02924837,"{""good"": []}",10.90353177,"{""good"": []}",68919.5,"{""good"": []}",0.0,"{""good"": []}",RERA,"{""good"": []}",86.475,"{""good"": []}",,,15.68547834,"{""good"": []}",15.63462919,"{""good"": []}",14.09101789,"{""good"": []}",192.39058,"{""good"": []}",12.68525,"{""good"": []}"
2026-09-30 19:08:00+00:00,Aberporth Automatic Weather Station,-4.57,52.14,0.0,"{""good"": []}",995.405,"{""good"": []}",,,12.55232205,"{""good"": []}",,,,,15000.0,"{""good"": []}",,"{""good"": []}",,"{""good"": []}",8.0,"{""good"": []}",,"{""good"": []}",,"{""good"": []}",8.0,"{""good"": []}",,,-2.03925433,"{""good"": []}",,,-2.040683472,"{""good"": []}",,,0.0,"{""good"": []}",11.01066231,"{""good"": []}",10.90232539,"{""good"": []}",67405.5,"{""good"": []}",0.0,"{""good"": []}",RERA,"{""good"": []}",86.55,"{""good"": []}",,,15.68553081,"{""good"": []}",15.63129714,"{""good"": []}",14.09132312,"{""good"": []}",191.70259,"{""good"": []}",11.79516667,"{""good"": []}"
2026-09-30 19:09:00+00:00,Aberporth Automatic Weather Station,-4.57,52.14,0.0,"{""good"": []}",995.405,"{""good"": []}",,,12.52895264,"{""good"": []}",,,,,15000.0,"{""good"": []}",,"{""good"": []}",,"{""good"": []}",8.0,"{""good"": []}",,"{""good"": []}",,"{""good"": []}",8.0,"{""good"": []}",,,-2.064549826,"{""good"": []}",,,-2.049578213,"{""good"": []}",,,0.0,"{""good"": []}",11.01026256,"{""good"": []}",10.90927397,"{""good"": []}",66248.0,"{""good"": []}",0.0,"{""good"": []}",RERA,"{""good"": []}",86.675,"{""good"": []}",,,15.68563076,"{""good"": []}",15.62872806,"{""good"": []}",14.09187605,"{""good"": []}",191.8970413,"{""good"": []}",12.70225,"{""good"": []}"
2026-09-30 19:10:00+00:00,Aberporth Automatic Weather Station,-4.57,52.14,0.0,"{""good"": []}",995.42,"{""good"": []}",,,12.48961638,"{""good"": []}",,,,,15000.0,"{""good"": []}",,"{""good"": []}",,"{""good"": []}",8.0,"{""good"": []}",,"{""good"": []}",,"{""good"": []}",8.0,"{""good"": []}",,,-2.089161406,"{""good"": []}",,,-2.038571886,"{""good"": []}",,,0.0,"{""good"": []}",10.99812254,"{""good"": []}",10.8938682,"{""good"": []}",63786.5,"{""good"": []}",0.0,"{""good"": []}",RERA,"{""good"": []}",86.775,"{""good"": []}",,,15.6850261,"{""good"": []}",15.62479564,"{""good"": []}",14.09243147,"{""good"": []}",193.4112972,"{""good"": []}",12.49983333,"{""good"": []}"
2026-09-30 19:11:00+00:00,Aberporth Automatic Weather Station,-4.57,52.14,0.0,"{""good"": []}",995.42,"{""good"": []}",,,12.47601796,"{""good"": []}",,,,,15000.0,"{""good"": []}",,"{""good"": []}",,"{""good"": []}",8.0,"{""good"": []}",,"{""good"": []}",,"{""good"": []}",8.0,"{""good"": []}",,,-2.108214532,"{""good"": []}",,,-1.988390253,"{""good"": []}",,,0.0,"{""good"": []}",10.97565887,"{""good"": []}",10.87417889,"{""good"": []}",65606.5,"{""good"": []}",0.0,"{""good"": []}",RERA,"{""good"": []}",86.875,"{""good"": []}",,,15.68548085,"{""good"": []}",15.62156866,"{""good"": []}",14.09308448,"{""good"": []}",194.4385031,"{""good"": []}",12.29733333,"{""good"": []}"
2026-09-30 19:12:00+00:00,Aberporth Automatic Weather Station,-4.57,52.14,0.0,"{""good"": []}",995.425,"{""good"": []}",,,12.45335307,"{""good"": []}",,,,,15000.0,"{""good"": []}",,"{""good"": []}",,"{""good"": []}",8.0,"{""good"": []}",,"{""good"": []}",,"{""good"": []}",8.0,"{""good"": []}",,,-2.122347468,"{""good"": []}",,,-1.993089284,"{""good"": []}",,,0.0,"{""good"": []}",10.95224079,"{""good"": []}",10.86405824,"{""good"": []}",67225.0,"{""good"": []}",0.0,"{""good"": []}",RERA,"{""good"": []}",87.0,"{""good"": []}",,,15.6853784,"{""good"": []}",15.6183892,"{""good"": []}",14.09328714,"{""good"": []}",193.509379,"{""good"": []}",12.14179167,"{""good"": []}"
2026-09-30 19:13:00+00:00,Aberporth Automatic Weather Station,-4.57,52.14,0.0,"{""good"": []}",995.43,"{""good"": []}",,,12.40687158,"{""good"": []}",,,,,15000.0,"{""good"": []}",,"{""good"": []}",,"{""good"": []}",8.0,"{""good"": []}",,"{""good"": []}",,"{""good"": []}",8.0,"{""good"": []}",,,-2.132406631,"{""good"": []}",,,-1.986656386,"{""good"": []}",,,0.0,"{""good"": []}",10.9337072,"{""good"": []}",10.84729373,"{""good"": []}",63550.0,"{""good"": []}",0.0,"{""good"": []}",RERA,"{""good"": []}",87.075,"{""good"": []}",,,15.6853784,"{""good"": []}",15.6154649,"{""good"": []}",14.09379252,"{""good"": []}",194.5181073,"{""good"": []}",12.65683333,"{""good"": []}"
2026-09-30 19:14:00+00:00,Aberporth Automatic Weather Station,-4.57,52.14,0.0,"{""good"": []}",995.415,"{""good"": []}",,,12.37912509,"{""good"": []}",,,,,15000.0,"{""good"": []}",,"{""good"": []}",,"{""good"": []}",8.0,"{""good"": []}",,"{""good"": []}",,"{""good"": []}",8.0,"{""good"": []}",,,-2.140507417,"{""good"": []}",,,-1.982031692,"{""good"": []}",,,0.0,"{""good"": []}",10.91517111,"{""good"": []}",10.8309813,"{""good"": []}",62793.5,"{""good"": []}",0.0,"{""good"": []}",RERA,"{""good"": []}",87.175,"{""good"": []}",,,15.6853759,"{""good"": []}",15.61198526,"{""good"": []}",14.09424537,"{""good"": []}",193.6404143,"{""good"": []}",13.134125,"{""good"": []}"
2026-09-30 19:15:00+00:00,Aberporth Automatic Weather Station,-4.57,52.14,0.0,"{""good"": []}",995.43,"{""good"": []}",,,12.37373369,"{""good"": []}",,,,,15000.0,"{""good"": []}",,"{""good"": []}",,"{""good"": []}",8.0,"{""good"": []}",,"{""good"": []}",,"{""good"": []}",8.0,"{""good"": []}",,,-2.147956541,"{""good"": []}",,,-1.946851641,"{""good"": []}",,,0.0,"{""good"": []}",10.88802533,"{""good"": []}",10.82473707,"{""good"": []}",66466.5,"{""good"": []}",0.0,"{""good"": []}",RERA,"{""good"": []}",87.25,"{""good"": []}",,,15.68532843,"{""good"": []}",15.60891087,"{""good"": []}",14.09490088,"{""good"": []}",193.7608009,"{""good"": []}",12.41775,"{""good"": []}"
2026-09-30 19:16:00+00:00,Aberporth Automatic Weather Station,-4.57,52.14,0.0,"{""good"": []}",995.435,"{""good"": []}",,,12.37186993,"{""good"": []}",,,,,15000.0,"{""good"": []}",,"{""good"": []}",,"{""good"": []}",8.0,"{""good"": []}",,"{""good"": []}",,"{""good"": []}",8.0,"{""good"": []}",,,-2.150597299,"{""good"": []}",,,-1.925517537,"{""good"": []}",,,0.0,"{""good"": []}",10.87049612,"{""good"": []}",10.815623,"{""good"": []}",64348.5,"{""good"": []}",0.0,"{""good"": []}",RERA,"{""good"": []}",87.35,"{""good"": []}",,,15.68517601,"{""good"": []}",15.60532867,"{""good"": []}",14.09535622,"{""good"": []}",192.5209248,"{""good"": []}",12.84254167,"{""good"": []}"
2026-09-30 19:17:00+00:00,Aberporth Automatic Weather Station,-4.57,52.14,0.0,"{""good"": []}",995.435,"{""good"": []}",,,12.39840973,"{""good"": []}",,,,,15000.0,"{""good"": []}",,"{""good"": []}",,"{""good"": []}",8.0,"{""good"": []}",,"{""good"": []}",,"{""good"": []}",8.0,"{""good"": []}",,,-2.148605606,"{""good"": []}",,,-1.911018387,"{""good"": []}",,,0.0,"{""good"": []}",10.86878468,"{""good"": []}",10.82267398,"{""good"": []}",61880.0,"{""good"": []}",0.0,"{""good"": []}",RERA,"{""good"": []}",87.4,"{""good"": []}",,,15.68512604,"{""good"": []}",15.60200162,"{""good"": []}",14.09580657,"{""good"": []}",190.8583055,"{""good"": []}",13.19558333,"{""good"": []}"
2026-09-30 19:18:00+00:00,Aberporth Automatic Weather Station,-4.57,52.14,0.0,"{""good"": []}",995.445,"{""good"": []}",,,12.41341722,"{""good"": []}",,,,,15000.0,"{""good"": []}",,"{""good"": []}",,"{""good"": []}",8.0,"{""good"": []}",,"{""good"": []}",,"{""good"": []}",8.0,"{""good"": []}",,,-2.143527695,"{""good"": []}",,,-1.934840214,"{""good"": []}",,,0.0,"{""good"": []}",10.87477849,"{""good"": []}",10.83727299,"{""good"": []}",62139.0,"{""good"": []}",0.0,"{""good"": []}",RERA,"{""good"": []}",87.35,"{""good"": []}",,,15.68517601,"{""good"": []}",15.59927494,"{""good"": []}",14.09631446,"{""good"": []}",192.4675513,"{""good"": []}",12.65695833,"{""good"": []}"
2026-09-30 19:19:00+00:00,Aberporth Automatic Weather Station,-4.57,52.14,0.0,"{""good"": []}",995.44,"{""good"": []}",,,12.38355214,"{""good"": []}",,,,,15000.0,"{""good"": []}",,"{""good"": []}",,"{""good"": []}",8.0,"{""good"": []}",,"{""good"": []}",,"{""good"": []}",8.0,"{""good"": []}",,,-2.13731144,"{""good"": []}",,,-1.961148695,"{""good"": []}",,,0.0,"{""good"": []}",10.86158161,"{""good"": []}",10.84235829,"{""good"": []}",62126.5,"{""good"": []}",0.0,"{""good"": []}",RERA,"{""good"": []}",87.3,"{""good"": []}",,,15.68507607,"{""good"": []}",15.59559518,"{""good"": []}",14.09661719,"{""good"": []}",192.6708241,"{""good"": []}",13.47920833,"{""good"": []}"
2026-09-30 19:20:00+00:00,Aberporth Automatic Weather Station,-4.57,52.14,0.0,"{""good"": []}",995.415,"{""good"": []}",,,12.40646685,"{""good"": []}",,,,,15000.0,"{""good"": []}",,"{""good"": []}",,"{""good"": []}",7.0,"{""good"": []}",,"{""good"": []}",,"{""good"": []}",7.0,"{""good"": []}",,,-2.130066594,"{""good"": []}",,,-1.938809332,"{""good"": []}",,,0.0,"{""good"": []}",10.83911795,"{""good"": []}",10.84648697,"{""good"": []}",63759.0,"{""good"": []}",0.0,"{""good"": []}",RERA,"{""good"": []}",87.3,"{""good"": []}",,,15.68497613,"{""good"": []}",15.59272342,"{""good"": []}",14.09696747,"{""good"": []}",194.0456674,"{""good"": []}",13.0395,"{""good"": []}"
2026-09-30 19:21:00+00:00,Aberporth Automatic Weather Station,-4.57,52.14,0.0,"{""good"": []}",995.45,"{""good"": []}",,,12.39322569,"{""good"": []}",,,,,15000.0,"{""good"": []}",,"{""good"": []}",,"{""good"": []}",7.0,"{""good"": []}",,"{""good"": []}",,"{""good"": []}",7.0,"{""good"": []}",,,-2.122773585,"{""good"": []}",,,-1.931145136,"{""good"": []}",,,0.0,"{""good"": []}",10.81036065,"{""good"": []}",10.85001371,"{""good"": []}",62323.0,"{""good"": []}",0.0,"{""good"": []}",RERA,"{""good"": []}",87.3,"{""good"": []}",,,15.68532843,"{""good"": []}",15.58914121,"{""good"": []}",14.09757543,"{""good"": []}",196.7290376,"{""good"": []}",12.38183333,"{""good"": []}"
2026-09-30 19:22:00+00:00,Aberporth Automatic Weather Station,-4.57,52.14,0.0,"{""good"": []}",995.46,"{""good"": []}",,,12.40128031,"{""good"": []}",,,,,15000.0,"{""good"": []}",,"{""good"": []}",,"{""good"": []}",7.0,"{""good"": []}",,"{""good"": []}",,"{""good"": []}",7.0,"{""good"": []}",,,-2.11480797,"{""good"": []}",,,-1.93647238,"{""good"": []}",,,0.0,"{""good"": []}",10.78341474,"{""good"": []}",10.84533054,"{""good"": []}",62107.0,"{""good"": []}",0.0,"{""good"": []}",RERA,"{""good"": []}",87.25,"{""good"": []}",,,15.68492615,"{""good"": []}",15.58621441,"{""good"": []}",14.09807832,"{""good"": []}",195.4166297,"{""good"": []}",12.31975,"{""good"": []}"
2026-09-30 19:23:00+00:00,Aberporth Automatic Weather Station,-4.57,52.14,0.0,"{""good"": []}",995.485,"{""good"": []}",,,12.39382779,"{""good"": []}",,,,,15000.0,"{""good"": []}",,"{""good"": []}",,"{""good"": []}",6.0,"{""good"": []}",,"{""good"": []}",,"{""good"": []}",6.0,"{""good"": []}",,,-2.107337803,"{""good"": []}",,,-1.942729221,"{""good"": []}",,,0.0,"{""good"": []}",10.7636719,"{""good"": []}",10.83485523,"{""good"": []}",61883.5,"{""good"": []}",0.0,"{""good"": []}",RERA,"{""good"": []}",87.25,"{""good"": []}",,,15.68487618,"{""good"": []}",15.58258468,"{""good"": []}",14.09832851,"{""good"": []}",195.5062226,"{""good"": []}",12.56495833,"{""good"": []}"
2026-09-30 19:24:00+00:00,Aberporth Automatic Weather Station,-4.57,52.14,0.0,"{""good"": []}",995.52,"{""good"": []}",,,12.41926332,"{""good"": []}",,,,,15000.0,"{""good"": []}",,"{""good"": []}",,"{""good"": []}",6.0,"{""good"": []}",,"{""good"": []}",,"{""good"": []}",6.0,"{""good"": []}",,,-2.100167097,"{""good"": []}",,,-1.925867734,"{""good"": []}",,,0.0,"{""good"": []}",10.75908972,"{""good"": []}",10.83430323,"{""good"": []}",66967.0,"{""good"": []}",0.0,"{""good"": []}",RERA,"{""good"": []}",87.275,"{""good"": []}",,,15.68497613,"{""good"": []}",15.57941273,"{""good"": []}",14.09893898,"{""good"": []}",194.5343506,"{""good"": []}",12.962375,"{""good"": []}"
2026-09-30 19:25:00+00:00,Aberporth Automatic Weather Station,-4.57,52.14,0.0,"{""good"": []}",995.585,"{""good"": []}",,,12.4477693,"{""good"": []}",,,,,15000.0,"{""good"": []}",,"{""good"": []}",,"{""good"": []}",5.0,"{""good"": []}",,"{""good"": []}",,"{""good"": []}",5.0,"{""good"": []}",,,-2.093357397,"{""good"": []}",,,-1.90194484,"{""good"": []}",,,0.0,"{""good"": []}",10.78069642,"{""good"": []}",10.85469439,"{""good"": []}",62655.0,"{""good"": []}",0.0,"{""good"": []}",RERA,"{""good"": []}",87.225,"{""good"": []}",,,15.68497613,"{""good"": []}",15.57628581,"{""good"": []}",14.09938932,"{""good"": []}",192.8765078,"{""good"": []}",13.12558333,"{""good"": []}"
2026-09-30 19:26:00+00:00,Aberporth Automatic Weather Station,-4.57,52.14,0.0,"{""good"": []}",995.59,"{""good"": []}",,,12.43688656,"{""good"": []}",,,,,15000.0,"{""good"": []}",,"{""good"": []}",,"{""good"": []}",5.0,"{""good"": []}",,"{""good"": []}",,"{""good"": []}",5.0,"{""good"": []}",,,-2.085643067,"{""good"": []}",,,-1.928404943,"{""good"": []}",,,0.0,"{""good"": []}",10.79610943,"{""good"": []}",10.86687814,"{""good"": []}",64595.0,"{""good"": []}",0.0,"{""good"": []}",RERA,"{""good"": []}",87.175,"{""good"": []}",,,15.68517601,"{""good"": []}",15.57310635,"{""good"": []}",14.09994225,"{""good"": []}",193.3058853,"{""good"": []}",13.01925,"{""good"": []}"
2026-09-30 19:27:00+00:00,Aberporth Automatic Weather Station,-4.57,52.14,0.0,"{""good"": []}",995.6,"{""good"": []}",,,12.43744119,"{""good"": []}",,,,,15000.0,"{""good"": []}",,"{""good"": []}",,"{""good"": []}",5.0,"{""good"": []}",,"{""good"": []}",,"{""good"": []}",5.0,"{""good"": []}",,,-2.079897152,"{""good"": []}",,,-1.905060557,"{""good"": []}",,,0.0,"{""good"": []}",10.79217935,"{""good"": []}",10.87609212,"{""good"": []}",64098.5,"{""good"": []}",0.0,"{""good"": []}",RERA,"{""good"": []}",87.2,"{""good"": []}",,,15.68487618,"{""good"": []}",15.56997693,"{""good"": []}",14.10014741,"{""good"": []}",192.9343128,"{""good"": []}",12.266375,"{""good"": []}"
2026-09-30 19:28:00+00:00,Aberporth Automatic Weather Station,-4.57,52.14,0.0,"{""good"": []}",995.605,"{""good"": []}",,,12.4602085,"{""good"": []}",,,,,15000.0,"{""good"": []}",,"{""good"": []}",,"{""good"": []}",4.0,"{""good"": []}",,"{""good"": []}",,"{""good"": []}",4.0,"{""good"": []}",,,-2.073927179,"{""good"": []}",,,-1.902070265,"{""good"": []}",,,0.0,"{""good"": []}",10.79379086,"{""good"": []}",10.87866225,"{""good"": []}",63735.0,"{""good"": []}",0.0,"{""good"": []}",NSW,"{""good"": []}",87.225,"{""good"": []}",,,15.68462382,"{""good"": []}",15.56629967,"{""good"": []}",14.10050018,"{""good"": []}",191.6280385,"{""good"": []}",12.59579167,"{""good"": []}"
2026-09-30 19:29:00+00:00,Aberporth Automatic Weather Station,-4.57,52.14,0.0,"{""good"": []}",995.605,"{""good"": []}",,,12.46614704,"{""good"": []}",,,,,15000.0,"{""good"": []}",,"{""good"": []}",,"{""good"": []}",4.0,"{""good"": []}",,"{""good"": []}",,"{""good"": []}",4.0,"{""good"": []}",,,-2.067096553,"{""good"": []}",,,-1.893149565,"{""good"": []}",,,0.0,"{""good"": []}",10.79524996,"{""good"": []}",10.87080451,"{""good"": []}",60361.0,"{""good"": []}",0.0,"{""good"": []}",NSW,"{""good"": []}",87.125,"{""good"": []}",,,15.6846713,"{""good"": []}",15.56256737,"{""good"": []}",14.1013083,"{""good"": []}",191.0427554,"{""good"": []}",12.59316667,"{""good"": []}"
2026-09-30 19:30:00+00:00,Aberporth Automatic Weather Station,-4.57,52.14,0.0,"{""good"": []}",995.61,"{""good"": []}",,,12.44393686,"{""good"": []}",,,,,15000.0,"{""good"": []}",,"{""good"": []}",,"{""good"": []}",4.0,"{""good"": []}",,"{""good"": []}",,"{""good"": []}",4.0,"{""good"": []}",,,-2.061069195,"{""good"": []}",,,-1.950316133,"{""good"": []}",,,0.0,"{""good"": []}",10.79318373,"{""good"": []}",10.87332468,"{""good"": []}",62194.0,"{""good"": []}",0.0,"{""good"": []}",NSW,"{""good"": []}",87.05,"{""good"": []}",,,15.68492615,"{""good"": []}",15.55913776,"{""good"": []}",14.10166107,"{""good"": []}",191.7364729,"{""good"": []}",12.76908333,"{""good"": []}"
2026-09-30 19:31:00+00:00,Aberporth Automatic Weather Station,-4.57,52.14,0.0,"{""good"": []}",995.605,"{""good"": []}",,,12.39966889,"{""good"": []}",,,,,15000.0,"{""good"": []}",,"{""good"": []}",,"{""good"": []}",3.0,"{""good"": []}",,"{""good"": []}",,"{""good"": []}",3.0,"{""good"": []}",,,-2.057278289,"{""good"": []}",,,-1.966222163,"{""good"": []}",,,0.0,"{""good"": []}",10.78210305,"{""good"": []}",10.86330394,"{""good"": []}",60001.0,"{""good"": []}",0.0,"{""good"": []}",NSW,"{""good"": []}",87.05,"{""good"": []}",,,15.68452138,"{""good"": []}",15.55590828,"{""good"": []}",14.1019613,"{""good"": []}",190.7850709,"{""good"": []}",12.973375,"{""good"": []}"
2026-09-30 19:32:00+00:00,Aberporth Automatic Weather Station,-4.57,52.14,0.0,"{""good"": []}",995.595,"{""good"": []}",,,12.37811327,"{""good"": []}",,,,,15000.0,"{""good"": []}",,"{""good"": []}",,"{""good"": []}",3.0,"{""good"": []}",,"{""good"": []}",,"{""good"": []}",3.0,"{""good"": []}",,,-2.052212944,"{""good"": []}",,,-1.944109075,"{""good"": []}",,,0.0,"{""good"": []}",10.75662374,"{""good"": []}",10.84910706,"{""good"": []}",61552.5,"{""good"": []}",0.0,"{""good"": []}",NSW,"{""good"": []}",87.125,"{""good"": []}",,,15.6846713,"{""good"": []}",15.55243114,"{""good"": []}",14.10261931,"{""good"": []}",191.7048197,"{""good"": []}",12.789875,"{""good"": []}"
2026-09-30 19:33:00+00:00,Aberporth Automatic Weather Station,-4.57,52.14,0.0,"{""good"": []}",995.61,"{""good"": []}",,,12.3843616,"{""good"": []}",,,,,15000.0,"{""good"": []}",,"{""good"": []}",,"{""good"": []}",3.0,"{""good"": []}",,"{""good"": []}",,"{""good"": []}",3.0,"{""good"": []}",,,-2.048417026,"{""good"": []}",,,-1.916241558,"{""good"": []}",,,0.0,"{""good"": []}",10.73783781,"{""good"": []}",10.84079724,"{""good"": []}",60754.0,"{""good"": []}",0.0,"{""good"": []}",NSW,"{""good"": []}",87.175,"{""good"": []}",,,15.68442144,"{""good"": []}",15.54925418,"{""good"": []}",14.10312219,"{""good"": []}",192.6756359,"{""good"": []}",12.67620833,"{""good"": []}"
2026-09-30 19:34:00+00:00,Aberporth Automatic Weather Station,-4.57,52.14,0.0,"{""good"": []}",995.595,"{""good"": []}",,,12.43230712,"{""good"": []}",,,,,15000.0,"{""good"": []}",,"{""good"": []}",,"{""good"": []}",2.0,"{""good"": []}",,"{""good"": []}",,"{""good"": []}",2.0,"{""good"": []}",,,-2.043686746,"{""good"": []}",,,-1.851887446,"{""good"": []}",,,0.0,"{""good"": []}",10.74382912,"{""good"": []}",10.85092038,"{""good"": []}",60010.0,"{""good"": []}",0.0,"{""good"": []}",NSW,"{""good"": []}",87.125,"{""good"": []}",,,15.68472377,"{""good"": []}",15.54602469,"{""good"": []}",14.10342492,"{""good"": []}",191.8746378,"{""good"": []}",12.75904167,"{""good"": []}"
2026-09-30 19:35:00+00:00,Aberporth Automatic Weather Station,-4.57,52.14,0.0,"{""good"": []}",995.59,"{""good"": []}",,,12.45375781,"{""good"": []}",,,,,15000.0,"{""good"": []}",,"{""good"": []}",,"{""good"": []}",2.0,"{""good"": []}",,"{""good"": []}",,"{""good"": []}",2.0,"{""good"": []}",,,-2.039831368,"{""good"": []}",,,-1.936695749,"{""good"": []}",,,0.0,"{""good"": []}",10.76145577,"{""good"": []}",10.87780554,"{""good"": []}",61223.5,"{""good"": []}",0.0,"{""good"": []}",NSW,"{""good"": []}",86.925,"{""good"": []}",,,15.68437147,"{""good"": []}",15.54234494,"{""good"": []}",14.10357504,"{""good"": []}",191.345218,"{""good"": []}",12.71991667,"{""good"": []}"
2026-09-30 19:36:00+00:00,Aberporth Automatic Weather Station,-4.57,52.14,0.0,"{""good"": []}",995.595,"{""good"": []}",,,12.4038486,"{""good"": []}",,,,,15000.0,"{""good"": []}",,"{""good"": []}",,"{""good"": []}",2.0,"{""good"": []}",,"{""good"": []}",,"{""good"": []}",2.0,"{""good"": []}",,,-2.038745994,"{""good"": []}",,,-1.894530269,"{""good"": []}",,,0.0,"{""good"": []}",10.75536202,"{""good"": []}",10.86501486,"{""good"": []}",59354.5,"{""good"": []}",0.0,"{""good"": []}",NSW,"{""good"": []}",86.825,"{""good"": []}",,,15.68472627,"{""good"": []}",15.5385626,"{""good"": []}",14.10413297,"{""good"": []}",191.996004,"{""good"": []}",12.199,"{""good"": []}"
2026-09-30 19:37:00+00:00,Aberporth Automatic Weather Station,-4.57,52.14,0.0,"{""good"": []}",995.585,"{""good"": []}",,,12.39463225,"{""good"": []}",,,,,15000.0,"{""good"": []}",,"{""good"": []}",,"{""good"": []}",2.0,"{""good"": []}",,"{""good"": []}",,"{""good"": []}",2.0,"{""good"": []}",,,-2.034868408,"{""good"": []}",,,-1.923050237,"{""good"": []}",,,0.0,"{""good"": []}",10.75209153,"{""good"": []}",10.85363537,"{""good"": []}",58367.5,"{""good"": []}",0.0,"{""good"": []}",NSW,"{""good"": []}",86.775,"{""good"": []}",,,15.68507607,"{""good"": []}",15.53543819,"{""good"": []}",14.10478847,"{""good"": []}",191.6485959,"{""good"": []}",11.92120833,"{""good"": []}"
2026-09-30 19:38:00+00:00,Aberporth Automatic Weather Station,-4.57,52.14,0.0,"{""good"": []}",995.59,"{""good"": []}",,,12.40798085,"{""good"": []}",,,,,15000.0,"{""good"": []}",,"{""good"": []}",,"{""good"": []}",2.0,"{""good"": []}",,"{""good"": []}",,"{""good"": []}",2.0,"{""good"": []}",,,-2.029813133,"{""good"": []}",,,-1.905259213,"{""good"": []}",,,0.0,"{""good"": []}",10.73728315,"{""good"": []}",10.83949094,"{""good"": []}",57437.0,"{""good"": []}",0.0,"{""good"": []}",NSW,"{""good"": []}",86.75,"{""good"": []}",,,15.684319,"{""good"": []}",15.53160333,"{""good"": []}",14.10499113,"{""good"": []}",188.5771765,"{""good"": []}",12.19158333,"{""good"": []}"
2026-09-30 19:39:00+00:00,Aberporth Automatic Weather Station,-4.57,52.14,0.0,"{""good"": []}",995.615,"{""good"": []}",,,12.397253,"{""good"": []}",,,,,15000.0,"{""good"": []}",,"{""good"": []}",,"{""good"": []}",1.0,"{""good"": []}",,"{""good"": []}",,"{""good"": []}",1.0,"{""good"": []}",,,-2.025878186,"{""good"": []}",,,-1.90244482,"{""good"": []}",,,0.0,"{""good"": []}",10.72479084,"{""good"": []}",10.84145663,"{""good"": []}",58473.5,"{""good"": []}",0.0,"{""good"": []}",NSW,"{""good"": []}",86.625,"{""good"": []}",,,15.68477624,"{""good"": []}",15.52787353,"{""good"": []}",14.10529386,"{""good"": []}",189.7268796,"{""good"": []}",11.83720833,"{""good"": []}"
2026-09-30 19:40:00+00:00,Aberporth Automatic Weather Station,-4.57,52.14,0.0,"{""good"": []}",995.655,"{""good"": []}",,,12.34210729,"{""good"": []}",,,,,15000.0,"{""good"": []}",,"{""good"": []}",,"{""good"": []}",1.0,"{""good"": []}",,"{""good"": []}",,"{""good"": []}",1.0,"{""good"": []}",,,-2.022529992,"{""good"": []}",,,-1.95016376,"{""good"": []}",,,0.0,"{""good"": []}",10.70852336,"{""good"": []}",10.82307361,"{""good"": []}",59142.0,"{""good"": []}",0.0,"{""good"": []}",NSW,"{""good"": []}",86.575,"{""good"": []}",,,15.68522848,"{""good"": []}",15.52459401,"{""good"": []}",14.10589432,"{""good"": []}",189.7001443,"{""good"": []}",12.40275,"{""good"": []}"
2026-09-30 19:41:00+00:00,Aberporth Automatic Weather Station,-4.57,52.14,0.0,"{""good"": []}",995.685,"{""good"": []}",,,12.35842391,"{""good"": []}",,,,,15000.0,"{""good"": []}",,"{""good"": []}",,"{""good"": []}",1.0,"{""good"": []}",,"{""good"": []}",,"{""good"": []}",1.0,"{""good"": []}",,,-2.018050598,"{""good"": []}",,,-1.877039897,"{""good"": []}",,,0.0,"{""good"": []}",10.69260566,"{""good"": []}",10.80505026,"{""good"": []}",58775.5,"{""good"": []}",0.0,"{""good"": []}",NSW,"{""good"": []}",86.7,"{""good"": []}",,,15.68492615,"{""good"": []}",15.52126697,"{""good"": []}",14.10634967,"{""good"": []}",190.1332848,"{""good"": []}",12.39404167,"{""good"": []}"
2026-09-30 19:42:00+00:00,Aberporth Automatic Weather Station,-4.57,52.14,0.0,"{""good"": []}",995.725,"{""good"": []}",,,12.33188161,"{""good"": []}",,,,,15000.0,"{""good"": []}",,"{""good"": []}",,"{""good"": []}",1.0,"{""good"": []}",,"{""good"": []}",,"{""good"": []}",1.0,"{""good"": []}",,,-2.013988753,"{""good"": []}",,,-1.904907197,"{""good"": []}",,,0.0,"{""good"": []}",10.69532649,"{""good"": []}",10.819402,"{""good"": []}",59759.0,"{""good"": []}",0.0,"{""good"": []}",NSW,"{""good"": []}",86.7,"{""good"": []}",,,15.68482371,"{""good"": []}",15.5177398,"{""good"": []}",14.10670495,"{""good"": []}",189.0527973,"{""good"": []}",11.36679167,"{""good"": []}"
2026-09-30 19:43:00+00:00,Aberporth Automatic Weather Station,-4.57,52.14,0.0,"{""good"": []}",995.75,"{""good"": []}",,,12.3217109,"{""good"": []}",,,,,15000.0,"{""good"": []}",,"{""good"": []}",,"{""good"": []}",1.0,"{""good"": []}",,"{""good"": []}",,"{""good"": []}",1.0,"{""good"": []}",,,-2.009893003,"{""good"": []}",,,-1.875632701,"{""good"": []}",,,0.0,"{""good"": []}",10.67653805,"{""good"": []}",10.81023547,"{""good"": []}",58493.5,"{""good"": []}",0.0,"{""good"": []}",NSW,"{""good"": []}",86.725,"{""good"": []}",,,15.68457135,"{""good"": []}",15.51456034,"{""good"": []}",14.10710525,"{""good"": []}",189.7978646,"{""good"": []}",11.89295833,"{""good"": []}"
2026-09-30 19:44:00+00:00,Aberporth Automatic Weather Station,-4.57,52.14,0.0,"{""good"": []}",995.77,"{""good"": []}",,,12.33213394,"{""good"": []}",,,,,15000.0,"{""good"": []}",,"{""good"": []}",,"{""good"": []}",1.0,"{""good"": []}",,"{""good"": []}",,"{""good"": []}",1.0,"{""good"": []}",,,-2.005067273,"{""good"": []}",,,-1.822309905,"{""good"": []}",,,0.0,"{""good"": []}",10.65880897,"{""good"": []}",10.80444333,"{""good"": []}",57503.0,"{""good"": []}",0.0,"{""good"": []}",NSW,"{""good"": []}",86.7,"{""good"": []}",,,15.6846738,"{""good"": []}",15.51082805,"{""good"": []}",14.1075606,"{""good"": []}",190.0455237,"{""good"": []}",11.255,"{""good"": []}"
2026-09-30 19:45:00+00:00,Aberporth Automatic Weather Station,-4.57,52.14,0.0,"{""good"": []}",995.775,"{""good"": []}",,,12.28046341,"{""good"": []}",,,,,15000.0,"{""good"": []}",,"{""good"": []}",,"{""good"": []}",1.0,"{""good"": []}",,"{""good"": []}",,"{""good"": []}",1.0,"{""good"": []}",,,-2.002062085,"{""good"": []}",,,-1.920259767,"{""good"": []}",,,0.0,"{""good"": []}",10.65564093,"{""good"": []}",10.79855376,"{""good"": []}",58427.0,"{""good"": []}",0.0,"{""good"": []}",NSW,"{""good"": []}",86.6,"{""good"": []}",,,15.68472377,"{""good"": []}",15.50669551,"{""good"": []}",14.10776576,"{""good"": []}",190.6230971,"{""good"": []}",11.077625,"{""good"": []}"
2026-09-30 19:46:00+00:00,Aberporth Automatic Weather Station,-4.57,52.14,0.0,"{""good"": []}",995.795,"{""good"": []}",,,12.23463149,"{""good"": []}",,,,,19000.0,"{""good"": []}",,"{""good"": []}",,"{""good"": []}",1.0,"{""good"": []}",,"{""good"": []}",,"{""good"": []}",1.0,"{""good"": []}",,,-1.999388178,"{""good"": []}",,,-1.883321076,"{""good"": []}",,,0.0,"{""good"": []}",10.63519102,"{""good"": []}",10.76758987,"{""good"": []}",57748.0,"{""good"": []}",0.0,"{""good"": []}",NSW,"{""good"": []}",86.725,"{""good"": []}",,,15.68452388,"{""good"": []}",15.5032634,"{""good"": []}",14.10836623,"{""good"": []}",190.1007104,"{""good"": []}",11.247875,"{""good"": []}"
2026-09-30 19:47:00+00:00,Aberporth Automatic Weather Station,-4.57,52.14,0.0,"{""good"": []}",995.805,"{""good"": []}",,,12.26006202,"{""good"": []}",,,,,19000.0,"{""good"": []}",,"{""good"": []}",,"{""good"": []}",2.0,"{""good"": []}",,"{""good"": []}",,"{""good"": []}",2.0,"{""good"": []}",,,-1.995705376,"{""good"": []}",,,-1.858117339,"{""good"": []}",,,0.0,"{""good"": []}",10.61524579,"{""good"": []}",10.75893037,"{""good"": []}",57449.5,"{""good"": []}",0.0,"{""good"": []}",NSW,"{""good"": []}",86.8,"{""good"": []}",,,15.68442144,"{""good"": []}",15.49978376,"{""good"": []}",14.10852134,"{""good"": []}",192.4874773,"{""good"": []}",11.752125,"{""good"": []}"
2026-09-30 19:48:00+00:00,Aberporth Automatic Weather Station,-4.57,52.14,0.0,"{""good"": []}",995.83,"{""good"": []}",,,12.23417929,"{""good"": []}",,,,,19000.0,"{""good"": []}",,"{""good"": []}",,"{""good"": []}",2.0,"{""good"": []}",,"{""good"": []}",,"{""good"": []}",2.0,"{""good"": []}",,,-1.992263393,"{""good"": []}",,,-1.86708796,"{""good"": []}",,,0.0,"{""good"": []}",10.5964074,"{""good"": []}",10.74760334,"{""good"": []}",54018.5,"{""good"": []}",0.0,"{""good"": []}",NSW,"{""good"": []}",86.85,"{""good"": []}",,,15.68462382,"{""good"": []}",15.49610149,"{""good"": []}",14.10892415,"{""good"": []}",192.2857843,"{""good"": []}",11.494,"{""good"": []}"
2026-09-30 19:49:00+00:00,Aberporth Automatic Weather Station,-4.57,52.14,0.0,"{""good"": []}",995.825,"{""good"": []}",,,12.16699411,"{""good"": []}",,,,,18000.0,"{""good"": []}",,"{""good"": []}",,"{""good"": []}",3.0,"{""good"": []}",,"{""good"": []}",,"{""good"": []}",3.0,"{""good"": []}",,,-1.989148078,"{""good"": []}",,,-1.911640668,"{""good"": []}",,,0.0,"{""good"": []}",10.572687,"{""good"": []}",10.71784333,"{""good"": []}",56392.0,"{""good"": []}",0.0,"{""good"": []}",NSW,"{""good"": []}",86.9,"{""good"": []}",,,15.68442144,"{""good"": []}",15.49247426,"{""good"": []}",14.10942704,"{""good"": []}",192.9556637,"{""good"": []}",11.02604167,"{""good"": []}"
2026-09-30 19:50:00+00:00,Aberporth Automatic Weather Station,-4.57,52.14,0.0,"{""good"": []}",995.795,"{""good"": []}",,,12.12388537,"{""good"": []}",,,,,18000.0,"{""good"": []}",,"{""good"": []}",,"{""good"": []}",3.0,"{""good"": []}",,"{""good"": []}",,"{""good"": []}",3.0,"{""good"": []}",,,-1.985191377,"{""good"": []}",,,-1.846809134,"{""good"": []}",,,0.0,"{""good"": []}",10.54493409,"{""good"": []}",10.66789698,"{""good"": []}",53802.0,"{""good"": []}",0.0,"{""good"": []}",NSW,"{""good"": []}",87.125,"{""good"": []}",,,15.68437147,"{""good"": []}",15.48914471,"{""good"": []}",14.10972727,"{""good"": []}",193.4607859,"{""good"": []}",11.39283333,"{""good"": []}"
2026-09-30 19:51:00+00:00,Aberporth Automatic Weather Station,-4.57,52.14,0.0,"{""good"": []}",995.785,"{""good"": []}",,,12.11295766,"{""good"": []}",,,,,18000.0,"{""good"": []}",,"{""good"": []}",,"{""good"": []}",3.0,"{""good"": []}",,"{""good"": []}",,"{""good"": []}",3.0,"{""good"": []}",,,-1.980519769,"{""good"": []}",,,-1.871359668,"{""good"": []}",,,0.0,"{""good"": []}",10.52252539,"{""good"": []}",10.63612883,"{""good"": []}",52827.5,"{""good"": []}",0.0,"{""good"": []}",NSW,"{""good"": []}",87.25,"{""good"": []}",,,15.68447391,"{""good"": []}",15.4852123,"{""good"": []}",14.11008004,"{""good"": []}",194.3490776,"{""good"": []}",11.0875,"{""good"": []}"
2026-09-30 19:52:00+00:00,Aberporth Automatic Weather Station,-4.57,52.14,0.0,"{""good"": []}",995.735,"{""good"": []}",,,12.14629542,"{""good"": []}",,,,,18000.0,"{""good"": []}",,"{""good"": []}",,"{""good"": []}",4.0,"{""good"": []}",,"{""good"": []}",,"{""good"": []}",4.0,"{""good"": []}",,,-1.975872453,"{""good"": []}",,,-1.833038691,"{""good"": []}",,,0.0,"{""good"": []}",10.49618161,"{""good"": []}",10.62484925,"{""good"": []}",55521.0,"{""good"": []}",0.0,"{""good"": []}",NSW,"{""good"": []}",87.4,"{""good"": []}",,,15.68391672,"{""good"": []}",15.48163009,"{""good"": []}",14.1102852,"{""good"": []}",195.3822684,"{""good"": []}",11.101375,"{""good"": []}"
2026-09-30 19:53:00+00:00,Aberporth Automatic Weather Station,-4.57,52.14,0.0,"{""good"": []}",995.715,"{""good"": []}",,,12.16649195,"{""good"": []}",,,,,18000.0,"{""good"": []}",,"{""good"": []}",,"{""good"": []}",4.0,"{""good"": []}",,"{""good"": []}",,"{""good"": []}",4.0,"{""good"": []}",,,-1.972199714,"{""good"": []}",,,-1.831556109,"{""good"": []}",,,0.0,"{""good"": []}",10.47689099,"{""good"": []}",10.63657842,"{""good"": []}",55075.5,"{""good"": []}",0.0,"{""good"": []}",NSW,"{""good"": []}",87.425,"{""good"": []}",,,15.684319,"{""good"": []}",15.47815045,"{""good"": []}",14.11083813,"{""good"": []}",196.4381209,"{""good"": []}",11.23758333,"{""good"": []}"
2026-09-30 19:54:00+00:00,Aberporth Automatic Weather Station,-4.57,52.14,0.0,"{""good"": []}",995.715,"{""good"": []}",,,12.11824413,"{""good"": []}",,,,,18000.0,"{""good"": []}",,"{""good"": []}",,"{""good"": []}",5.0,"{""good"": []}",,"{""good"": []}",,"{""good"": []}",5.0,"{""good"": []}",,,-1.968731773,"{""good"": []}",,,-1.903774931,"{""good"": []}",,,0.0,"{""good"": []}",10.45785271,"{""good"": []}",10.63673078,"{""good"": []}",55861.5,"{""good"": []}",0.0,"{""good"": []}",NSW,"{""good"": []}",87.3,"{""good"": []}",,,15.6843165,"{""good"": []}",15.4743181,"{""good"": []}",14.11124093,"{""good"": []}",197.7773997,"{""good"": []}",10.98091667,"{""good"": []}"
2026-09-30 19:55:00+00:00,Aberporth Automatic Weather Station,-4.57,52.14,0.0,"{""good"": []}",995.7,"{""good"": []}",,,12.04657694,"{""good"": []}",,,,,18000.0,"{""good"": []}",,"{""good"": []}",,"{""good"": []}",5.0,"{""good"": []}",,"{""good"": []}",,"{""good"": []}",5.0,"{""good"": []}",,,-1.964316071,"{""good"": []}",,,-1.880757374,"{""good"": []}",,,0.0,"{""good"": []}",10.42421093,"{""good"": []}",10.59201959,"{""good"": []}",55264.0,"{""good"": []}",0.0,"{""good"": []}",NSW,"{""good"": []}",87.4,"{""good"": []}",,,15.68462382,"{""good"": []}",15.47099105,"{""good"": []}",14.11164875,"{""good"": []}",196.7291531,"{""good"": []}",11.25770833,"{""good"": []}"
2026-09-30 19:56:00+00:00,Aberporth Automatic Weather Station,-4.57,52.14,0.0,"{""good"": []}",995.72,"{""good"": []}",,,12.09467485,"{""good"": []}",,,,,18000.0,"{""good"": []}",,"{""good"": []}",,"{""good"": []}",6.0,"{""good"": []}",,"{""good"": []}",,"{""good"": []}",6.0,"{""good"": []}",,,-1.958877652,"{""good"": []}",,,-1.837335212,"{""good"": []}",,,0.0,"{""good"": []}",10.39852175,"{""good"": []}",10.56387559,"{""good"": []}",54991.5,"{""good"": []}",0.0,"{""good"": []}",NSW,"{""good"": []}",87.6,"{""good"": []}",,,15.68442144,"{""good"": []}",15.46741135,"{""good"": []}",14.11189894,"{""good"": []}",196.4958248,"{""good"": []}",11.87208333,"{""good"": []}"
2026-09-30 19:57:00+00:00,Aberporth Automatic Weather Station,-4.57,52.14,0.0,"{""good"": []}",995.755,"{""good"": []}",,,12.09492469,"{""good"": []}",,,,,18000.0,"{""good"": []}",,"{""good"": []}",,"{""good"": []}",6.0,"{""good"": []}",,"{""good"": []}",,"{""good"": []}",6.0,"{""good"": []}",,,-1.953150669,"{""good"": []}",,,-1.85972414,"{""good"": []}",,,0.0,"{""good"": []}",10.38442043,"{""good"": []}",10.55501378,"{""good"": []}",54840.0,"{""good"": []}",0.0,"{""good"": []}",NSW,"{""good"": []}",87.6,"{""good"": []}",,,15.68421905,"{""good"": []}",15.46307618,"{""good"": []}",14.11219917,"{""good"": []}",195.7517012,"{""good"": []}",11.49520833,"{""good"": []}"
2026-09-30 19:58:00+00:00,Aberporth Automatic Weather Station,-4.57,52.14,0.0,"{""good"": []}",995.805,"{""good"": []}",,,12.10444334,"{""good"": []}",,,,,18000.0,"{""good"": []}",,"{""good"": []}",,"{""good"": []}",6.0,"{""good"": []}",,"{""good"": []}",,"{""good"": []}",6.0,"{""good"": []}",,,-1.947269562,"{""good"": []}",,,-1.830851325,"{""good"": []}",,,0.0,"{""good"": []}",10.37611055,"{""good"": []}",10.55440684,"{""good"": []}",52984.0,"{""good"": []}",0.0,"{""good"": []}",NSW,"{""good"": []}",87.675,"{""good"": []}",,,15.68421905,"{""good"": []}",15.45999679,"{""good"": []}",14.11270956,"{""good"": []}",195.1439765,"{""good"": []}",11.544,"{""good"": []}"
2026-09-30 19:59:00+00:00,Aberporth Automatic Weather Station,-4.57,52.14,0.0,"{""good"": []}",995.855,"{""good"": []}",,,12.13682923,"{""good"": []}",,,,,18000.0,"{""good"": []}",,"{""good"": []}",,"{""good"": []}",7.0,"{""good"": []}",,"{""good"": []}",,"{""good"": []}",7.0,"{""good"": []}",,,-1.942545624,"{""good"": []}",,,-1.871107197,"{""good"": []}",,,0.0,"{""good"": []}",10.38205439,"{""good"": []}",10.57354166,"{""good"": []}",52893.0,"{""good"": []}",0.0,"{""good"": []}",NSW,"{""good"": []}",87.625,"{""good"": []}",,,15.68391672,"{""good"": []}",15.45591428,"{""good"": []}",14.11290721,"{""good"": []}",195.0924671,"{""good"": []}",11.698875,"{""good"": []}"
2026-09-30 20:00:00+00:00,Aberporth Automatic Weather Station,-4.57,52.14,0.0,"{""good"": []}",995.885,"{""good"": []}",,,12.10756875,"{""good"": []}",,,,,18000.0,"{""good"": []}",,"{""good"": []}",,"{""good"": []}",7.0,"{""good"": []}",,"{""good"": []}",,"{""good"": []}",7.0,"{""good"": []}",,,-1.938163851,"{""good"": []}",,,-1.885656584,"{""good"": []}",,,0.0,"{""good"": []}",10.37269015,"{""good"": []}",10.58597767,"{""good"": []}",52415.0,"{""good"": []}",0.0,"{""good"": []}",NSW,"{""good"": []}",87.6,"{""good"": []}",,,15.684319,"{""good"": []}",15.45218198,"{""good"": []}",14.11325998,"{""good"": []}",195.4846782,"{""good"": []}",11.58304167,"{""good"": []}"
2026-09-30 20:01:00+00:00,Aberporth Automatic Weather Station,-4.57,52.14,0.0,"{""good"": []}",995.91,"{""good"": []}",,,12.05317754,"{""good"": []}",,,,,18000.0,"{""good"": []}",,"{""good"": []}",,"{""good"": []}",7.0,"{""good"": []}",,"{""good"": []}",,"{""good"": []}",7.0,"{""good"": []}",,,-1.933631724,"{""good"": []}",,,-1.890757533,"{""good"": []}",,,0.0,"{""good"": []}",10.3570223,"{""good"": []}",10.5770684,"{""good"": []}",52341.5,"{""good"": []}",0.0,"{""good"": []}",NSW,"{""good"": []}",87.675,"{""good"": []}",,,15.68396669,"{""good"": []}",15.44799441,"{""good"": []}",14.11356021,"{""good"": []}",194.7101269,"{""good"": []}",11.53066667,"{""good"": []}"
2026-09-30 20:02:00+00:00,Aberporth Automatic Weather Station,-4.57,52.14,0.0,"{""good"": []}",995.935,"{""good"": []}",,,12.05554346,"{""good"": []}",,,,,18000.0,"{""good"": []}",,"{""good"": []}",,"{""good"": []}",7.0,"{""good"": []}",,"{""good"": []}",,"{""good"": []}",7.0,"{""good"": []}",,,-1.928321054,"{""good"": []}",,,-1.854170581,"{""good"": []}",,,0.0,"{""good"": []}",10.34297096,"{""good"": []}",10.56211471,"{""good"": []}",50974.0,"{""good"": []}",0.0,"{""good"": []}",NSW,"{""good"": []}",87.825,"{""good"": []}",,,15.68416908,"{""good"": []}",15.44436467,"{""good"": []}",14.11386295,"{""good"": []}",195.3880462,"{""good"": []}",11.32533333,"{""good"": []}"
2026-09-30 20:03:00+00:00,Aberporth Automatic Weather Station,-4.57,52.14,0.0,"{""good"": []}",995.93,"{""good"": []}",,,12.04672934,"{""good"": []}",,,,,18000.0,"{""good"": []}",,"{""good"": []}",,"{""good"": []}",7.0,"{""good"": []}",,"{""good"": []}",,"{""good"": []}",7.0,"{""good"": []}",,,-1.924391608,"{""good"": []}",,,-1.868317537,"{""good"": []}",,,0.0,"{""good"": []}",10.33707958,"{""good"": []}",10.54700868,"{""good"": []}",51570.5,"{""good"": []}",0.0,"{""good"": []}",NSW,"{""good"": []}",87.9,"{""good"": []}",,,15.68401667,"{""good"": []}",15.44108766,"{""good"": []}",14.11437084,"{""good"": []}",195.5165406,"{""good"": []}",10.43245833,"{""good"": []}"
2026-09-30 20:04:00+00:00,Aberporth Automatic Weather Station,-4.57,52.14,0.0,"{""good"": []}",995.925,"{""good"": []}",,,11.99581331,"{""good"": []}",,,,,18000.0,"{""good"": []}",,"{""good"": []}",,"{""good"": []}",7.0,"{""good"": []}",,"{""good"": []}",,"{""good"": []}",7.0,"{""good"": []}",,,-1.921754176,"{""good"": []}",,,-1.923297924,"{""good"": []}",,,0.0,"{""good"": []}",10.31824118,"{""good"": []}",10.51236818,"{""good"": []}",49429.0,"{""good"": []}",0.0,"{""good"": []}",NSW,"{""good"": []}",87.975,"{""good"": []}",,,15.68407164,"{""good"": []}",15.43730533,"{""good"": []}",14.11472111,"{""good"": []}",195.7371442,"{""good"": []}",10.535625,"{""good"": []}"
2026-09-30 20:05:00+00:00,Aberporth Automatic Weather Station,-4.57,52.14,0.0,"{""good"": []}",995.945,"{""good"": []}",,,11.9713896,"{""good"": []}",,,,,18000.0,"{""good"": []}",,"{""good"": []}",,"{""good"": []}",8.0,"{""good"": []}",,"{""good"": []}",,"{""good"": []}",8.0,"{""good"": []}",,,-1.917529481,"{""good"": []}",,,-1.872412989,"{""good"": []}",,,0.0,"{""good"": []}",10.2847493,"{""good"": []}",10.47616663,"{""good"": []}",49123.5,"{""good"": []}",0.0,"{""good"": []}",NSW,"{""good"": []}",88.1,"{""good"": []}",,,15.68386675,"{""good"": []}",15.43402582,"{""good"": []}",14.11502384,"{""good"": []}",194.4811544,"{""good"": []}",10.48841667,"{""good"": []}"
2026-09-30 20:06:00+00:00,Aberporth Automatic Weather Station,-4.57,52.14,0.0,"{""good"": []}",995.935,"{""good"": []}",,,11.93547606,"{""good"": []}",,,,,18000.0,"{""good"": []}",,"{""good"": []}",,"{""good"": []}",8.0,"{""good"": []}",,"{""good"": []}",,"{""good"": []}",8.0,"{""good"": []}",,,-1.913949747,"{""good"": []}",,,-1.884248221,"{""good"": []}",,,0.0,"{""good"": []}",10.26606831,"{""good"": []}",10.45355751,"{""good"": []}",48442.0,"{""good"": []}",0.0,"{""good"": []}",NSW,"{""good"": []}",88.15,"{""good"": []}",,,15.68391672,"{""good"": []}",15.4300934,"{""good"": []}",14.11537911,"{""good"": []}",193.2554172,"{""good"": []}",10.15329167,"{""good"": []}"
2026-09-30 20:07:00+00:00,Aberporth Automatic Weather Station,-4.57,52.14,0.0,"{""good"": []}",995.94,"{""good"": []}",,,11.93738978,"{""good"": []}",,,,,18000.0,"{""good"": []}",,"{""good"": []}",,"{""good"": []}",8.0,"{""good"": []}",,"{""good"": []}",,"{""good"": []}",8.0,"{""good"": []}",,,-1.911290554,"{""good"": []}",,,-1.906989522,"{""good"": []}",,,0.0,"{""good"": []}",10.26304267,"{""good"": []}",10.42732675,"{""good"": []}",48684.5,"{""good"": []}",0.0,"{""good"": []}",NSW,"{""good"": []}",88.3,"{""good"": []}",,,15.68422155,"{""good"": []}",15.42545554,"{""good"": []}",14.11563181,"{""good"": []}",191.0728797,"{""good"": []}",9.991125,"{""good"": []}"
2026-09-30 20:08:00+00:00,Aberporth Automatic Weather Station,-4.57,52.14,0.0,"{""good"": []}",995.94,"{""good"": []}",,,11.89111066,"{""good"": []}",,,,,18000.0,"{""good"": []}",,"{""good"": []}",,"{""good"": []}",8.0,"{""good"": []}",,"{""good"": []}",,"{""good"": []}",8.0,"{""good"": []}",,,-1.909187126,"{""good"": []}",,,-1.914477817,"{""good"": []}",,,0.0,"{""good"": []}",10.25725124,"{""good"": []}",10.40522217,"{""good"": []}",48700.0,"{""good"": []}",0.0,"{""good"": []}",NSW,"{""good"": []}",88.3,"{""good"": []}",,,15.68371684,"{""good"": []}",15.42227859,"{""good"": []}",14.11578193,"{""good"": []}",190.3598845,"{""good"": []}",10.62175,"{""good"": []}"
2026-09-30 20:09:00+00:00,Aberporth Automatic Weather Station,-4.57,52.14,0.0,"{""good"": []}",995.95,"{""good"": []}",,,11.86502056,"{""good"": []}",,,,,18000.0,"{""good"": []}",,"{""good"": []}",,"{""good"": []}",8.0,"{""good"": []}",,"{""good"": []}",,"{""good"": []}",8.0,"{""good"": []}",,,-1.906355403,"{""good"": []}",,,-1.879674832,"{""good"": []}",,,0.0,"{""good"": []}",10.2550351,"{""good"": []}",10.38890974,"{""good"": []}",50454.5,"{""good"": []}",0.0,"{""good"": []}",NSW,"{""good"": []}",88.4,"{""good"": []}",,,15.68397169,"{""good"": []}",15.41879645,"{""good"": []}",14.11598207,"{""good"": []}",188.1769964,"{""good"": []}",10.10466667,"{""good"": []}"
2026-09-30 20:10:00+00:00,Aberporth Automatic Weather Station,-4.57,52.14,0.0,"{""good"": []}",995.97,"{""good"": []}",,,11.80236986,"{""good"": []}",,,,,18000.0,"{""good"": []}",,"{""good"": []}",,"{""good"": []}",8.0,"{""good"": []}",,"{""good"": []}",,"{""good"": []}",8.0,"{""good"": []}",,,-1.904192097,"{""good"": []}",,,-1.908773527,"{""good"": []}",,,0.0,"{""good"": []}",10.26979101,"{""good"": []}",10.38584008,"{""good"": []}",52718.0,"{""good"": []}",0.0,"{""good"": []}",NSW,"{""good"": []}",88.375,"{""good"": []}",,,15.68386676,"{""good"": []}",15.41441125,"{""good"": []}",14.11613219,"{""good"": []}",186.0176936,"{""good"": []}",9.804625,"{""good"": []}"
2026-09-30 20:11:00+00:00,Aberporth Automatic Weather Station,-4.57,52.14,0.0,"{""good"": []}",995.985,"{""good"": []}",,,11.73196432,"{""good"": []}",,,,,18000.0,"{""good"": []}",,"{""good"": []}",,"{""good"": []}",8.0,"{""good"": []}",,"{""good"": []}",,"{""good"": []}",8.0,"{""good"": []}",,,-1.902974035,"{""good"": []}",,,-1.915306524,"{""good"": []}",,,0.0,"{""good"": []}",10.26142867,"{""good"": []}",10.35769359,"{""good"": []}",51576.0,"{""good"": []}",0.0,"{""good"": []}",NSW,"{""good"": []}",88.45,"{""good"": []}",,,15.68356692,"{""good"": []}",15.41072899,"{""good"": []}",14.11643242,"{""good"": []}",185.7292159,"{""good"": []}",10.02066667,"{""good"": []}"
2026-09-30 20:12:00+00:00,Aberporth Automatic Weather Station,-4.57,52.14,0.0,"{""good"": []}",996.015,"{""good"": []}",,,11.71705177,"{""good"": []}",,,,,18000.0,"{""good"": []}",,"{""good"": []}",,"{""good"": []}",8.0,"{""good"": []}",,"{""good"": []}",,"{""good"": []}",8.0,"{""good"": []}",,,-1.900701421,"{""good"": []}",,,-1.856732404,"{""good"": []}",,,0.0,"{""good"": []}",10.23528976,"{""good"": []}",10.31973116,"{""good"": []}",51535.5,"{""good"": []}",0.0,"{""good"": []}",NSW,"{""good"": []}",88.65,"{""good"": []}",,,15.68386675,"{""good"": []}",15.40740194,"{""good"": []}",14.11658754,"{""good"": []}",186.6376252,"{""good"": []}",10.57370833,"{""good"": []}"
2026-09-30 20:13:00+00:00,Aberporth Automatic Weather Station,-4.57,52.14,0.0,"{""good"": []}",996.05,"{""good"": []}",,,11.72722749,"{""good"": []}",,,,,18000.0,"{""good"": []}",,"{""good"": []}",,"{""good"": []}",8.0,"{""good"": []}",,"{""good"": []}",,"{""good"": []}",8.0,"{""good"": []}",,,-1.89836431,"{""good"": []}",,,-1.846429755,"{""good"": []}",,,0.0,"{""good"": []}",10.23070508,"{""good"": []}",10.32018075,"{""good"": []}",50513.0,"{""good"": []}",0.0,"{""good"": []}",NSW,"{""good"": []}",88.85,"{""good"": []}",,,15.68406664,"{""good"": []}",15.40301675,"{""good"": []}",14.11694282,"{""good"": []}",188.327584,"{""good"": []}",10.44054167,"{""good"": []}"
2026-09-30 20:14:00+00:00,Aberporth Automatic Weather Station,-4.57,52.14,0.0,"{""good"": []}",996.08,"{""good"": []}",,,11.69952846,"{""good"": []}",,,,,18000.0,"{""good"": []}",,"{""good"": []}",,"{""good"": []}",8.0,"{""good"": []}",,"{""good"": []}",,"{""good"": []}",8.0,"{""good"": []}",,,-1.896030987,"{""good"": []}",,,-1.842032305,"{""good"": []}",,,0.0,"{""good"": []}",10.2368538,"{""good"": []}",10.3122281,"{""good"": []}",50035.0,"{""good"": []}",0.0,"{""good"": []}",NSW,"{""good"": []}",88.95,"{""good"": []}",,,15.68411911,"{""good"": []}",15.39918439,"{""good"": []}",14.11724305,"{""good"": []}",188.8552057,"{""good"": []}",10.91129167,"{""good"": []}"
2026-09-30 20:15:00+00:00,Aberporth Automatic Weather Station,-4.57,52.14,0.0,"{""good"": []}",996.095,"{""good"": []}",,,11.70184442,"{""good"": []}",,,,,18000.0,"{""good"": []}",,"{""good"": []}",,"{""good"": []}",8.0,"{""good"": []}",,"{""good"": []}",,"{""good"": []}",8.0,"{""good"": []}",,,-1.893337491,"{""good"": []}",,,-1.785241894,"{""good"": []}",,,0.0,"{""good"": []}",10.22753703,"{""good"": []}",10.30417303,"{""good"": []}",48811.5,"{""good"": []}",0.0,"{""good"": []}",NSW,"{""good"": []}",89.125,"{""good"": []}",,,15.68371684,"{""good"": []}",15.39544959,"{""good"": []}",14.11739316,"{""good"": []}",189.4360449,"{""good"": []}",10.81308333,"{""good"": []}"
2026-09-30 20:16:00+00:00,Aberporth Automatic Weather Station,-4.57,52.14,0.0,"{""good"": []}",996.115,"{""good"": []}",,,11.71171533,"{""good"": []}",,,,,18000.0,"{""good"": []}",,"{""good"": []}",,"{""good"": []}",8.0,"{""good"": []}",,"{""good"": []}",,"{""good"": []}",8.0,"{""good"": []}",,,-1.890935486,"{""good"": []}",,,-1.781397232,"{""good"": []}",,,0.0,"{""good"": []}",10.21881991,"{""good"": []}",10.30819932,"{""good"": []}",46229.0,"{""good"": []}",0.0,"{""good"": []}",NSW,"{""good"": []}",89.275,"{""good"": []}",,,15.68401666,"{""good"": []}",15.39151717,"{""good"": []}",14.11785351,"{""good"": []}",192.0995528,"{""good"": []}",10.964875,"{""good"": []}"
2026-09-30 20:17:00+00:00,Aberporth Automatic Weather Station,-4.57,52.14,0.0,"{""good"": []}",996.12,"{""good"": []}",,,11.74586505,"{""good"": []}",,,,,18000.0,"{""good"": []}",,"{""good"": []}",,"{""good"": []}",8.0,"{""good"": []}",,"{""good"": []}",,"{""good"": []}",8.0,"{""good"": []}",,,-1.88778507,"{""good"": []}",,,-1.721993436,"{""good"": []}",,,0.0,"{""good"": []}",10.20638006,"{""good"": []}",10.31585225,"{""good"": []}",47207.0,"{""good"": []}",0.0,"{""good"": []}",NSW,"{""good"": []}",89.4,"{""good"": []}",,,15.68376681,"{""good"": []}",15.38849031,"{""good"": []}",14.11805367,"{""good"": []}",193.1161061,"{""good"": []}",10.73254167,"{""good"": []}"
2026-09-30 20:18:00+00:00,Aberporth Automatic Weather Station,-4.57,52.14,0.0,"{""good"": []}",996.12,"{""good"": []}",,,11.77074345,"{""good"": []}",,,,,18000.0,"{""good"": []}",,"{""good"": []}",,"{""good"": []}",8.0,"{""good"": []}",,"{""good"": []}",,"{""good"": []}",8.0,"{""good"": []}",,,-1.884858296,"{""good"": []}",,,-1.759233788,"{""good"": []}",,,0.0,"{""good"": []}",10.20018637,"{""good"": []}",10.33231454,"{""good"": []}",46420.0,"{""good"": []}",0.0,"{""good"": []}",NSW,"{""good"": []}",89.45,"{""good"": []}",,,15.68366686,"{""good"": []}",15.38415514,"{""good"": []}",14.11830386,"{""good"": []}",194.3184427,"{""good"": []}",10.768,"{""good"": []}"
2026-09-30 20:19:00+00:00,Aberporth Automatic Weather Station,-4.57,52.14,0.0,"{""good"": []}",996.1,"{""good"": []}",,,11.73987155,"{""good"": []}",,,,,18000.0,"{""good"": []}",,"{""good"": []}",,"{""good"": []}",8.0,"{""good"": []}",,"{""good"": []}",,"{""good"": []}",8.0,"{""good"": []}",,,-1.881561312,"{""good"": []}",,,-1.763329616,"{""good"": []}",,,0.0,"{""good"": []}",10.18170276,"{""good"": []}",10.33045376,"{""good"": []}",46603.0,"{""good"": []}",0.0,"{""good"": []}",NSW,"{""good"": []}",89.4,"{""good"": []}",,,15.68381678,"{""good"": []}",15.38062547,"{""good"": []}",14.11855406,"{""good"": []}",195.0541852,"{""good"": []}",10.33704167,"{""good"": []}"
2026-09-30 20:20:00+00:00,Aberporth Automatic Weather Station,-4.57,52.14,0.0,"{""good"": []}",996.095,"{""good"": []}",,,11.74147798,"{""good"": []}",,,,,18000.0,"{""good"": []}",,"{""good"": []}",,"{""good"": []}",8.0,"{""good"": []}",,"{""good"": []}",,"{""good"": []}",8.0,"{""good"": []}",,,-1.878371543,"{""good"": []}",,,-1.747423211,"{""good"": []}",,,0.0,"{""good"": []}",10.15823221,"{""good"": []}",10.33251934,"{""good"": []}",46366.0,"{""good"": []}",0.0,"{""good"": []}",NSW,"{""good"": []}",89.45,"{""good"": []}",,,15.68341701,"{""good"": []}",15.37648793,"{""good"": []}",14.11870417,"{""good"": []}",195.3634333,"{""good"": []}",10.464875,"{""good"": []}"
2026-09-30 20:21:00+00:00,Aberporth Automatic Weather Station,-4.57,52.14,0.0,"{""good"": []}",996.09,"{""good"": []}",,,11.73468251,"{""good"": []}",,,,,18000.0,"{""good"": []}",,"{""good"": []}",,"{""good"": []}",8.0,"{""good"": []}",,"{""good"": []}",,"{""good"": []}",8.0,"{""good"": []}",,,-1.875349295,"{""good"": []}",,,-1.749810261,"{""good"": []}",,,0.0,"{""good"": []}",10.14599225,"{""good"": []}",10.33352342,"{""good"": []}",46688.5,"{""good"": []}",0.0,"{""good"": []}",NSW,"{""good"": []}",89.5,"{""good"": []}",,,15.68401667,"{""good"": []}",15.37301079,"{""good"": []}",14.11885428,"{""good"": []}",195.1784791,"{""good"": []}",10.89329167,"{""good"": []}"
2026-09-30 20:22:00+00:00,Aberporth Automatic Weather Station,-4.57,52.14,0.0,"{""good"": []}",996.07,"{""good"": []}",,,11.7159475,"{""good"": []}",,,,,18000.0,"{""good"": []}",,"{""good"": []}",,"{""good"": []}",8.0,"{""good"": []}",,"{""good"": []}",,"{""good"": []}",8.0,"{""good"": []}",,,-1.872041416,"{""good"": []}",,,-1.737999605,"{""good"": []}",,,0.0,"{""good"": []}",10.14387605,"{""good"": []}",10.33171259,"{""good"": []}",47216.0,"{""good"": []}",0.0,"{""good"": []}",NSW,"{""good"": []}",89.5,"{""good"": []}",,,15.68386675,"{""good"": []}",15.36917843,"{""good"": []}",14.1190094,"{""good"": []}",195.3139045,"{""good"": []}",10.63466667,"{""good"": []}"
2026-09-30 20:23:00+00:00,Aberporth Automatic Weather Station,-4.57,52.14,0.0,"{""good"": []}",996.065,"{""good"": []}",,,11.66336509,"{""good"": []}",,,,,18000.0,"{""good"": []}",,"{""good"": []}",,"{""good"": []}",8.0,"{""good"": []}",,"{""good"": []}",,"{""good"": []}",8.0,"{""good"": []}",,,-1.86890943,"{""good"": []}",,,-1.754810083,"{""good"": []}",,,0.0,"{""good"": []}",10.13642314,"{""good"": []}",10.32582054,"{""good"": []}",46944.0,"{""good"": []}",0.0,"{""good"": []}",NSW,"{""good"": []}",89.475,"{""good"": []}",,,15.68366686,"{""good"": []}",15.3655462,"{""good"": []}",14.11946475,"{""good"": []}",196.2283113,"{""good"": []}",10.76466667,"{""good"": []}"
2026-09-30 20:24:00+00:00,Aberporth Automatic Weather Station,-4.57,52.14,0.0,"{""good"": []}",996.065,"{""good"": []}",,,11.64508728,"{""good"": []}",,,,,18000.0,"{""good"": []}",,"{""good"": []}",,"{""good"": []}",8.0,"{""good"": []}",,"{""good"": []}",,"{""good"": []}",8.0,"{""good"": []}",,,-1.865476331,"{""good"": []}",,,-1.719881791,"{""good"": []}",,,0.0,"{""good"": []}",10.11909881,"{""good"": []}",10.31695872,"{""good"": []}",47974.0,"{""good"": []}",0.0,"{""good"": []}",NSW,"{""good"": []}",89.55,"{""good"": []}",,,15.68341701,"{""good"": []}",15.36110847,"{""good"": []}",14.11976498,"{""good"": []}",196.8586463,"{""good"": []}",11.02279167,"{""good"": []}"
2026-09-30 20:25:00+00:00,Aberporth Automatic Weather Station,-4.57,52.14,0.0,"{""good"": []}",996.065,"{""good"": []}",,,11.65591256,"{""good"": []}",,,,,18000.0,"{""good"": []}",,"{""good"": []}",,"{""good"": []}",8.0,"{""good"": []}",,"{""good"": []}",,"{""good"": []}",8.0,"{""good"": []}",,,-1.861691024,"{""good"": []}",,,-1.674826433,"{""good"": []}",,,0.0,"{""good"": []}",10.10096747,"{""good"": []}",10.31625188,"{""good"": []}",48592.0,"{""good"": []}",0.0,"{""good"": []}",NSW,"{""good"": []}",89.725,"{""good"": []}",,,15.68321212,"{""good"": []}",15.35747874,"{""good"": []}",14.1199151,"{""good"": []}",196.0909031,"{""good"": []}",11.050375,"{""good"": []}"
2026-09-30 20:26:00+00:00,Aberporth Automatic Weather Station,-4.57,52.14,0.0,"{""good"": []}",996.06,"{""good"": []}",,,11.63833928,"{""good"": []}",,,,,18000.0,"{""good"": []}",,"{""good"": []}",,"{""good"": []}",8.0,"{""good"": []}",,"{""good"": []}",,"{""good"": []}",8.0,"{""good"": []}",,,-1.857522089,"{""good"": []}",,,-1.678268841,"{""good"": []}",,,0.0,"{""good"": []}",10.09159824,"{""good"": []}",10.31555003,"{""good"": []}",48430.0,"{""good"": []}",0.0,"{""good"": []}",NSW,"{""good"": []}",89.775,"{""good"": []}",,,15.68361439,"{""good"": []}",15.35394907,"{""good"": []}",14.1201678,"{""good"": []}",196.4338083,"{""good"": []}",10.761875,"{""good"": []}"
2026-09-30 20:27:00+00:00,Aberporth Automatic Weather Station,-4.57,52.14,0.0,"{""good"": []}",996.045,"{""good"": []}",,,11.6038398,"{""good"": []}",,,,,17000.0,"{""good"": []}",,"{""good"": []}",,"{""good"": []}",8.0,"{""good"": []}",,"{""good"": []}",,"{""good"": []}",8.0,"{""good"": []}",,,-1.853725894,"{""good"": []}",,,-1.67728883,"{""good"": []}",,,0.0,"{""good"": []}",10.08953201,"{""good"": []}",10.3007462,"{""good"": []}",46784.0,"{""good"": []}",0.0,"{""good"": []}",NSW,"{""good"": []}",89.8,"{""good"": []}",,,15.68336703,"{""good"": []}",15.34936375,"{""good"": []}",14.12037045,"{""good"": []}",194.4315477,"{""good"": []}",9.858625,"{""good"": []}"
2026-09-30 20:28:00+00:00,Aberporth Automatic Weather Station,-4.57,52.14,0.0,"{""good"": []}",996.04,"{""good"": []}",,,11.62907046,"{""good"": []}",,,,,17000.0,"{""good"": []}",,"{""good"": []}",,"{""good"": []}",8.0,"{""good"": []}",,"{""good"": []}",,"{""good"": []}",8.0,"{""good"": []}",,,-1.849186737,"{""good"": []}",,,-1.629720858,"{""good"": []}",,,0.0,"{""good"": []}",10.08479742,"{""good"": []}",10.30004435,"{""good"": []}",45701.5,"{""good"": []}",0.0,"{""good"": []}",NSW,"{""good"": []}",89.975,"{""good"": []}",,,15.68351695,"{""good"": []}",15.34618179,"{""good"": []}",14.12077576,"{""good"": []}",192.9175731,"{""good"": []}",10.06329167,"{""good"": []}"
2026-09-30 20:29:00+00:00,Aberporth Automatic Weather Station,-4.57,52.14,0.0,"{""good"": []}",996.045,"{""good"": []}",,,11.62992739,"{""good"": []}",,,,,17000.0,"{""good"": []}",,"{""good"": []}",,"{""good"": []}",8.0,"{""good"": []}",,"{""good"": []}",,"{""good"": []}",8.0,"{""good"": []}",,,-1.845034134,"{""good"": []}",,,-1.643993377,"{""good"": []}",,,0.0,"{""good"": []}",10.09713733,"{""good"": []}",10.31298489,"{""good"": []}",48291.0,"{""good"": []}",0.0,"{""good"": []}",NSW,"{""good"": []}",90.0,"{""good"": []}",,,15.68361439,"{""good"": []}",15.34199672,"{""good"": []}",14.12052057,"{""good"": []}",193.3329873,"{""good"": []}",10.395875,"{""good"": []}"
2026-09-30 20:30:00+00:00,Aberporth Automatic Weather Station,-4.57,52.14,0.0,"{""good"": []}",996.06,"{""good"": []}",,,11.63934361,"{""good"": []}",,,,,17000.0,"{""good"": []}",,"{""good"": []}",,"{""good"": []}",8.0,"{""good"": []}",,"{""good"": []}",,"{""good"": []}",8.0,"{""good"": []}",,,-1.839378862,"{""good"": []}",,,-1.610999842,"{""good"": []}",,,0.0,"{""good"": []}",10.10882513,"{""good"": []}",10.31912422,"{""good"": []}",47189.0,"{""good"": []}",0.0,"{""good"": []}",NSW,"{""good"": []}",90.075,"{""good"": []}",,,15.68321462,"{""good"": []}",15.33836699,"{""good"": []}",14.12107599,"{""good"": []}",191.0882784,"{""good"": []}",10.45904167,"{""good"": []}"
2026-09-30 20:31:00+00:00,Aberporth Automatic Weather Station,-4.57,52.14,0.0,"{""good"": []}",996.07,"{""good"": []}",,,11.68351165,"{""good"": []}",,,,,17000.0,"{""good"": []}",,"{""good"": []}",,"{""good"": []}",8.0,"{""good"": []}",,"{""good"": []}",,"{""good"": []}",8.0,"{""good"": []}",,,-1.832816469,"{""good"": []}",,,-1.572478549,"{""good"": []}",,,0.0,"{""good"": []}",10.13506647,"{""good"": []}",10.34132871,"{""good"": []}",45889.5,"{""good"": []}",0.0,"{""good"": []}",NSW,"{""good"": []}",90.2,"{""good"": []}",,,15.68346698,"{""good"": []}",15.33428197,"{""good"": []}",14.12138123,"{""good"": []}",191.0493039,"{""good"": []}",10.30383333,"{""good"": []}"
2026-09-30 20:32:00+00:00,Aberporth Automatic Weather Station,-4.57,52.14,0.0,"{""good"": []}",996.075,"{""good"": []}",,,11.70940188,"{""good"": []}",,,,,17000.0,"{""good"": []}",,"{""good"": []}",,"{""good"": []}",8.0,"{""good"": []}",,"{""good"": []}",,"{""good"": []}",8.0,"{""good"": []}",,,-1.826154817,"{""good"": []}",,,-1.544410004,"{""good"": []}",,,0.0,"{""good"": []}",10.18386892,"{""good"": []}",10.39304093,"{""good"": []}",47281.0,"{""good"": []}",0.0,"{""good"": []}",NSW,"{""good"": []}",90.25,"{""good"": []}",,,15.68341701,"{""good"": []}",15.3307548,"{""good"": []}",14.12153385,"{""good"": []}",189.7735204,"{""good"": []}",10.581625,"{""good"": []}"
2026-09-30 20:33:00+00:00,Aberporth Automatic Weather Station,-4.57,52.14,0.0,"{""good"": []}",996.085,"{""good"": []}",,,11.67737074,"{""good"": []}",,,,,17000.0,"{""good"": []}",,"{""good"": []}",,"{""good"": []}",8.0,"{""good"": []}",,"{""good"": []}",,"{""good"": []}",8.0,"{""good"": []}",,,-1.820249953,"{""good"": []}",,,-1.561949684,"{""good"": []}",,,0.0,"{""good"": []}",10.23040527,"{""good"": []}",10.43130058,"{""good"": []}",46623.5,"{""good"": []}",0.0,"{""good"": []}",NSW,"{""good"": []}",90.1,"{""good"": []}",,,15.68356692,"{""good"": []}",15.32702251,"{""good"": []}",14.12183657,"{""good"": []}",189.1396227,"{""good"": []}",10.40795833,"{""good"": []}"
2026-09-30 20:34:00+00:00,Aberporth Automatic Weather Station,-4.57,52.14,0.0,"{""good"": []}",996.08,"{""good"": []}",,,11.70647883,"{""good"": []}",,,,,17000.0,"{""good"": []}",,"{""good"": []}",,"{""good"": []}",8.0,"{""good"": []}",,"{""good"": []}",,"{""good"": []}",8.0,"{""good"": []}",,,-1.814697732,"{""good"": []}",,,-1.518754191,"{""good"": []}",,,0.0,"{""good"": []}",10.25413066,"{""good"": []}",10.43931068,"{""good"": []}",46482.5,"{""good"": []}",0.0,"{""good"": []}",NSW,"{""good"": []}",90.225,"{""good"": []}",,,15.68356692,"{""good"": []}",15.32318765,"{""good"": []}",14.12213681,"{""good"": []}",187.9533798,"{""good"": []}",9.916904167,"{""good"": []}"
2026-09-30 20:35:00+00:00,Aberporth Automatic Weather Station,-4.57,52.14,0.0,"{""good"": []}",996.075,"{""good"": []}",,,11.74465336,"{""good"": []}",,,,,17000.0,"{""good"": []}",,"{""good"": []}",,"{""good"": []}",8.0,"{""good"": []}",,"{""good"": []}",,"{""good"": []}",8.0,"{""good"": []}",,,-1.807087073,"{""good"": []}",,,-1.480056208,"{""good"": []}",,,0.0,"{""good"": []}",10.27941009,"{""good"": []}",10.46670037,"{""good"": []}",46750.0,"{""good"": []}",0.0,"{""good"": []}",NSW,"{""good"": []}",90.275,"{""good"": []}",,,15.68341701,"{""good"": []}",15.31895255,"{""good"": []}",14.12228692,"{""good"": []}",186.0614178,"{""good"": []}",10.08508333,"{""good"": []}"
2026-09-30 20:36:00+00:00,Aberporth Automatic Weather Station,-4.57,52.14,0.0,"{""good"": []}",996.085,"{""good"": []}",,,11.75845415,"{""good"": []}",,,,,17000.0,"{""good"": []}",,"{""good"": []}",,"{""good"": []}",8.0,"{""good"": []}",,"{""good"": []}",,"{""good"": []}",8.0,"{""good"": []}",,,-1.800763406,"{""good"": []}",,,-1.515110241,"{""good"": []}",,,0.0,"{""good"": []}",10.29638464,"{""good"": []}",10.50491507,"{""good"": []}",46608.5,"{""good"": []}",0.0,"{""good"": []}",NSW,"{""good"": []}",90.125,"{""good"": []}",,,15.68356692,"{""good"": []}",15.31567553,"{""good"": []}",14.12258715,"{""good"": []}",188.2812828,"{""good"": []}",9.6180625,"{""good"": []}"
2026-09-30 20:37:00+00:00,Aberporth Automatic Weather Station,-4.57,52.14,0.0,"{""good"": []}",996.07,"{""good"": []}",,,11.7429395,"{""good"": []}",,,,,17000.0,"{""good"": []}",,"{""good"": []}",,"{""good"": []}",8.0,"{""good"": []}",,"{""good"": []}",,"{""good"": []}",8.0,"{""good"": []}",,,-1.793450108,"{""good"": []}",,,-1.484252392,"{""good"": []}",,,0.0,"{""good"": []}",10.29633467,"{""good"": []}",10.51951408,"{""good"": []}",46111.0,"{""good"": []}",0.0,"{""good"": []}",NSW,"{""good"": []}",90.05,"{""good"": []}",,,15.68311468,"{""good"": []}",15.31209333,"{""good"": []}",14.12279231,"{""good"": []}",184.924689,"{""good"": []}",9.689995833,"{""good"": []}"
2026-09-30 20:38:00+00:00,Aberporth Automatic Weather Station,-4.57,52.14,0.0,"{""good"": []}",996.09,"{""good"": []}",,,11.73110489,"{""good"": []}",,,,,17000.0,"{""good"": []}",,"{""good"": []}",,"{""good"": []}",8.0,"{""good"": []}",,"{""good"": []}",,"{""good"": []}",8.0,"{""good"": []}",,,-1.786793921,"{""good"": []}",,,-1.50588794,"{""good"": []}",,,0.0,"{""good"": []}",10.30237595,"{""good"": []}",10.52515636,"{""good"": []}",46141.0,"{""good"": []}",0.0,"{""good"": []}",NSW,"{""good"": []}",90.05,"{""good"": []}",,,15.68296476,"{""good"": []}",15.30790826,"{""good"": []}",14.12299497,"{""good"": []}",184.5814087,"{""good"": []}",10.61091667,"{""good"": []}"
2026-09-30 20:39:00+00:00,Aberporth Automatic Weather Station,-4.57,52.14,0.0,"{""good"": []}",996.12,"{""good"": []}",,,11.74107574,"{""good"": []}",,,,,17000.0,"{""good"": []}",,"{""good"": []}",,"{""good"": []}",8.0,"{""good"": []}",,"{""good"": []}",,"{""good"": []}",8.0,"{""good"": []}",,,-1.779544286,"{""good"": []}",,,-1.467466746,"{""good"": []}",,,0.0,"{""good"": []}",10.30595375,"{""good"": []}",10.5198188,"{""good"": []}",45702.0,"{""good"": []}",0.0,"{""good"": []}",NSW,"{""good"": []}",90.1,"{""good"": []}",,,15.68296227,"{""good"": []}",15.30478383,"{""good"": []}",14.12324766,"{""good"": []}",184.0736491,"{""good"": []}",10.38745833,"{""good"": []}"
2026-09-30 20:40:00+00:00,Aberporth Automatic Weather Station,-4.57,52.14,0.0,"{""good"": []}",996.155,"{""good"": []}",,,11.73956925,"{""good"": []}",,,,,17000.0,"{""good"": []}",,"{""good"": []}",,"{""good"": []}",8.0,"{""good"": []}",,"{""good"": []}",,"{""good"": []}",8.0,"{""good"": []}",,,-1.771544986,"{""good"": []}",,,-1.470205773,"{""good"": []}",,,0.0,"{""good"": []}",10.31910065,"{""good"": []}",10.53190513,"{""good"": []}",44284.0,"{""good"": []}",0.0,"{""good"": []}",NSW,"{""good"": []}",90.15,"{""good"": []}",,,15.68316465,"{""good"": []}",15.29989082,"{""good"": []}",14.12349785,"{""good"": []}",184.0786077,"{""good"": []}",10.33516667,"{""good"": []}"
2026-09-30 20:41:00+00:00,Aberporth Automatic Weather Station,-4.57,52.14,0.0,"{""good"": []}",996.18,"{""good"": []}",,,11.7239022,"{""good"": []}",,,,,17000.0,"{""good"": []}",,"{""good"": []}",,"{""good"": []}",8.0,"{""good"": []}",,"{""good"": []}",,"{""good"": []}",8.0,"{""good"": []}",,,-1.765001882,"{""good"": []}",,,-1.484453638,"{""good"": []}",,,0.0,"{""good"": []}",10.34010022,"{""good"": []}",10.53663825,"{""good"": []}",43976.0,"{""good"": []}",0.0,"{""good"": []}",NSW,"{""good"": []}",90.2,"{""good"": []}",,,15.68296227,"{""good"": []}",15.29646121,"{""good"": []}",14.12374805,"{""good"": []}",182.0810413,"{""good"": []}",10.11483333,"{""good"": []}"
2026-09-30 20:42:00+00:00,Aberporth Automatic Weather Station,-4.57,52.14,0.0,"{""good"": []}",996.185,"{""good"": []}",,,11.77844832,"{""good"": []}",,,,,17000.0,"{""good"": []}",,"{""good"": []}",,"{""good"": []}",8.0,"{""good"": []}",,"{""good"": []}",,"{""good"": []}",8.0,"{""good"": []}",,,-1.756982066,"{""good"": []}",,,-1.423718248,"{""good"": []}",,,0.0,"{""good"": []}",10.34357558,"{""good"": []}",10.55526604,"{""good"": []}",42884.5,"{""good"": []}",0.0,"{""good"": []}",NSW,"{""good"": []}",90.35,"{""good"": []}",,,15.68285982,"{""good"": []}",15.29253129,"{""good"": []}",14.12385062,"{""good"": []}",183.1516902,"{""good"": []}",10.07095833,"{""good"": []}"
2026-09-30 20:43:00+00:00,Aberporth Automatic Weather Station,-4.57,52.14,0.0,"{""good"": []}",996.19,"{""good"": []}",,,11.84230571,"{""good"": []}",,,,,17000.0,"{""good"": []}",,"{""good"": []}",,"{""good"": []}",8.0,"{""good"": []}",,"{""good"": []}",,"{""good"": []}",8.0,"{""good"": []}",,,-1.748970209,"{""good"": []}",,,-1.394921293,"{""good"": []}",,,0.0,"{""good"": []}",10.3721355,"{""good"": []}",10.59584605,"{""good"": []}",44159.5,"{""good"": []}",0.0,"{""good"": []}",NSW,"{""good"": []}",90.4,"{""good"": []}",,,15.68331456,"{""good"": []}",15.28894909,"{""good"": []}",14.12415836,"{""good"": []}",182.3869768,"{""good"": []}",9.606620833,"{""good"": []}"
2026-09-30 20:44:00+00:00,Aberporth Automatic Weather Station,-4.57,52.14,0.0,"{""good"": []}",996.185,"{""good"": []}",,,11.86824091,"{""good"": []}",,,,,17000.0,"{""good"": []}",,"{""good"": []}",,"{""good"": []}",8.0,"{""good"": []}",,"{""good"": []}",,"{""good"": []}",8.0,"{""good"": []}",,,-1.742236551,"{""good"": []}",,,-1.418290391,"{""good"": []}",,,0.0,"{""good"": []}",10.39741743,"{""good"": []}",10.63949822,"{""good"": []}",43426.0,"{""good"": []}",0.0,"{""good"": []}",NSW,"{""good"": []}",90.325,"{""good"": []}",,,15.68316215,"{""good"": []}",15.28461142,"{""good"": []}",14.12435852,"{""good"": []}",180.739252,"{""good"": []}",10.22141667,"{""good"": []}"
2026-09-30 20:45:00+00:00,Aberporth Automatic Weather Station,-4.57,52.14,0.0,"{""good"": []}",996.18,"{""good"": []}",,,11.89141295,"{""good"": []}",,,,,17000.0,"{""good"": []}",,"{""good"": []}",,"{""good"": []}",8.0,"{""good"": []}",,"{""good"": []}",,"{""good"": []}",8.0,"{""good"": []}",,,-1.733351494,"{""good"": []}",,,-1.387156346,"{""good"": []}",,,0.0,"{""good"": []}",10.41896916,"{""good"": []}",10.6790242,"{""good"": []}",42936.0,"{""good"": []}",0.0,"{""good"": []}",NSW,"{""good"": []}",90.225,"{""good"": []}",,,15.68306221,"{""good"": []}",15.28117931,"{""good"": []}",14.12450863,"{""good"": []}",181.6314807,"{""good"": []}",10.58008333,"{""good"": []}"
2026-09-30 20:46:00+00:00,Aberporth Automatic Weather Station,-4.57,52.14,0.0,"{""good"": []}",996.2,"{""good"": []}",,,11.91880968,"{""good"": []}",,,,,17000.0,"{""good"": []}",,"{""good"": []}",,"{""good"": []}",8.0,"{""good"": []}",,"{""good"": []}",,"{""good"": []}",8.0,"{""good"": []}",,,-1.725412942,"{""good"": []}",,,-1.407007968,"{""good"": []}",,,0.0,"{""good"": []}",10.44486071,"{""good"": []}",10.71034026,"{""good"": []}",42098.5,"{""good"": []}",0.0,"{""good"": []}",NSW,"{""good"": []}",90.2,"{""good"": []}",,,15.68270741,"{""good"": []}",15.2772494,"{""good"": []}",14.12490894,"{""good"": []}",183.3976021,"{""good"": []}",9.895291667,"{""good"": []}"
2026-09-30 20:47:00+00:00,Aberporth Automatic Weather Station,-4.57,52.14,0.0,"{""good"": []}",996.225,"{""good"": []}",,,11.8574656,"{""good"": []}",,,,,17000.0,"{""good"": []}",,"{""good"": []}",,"{""good"": []}",8.0,"{""good"": []}",,"{""good"": []}",,"{""good"": []}",8.0,"{""good"": []}",,,-1.718758448,"{""good"": []}",,,-1.458847687,"{""good"": []}",,,0.0,"{""good"": []}",10.44818617,"{""good"": []}",10.71296035,"{""good"": []}",42951.5,"{""good"": []}",0.0,"{""good"": []}",NSW,"{""good"": []}",90.075,"{""good"": []}",,,15.68331456,"{""good"": []}",15.27326695,"{""good"": []}",14.12495898,"{""good"": []}",184.3200299,"{""good"": []}",9.894933333,"{""good"": []}"
2026-09-30 20:48:00+00:00,Aberporth Automatic Weather Station,-4.57,52.14,0.0,"{""good"": []}",996.255,"{""good"": []}",,,11.82966664,"{""good"": []}",,,,,17000.0,"{""good"": []}",,"{""good"": []}",,"{""good"": []}",8.0,"{""good"": []}",,"{""good"": []}",,"{""good"": []}",8.0,"{""good"": []}",,,-1.711841784,"{""good"": []}",,,-1.452088118,"{""good"": []}",,,0.0,"{""good"": []}",10.42325402,"{""good"": []}",10.68426186,"{""good"": []}",43115.0,"{""good"": []}",0.0,"{""good"": []}",NSW,"{""good"": []}",90.075,"{""good"": []}",,,15.68296226,"{""good"": []}",15.26963472,"{""good"": []}",14.12505906,"{""good"": []}",184.3560238,"{""good"": []}",9.45655,"{""good"": []}"
2026-09-30 20:49:00+00:00,Aberporth Automatic Weather Station,-4.57,52.14,0.0,"{""good"": []}",996.29,"{""good"": []}",,,11.82729822,"{""good"": []}",,,,,17000.0,"{""good"": []}",,"{""good"": []}",,"{""good"": []}",8.0,"{""good"": []}",,"{""good"": []}",,"{""good"": []}",8.0,"{""good"": []}",,,-1.704237857,"{""good"": []}",,,-1.455405041,"{""good"": []}",,,0.0,"{""good"": []}",10.40129504,"{""good"": []}",10.64982118,"{""good"": []}",42343.0,"{""good"": []}",0.0,"{""good"": []}",NSW,"{""good"": []}",90.2,"{""good"": []}",,,15.68290979,"{""good"": []}",15.26564976,"{""good"": []}",14.12521167,"{""good"": []}",183.9421696,"{""good"": []}",10.4095375,"{""good"": []}"
2026-09-30 20:50:00+00:00,Aberporth Automatic Weather Station,-4.57,52.14,0.0,"{""good"": []}",996.305,"{""good"": []}",,,11.86219994,"{""good"": []}",,,,,17000.0,"{""good"": []}",,"{""good"": []}",,"{""good"": []}",8.0,"{""good"": []}",,"{""good"": []}",,"{""good"": []}",8.0,"{""good"": []}",,,-1.697936841,"{""good"": []}",,,-1.468748201,"{""good"": []}",,,0.0,"{""good"": []}",10.3917784,"{""good"": []}",10.63249969,"{""good"": []}",41113.5,"{""good"": []}",0.0,"{""good"": []}",NSW,"{""good"": []}",90.4,"{""good"": []}",,,15.68285982,"{""good"": []}",15.26217262,"{""good"": []}",14.12571956,"{""good"": []}",184.7476095,"{""good"": []}",10.11670833,"{""good"": []}"
2026-09-30 20:51:00+00:00,Aberporth Automatic Weather Station,-4.57,52.14,0.0,"{""good"": []}",996.31,"{""good"": []}",,,11.86507053,"{""good"": []}",,,,,17000.0,"{""good"": []}",,"{""good"": []}",,"{""good"": []}",8.0,"{""good"": []}",,"{""good"": []}",,"{""good"": []}",8.0,"{""good"": []}",,,-1.692294594,"{""good"": []}",,,-1.532824852,"{""good"": []}",,,0.0,"{""good"": []}",10.38694138,"{""good"": []}",10.62822114,"{""good"": []}",41593.5,"{""good"": []}",0.0,"{""good"": []}",NSW,"{""good"": []}",90.4,"{""good"": []}",,,15.6827074,"{""good"": []}",15.25854039,"{""good"": []}",14.12591971,"{""good"": []}",186.6137061,"{""good"": []}",9.152979167,"{""good"": []}"
2026-09-30 20:52:00+00:00,Aberporth Automatic Weather Station,-4.57,52.14,0.0,"{""good"": []}",996.3,"{""good"": []}",,,11.8570159,"{""good"": []}",,,,,17000.0,"{""good"": []}",,"{""good"": []}",,"{""good"": []}",8.0,"{""good"": []}",,"{""good"": []}",,"{""good"": []}",8.0,"{""good"": []}",,,-1.687270927,"{""good"": []}",,,-1.531618663,"{""good"": []}",,,0.0,"{""good"": []}",10.35677245,"{""good"": []}",10.60657114,"{""good"": []}",40921.5,"{""good"": []}",0.0,"{""good"": []}",NSW,"{""good"": []}",90.425,"{""good"": []}",,,15.68301223,"{""good"": []}",15.25460797,"{""good"": []}",14.12571956,"{""good"": []}",188.3357588,"{""good"": []}",9.32015,"{""good"": []}"
2026-09-30 20:53:00+00:00,Aberporth Automatic Weather Station,-4.57,52.14,0.0,"{""good"": []}",996.285,"{""good"": []}",,,11.86456586,"{""good"": []}",,,,,17000.0,"{""good"": []}",,"{""good"": []}",,"{""good"": []}",8.0,"{""good"": []}",,"{""good"": []}",,"{""good"": []}",8.0,"{""good"": []}",,,-1.682249773,"{""good"": []}",,,-1.530286853,"{""good"": []}",,,0.0,"{""good"": []}",10.33692967,"{""good"": []}",10.59091311,"{""good"": []}",41600.0,"{""good"": []}",0.0,"{""good"": []}",NSW,"{""good"": []}",90.45,"{""good"": []}",,,15.68290979,"{""good"": []}",15.25102577,"{""good"": []}",14.12591971,"{""good"": []}",190.1316398,"{""good"": []}",8.9324,"{""good"": []}"
2026-09-30 20:54:00+00:00,Aberporth Automatic Weather Station,-4.57,52.14,0.0,"{""good"": []}",996.285,"{""good"": []}",,,11.86753888,"{""good"": []}",,,,,17000.0,"{""good"": []}",,"{""good"": []}",,"{""good"": []}",8.0,"{""good"": []}",,"{""good"": []}",,"{""good"": []}",8.0,"{""good"": []}",,,-1.676984875,"{""good"": []}",,,-1.587881079,"{""good"": []}",,,0.0,"{""good"": []}",10.32398264,"{""good"": []}",10.59020876,"{""good"": []}",40725.5,"{""good"": []}",0.0,"{""good"": []}",NSW,"{""good"": []}",90.425,"{""good"": []}",,,15.68265743,"{""good"": []}",15.24684069,"{""good"": []}",14.1261699,"{""good"": []}",190.5614743,"{""good"": []}",9.140304167,"{""good"": []}"
2026-09-30 20:55:00+00:00,Aberporth Automatic Weather Station,-4.57,52.14,0.0,"{""good"": []}",996.29,"{""good"": []}",,,11.86280704,"{""good"": []}",,,,,17000.0,"{""good"": []}",,"{""good"": []}",,"{""good"": []}",8.0,"{""good"": []}",,"{""good"": []}",,"{""good"": []}",8.0,"{""good"": []}",,,-1.671838494,"{""good"": []}",,,-1.571974535,"{""good"": []}",,,0.0,"{""good"": []}",10.30096682,"{""good"": []}",10.58471883,"{""good"": []}",39702.5,"{""good"": []}",0.0,"{""good"": []}",NSW,"{""good"": []}",90.4,"{""good"": []}",,,15.68275738,"{""good"": []}",15.24306087,"{""good"": []}",14.12621994,"{""good"": []}",189.783077,"{""good"": []}",9.229391667,"{""good"": []}"
2026-09-30 20:56:00+00:00,Aberporth Automatic Weather Station,-4.57,52.14,0.0,"{""good"": []}",996.3,"{""good"": []}",,,11.84205338,"{""good"": []}",,,,,17000.0,"{""good"": []}",,"{""good"": []}",,"{""good"": []}",8.0,"{""good"": []}",,"{""good"": []}",,"{""good"": []}",8.0,"{""good"": []}",,,-1.667776412,"{""good"": []}",,,-1.593610261,"{""good"": []}",,,0.0,"{""good"": []}",10.29205231,"{""good"": []}",10.57369152,"{""good"": []}",39429.5,"{""good"": []}",0.0,"{""good"": []}",NSW,"{""good"": []}",90.425,"{""good"": []}",,,15.68281235,"{""good"": []}",15.23912595,"{""good"": []}",14.12662276,"{""good"": []}",190.4832869,"{""good"": []}",9.074125,"{""good"": []}"
2026-09-30 20:57:00+00:00,Aberporth Automatic Weather Station,-4.57,52.14,0.0,"{""good"": []}",996.31,"{""good"": []}",,,11.86789114,"{""good"": []}",,,,,17000.0,"{""good"": []}",,"{""good"": []}",,"{""good"": []}",8.0,"{""good"": []}",,"{""good"": []}",,"{""good"": []}",8.0,"{""good"": []}",,,-1.662995669,"{""good"": []}",,,-1.572879577,"{""good"": []}",,,0.0,"{""good"": []}",10.29034086,"{""good"": []}",10.56880853,"{""good"": []}",40427.5,"{""good"": []}",0.0,"{""good"": []}",NSW,"{""good"": []}",90.525,"{""good"": []}",,,15.68275738,"{""good"": []}",15.23549622,"{""good"": []}",14.12683042,"{""good"": []}",189.4763404,"{""good"": []}",8.743641667,"{""good"": []}"
2026-09-30 20:58:00+00:00,Aberporth Automatic Weather Station,-4.57,52.14,0.0,"{""good"": []}",996.31,"{""good"": []}",,,11.90047441,"{""good"": []}",,,,,17000.0,"{""good"": []}",,"{""good"": []}",,"{""good"": []}",8.0,"{""good"": []}",,"{""good"": []}",,"{""good"": []}",8.0,"{""good"": []}",,,-1.658417633,"{""good"": []}",,,-1.556169158,"{""good"": []}",,,0.0,"{""good"": []}",10.29456826,"{""good"": []}",10.5726375,"{""good"": []}",39875.0,"{""good"": []}",0.0,"{""good"": []}",NSW,"{""good"": []}",90.625,"{""good"": []}",,,15.68255749,"{""good"": []}",15.23161383,"{""good"": []}",14.12698053,"{""good"": []}",192.0202884,"{""good"": []}",8.862279167,"{""good"": []}"
2026-09-30 20:59:00+00:00,Aberporth Automatic Weather Station,-4.57,52.14,0.0,"{""good"": []}",996.33,"{""good"": []}",,,11.94489728,"{""good"": []}",,,,,17000.0,"{""good"": []}",,"{""good"": []}",,"{""good"": []}",8.0,"{""good"": []}",,"{""good"": []}",,"{""good"": []}",8.0,"{""good"": []}",,,-1.653197983,"{""good"": []}",,,-1.557928173,"{""good"": []}",,,0.0,"{""good"": []}",10.29834843,"{""good"": []}",10.59040857,"{""good"": []}",38486.5,"{""good"": []}",0.0,"{""good"": []}",NSW,"{""good"": []}",90.75,"{""good"": []}",,,15.68275988,"{""good"": []}",15.22773144,"{""good"": []}",14.12698053,"{""good"": []}",194.4530453,"{""good"": []}",8.61895,"{""good"": []}"
2026-09-30 21:00:00+00:00,Aberporth Automatic Weather Station,-4.57,52.14,0.0,"{""good"": []}",996.355,"{""good"": []}",,,11.91125472,"{""good"": []}",,,,,17000.0,"{""good"": []}",,"{""good"": []}",,"{""good"": []}",8.0,"{""good"": []}",,"{""good"": []}",,"{""good"": []}",8.0,"{""good"": []}",,,-1.648666842,"{""good"": []}",,,-1.613788138,"{""good"": []}",,,0.0,"{""good"": []}",10.2832902,"{""good"": []}",10.58260329,"{""good"": []}",38961.5,"{""good"": []}",0.0,"{""good"": []}",NSW,"{""good"": []}",90.625,"{""good"": []}",,,15.68255749,"{""good"": []}",15.22435436,"{""good"": []}",14.12723072,"{""good"": []}",193.9668514,"{""good"": []}",8.526454167,"{""good"": []}"
2026-09-30 21:01:00+00:00,Aberporth Automatic Weather Station,-4.57,52.14,0.0,"{""good"": []}",996.39,"{""good"": []}",,,11.92626221,"{""good"": []}",,,,,17000.0,"{""good"": []}",,"{""good"": []}",,"{""good"": []}",8.0,"{""good"": []}",,"{""good"": []}",,"{""good"": []}",8.0,"{""good"": []}",,,-1.643828305,"{""good"": []}",,,-1.600445314,"{""good"": []}",,,0.0,"{""good"": []}",10.25836056,"{""good"": []}",10.56850631,"{""good"": []}",38542.5,"{""good"": []}",0.0,"{""good"": []}",NSW,"{""good"": []}",90.7,"{""good"": []}",,,15.68275988,"{""good"": []}",15.22051951,"{""good"": []}",14.12753095,"{""good"": []}",190.1105888,"{""good"": []}",8.257320833,"{""good"": []}"
2026-09-30 21:02:00+00:00,Aberporth Automatic Weather Station,-4.57,52.14,0.0,"{""good"": []}",996.405,"{""good"": []}",,,11.90480652,"{""good"": []}",,,,,17000.0,"{""good"": []}",,"{""good"": []}",,"{""good"": []}",8.0,"{""good"": []}",,"{""good"": []}",,"{""good"": []}",8.0,"{""good"": []}",,,-1.639503642,"{""good"": []}",,,-1.594690826,"{""good"": []}",,,0.0,"{""good"": []}",10.23997438,"{""good"": []}",10.55556826,"{""good"": []}",39503.0,"{""good"": []}",0.0,"{""good"": []}",NSW,"{""good"": []}",90.6,"{""good"": []}",,,15.68290979,"{""good"": []}",15.21668965,"{""good"": []}",14.12763103,"{""good"": []}",186.4351898,"{""good"": []}",8.74255,"{""good"": []}"
2026-09-30 21:03:00+00:00,Aberporth Automatic Weather Station,-4.57,52.14,0.0,"{""good"": []}",996.415,"{""good"": []}",,,11.91996391,"{""good"": []}",,,,,18000.0,"{""good"": []}",,"{""good"": []}",,"{""good"": []}",8.0,"{""good"": []}",,"{""good"": []}",,"{""good"": []}",8.0,"{""good"": []}",,,-1.634588882,"{""good"": []}",,,-1.57343189,"{""good"": []}",,,0.0,"{""good"": []}",10.23337594,"{""good"": []}",10.54091431,"{""good"": []}",37147.5,"{""good"": []}",0.0,"{""good"": []}",NSW,"{""good"": []}",90.725,"{""good"": []}",,,15.68260996,"{""good"": []}",15.21285229,"{""good"": []}",14.12773111,"{""good"": []}",182.3612861,"{""good"": []}",9.497754167,"{""good"": []}"
2026-09-30 21:04:00+00:00,Aberporth Automatic Weather Station,-4.57,52.14,0.0,"{""good"": []}",996.415,"{""good"": []}",,,11.98760379,"{""good"": []}",,,,,18000.0,"{""good"": []}",,"{""good"": []}",,"{""good"": []}",8.0,"{""good"": []}",,"{""good"": []}",,"{""good"": []}",8.0,"{""good"": []}",,,-1.628786256,"{""good"": []}",,,-1.575140411,"{""good"": []}",,,0.0,"{""good"": []}",10.26561109,"{""good"": []}",10.56976515,"{""good"": []}",37796.0,"{""good"": []}",0.0,"{""good"": []}",NSW,"{""good"": []}",90.9,"{""good"": []}",,,15.68240758,"{""good"": []}",15.20901994,"{""good"": []}",14.12809139,"{""good"": []}",183.9659458,"{""good"": []}",9.0655,"{""good"": []}"
2026-09-30 21:05:00+00:00,Aberporth Automatic Weather Station,-4.57,52.14,0.0,"{""good"": []}",996.45,"{""good"": []}",,,11.96891875,"{""good"": []}",,,,,18000.0,"{""good"": []}",,"{""good"": []}",,"{""good"": []}",8.0,"{""good"": []}",,"{""good"": []}",,"{""good"": []}",8.0,"{""good"": []}",,,-1.625147183,"{""good"": []}",,,-1.654068604,"{""good"": []}",,,0.0,"{""good"": []}",10.29416601,"{""good"": []}",10.60183802,"{""good"": []}",38569.0,"{""good"": []}",0.0,"{""good"": []}",NSW,"{""good"": []}",90.775,"{""good"": []}",,,15.68225766,"{""good"": []}",15.20559283,"{""good"": []}",14.12819146,"{""good"": []}",182.8460009,"{""good"": []}",8.571158333,"{""good"": []}"
2026-09-30 21:06:00+00:00,Aberporth Automatic Weather Station,-4.57,52.14,0.0,"{""good"": []}",996.47,"{""good"": []}",,,11.92212996,"{""good"": []}",,,,,18000.0,"{""good"": []}",,"{""good"": []}",,"{""good"": []}",8.0,"{""good"": []}",,"{""good"": []}",,"{""good"": []}",8.0,"{""good"": []}",,,-1.62113956,"{""good"": []}",,,-1.643790846,"{""good"": []}",,,0.0,"{""good"": []}",10.27447313,"{""good"": []}",10.59060839,"{""good"": []}",38274.0,"{""good"": []}",0.0,"{""good"": []}",NSW,"{""good"": []}",90.675,"{""good"": []}",,,15.68265994,"{""good"": []}",15.20155535,"{""good"": []}",14.12844166,"{""good"": []}",184.2313053,"{""good"": []}",9.228795833,"{""good"": []}"
2026-09-30 21:07:00+00:00,Aberporth Automatic Weather Station,-4.57,52.14,0.0,"{""good"": []}",996.525,"{""good"": []}",,,11.90757467,"{""good"": []}",,,,,19000.0,"{""good"": []}",,"{""good"": []}",,"{""good"": []}",8.0,"{""good"": []}",,"{""good"": []}",,"{""good"": []}",8.0,"{""good"": []}",,,-1.616797314,"{""good"": []}",,,-1.646454745,"{""good"": []}",,,0.0,"{""good"": []}",10.24778207,"{""good"": []}",10.57001741,"{""good"": []}",37335.5,"{""good"": []}",0.0,"{""good"": []}",NSW,"{""good"": []}",90.725,"{""good"": []}",,,15.68250752,"{""good"": []}",15.19752287,"{""good"": []}",14.12834158,"{""good"": []}",186.4343369,"{""good"": []}",8.866470833,"{""good"": []}"
2026-09-30 21:08:00+00:00,Aberporth Automatic Weather Station,-4.57,52.14,0.0,"{""good"": []}",996.57,"{""good"": []}",,,11.95254967,"{""good"": []}",,,,,19000.0,"{""good"": []}",,"{""good"": []}",,"{""good"": []}",8.0,"{""good"": []}",,"{""good"": []}",,"{""good"": []}",8.0,"{""good"": []}",,,-1.612446692,"{""good"": []}",,,-1.653440471,"{""good"": []}",,,0.0,"{""good"": []}",10.24460652,"{""good"": []}",10.55491137,"{""good"": []}",37832.5,"{""good"": []}",0.0,"{""good"": []}",NSW,"{""good"": []}",90.9,"{""good"": []}",,,15.68240758,"{""good"": []}",15.19394567,"{""good"": []}",14.12864181,"{""good"": []}",188.4472484,"{""good"": []}",8.7533125,"{""good"": []}"
2026-09-30 21:09:00+00:00,Aberporth Automatic Weather Station,-4.57,52.14,0.0,"{""good"": []}",996.59,"{""good"": []}",,,11.96604817,"{""good"": []}",,,,,19000.0,"{""good"": []}",,"{""good"": []}",,"{""good"": []}",8.0,"{""good"": []}",,"{""good"": []}",,"{""good"": []}",8.0,"{""good"": []}",,,-1.608730561,"{""good"": []}",,,-1.656706999,"{""good"": []}",,,0.0,"{""good"": []}",10.25070277,"{""good"": []}",10.56443008,"{""good"": []}",37972.0,"{""good"": []}",0.0,"{""good"": []}",NSW,"{""good"": []}",91.05,"{""good"": []}",,,15.68255749,"{""good"": []}",15.19051355,"{""good"": []}",14.12864181,"{""good"": []}",188.1458399,"{""good"": []}",8.9090375,"{""good"": []}"
2026-09-30 21:10:00+00:00,Aberporth Automatic Weather Station,-4.57,52.14,0.0,"{""good"": []}",996.595,"{""good"": []}",,,12.04441338,"{""good"": []}",,,,,19000.0,"{""good"": []}",,"{""good"": []}",,"{""good"": []}",8.0,"{""good"": []}",,"{""good"": []}",,"{""good"": []}",8.0,"{""good"": []}",,,-1.603132734,"{""good"": []}",,,-1.572903915,"{""good"": []}",,,0.0,"{""good"": []}",10.25659664,"{""good"": []}",10.59378296,"{""good"": []}",37309.5,"{""good"": []}",0.0,"{""good"": []}",NSW,"{""good"": []}",91.15,"{""good"": []}",,,15.68220769,"{""good"": []}",15.18663117,"{""good"": []}",14.12884196,"{""good"": []}",189.0086018,"{""good"": []}",9.076120833,"{""good"": []}"
2026-09-30 21:11:00+00:00,Aberporth Automatic Weather Station,-4.57,52.14,0.0,"{""good"": []}",996.58,"{""good"": []}",,,12.06123216,"{""good"": []}",,,,,19000.0,"{""good"": []}",,"{""good"": []}",,"{""good"": []}",8.0,"{""good"": []}",,"{""good"": []}",,"{""good"": []}",8.0,"{""good"": []}",,,-1.598345723,"{""good"": []}",,,-1.628085824,"{""good"": []}",,,0.0,"{""good"": []}",10.28233329,"{""good"": []}",10.64921674,"{""good"": []}",37187.5,"{""good"": []}",0.0,"{""good"": []}",NSW,"{""good"": []}",91.1,"{""good"": []}",,,15.68255749,"{""good"": []}",15.18315153,"{""good"": []}",14.128892,"{""good"": []}",188.0584727,"{""good"": []}",8.667958333,"{""good"": []}"
2026-09-30 21:12:00+00:00,Aberporth Automatic Weather Station,-4.57,52.14,0.0,"{""good"": []}",996.58,"{""good"": []}",,,11.99752466,"{""good"": []}",,,,,19000.0,"{""good"": []}",,"{""good"": []}",,"{""good"": []}",8.0,"{""good"": []}",,"{""good"": []}",,"{""good"": []}",8.0,"{""good"": []}",,,-1.594933233,"{""good"": []}",,,-1.651983037,"{""good"": []}",,,0.0,"{""good"": []}",10.29557764,"{""good"": []}",10.65480657,"{""good"": []}",36757.5,"{""good"": []}",0.0,"{""good"": []}",NSW,"{""good"": []}",90.85,"{""good"": []}",,,15.68240758,"{""good"": []}",15.17926664,"{""good"": []}",14.1291472,"{""good"": []}",185.9452503,"{""good"": []}",8.682279167,"{""good"": []}"
2026-09-30 21:13:00+00:00,Aberporth Automatic Weather Station,-4.57,52.14,0.0,"{""good"": []}",996.585,"{""good"": []}",,,11.97043274,"{""good"": []}",,,,,19000.0,"{""good"": []}",,"{""good"": []}",,"{""good"": []}",8.0,"{""good"": []}",,"{""good"": []}",,"{""good"": []}",8.0,"{""good"": []}",,,-1.591202447,"{""good"": []}",,,-1.622582582,"{""good"": []}",,,0.0,"{""good"": []}",10.29160009,"{""good"": []}",10.62943002,"{""good"": []}",37217.0,"{""good"": []}",0.0,"{""good"": []}",NSW,"{""good"": []}",90.85,"{""good"": []}",,,15.6823576,"{""good"": []}",15.17528669,"{""good"": []}",14.12904462,"{""good"": []}",187.6068218,"{""good"": []}",9.135666667,"{""good"": []}"
2026-09-30 21:14:00+00:00,Aberporth Automatic Weather Station,-4.57,52.14,0.0,"{""good"": []}",996.59,"{""good"": []}",,,12.00674102,"{""good"": []}",,,,,19000.0,"{""good"": []}",,"{""good"": []}",,"{""good"": []}",8.0,"{""good"": []}",,"{""good"": []}",,"{""good"": []}",8.0,"{""good"": []}",,,-1.588120812,"{""good"": []}",,,-1.657134203,"{""good"": []}",,,0.0,"{""good"": []}",10.28646325,"{""good"": []}",10.61719383,"{""good"": []}",36932.5,"{""good"": []}",0.0,"{""good"": []}",NSW,"{""good"": []}",90.975,"{""good"": []}",,,15.68220269,"{""good"": []}",15.17130174,"{""good"": []}",14.12930232,"{""good"": []}",185.3851407,"{""good"": []}",8.678375,"{""good"": []}"
2026-09-30 21:15:00+00:00,Aberporth Automatic Weather Station,-4.57,52.14,0.0,"{""good"": []}",996.605,"{""good"": []}",,,11.9515953,"{""good"": []}",,,,,19000.0,"{""good"": []}",,"{""good"": []}",,"{""good"": []}",8.0,"{""good"": []}",,"{""good"": []}",,"{""good"": []}",8.0,"{""good"": []}",,,-1.586453062,"{""good"": []}",,,-1.685176888,"{""good"": []}",,,0.0,"{""good"": []}",10.27019327,"{""good"": []}",10.61442638,"{""good"": []}",36830.0,"{""good"": []}",0.0,"{""good"": []}",NSW,"{""good"": []}",90.925,"{""good"": []}",,,15.68185289,"{""good"": []}",15.16817482,"{""good"": []}",14.1291497,"{""good"": []}",184.0532835,"{""good"": []}",8.845941667,"{""good"": []}"
2026-09-30 21:16:00+00:00,Aberporth Automatic Weather Station,-4.57,52.14,0.0,"{""good"": []}",996.6,"{""good"": []}",,,11.93074422,"{""good"": []}",,,,,19000.0,"{""good"": []}",,"{""good"": []}",,"{""good"": []}",8.0,"{""good"": []}",,"{""good"": []}",,"{""good"": []}",8.0,"{""good"": []}",,,-1.584229982,"{""good"": []}",,,-1.648012436,"{""good"": []}",,,0.0,"{""good"": []}",10.26586343,"{""good"": []}",10.59866595,"{""good"": []}",36601.0,"{""good"": []}",0.0,"{""good"": []}",NSW,"{""good"": []}",90.925,"{""good"": []}",,,15.68225766,"{""good"": []}",15.16459512,"{""good"": []}",14.12935235,"{""good"": []}",183.9517016,"{""good"": []}",9.1619375,"{""good"": []}"
2026-09-30 21:17:00+00:00,Aberporth Automatic Weather Station,-4.57,52.14,0.0,"{""good"": []}",996.59,"{""good"": []}",,,11.96710496,"{""good"": []}",,,,,19000.0,"{""good"": []}",,"{""good"": []}",,"{""good"": []}",8.0,"{""good"": []}",,"{""good"": []}",,"{""good"": []}",8.0,"{""good"": []}",,,-1.583264572,"{""good"": []}",,,-1.664068861,"{""good"": []}",,,0.0,"{""good"": []}",10.26339495,"{""good"": []}",10.60515995,"{""good"": []}",35812.5,"{""good"": []}",0.0,"{""good"": []}",NSW,"{""good"": []}",91.125,"{""good"": []}",,,15.68215522,"{""good"": []}",15.16111547,"{""good"": []}",14.12940239,"{""good"": []}",185.0911892,"{""good"": []}",9.316783333,"{""good"": []}"
2026-09-30 21:18:00+00:00,Aberporth Automatic Weather Station,-4.57,52.14,0.0,"{""good"": []}",996.56,"{""good"": []}",,,11.97612144,"{""good"": []}",,,,,19000.0,"{""good"": []}",,"{""good"": []}",,"{""good"": []}",8.0,"{""good"": []}",,"{""good"": []}",,"{""good"": []}",8.0,"{""good"": []}",,,-1.581482912,"{""good"": []}",,,-1.652334164,"{""good"": []}",,,0.0,"{""good"": []}",10.24904129,"{""good"": []}",10.61925942,"{""good"": []}",36206.5,"{""good"": []}",0.0,"{""good"": []}",NSW,"{""good"": []}",91.225,"{""good"": []}",,,15.68175295,"{""good"": []}",15.15718056,"{""good"": []}",14.12935235,"{""good"": []}",184.3479099,"{""good"": []}",8.880370833,"{""good"": []}"
2026-09-30 21:19:00+00:00,Aberporth Automatic Weather Station,-4.57,52.14,0.0,"{""good"": []}",996.525,"{""good"": []}",,,11.9776829,"{""good"": []}",,,,,19000.0,"{""good"": []}",,"{""good"": []}",,"{""good"": []}",8.0,"{""good"": []}",,"{""good"": []}",,"{""good"": []}",8.0,"{""good"": []}",,,-1.579001435,"{""good"": []}",,,-1.614441024,"{""good"": []}",,,0.0,"{""good"": []}",10.23604679,"{""good"": []}",10.63058645,"{""good"": []}",36296.0,"{""good"": []}",0.0,"{""good"": []}",NSW,"{""good"": []}",91.275,"{""good"": []}",,,15.68230764,"{""good"": []}",15.1533532,"{""good"": []}",14.12955251,"{""good"": []}",183.5393483,"{""good"": []}",8.486166667,"{""good"": []}"
2026-09-30 21:20:00+00:00,Aberporth Automatic Weather Station,-4.57,52.14,0.0,"{""good"": []}",996.49,"{""good"": []}",,,11.95078834,"{""good"": []}",,,,,19000.0,"{""good"": []}",,"{""good"": []}",,"{""good"": []}",8.0,"{""good"": []}",,"{""good"": []}",,"{""good"": []}",8.0,"{""good"": []}",,,-1.576878879,"{""good"": []}",,,-1.62006983,"{""good"": []}",,,0.0,"{""good"": []}",10.24249282,"{""good"": []}",10.63818943,"{""good"": []}",36256.5,"{""good"": []}",0.0,"{""good"": []}",NSW,"{""good"": []}",91.275,"{""good"": []}",,,15.68180542,"{""good"": []}",15.14966844,"{""good"": []}",14.12965259,"{""good"": []}",181.5533169,"{""good"": []}",8.176358333,"{""good"": []}"
2026-09-30 21:21:00+00:00,Aberporth Automatic Weather Station,-4.57,52.14,0.0,"{""good"": []}",996.485,"{""good"": []}",,,11.92404369,"{""good"": []}",,,,,19000.0,"{""good"": []}",,"{""good"": []}",,"{""good"": []}",8.0,"{""good"": []}",,"{""good"": []}",,"{""good"": []}",8.0,"{""good"": []}",,,-1.574663349,"{""good"": []}",,,-1.61687847,"{""good"": []}",,,0.0,"{""good"": []}",10.24883892,"{""good"": []}",10.63804207,"{""good"": []}",35665.0,"{""good"": []}",0.0,"{""good"": []}",NSW,"{""good"": []}",91.3,"{""good"": []}",,,15.68220519,"{""good"": []}",15.14679667,"{""good"": []}",14.1298027,"{""good"": []}",181.2323915,"{""good"": []}",7.991883333,"{""good"": []}"
2026-09-30 21:22:00+00:00,Aberporth Automatic Weather Station,-4.57,52.14,0.0,"{""good"": []}",996.485,"{""good"": []}",,,11.8968993,"{""good"": []}",,,,,19000.0,"{""good"": []}",,"{""good"": []}",,"{""good"": []}",8.0,"{""good"": []}",,"{""good"": []}",,"{""good"": []}",8.0,"{""good"": []}",,,-1.573005257,"{""good"": []}",,,-1.638514057,"{""good"": []}",,,0.0,"{""good"": []}",10.24017675,"{""good"": []}",10.62132501,"{""good"": []}",35316.5,"{""good"": []}",0.0,"{""good"": []}",NSW,"{""good"": []}",91.35,"{""good"": []}",,,15.68215522,"{""good"": []}",15.142454,"{""good"": []}",14.12990278,"{""good"": []}",180.4190451,"{""good"": []}",8.098979167,"{""good"": []}"
2026-09-30 21:23:00+00:00,Aberporth Automatic Weather Station,-4.57,52.14,0.0,"{""good"": []}",996.485,"{""good"": []}",,,11.90641794,"{""good"": []}",,,,,19000.0,"{""good"": []}",,"{""good"": []}",,"{""good"": []}",8.0,"{""good"": []}",,"{""good"": []}",,"{""good"": []}",8.0,"{""good"": []}",,,-1.570032538,"{""good"": []}",,,-1.576446936,"{""good"": []}",,,0.0,"{""good"": []}",10.25014811,"{""good"": []}",10.61226088,"{""good"": []}",35071.0,"{""good"": []}",0.0,"{""good"": []}",NSW,"{""good"": []}",91.525,"{""good"": []}",,,15.68205527,"{""good"": []}",15.13902939,"{""good"": []}",14.13010293,"{""good"": []}",181.1550741,"{""good"": []}",8.372620833,"{""good"": []}"
2026-09-30 21:24:00+00:00,Aberporth Automatic Weather Station,-4.57,52.14,0.0,"{""good"": []}",996.475,"{""good"": []}",,,11.93275787,"{""good"": []}",,,,,19000.0,"{""good"": []}",,"{""good"": []}",,"{""good"": []}",8.0,"{""good"": []}",,"{""good"": []}",,"{""good"": []}",8.0,"{""good"": []}",,,-1.567310678,"{""good"": []}",,,-1.556570225,"{""good"": []}",,,0.0,"{""good"": []}",10.27921022,"{""good"": []}",10.62364037,"{""good"": []}",34595.5,"{""good"": []}",0.0,"{""good"": []}",NSW,"{""good"": []}",91.675,"{""good"": []}",,,15.68190286,"{""good"": []}",15.13544969,"{""good"": []}",14.13005289,"{""good"": []}",179.9961798,"{""good"": []}",8.366808333,"{""good"": []}"
2026-09-30 21:25:00+00:00,Aberporth Automatic Weather Station,-4.57,52.14,0.0,"{""good"": []}",996.475,"{""good"": []}",,,11.88204171,"{""good"": []}",,,,,19000.0,"{""good"": []}",,"{""good"": []}",,"{""good"": []}",8.0,"{""good"": []}",,"{""good"": []}",,"{""good"": []}",8.0,"{""good"": []}",,,-1.565364451,"{""good"": []}",,,-1.558052788,"{""good"": []}",,,0.0,"{""good"": []}",10.30484693,"{""good"": []}",10.62726452,"{""good"": []}",35279.0,"{""good"": []}",0.0,"{""good"": []}",NSW,"{""good"": []}",91.625,"{""good"": []}",,,15.68210525,"{""good"": []}",15.1322202,"{""good"": []}",14.13020301,"{""good"": []}",180.5124928,"{""good"": []}",8.679145833,"{""good"": []}"
2026-09-30 21:26:00+00:00,Aberporth Automatic Weather Station,-4.57,52.14,0.0,"{""good"": []}",996.48,"{""good"": []}",,,11.88244644,"{""good"": []}",,,,,19000.0,"{""good"": []}",,"{""good"": []}",,"{""good"": []}",8.0,"{""good"": []}",,"{""good"": []}",,"{""good"": []}",8.0,"{""good"": []}",,,-1.562839025,"{""good"": []}",,,-1.526743278,"{""good"": []}",,,0.0,"{""good"": []}",10.31950291,"{""good"": []}",10.61865748,"{""good"": []}",34703.0,"{""good"": []}",0.0,"{""good"": []}",NSW,"{""good"": []}",91.7,"{""good"": []}",,,15.68200531,"{""good"": []}",15.12833782,"{""good"": []}",14.13015297,"{""good"": []}",181.8774866,"{""good"": []}",8.733654167,"{""good"": []}"
2026-09-30 21:27:00+00:00,Aberporth Automatic Weather Station,-4.57,52.14,0.0,"{""good"": []}",996.49,"{""good"": []}",,,11.91553436,"{""good"": []}",,,,,19000.0,"{""good"": []}",,"{""good"": []}",,"{""good"": []}",8.0,"{""good"": []}",,"{""good"": []}",,"{""good"": []}",8.0,"{""good"": []}",,,-1.559990704,"{""good"": []}",,,-1.506389561,"{""good"": []}",,,0.0,"{""good"": []}",10.33712955,"{""good"": []}",10.62721457,"{""good"": []}",34038.0,"{""good"": []}",0.0,"{""good"": []}",NSW,"{""good"": []}",91.9,"{""good"": []}",,,15.68200281,"{""good"": []}",15.12470808,"{""good"": []}",14.13015297,"{""good"": []}",182.0762279,"{""good"": []}",9.113875,"{""good"": []}"
2026-09-30 21:28:00+00:00,Aberporth Automatic Weather Station,-4.57,52.14,0.0,"{""good"": []}",996.49,"{""good"": []}",,,11.9653936,"{""good"": []}",,,,,19000.0,"{""good"": []}",,"{""good"": []}",,"{""good"": []}",8.0,"{""good"": []}",,"{""good"": []}",,"{""good"": []}",8.0,"{""good"": []}",,,-1.557929317,"{""good"": []}",,,-1.506037663,"{""good"": []}",,,0.0,"{""good"": []}",10.34700097,"{""good"": []}",10.6552087,"{""good"": []}",34522.5,"{""good"": []}",0.0,"{""good"": []}",NSW,"{""good"": []}",92.075,"{""good"": []}",,,15.68185539,"{""good"": []}",15.1206731,"{""good"": []}",14.13020301,"{""good"": []}",181.9073824,"{""good"": []}",9.0004625,"{""good"": []}"
2026-09-30 21:29:00+00:00,Aberporth Automatic Weather Station,-4.57,52.14,0.0,"{""good"": []}",996.5,"{""good"": []}",,,11.98251717,"{""good"": []}",,,,,19000.0,"{""good"": []}",,"{""good"": []}",,"{""good"": []}",8.0,"{""good"": []}",,"{""good"": []}",,"{""good"": []}",8.0,"{""good"": []}",,,-1.5552569,"{""good"": []}",,,-1.483648339,"{""good"": []}",,,0.0,"{""good"": []}",10.3570223,"{""good"": []}",10.69881092,"{""good"": []}",34629.5,"{""good"": []}",0.0,"{""good"": []}",NSW,"{""good"": []}",92.15,"{""good"": []}",,,15.68175045,"{""good"": []}",15.11784636,"{""good"": []}",14.13020301,"{""good"": []}",180.4405522,"{""good"": []}",8.675033333,"{""good"": []}"
2026-09-30 21:30:00+00:00,Aberporth Automatic Weather Station,-4.57,52.14,0.0,"{""good"": []}",996.51,"{""good"": []}",,,11.96665276,"{""good"": []}",,,,,19000.0,"{""good"": []}",,"{""good"": []}",,"{""good"": []}",8.0,"{""good"": []}",,"{""good"": []}",,"{""good"": []}",8.0,"{""good"": []}",,,-1.55329059,"{""good"": []}",,,-1.493021273,"{""good"": []}",,,0.0,"{""good"": []}",10.36256389,"{""good"": []}",10.72519155,"{""good"": []}",34077.0,"{""good"": []}",0.0,"{""good"": []}",NSW,"{""good"": []}",92.1,"{""good"": []}",,,15.68180542,"{""good"": []}",15.11411657,"{""good"": []}",14.13025304,"{""good"": []}",179.4966636,"{""good"": []}",8.42455,"{""good"": []}"
2026-09-30 21:31:00+00:00,Aberporth Automatic Weather Station,-4.57,52.14,0.0,"{""good"": []}",996.535,"{""good"": []}",,,11.95915026,"{""good"": []}",,,,,19000.0,"{""good"": []}",,"{""good"": []}",,"{""good"": []}",8.0,"{""good"": []}",,"{""good"": []}",,"{""good"": []}",8.0,"{""good"": []}",,,-1.552215485,"{""good"": []}",,,-1.507972222,"{""good"": []}",,,0.0,"{""good"": []}",10.34312336,"{""good"": []}",10.73380359,"{""good"": []}",33392.5,"{""good"": []}",0.0,"{""good"": []}",NSW,"{""good"": []}",92.075,"{""good"": []}",,,15.68160053,"{""good"": []}",15.11048434,"{""good"": []}",14.13030559,"{""good"": []}",180.4024713,"{""good"": []}",8.563758333,"{""good"": []}"
2026-09-30 21:32:00+00:00,Aberporth Automatic Weather Station,-4.57,52.14,0.0,"{""good"": []}",996.545,"{""good"": []}",,,11.9590978,"{""good"": []}",,,,,19000.0,"{""good"": []}",,"{""good"": []}",,"{""good"": []}",8.0,"{""good"": []}",,"{""good"": []}",,"{""good"": []}",8.0,"{""good"": []}",,,-1.551300791,"{""good"": []}",,,-1.489528391,"{""good"": []}",,,0.0,"{""good"": []}",10.32418502,"{""good"": []}",10.72937518,"{""good"": []}",34144.5,"{""good"": []}",0.0,"{""good"": []}",NSW,"{""good"": []}",92.125,"{""good"": []}",,,15.68205528,"{""good"": []}",15.10715729,"{""good"": []}",14.13035562,"{""good"": []}",179.9223902,"{""good"": []}",8.713075,"{""good"": []}"
2026-09-30 21:33:00+00:00,Aberporth Automatic Weather Station,-4.57,52.14,0.0,"{""good"": []}",996.55,"{""good"": []}",,,11.97712577,"{""good"": []}",,,,,19000.0,"{""good"": []}",,"{""good"": []}",,"{""good"": []}",8.0,"{""good"": []}",,"{""good"": []}",,"{""good"": []}",8.0,"{""good"": []}",,,-1.550594654,"{""good"": []}",,,-1.519581455,"{""good"": []}",,,0.0,"{""good"": []}",10.31965031,"{""good"": []}",10.72232669,"{""good"": []}",34147.5,"{""good"": []}",0.0,"{""good"": []}",NSW,"{""good"": []}",92.2,"{""good"": []}",,,15.68180542,"{""good"": []}",15.10352756,"{""good"": []}",14.13066336,"{""good"": []}",179.3482047,"{""good"": []}",8.496858333,"{""good"": []}"
2026-09-30 21:34:00+00:00,Aberporth Automatic Weather Station,-4.57,52.14,0.0,"{""good"": []}",996.55,"{""good"": []}",,,11.93718992,"{""good"": []}",,,,,19000.0,"{""good"": []}",,"{""good"": []}",,"{""good"": []}",8.0,"{""good"": []}",,"{""good"": []}",,"{""good"": []}",8.0,"{""good"": []}",,,-1.550899926,"{""good"": []}",,,-1.537070482,"{""good"": []}",,,0.0,"{""good"": []}",10.32619878,"{""good"": []}",10.71003804,"{""good"": []}",33388.0,"{""good"": []}",0.0,"{""good"": []}",NSW,"{""good"": []}",92.1,"{""good"": []}",,,15.68190536,"{""good"": []}",15.10025054,"{""good"": []}",14.13040566,"{""good"": []}",178.6662566,"{""good"": []}",8.2974375,"{""good"": []}"
2026-09-30 21:35:00+00:00,Aberporth Automatic Weather Station,-4.57,52.14,0.0,"{""good"": []}",996.55,"{""good"": []}",,,11.91628886,"{""good"": []}",,,,,19000.0,"{""good"": []}",,"{""good"": []}",,"{""good"": []}",8.0,"{""good"": []}",,"{""good"": []}",,"{""good"": []}",8.0,"{""good"": []}",,,-1.552163849,"{""good"": []}",,,-1.555891617,"{""good"": []}",,,0.0,"{""good"": []}",10.32836495,"{""good"": []}",10.68809082,"{""good"": []}",33145.0,"{""good"": []}",0.0,"{""good"": []}",NSW,"{""good"": []}",92.1,"{""good"": []}",,,15.68150059,"{""good"": []}",15.09692099,"{""good"": []}",14.13050574,"{""good"": []}",179.0275545,"{""good"": []}",8.3691375,"{""good"": []}"
2026-09-30 21:36:00+00:00,Aberporth Automatic Weather Station,-4.57,52.14,0.0,"{""good"": []}",996.56,"{""good"": []}",,,11.90526122,"{""good"": []}",,,,,19000.0,"{""good"": []}",,"{""good"": []}",,"{""good"": []}",8.0,"{""good"": []}",,"{""good"": []}",,"{""good"": []}",8.0,"{""good"": []}",,,-1.553270304,"{""good"": []}",,,-1.581497568,"{""good"": []}",,,0.0,"{""good"": []}",10.31461591,"{""good"": []}",10.66729254,"{""good"": []}",33398.5,"{""good"": []}",0.0,"{""good"": []}",NSW,"{""good"": []}",92.15,"{""good"": []}",,,15.68175045,"{""good"": []}",15.09283598,"{""good"": []}",14.13040316,"{""good"": []}",179.4317653,"{""good"": []}",8.3069875,"{""good"": []}"
2026-09-30 21:37:00+00:00,Aberporth Automatic Weather Station,-4.57,52.14,0.0,"{""good"": []}",996.575,"{""good"": []}",,,11.90410199,"{""good"": []}",,,,,19000.0,"{""good"": []}",,"{""good"": []}",,"{""good"": []}",8.0,"{""good"": []}",,"{""good"": []}",,"{""good"": []}",8.0,"{""good"": []}",,,-1.55525919,"{""good"": []}",,,-1.603585548,"{""good"": []}",,,0.0,"{""good"": []}",10.29285681,"{""good"": []}",10.65244126,"{""good"": []}",33665.0,"{""good"": []}",0.0,"{""good"": []}",NSW,"{""good"": []}",92.2,"{""good"": []}",,,15.68180292,"{""good"": []}",15.08925628,"{""good"": []}",14.13056078,"{""good"": []}",178.0600064,"{""good"": []}",8.148058333,"{""good"": []}"
2026-09-30 21:38:00+00:00,Aberporth Automatic Weather Station,-4.57,52.14,0.0,"{""good"": []}",996.6,"{""good"": []}",,,11.85157203,"{""good"": []}",,,,,19000.0,"{""good"": []}",,"{""good"": []}",,"{""good"": []}",8.0,"{""good"": []}",,"{""good"": []}",,"{""good"": []}",8.0,"{""good"": []}",,,-1.557309222,"{""good"": []}",,,-1.628889838,"{""good"": []}",,,0.0,"{""good"": []}",10.26918889,"{""good"": []}",10.62509902,"{""good"": []}",33883.5,"{""good"": []}",0.0,"{""good"": []}",NSW,"{""good"": []}",92.1,"{""good"": []}",,,15.68160053,"{""good"": []}",15.08592924,"{""good"": []}",14.1307134,"{""good"": []}",175.3061436,"{""good"": []}",8.026654167,"{""good"": []}"
2026-09-30 21:39:00+00:00,Aberporth Automatic Weather Station,-4.57,52.14,0.0,"{""good"": []}",996.635,"{""good"": []}",,,11.74747398,"{""good"": []}",,,,,19000.0,"{""good"": []}",,"{""good"": []}",,"{""good"": []}",8.0,"{""good"": []}",,"{""good"": []}",,"{""good"": []}",8.0,"{""good"": []}",,,-1.560969974,"{""good"": []}",,,-1.687111843,"{""good"": []}",,,0.0,"{""good"": []}",10.25372091,"{""good"": []}",10.5791315,"{""good"": []}",33204.5,"{""good"": []}",0.0,"{""good"": []}",NSW,"{""good"": []}",91.975,"{""good"": []}",,,15.68160303,"{""good"": []}",15.082297,"{""good"": []}",14.1304582,"{""good"": []}",176.2123829,"{""good"": []}",8.205891667,"{""good"": []}"
2026-09-30 21:40:00+00:00,Aberporth Automatic Weather Station,-4.57,52.14,0.0,"{""good"": []}",996.645,"{""good"": []}",,,11.65430114,"{""good"": []}",,,,,19000.0,"{""good"": []}",,"{""good"": []}",,"{""good"": []}",8.0,"{""good"": []}",,"{""good"": []}",,"{""good"": []}",8.0,"{""good"": []}",,,-1.564413365,"{""good"": []}",,,-1.676809253,"{""good"": []}",,,0.0,"{""good"": []}",10.22788432,"{""good"": []}",10.4938403,"{""good"": []}",33729.0,"{""good"": []}",0.0,"{""good"": []}",NSW,"{""good"": []}",91.925,"{""good"": []}",,,15.68180292,"{""good"": []}",15.07896996,"{""good"": []}",14.13055828,"{""good"": []}",176.2650149,"{""good"": []}",8.296016667,"{""good"": []}"
2026-09-30 21:41:00+00:00,Aberporth Automatic Weather Station,-4.57,52.14,0.0,"{""good"": []}",996.645,"{""good"": []}",,,11.62504315,"{""good"": []}",,,,,19000.0,"{""good"": []}",,"{""good"": []}",,"{""good"": []}",8.0,"{""good"": []}",,"{""good"": []}",,"{""good"": []}",8.0,"{""good"": []}",,,-1.567400265,"{""good"": []}",,,-1.663667616,"{""good"": []}",,,0.0,"{""good"": []}",10.20703716,"{""good"": []}",10.41358195,"{""good"": []}",33032.0,"{""good"": []}",0.0,"{""good"": []}",NSW,"{""good"": []}",92.1,"{""good"": []}",,,15.68170048,"{""good"": []}",15.07549031,"{""good"": []}",14.13081348,"{""good"": []}",173.926695,"{""good"": []}",8.241070833,"{""good"": []}"
2026-09-30 21:42:00+00:00,Aberporth Automatic Weather Station,-4.57,52.14,0.0,"{""good"": []}",996.65,"{""good"": []}",,,11.62222253,"{""good"": []}",,,,,19000.0,"{""good"": []}",,"{""good"": []}",,"{""good"": []}",8.0,"{""good"": []}",,"{""good"": []}",,"{""good"": []}",8.0,"{""good"": []}",,,-1.571169915,"{""good"": []}",,,-1.649897272,"{""good"": []}",,,0.0,"{""good"": []}",10.20074103,"{""good"": []}",10.37491018,"{""good"": []}",33205.5,"{""good"": []}",0.0,"{""good"": []}",NSW,"{""good"": []}",92.375,"{""good"": []}",,,15.68135068,"{""good"": []}",15.07266858,"{""good"": []}",14.1307109,"{""good"": []}",172.6492044,"{""good"": []}",8.121479167,"{""good"": []}"
2026-09-30 21:43:00+00:00,Aberporth Automatic Weather Station,-4.57,52.14,0.0,"{""good"": []}",996.655,"{""good"": []}",,,11.57795456,"{""good"": []}",,,,,19000.0,"{""good"": []}",,"{""good"": []}",,"{""good"": []}",8.0,"{""good"": []}",,"{""good"": []}",,"{""good"": []}",8.0,"{""good"": []}",,,-1.575411974,"{""good"": []}",,,-1.64944486,"{""good"": []}",,,0.0,"{""good"": []}",10.20310708,"{""good"": []}",10.36161996,"{""good"": []}",32869.0,"{""good"": []}",0.0,"{""good"": []}",NSW,"{""good"": []}",92.45,"{""good"": []}",,,15.68150059,"{""good"": []}",15.06873116,"{""good"": []}",14.13081348,"{""good"": []}",172.8266461,"{""good"": []}",8.177995833,"{""good"": []}"
2026-09-30 21:44:00+00:00,Aberporth Automatic Weather Station,-4.57,52.14,0.0,"{""good"": []}",996.675,"{""good"": []}",,,11.53897307,"{""good"": []}",,,,,19000.0,"{""good"": []}",,"{""good"": []}",,"{""good"": []}",8.0,"{""good"": []}",,"{""good"": []}",,"{""good"": []}",8.0,"{""good"": []}",,,-1.579162777,"{""good"": []}",,,-1.643338573,"{""good"": []}",,,0.0,"{""good"": []}",10.20235504,"{""good"": []}",10.34087413,"{""good"": []}",32837.5,"{""good"": []}",0.0,"{""good"": []}",NSW,"{""good"": []}",92.55,"{""good"": []}",,,15.68139815,"{""good"": []}",15.06565677,"{""good"": []}",14.13096359,"{""good"": []}",169.7594331,"{""good"": []}",8.414820833,"{""good"": []}"
2026-09-30 21:45:00+00:00,Aberporth Automatic Weather Station,-4.57,52.14,0.0,"{""good"": []}",996.685,"{""good"": []}",,,11.49988914,"{""good"": []}",,,,,19000.0,"{""good"": []}",,"{""good"": []}",,"{""good"": []}",8.0,"{""good"": []}",,"{""good"": []}",,"{""good"": []}",8.0,"{""good"": []}",,,-1.583453838,"{""good"": []}",,,-1.644620008,"{""good"": []}",,,0.0,"{""good"": []}",10.20210019,"{""good"": []}",10.31978111,"{""good"": []}",33215.0,"{""good"": []}",0.0,"{""good"": []}",NSW,"{""good"": []}",92.675,"{""good"": []}",,,15.68160053,"{""good"": []}",15.0619745,"{""good"": []}",14.13081348,"{""good"": []}",167.5711858,"{""good"": []}",8.791458333,"{""good"": []}"
2026-09-30 21:46:00+00:00,Aberporth Automatic Weather Station,-4.57,52.14,0.0,"{""good"": []}",996.685,"{""good"": []}",,,11.49067529,"{""good"": []}",,,,,19000.0,"{""good"": []}",,"{""good"": []}",,"{""good"": []}",8.0,"{""good"": []}",,"{""good"": []}",,"{""good"": []}",8.0,"{""good"": []}",,,-1.58609187,"{""good"": []}",,,-1.565289838,"{""good"": []}",,,0.0,"{""good"": []}",10.19283091,"{""good"": []}",10.29792631,"{""good"": []}",32629.0,"{""good"": []}",0.0,"{""good"": []}",NSW,"{""good"": []}",92.875,"{""good"": []}",,,15.68155056,"{""good"": []}",15.05869748,"{""good"": []}",14.13066336,"{""good"": []}",169.2833524,"{""good"": []}",9.253958333,"{""good"": []}"
2026-09-30 21:47:00+00:00,Aberporth Automatic Weather Station,-4.57,52.14,0.0,"{""good"": []}",996.7,"{""good"": []}",,,11.51031719,"{""good"": []}",,,,,19000.0,"{""good"": []}",,"{""good"": []}",,"{""good"": []}",8.0,"{""good"": []}",,"{""good"": []}",,"{""good"": []}",8.0,"{""good"": []}",,,-1.587325226,"{""good"": []}",,,-1.532849091,"{""good"": []}",,,0.0,"{""good"": []}",10.19605642,"{""good"": []}",10.29097773,"{""good"": []}",32151.0,"{""good"": []}",0.0,"{""good"": []}",NSW,"{""good"": []}",93.125,"{""good"": []}",,,15.68149809,"{""good"": []}",15.05516782,"{""good"": []}",14.1307134,"{""good"": []}",167.2406702,"{""good"": []}",8.908404167,"{""good"": []}"
2026-09-30 21:48:00+00:00,Aberporth Automatic Weather Station,-4.57,52.14,0.0,"{""good"": []}",996.705,"{""good"": []}",,,11.53740911,"{""good"": []}",,,,,19000.0,"{""good"": []}",,"{""good"": []}",,"{""good"": []}",8.0,"{""good"": []}",,"{""good"": []}",,"{""good"": []}",8.0,"{""good"": []}",,,-1.58870642,"{""good"": []}",,,-1.534959707,"{""good"": []}",,,0.0,"{""good"": []}",10.20527324,"{""good"": []}",10.30387081,"{""good"": []}",32697.0,"{""good"": []}",0.0,"{""good"": []}",NSW,"{""good"": []}",93.375,"{""good"": []}",,,15.68155056,"{""good"": []}",15.05183827,"{""good"": []}",14.13086352,"{""good"": []}",168.6546068,"{""good"": []}",8.779825,"{""good"": []}"
2026-09-30 21:49:00+00:00,Aberporth Automatic Weather Station,-4.57,52.14,0.0,"{""good"": []}",996.72,"{""good"": []}",,,11.55675121,"{""good"": []}",,,,,19000.0,"{""good"": []}",,"{""good"": []}",,"{""good"": []}",8.0,"{""good"": []}",,"{""good"": []}",,"{""good"": []}",8.0,"{""good"": []}",,,-1.588740743,"{""good"": []}",,,-1.457464433,"{""good"": []}",,,0.0,"{""good"": []}",10.20869863,"{""good"": []}",10.33352592,"{""good"": []}",32899.5,"{""good"": []}",0.0,"{""good"": []}",NSW,"{""good"": []}",93.55,"{""good"": []}",,,15.68180292,"{""good"": []}",15.0483086,"{""good"": []}",14.1304582,"{""good"": []}",170.0181773,"{""good"": []}",8.903145833,"{""good"": []}"
2026-09-30 21:50:00+00:00,Aberporth Automatic Weather Station,-4.57,52.14,0.0,"{""good"": []}",996.725,"{""good"": []}",,,11.58616409,"{""good"": []}",,,,,19000.0,"{""good"": []}",,"{""good"": []}",,"{""good"": []}",8.0,"{""good"": []}",,"{""good"": []}",,"{""good"": []}",8.0,"{""good"": []}",,,-1.588437508,"{""good"": []}",,,-1.450554093,"{""good"": []}",,,0.0,"{""good"": []}",10.23398057,"{""good"": []}",10.36776428,"{""good"": []}",33286.0,"{""good"": []}",0.0,"{""good"": []}",NSW,"{""good"": []}",93.675,"{""good"": []}",,,15.68139815,"{""good"": []}",15.04498405,"{""good"": []}",14.1307109,"{""good"": []}",169.9524655,"{""good"": []}",8.610029167,"{""good"": []}"
2026-09-30 21:51:00+00:00,Aberporth Automatic Weather Station,-4.57,52.14,0.0,"{""good"": []}",996.74,"{""good"": []}",,,11.56052869,"{""good"": []}",,,,,19000.0,"{""good"": []}",,"{""good"": []}",,"{""good"": []}",8.0,"{""good"": []}",,"{""good"": []}",,"{""good"": []}",8.0,"{""good"": []}",,,-1.586895454,"{""good"": []}",,,-1.440301661,"{""good"": []}",,,0.0,"{""good"": []}",10.26077407,"{""good"": []}",10.39258635,"{""good"": []}",33393.5,"{""good"": []}",0.0,"{""good"": []}",NSW,"{""good"": []}",93.6,"{""good"": []}",,,15.68155056,"{""good"": []}",15.04150441,"{""good"": []}",14.13076344,"{""good"": []}",169.5974999,"{""good"": []}",8.744375,"{""good"": []}"
2026-09-30 21:52:00+00:00,Aberporth Automatic Weather Station,-4.57,52.14,0.0,"{""good"": []}",996.735,"{""good"": []}",,,11.59195522,"{""good"": []}",,,,,18000.0,"{""good"": []}",,"{""good"": []}",,"{""good"": []}",8.0,"{""good"": []}",,"{""good"": []}",,"{""good"": []}",8.0,"{""good"": []}",,,-1.585028407,"{""good"": []}",,,-1.419595809,"{""good"": []}",,,0.0,"{""good"": []}",10.27648939,"{""good"": []}",10.40804207,"{""good"": []}",32921.0,"{""good"": []}",0.0,"{""good"": []}",NSW,"{""good"": []}",93.725,"{""good"": []}",,,15.68155056,"{""good"": []}",15.0380698,"{""good"": []}",14.13076344,"{""good"": []}",167.5994045,"{""good"": []}",8.624079167,"{""good"": []}"
2026-09-30 21:53:00+00:00,Aberporth Automatic Weather Station,-4.57,52.14,0.0,"{""good"": []}",996.73,"{""good"": []}",,,11.60489909,"{""good"": []}",,,,,18000.0,"{""good"": []}",,"{""good"": []}",,"{""good"": []}",8.0,"{""good"": []}",,"{""good"": []}",,"{""good"": []}",8.0,"{""good"": []}",,,-1.582845168,"{""good"": []}",,,-1.399292546,"{""good"": []}",,,0.0,"{""good"": []}",10.28258064,"{""good"": []}",10.44142623,"{""good"": []}",33716.0,"{""good"": []}",0.0,"{""good"": []}",NSW,"{""good"": []}",93.75,"{""good"": []}",,,15.68195533,"{""good"": []}",15.035148,"{""good"": []}",14.13066336,"{""good"": []}",166.2330716,"{""good"": []}",8.898666667,"{""good"": []}"
2026-09-30 21:54:00+00:00,Aberporth Automatic Weather Station,-4.57,52.14,0.0,"{""good"": []}",996.725,"{""good"": []}",,,11.57282049,"{""good"": []}",,,,,18000.0,"{""good"": []}",,"{""good"": []}",,"{""good"": []}",8.0,"{""good"": []}",,"{""good"": []}",,"{""good"": []}",8.0,"{""good"": []}",,,-1.579605275,"{""good"": []}",,,-1.393487485,"{""good"": []}",,,0.0,"{""good"": []}",10.29718914,"{""good"": []}",10.46820898,"{""good"": []}",32928.5,"{""good"": []}",0.0,"{""good"": []}",NSW,"{""good"": []}",93.625,"{""good"": []}",,,15.68160053,"{""good"": []}",15.03182096,"{""good"": []}",14.13055828,"{""good"": []}",165.1956378,"{""good"": []}",9.385875,"{""good"": []}"
2026-09-30 21:55:00+00:00,Aberporth Automatic Weather Station,-4.57,52.14,0.0,"{""good"": []}",996.72,"{""good"": []}",,,11.63480914,"{""good"": []}",,,,,17000.0,"{""good"": []}",,"{""good"": []}",,"{""good"": []}",8.0,"{""good"": []}",,"{""good"": []}",,"{""good"": []}",8.0,"{""good"": []}",,,-1.575562545,"{""good"": []}",,,-1.329410735,"{""good"": []}",,,0.0,"{""good"": []}",10.31466588,"{""good"": []}",10.50828695,"{""good"": []}",33679.0,"{""good"": []}",0.0,"{""good"": []}",NSW,"{""good"": []}",93.775,"{""good"": []}",,,15.6812982,"{""good"": []}",15.02848891,"{""good"": []}",14.13050824,"{""good"": []}",164.9505027,"{""good"": []}",9.544291667,"{""good"": []}"
2026-09-30 21:56:00+00:00,Aberporth Automatic Weather Station,-4.57,52.14,0.0,"{""good"": []}",996.725,"{""good"": []}",,,11.63375734,"{""good"": []}",,,,,17000.0,"{""good"": []}",,"{""good"": []}",,"{""good"": []}",8.0,"{""good"": []}",,"{""good"": []}",,"{""good"": []}",8.0,"{""good"": []}",,,-1.57048829,"{""good"": []}",,,-1.289154923,"{""good"": []}",,,0.0,"{""good"": []}",10.32962667,"{""good"": []}",10.54906927,"{""good"": []}",33846.0,"{""good"": []}",0.0,"{""good"": []}",NSW,"{""good"": []}",93.725,"{""good"": []}",,,15.68139815,"{""good"": []}",15.02516436,"{""good"": []}",14.13040566,"{""good"": []}",165.1317953,"{""good"": []}",9.392333333,"{""good"": []}"
2026-09-30 21:57:00+00:00,Aberporth Automatic Weather Station,-4.57,52.14,0.0,"{""good"": []}",996.72,"{""good"": []}",,,11.67419786,"{""good"": []}",,,,,16000.0,"{""good"": []}",,"{""good"": []}",,"{""good"": []}",8.0,"{""good"": []}",,"{""good"": []}",,"{""good"": []}",8.0,"{""good"": []}",,,-1.566640288,"{""good"": []}",,,-1.341999486,"{""good"": []}",,,0.0,"{""good"": []}",10.35707227,"{""good"": []}",10.58034038,"{""good"": []}",33509.5,"{""good"": []}",0.0,"{""good"": []}",NSW,"{""good"": []}",93.8,"{""good"": []}",,,15.68124823,"{""good"": []}",15.0214821,"{""good"": []}",14.13025305,"{""good"": []}",166.3500706,"{""good"": []}",9.434041667,"{""good"": []}"
2026-09-30 21:58:00+00:00,Aberporth Automatic Weather Station,-4.57,52.14,0.0,"{""good"": []}",996.725,"{""good"": []}",,,11.68008643,"{""good"": []}",,,,,16000.0,"{""good"": []}",,"{""good"": []}",,"{""good"": []}",8.0,"{""good"": []}",,"{""good"": []}",,"{""good"": []}",8.0,"{""good"": []}",,,-1.56222523,"{""good"": []}",,,-1.291265658,"{""good"": []}",,,0.0,"{""good"": []}",10.38387077,"{""good"": []}",10.61749605,"{""good"": []}",33968.5,"{""good"": []}",0.0,"{""good"": []}",NSW,"{""good"": []}",93.725,"{""good"": []}",,,15.68119826,"{""good"": []}",15.01871039,"{""good"": []}",14.13020301,"{""good"": []}",165.6735392,"{""good"": []}",9.3696625,"{""good"": []}"
2026-09-30 21:59:00+00:00,Aberporth Automatic Weather Station,-4.57,52.14,0.0,"{""good"": []}",996.71,"{""good"": []}",,,11.69459425,"{""good"": []}",,,,,16000.0,"{""good"": []}",,"{""good"": []}",,"{""good"": []}",8.0,"{""good"": []}",,"{""good"": []}",,"{""good"": []}",8.0,"{""good"": []}",,,-1.557749863,"{""good"": []}",,,-1.289406149,"{""good"": []}",,,0.0,"{""good"": []}",10.40240436,"{""good"": []}",10.65697208,"{""good"": []}",33947.0,"{""good"": []}",0.0,"{""good"": []}",NSW,"{""good"": []}",93.65,"{""good"": []}",,,15.68149809,"{""good"": []}",15.01527828,"{""good"": []}",14.13005289,"{""good"": []}",166.4794822,"{""good"": []}",9.588916667,"{""good"": []}"
2026-09-30 22:00:00+00:00,Aberporth Automatic Weather Station,-4.57,52.14,0.0,"{""good"": []}",996.715,"{""good"": []}",,,11.70355828,"{""good"": []}",,,,,16000.0,"{""good"": []}",,"{""good"": []}",,"{""good"": []}",8.0,"{""good"": []}",,"{""good"": []}",,"{""good"": []}",8.0,"{""good"": []}",,,-1.551542316,"{""good"": []}",,,-1.24133537,"{""good"": []}",,,0.0,"{""good"": []}",10.41716027,"{""good"": []}",10.68672958,"{""good"": []}",33538.5,"{""good"": []}",0.0,"{""good"": []}",NSW,"{""good"": []}",93.6,"{""good"": []}",,,15.68155056,"{""good"": []}",15.01245405,"{""good"": []}",14.13010293,"{""good"": []}",167.5473763,"{""good"": []}",9.3826625,"{""good"": []}"
2026-09-30 22:01:00+00:00,Aberporth Automatic Weather Station,-4.57,52.14,0.0,"{""good"": []}",996.705,"{""good"": []}",,,11.70068519,"{""good"": []}",,,,,16000.0,"{""good"": []}",,"{""good"": []}",,"{""good"": []}",8.0,"{""good"": []}",,"{""good"": []}",,"{""good"": []}",8.0,"{""good"": []}",,,-1.545871675,"{""good"": []}",,,-1.260206821,"{""good"": []}",,,0.0,"{""good"": []}",10.43735533,"{""good"": []}",10.70127864,"{""good"": []}",33491.5,"{""good"": []}",0.0,"{""good"": []}",NSW,"{""good"": []}",93.525,"{""good"": []}",,,15.68124823,"{""good"": []}",15.00882431,"{""good"": []}",14.12985274,"{""good"": []}",170.0383614,"{""good"": []}",9.2212125,"{""good"": []}"
2026-09-30 22:02:00+00:00,Aberporth Automatic Weather Station,-4.57,52.14,0.0,"{""good"": []}",996.695,"{""good"": []}",,,11.70612906,"{""good"": []}",,,,,16000.0,"{""good"": []}",,"{""good"": []}",,"{""good"": []}",8.0,"{""good"": []}",,"{""good"": []}",,"{""good"": []}",8.0,"{""good"": []}",,,-1.539760452,"{""good"": []}",,,-1.228017477,"{""good"": []}",,,0.0,"{""good"": []}",10.44526047,"{""good"": []}",10.70137605,"{""good"": []}",33748.5,"{""good"": []}",0.0,"{""good"": []}",NSW,"{""good"": []}",93.425,"{""good"": []}",,,15.68114829,"{""good"": []}",15.00514455,"{""good"": []}",14.12990278,"{""good"": []}",172.0706437,"{""good"": []}",9.2293625,"{""good"": []}"
2026-09-30 22:03:00+00:00,Aberporth Automatic Weather Station,-4.57,52.14,0.0,"{""good"": []}",996.695,"{""good"": []}",,,11.75145382,"{""good"": []}",,,,,16000.0,"{""good"": []}",,"{""good"": []}",,"{""good"": []}",8.0,"{""good"": []}",,"{""good"": []}",,"{""good"": []}",8.0,"{""good"": []}",,,-1.533551237,"{""good"": []}",,,-1.20087894,"{""good"": []}",,,0.0,"{""good"": []}",10.4495928,"{""good"": []}",10.71824796,"{""good"": []}",33128.5,"{""good"": []}",0.0,"{""good"": []}",NSW,"{""good"": []}",93.5,"{""good"": []}",,,15.6809484,"{""good"": []}",15.00217022,"{""good"": []}",14.1298027,"{""good"": []}",173.3608078,"{""good"": []}",9.547041667,"{""good"": []}"
2026-09-30 22:04:00+00:00,Aberporth Automatic Weather Station,-4.57,52.14,0.0,"{""good"": []}",996.67,"{""good"": []}",,,11.77305691,"{""good"": []}",,,,,16000.0,"{""good"": []}",,"{""good"": []}",,"{""good"": []}",8.0,"{""good"": []}",,"{""good"": []}",,"{""good"": []}",8.0,"{""good"": []}",,,-1.527396891,"{""good"": []}",,,-1.20587967,"{""good"": []}",,,0.0,"{""good"": []}",10.47145434,"{""good"": []}",10.74911445,"{""good"": []}",34071.5,"{""good"": []}",0.0,"{""good"": []}",NSW,"{""good"": []}",93.475,"{""good"": []}",,,15.68114829,"{""good"": []}",14.99884067,"{""good"": []}",14.12975266,"{""good"": []}",173.3757573,"{""good"": []}",9.577416667,"{""good"": []}"
2026-09-30 22:05:00+00:00,Aberporth Automatic Weather Station,-4.57,52.14,0.0,"{""good"": []}",996.65,"{""good"": []}",,,11.77753892,"{""good"": []}",,,,,16000.0,"{""good"": []}",,"{""good"": []}",,"{""good"": []}",8.0,"{""good"": []}",,"{""good"": []}",,"{""good"": []}",8.0,"{""good"": []}",,,-1.520773477,"{""good"": []}",,,-1.25666376,"{""good"": []}",,,0.0,"{""good"": []}",10.49034021,"{""good"": []}",10.77413632,"{""good"": []}",33894.5,"{""good"": []}",0.0,"{""good"": []}",NSW,"{""good"": []}",93.375,"{""good"": []}",,,15.68124823,"{""good"": []}",14.99586634,"{""good"": []}",14.12955251,"{""good"": []}",172.5648636,"{""good"": []}",8.947141667,"{""good"": []}"
2026-09-30 22:06:00+00:00,Aberporth Automatic Weather Station,-4.57,52.14,0.0,"{""good"": []}",996.64,"{""good"": []}",,,11.77220248,"{""good"": []}",,,,,16000.0,"{""good"": []}",,"{""good"": []}",,"{""good"": []}",8.0,"{""good"": []}",,"{""good"": []}",,"{""good"": []}",8.0,"{""good"": []}",,,-1.513962021,"{""good"": []}",,,-1.235103519,"{""good"": []}",,,0.0,"{""good"": []}",10.47714333,"{""good"": []}",10.78495883,"{""good"": []}",32860.0,"{""good"": []}",0.0,"{""good"": []}",NSW,"{""good"": []}",93.275,"{""good"": []}",,,15.68079599,"{""good"": []}",14.99243674,"{""good"": []}",14.12945243,"{""good"": []}",174.4443334,"{""good"": []}",9.011470833,"{""good"": []}"
2026-09-30 22:07:00+00:00,Aberporth Automatic Weather Station,-4.57,52.14,0.0,"{""good"": []}",996.62,"{""good"": []}",,,11.81732738,"{""good"": []}",,,,,16000.0,"{""good"": []}",,"{""good"": []}",,"{""good"": []}",8.0,"{""good"": []}",,"{""good"": []}",,"{""good"": []}",8.0,"{""good"": []}",,,-1.506835625,"{""good"": []}",,,-1.218870969,"{""good"": []}",,,0.0,"{""good"": []}",10.47613396,"{""good"": []}",10.79231203,"{""good"": []}",32890.5,"{""good"": []}",0.0,"{""good"": []}",NSW,"{""good"": []}",93.3,"{""good"": []}",,,15.68069604,"{""good"": []}",14.98946241,"{""good"": []}",14.12940239,"{""good"": []}",174.3022117,"{""good"": []}",8.982183333,"{""good"": []}"
2026-09-30 22:08:00+00:00,Aberporth Automatic Weather Station,-4.57,52.14,0.0,"{""good"": []}",996.605,"{""good"": []}",,,11.856861,"{""good"": []}",,,,,16000.0,"{""good"": []}",,"{""good"": []}",,"{""good"": []}",8.0,"{""good"": []}",,"{""good"": []}",,"{""good"": []}",8.0,"{""good"": []}",,,-1.500099971,"{""good"": []}",,,-1.249301206,"{""good"": []}",,,0.0,"{""good"": []}",10.48253501,"{""good"": []}",10.81245092,"{""good"": []}",33309.5,"{""good"": []}",0.0,"{""good"": []}",NSW,"{""good"": []}",93.325,"{""good"": []}",,,15.68099587,"{""good"": []}",14.98673823,"{""good"": []}",14.12940239,"{""good"": []}",174.4790333,"{""good"": []}",9.334854167,"{""good"": []}"
2026-09-30 22:09:00+00:00,Aberporth Automatic Weather Station,-4.57,52.14,0.0,"{""good"": []}",996.605,"{""good"": []}",,,11.88733068,"{""good"": []}",,,,,16000.0,"{""good"": []}",,"{""good"": []}",,"{""good"": []}",8.0,"{""good"": []}",,"{""good"": []}",,"{""good"": []}",8.0,"{""good"": []}",,,-1.492917456,"{""good"": []}",,,-1.225756121,"{""good"": []}",,,0.0,"{""good"": []}",10.48324208,"{""good"": []}",10.83545967,"{""good"": []}",33011.5,"{""good"": []}",0.0,"{""good"": []}",NSW,"{""good"": []}",93.3,"{""good"": []}",,,15.68089843,"{""good"": []}",14.98341119,"{""good"": []}",14.12924977,"{""good"": []}",175.903221,"{""good"": []}",9.661541667,"{""good"": []}"
2026-09-30 22:10:00+00:00,Aberporth Automatic Weather Station,-4.57,52.14,0.0,"{""good"": []}",996.61,"{""good"": []}",,,11.93401453,"{""good"": []}",,,,,16000.0,"{""good"": []}",,"{""good"": []}",,"{""good"": []}",8.0,"{""good"": []}",,"{""good"": []}",,"{""good"": []}",8.0,"{""good"": []}",,,-1.486783212,"{""good"": []}",,,-1.20484929,"{""good"": []}",,,0.0,"{""good"": []}",10.49834778,"{""good"": []}",10.85519892,"{""good"": []}",32556.5,"{""good"": []}",0.0,"{""good"": []}",NSW,"{""good"": []}",93.25,"{""good"": []}",,,15.68084846,"{""good"": []}",14.98033429,"{""good"": []}",14.12899708,"{""good"": []}",177.66476,"{""good"": []}",9.7714125,"{""good"": []}"
2026-09-30 22:11:00+00:00,Aberporth Automatic Weather Station,-4.57,52.14,0.0,"{""good"": []}",996.615,"{""good"": []}",,,11.9405127,"{""good"": []}",,,,,16000.0,"{""good"": []}",,"{""good"": []}",,"{""good"": []}",8.0,"{""good"": []}",,"{""good"": []}",,"{""good"": []}",8.0,"{""good"": []}",,,-1.480482278,"{""good"": []}",,,-1.250029775,"{""good"": []}",,,0.0,"{""good"": []}",10.5139132,"{""good"": []}",10.88112997,"{""good"": []}",32819.0,"{""good"": []}",0.0,"{""good"": []}",NSW,"{""good"": []}",93.15,"{""good"": []}",,,15.68114829,"{""good"": []}",14.97700725,"{""good"": []}",14.12899708,"{""good"": []}",178.7382337,"{""good"": []}",9.239025,"{""good"": []}"
2026-09-30 22:12:00+00:00,Aberporth Automatic Weather Station,-4.57,52.14,0.0,"{""good"": []}",996.62,"{""good"": []}",,,11.93693759,"{""good"": []}",,,,,16000.0,"{""good"": []}",,"{""good"": []}",,"{""good"": []}",8.0,"{""good"": []}",,"{""good"": []}",,"{""good"": []}",8.0,"{""good"": []}",,,-1.473653227,"{""good"": []}",,,-1.242239937,"{""good"": []}",,,0.0,"{""good"": []}",10.52670532,"{""good"": []}",10.89260686,"{""good"": []}",33103.5,"{""good"": []}",0.0,"{""good"": []}",NSW,"{""good"": []}",93.05,"{""good"": []}",,,15.68069604,"{""good"": []}",14.97387782,"{""good"": []}",14.12879192,"{""good"": []}",180.4764876,"{""good"": []}",9.619704167,"{""good"": []}"
2026-09-30 22:13:00+00:00,Aberporth Automatic Weather Station,-4.57,52.14,0.0,"{""good"": []}",996.625,"{""good"": []}",,,11.99838159,"{""good"": []}",,,,,16000.0,"{""good"": []}",,"{""good"": []}",,"{""good"": []}",8.0,"{""good"": []}",,"{""good"": []}",,"{""good"": []}",8.0,"{""good"": []}",,,-1.466513012,"{""good"": []}",,,-1.1941697,"{""good"": []}",,,0.0,"{""good"": []}",10.53904522,"{""good"": []}",10.91209386,"{""good"": []}",33065.5,"{""good"": []}",0.0,"{""good"": []}",NSW,"{""good"": []}",93.1,"{""good"": []}",,,15.6809484,"{""good"": []}",14.97060081,"{""good"": []}",14.12869184,"{""good"": []}",183.686085,"{""good"": []}",9.899,"{""good"": []}"
2026-09-30 22:14:00+00:00,Aberporth Automatic Weather Station,-4.57,52.14,0.0,"{""good"": []}",996.625,"{""good"": []}",,,12.04995219,"{""good"": []}",,,,,16000.0,"{""good"": []}",,"{""good"": []}",,"{""good"": []}",8.0,"{""good"": []}",,"{""good"": []}",,"{""good"": []}",8.0,"{""good"": []}",,,-1.458899961,"{""good"": []}",,,-1.200351165,"{""good"": []}",,,0.0,"{""good"": []}",10.57636224,"{""good"": []}",10.94341242,"{""good"": []}",32647.5,"{""good"": []}",0.0,"{""good"": []}",NSW,"{""good"": []}",93.075,"{""good"": []}",,,15.68089843,"{""good"": []}",14.96772404,"{""good"": []}",14.12869184,"{""good"": []}",182.2813363,"{""good"": []}",9.090925,"{""good"": []}"
2026-09-30 22:15:00+00:00,Aberporth Automatic Weather Station,-4.57,52.14,0.0,"{""good"": []}",996.64,"{""good"": []}",,,12.09260874,"{""good"": []}",,,,,16000.0,"{""good"": []}",,"{""good"": []}",,"{""good"": []}",8.0,"{""good"": []}",,"{""good"": []}",,"{""good"": []}",8.0,"{""good"": []}",,,-1.450594638,"{""good"": []}",,,-1.186857471,"{""good"": []}",,,0.0,"{""good"": []}",10.60426756,"{""good"": []}",10.97830518,"{""good"": []}",32499.0,"{""good"": []}",0.0,"{""good"": []}",NSW,"{""good"": []}",93.0,"{""good"": []}",,,15.68089843,"{""good"": []}",14.96439699,"{""good"": []}",14.12854173,"{""good"": []}",183.1150366,"{""good"": []}",9.154770833,"{""good"": []}"
2026-09-30 22:16:00+00:00,Aberporth Automatic Weather Station,-4.57,52.14,0.0,"{""good"": []}",996.655,"{""good"": []}",,,12.10968234,"{""good"": []}",,,,,16000.0,"{""good"": []}",,"{""good"": []}",,"{""good"": []}",8.0,"{""good"": []}",,"{""good"": []}",,"{""good"": []}",8.0,"{""good"": []}",,,-1.443575873,"{""good"": []}",,,-1.226886566,"{""good"": []}",,,0.0,"{""good"": []}",10.64188939,"{""good"": []}",11.02069602,"{""good"": []}",33072.5,"{""good"": []}",0.0,"{""good"": []}",NSW,"{""good"": []}",92.8,"{""good"": []}",,,15.68064607,"{""good"": []}",14.96142016,"{""good"": []}",14.12829154,"{""good"": []}",180.1560654,"{""good"": []}",8.901654167,"{""good"": []}"
2026-09-30 22:17:00+00:00,Aberporth Automatic Weather Station,-4.57,52.14,0.0,"{""good"": []}",996.66,"{""good"": []}",,,12.06727563,"{""good"": []}",,,,,16000.0,"{""good"": []}",,"{""good"": []}",,"{""good"": []}",8.0,"{""good"": []}",,"{""good"": []}",,"{""good"": []}",8.0,"{""good"": []}",,,-1.437258622,"{""good"": []}",,,-1.285033788,"{""good"": []}",,,0.0,"{""good"": []}",10.6558433,"{""good"": []}",11.03821983,"{""good"": []}",32732.0,"{""good"": []}",0.0,"{""good"": []}",NSW,"{""good"": []}",92.5,"{""good"": []}",,,15.68074351,"{""good"": []}",14.95794302,"{""good"": []}",14.12814143,"{""good"": []}",181.4311281,"{""good"": []}",9.037454167,"{""good"": []}"
2026-09-30 22:18:00+00:00,Aberporth Automatic Weather Station,-4.57,52.14,0.0,"{""good"": []}",996.665,"{""good"": []}",,,12.04375882,"{""good"": []}",,,,,16000.0,"{""good"": []}",,"{""good"": []}",,"{""good"": []}",8.0,"{""good"": []}",,"{""good"": []}",,"{""good"": []}",8.0,"{""good"": []}",,,-1.430717722,"{""good"": []}",,,-1.25988015,"{""good"": []}",,,0.0,"{""good"": []}",10.64198933,"{""good"": []}",11.01661729,"{""good"": []}",32373.0,"{""good"": []}",0.0,"{""good"": []}",NSW,"{""good"": []}",92.4,"{""good"": []}",,,15.68064607,"{""good"": []}",14.95531891,"{""good"": []}",14.12793877,"{""good"": []}",180.8595006,"{""good"": []}",9.079658333,"{""good"": []}"
2026-09-30 22:19:00+00:00,Aberporth Automatic Weather Station,-4.57,52.14,0.0,"{""good"": []}",996.67,"{""good"": []}",,,12.03469237,"{""good"": []}",,,,,16000.0,"{""good"": []}",,"{""good"": []}",,"{""good"": []}",8.0,"{""good"": []}",,"{""good"": []}",,"{""good"": []}",8.0,"{""good"": []}",,,-1.425477208,"{""good"": []}",,,-1.300010221,"{""good"": []}",,,0.0,"{""good"": []}",10.62411034,"{""good"": []}",10.99632853,"{""good"": []}",32509.5,"{""good"": []}",0.0,"{""good"": []}",NSW,"{""good"": []}",92.4,"{""good"": []}",,,15.68054612,"{""good"": []}",14.95169168,"{""good"": []}",14.12809139,"{""good"": []}",184.148212,"{""good"": []}",9.426491667,"{""good"": []}"
2026-09-30 22:20:00+00:00,Aberporth Automatic Weather Station,-4.57,52.14,0.0,"{""good"": []}",996.7,"{""good"": []}",,,11.99203333,"{""good"": []}",,,,,16000.0,"{""good"": []}",,"{""good"": []}",,"{""good"": []}",8.0,"{""good"": []}",,"{""good"": []}",,"{""good"": []}",8.0,"{""good"": []}",,,-1.420602307,"{""good"": []}",,,-1.327575781,"{""good"": []}",,,0.0,"{""good"": []}",10.59898081,"{""good"": []}",10.96798222,"{""good"": []}",31945.5,"{""good"": []}",0.0,"{""good"": []}",NSW,"{""good"": []}",92.325,"{""good"": []}",,,15.68034124,"{""good"": []}",14.94917013,"{""good"": []}",14.12778365,"{""good"": []}",185.4641588,"{""good"": []}",8.7008625,"{""good"": []}"
2026-09-30 22:21:00+00:00,Aberporth Automatic Weather Station,-4.57,52.14,0.0,"{""good"": []}",996.72,"{""good"": []}",,,11.93054435,"{""good"": []}",,,,,16000.0,"{""good"": []}",,"{""good"": []}",,"{""good"": []}",8.0,"{""good"": []}",,"{""good"": []}",,"{""good"": []}",8.0,"{""good"": []}",,,-1.415780182,"{""good"": []}",,,-1.327550969,"{""good"": []}",,,0.0,"{""good"": []}",10.56085179,"{""good"": []}",10.92593857,"{""good"": []}",31781.0,"{""good"": []}",0.0,"{""good"": []}",NSW,"{""good"": []}",92.275,"{""good"": []}",,,15.68064357,"{""good"": []}",14.94558792,"{""good"": []}",14.12753096,"{""good"": []}",186.4753455,"{""good"": []}",9.158704167,"{""good"": []}"
2026-09-30 22:22:00+00:00,Aberporth Automatic Weather Station,-4.57,52.14,0.0,"{""good"": []}",996.73,"{""good"": []}",,,11.95114061,"{""good"": []}",,,,,16000.0,"{""good"": []}",,"{""good"": []}",,"{""good"": []}",8.0,"{""good"": []}",,"{""good"": []}",,"{""good"": []}",8.0,"{""good"": []}",,,-1.410080241,"{""good"": []}",,,-1.296517556,"{""good"": []}",,,0.0,"{""good"": []}",10.53148987,"{""good"": []}",10.89275673,"{""good"": []}",31665.0,"{""good"": []}",0.0,"{""good"": []}",NSW,"{""good"": []}",92.475,"{""good"": []}",,,15.68099837,"{""good"": []}",14.94256356,"{""good"": []}",14.12743087,"{""good"": []}",186.6611843,"{""good"": []}",8.988908333,"{""good"": []}"
2026-09-30 22:23:00+00:00,Aberporth Automatic Weather Station,-4.57,52.14,0.0,"{""good"": []}",996.755,"{""good"": []}",,,11.88904203,"{""good"": []}",,,,,16000.0,"{""good"": []}",,"{""good"": []}",,"{""good"": []}",8.0,"{""good"": []}",,"{""good"": []}",,"{""good"": []}",8.0,"{""good"": []}",,,-1.406332767,"{""good"": []}",,,-1.351598517,"{""good"": []}",,,0.0,"{""good"": []}",10.52569843,"{""good"": []}",10.87433125,"{""good"": []}",31803.5,"{""good"": []}",0.0,"{""good"": []}",NSW,"{""good"": []}",92.425,"{""good"": []}",,,15.68089843,"{""good"": []}",14.9395392,"{""good"": []}",14.12698053,"{""good"": []}",185.6089528,"{""good"": []}",9.708566667,"{""good"": []}"
2026-09-30 22:24:00+00:00,Aberporth Automatic Weather Station,-4.57,52.14,0.0,"{""good"": []}",996.78,"{""good"": []}",,,11.87987565,"{""good"": []}",,,,,16000.0,"{""good"": []}",,"{""good"": []}",,"{""good"": []}",8.0,"{""good"": []}",,"{""good"": []}",,"{""good"": []}",8.0,"{""good"": []}",,,-1.402106189,"{""good"": []}",,,-1.302975544,"{""good"": []}",,,0.0,"{""good"": []}",10.50827167,"{""good"": []}",10.85147487,"{""good"": []}",31874.5,"{""good"": []}",0.0,"{""good"": []}",NSW,"{""good"": []}",92.5,"{""good"": []}",,,15.68069604,"{""good"": []}",14.93666243,"{""good"": []}",14.12703057,"{""good"": []}",186.5734327,"{""good"": []}",9.914916667,"{""good"": []}"
2026-09-30 22:25:00+00:00,Aberporth Automatic Weather Station,-4.57,52.14,0.0,"{""good"": []}",996.8,"{""good"": []}",,,11.87403455,"{""good"": []}",,,,,16000.0,"{""good"": []}",,"{""good"": []}",,"{""good"": []}",8.0,"{""good"": []}",,"{""good"": []}",,"{""good"": []}",8.0,"{""good"": []}",,,-1.397930287,"{""good"": []}",,,-1.307498675,"{""good"": []}",,,0.0,"{""good"": []}",10.50348712,"{""good"": []}",10.84306514,"{""good"": []}",31781.5,"{""good"": []}",0.0,"{""good"": []}",NSW,"{""good"": []}",92.6,"{""good"": []}",,,15.68039122,"{""good"": []}",14.93343545,"{""good"": []}",14.12672534,"{""good"": []}",185.3850108,"{""good"": []}",9.803041667,"{""good"": []}"
2026-09-30 22:26:00+00:00,Aberporth Automatic Weather Station,-4.57,52.14,0.0,"{""good"": []}",996.82,"{""good"": []}",,,11.84618312,"{""good"": []}",,,,,16000.0,"{""good"": []}",,"{""good"": []}",,"{""good"": []}",8.0,"{""good"": []}",,"{""good"": []}",,"{""good"": []}",8.0,"{""good"": []}",,,-1.394293382,"{""good"": []}",,,-1.308528944,"{""good"": []}",,,0.0,"{""good"": []}",10.50489874,"{""good"": []}",10.8301246,"{""good"": []}",31852.0,"{""good"": []}",0.0,"{""good"": []}",NSW,"{""good"": []}",92.65,"{""good"": []}",,,15.68079599,"{""good"": []}",14.93066375,"{""good"": []}",14.12672533,"{""good"": []}",188.4453213,"{""good"": []}",9.8395,"{""good"": []}"
2026-09-30 22:27:00+00:00,Aberporth Automatic Weather Station,-4.57,52.14,0.0,"{""good"": []}",996.835,"{""good"": []}",,,11.80211752,"{""good"": []}",,,,,16000.0,"{""good"": []}",,"{""good"": []}",,"{""good"": []}",8.0,"{""good"": []}",,"{""good"": []}",,"{""good"": []}",8.0,"{""good"": []}",,,-1.391462257,"{""good"": []}",,,-1.336522104,"{""good"": []}",,,0.0,"{""good"": []}",10.48953321,"{""good"": []}",10.81335509,"{""good"": []}",31625.5,"{""good"": []}",0.0,"{""good"": []}",NSW,"{""good"": []}",92.65,"{""good"": []}",,,15.68044618,"{""good"": []}",14.92743426,"{""good"": []}",14.12662276,"{""good"": []}",189.8453727,"{""good"": []}",9.939708333,"{""good"": []}"
2026-09-30 22:28:00+00:00,Aberporth Automatic Weather Station,-4.57,52.14,0.0,"{""good"": []}",996.84,"{""good"": []}",,,11.78625311,"{""good"": []}",,,,,16000.0,"{""good"": []}",,"{""good"": []}",,"{""good"": []}",8.0,"{""good"": []}",,"{""good"": []}",,"{""good"": []}",8.0,"{""good"": []}",,,-1.388209395,"{""good"": []}",,,-1.310865896,"{""good"": []}",,,0.0,"{""good"": []}",10.45216371,"{""good"": []}",10.79326865,"{""good"": []}",32274.0,"{""good"": []}",0.0,"{""good"": []}",NSW,"{""good"": []}",92.75,"{""good"": []}",,,15.68069355,"{""good"": []}",14.92436237,"{""good"": []}",14.1264201,"{""good"": []}",190.9830414,"{""good"": []}",9.8095,"{""good"": []}"
2026-09-30 22:29:00+00:00,Aberporth Automatic Weather Station,-4.57,52.14,0.0,"{""good"": []}",996.855,"{""good"": []}",,,11.81183854,"{""good"": []}",,,,,16000.0,"{""good"": []}",,"{""good"": []}",,"{""good"": []}",8.0,"{""good"": []}",,"{""good"": []}",,"{""good"": []}",8.0,"{""good"": []}",,,-1.384716976,"{""good"": []}",,,-1.274103203,"{""good"": []}",,,0.0,"{""good"": []}",10.43121412,"{""good"": []}",10.78662229,"{""good"": []}",31765.5,"{""good"": []}",0.0,"{""good"": []}",NSW,"{""good"": []}",92.925,"{""good"": []}",,,15.6805936,"{""good"": []}",14.92113288,"{""good"": []}",14.12611987,"{""good"": []}",191.4905424,"{""good"": []}",9.912,"{""good"": []}"
2026-09-30 22:30:00+00:00,Aberporth Automatic Weather Station,-4.57,52.14,0.0,"{""good"": []}",996.855,"{""good"": []}",,,11.75009223,"{""good"": []}",,,,,17000.0,"{""good"": []}",,"{""good"": []}",,"{""good"": []}",8.0,"{""good"": []}",,"{""good"": []}",,"{""good"": []}",8.0,"{""good"": []}",,,-1.382063844,"{""good"": []}",,,-1.333833353,"{""good"": []}",,,0.0,"{""good"": []}",10.4219948,"{""good"": []}",10.79452499,"{""good"": []}",31430.0,"{""good"": []}",0.0,"{""good"": []}",NSW,"{""good"": []}",92.925,"{""good"": []}",,,15.68034124,"{""good"": []}",14.91840871,"{""good"": []}",14.12561948,"{""good"": []}",192.9332654,"{""good"": []}",10.32775,"{""good"": []}"
2026-09-30 22:31:00+00:00,Aberporth Automatic Weather Station,-4.57,52.14,0.0,"{""good"": []}",996.855,"{""good"": []}",,,11.77613236,"{""good"": []}",,,,,17000.0,"{""good"": []}",,"{""good"": []}",,"{""good"": []}",8.0,"{""good"": []}",,"{""good"": []}",,"{""good"": []}",8.0,"{""good"": []}",,,-1.376881975,"{""good"": []}",,,-1.197060134,"{""good"": []}",,,0.0,"{""good"": []}",10.412728,"{""good"": []}",10.78591544,"{""good"": []}",30967.0,"{""good"": []}",0.0,"{""good"": []}",NSW,"{""good"": []}",93.125,"{""good"": []}",,,15.68079599,"{""good"": []}",14.91583462,"{""good"": []}",14.1255169,"{""good"": []}",190.1892586,"{""good"": []}",10.71808333,"{""good"": []}"
2026-09-30 22:32:00+00:00,Aberporth Automatic Weather Station,-4.57,52.14,0.0,"{""good"": []}",996.855,"{""good"": []}",,,11.76162454,"{""good"": []}",,,,,17000.0,"{""good"": []}",,"{""good"": []}",,"{""good"": []}",8.0,"{""good"": []}",,"{""good"": []}",,"{""good"": []}",8.0,"{""good"": []}",,,-1.373443161,"{""good"": []}",,,-1.283199506,"{""good"": []}",,,0.0,"{""good"": []}",10.43967391,"{""good"": []}",10.79507947,"{""good"": []}",31764.0,"{""good"": []}",0.0,"{""good"": []}",NSW,"{""good"": []}",93.15,"{""good"": []}",,,15.68029127,"{""good"": []}",14.91276274,"{""good"": []}",14.12541683,"{""good"": []}",190.9487796,"{""good"": []}",10.545,"{""good"": []}"
2026-09-30 22:33:00+00:00,Aberporth Automatic Weather Station,-4.57,52.14,0.0,"{""good"": []}",996.87,"{""good"": []}",,,11.71599747,"{""good"": []}",,,,,17000.0,"{""good"": []}",,"{""good"": []}",,"{""good"": []}",8.0,"{""good"": []}",,"{""good"": []}",,"{""good"": []}",8.0,"{""good"": []}",,,-1.369754326,"{""good"": []}",,,-1.298251384,"{""good"": []}",,,0.0,"{""good"": []}",10.44118548,"{""good"": []}",10.78943968,"{""good"": []}",31551.0,"{""good"": []}",0.0,"{""good"": []}",NSW,"{""good"": []}",93.125,"{""good"": []}",,,15.68079599,"{""good"": []}",14.90983594,"{""good"": []}",14.12526671,"{""good"": []}",192.4675729,"{""good"": []}",10.70595833,"{""good"": []}"
2026-09-30 22:34:00+00:00,Aberporth Automatic Weather Station,-4.57,52.14,0.0,"{""good"": []}",996.865,"{""good"": []}",,,11.66059943,"{""good"": []}",,,,,17000.0,"{""good"": []}",,"{""good"": []}",,"{""good"": []}",8.0,"{""good"": []}",,"{""good"": []}",,"{""good"": []}",8.0,"{""good"": []}",,,-1.365143288,"{""good"": []}",,,-1.260408205,"{""good"": []}",,,0.0,"{""good"": []}",10.42124026,"{""good"": []}",10.76235471,"{""good"": []}",30542.5,"{""good"": []}",0.0,"{""good"": []}",NSW,"{""good"": []}",93.175,"{""good"": []}",,,15.68044369,"{""good"": []}",14.90640883,"{""good"": []}",14.12501152,"{""good"": []}",192.0451065,"{""good"": []}",10.801625,"{""good"": []}"
2026-09-30 22:35:00+00:00,Aberporth Automatic Weather Station,-4.57,52.14,0.0,"{""good"": []}",996.875,"{""good"": []}",,,11.65088092,"{""good"": []}",,,,,17000.0,"{""good"": []}",,"{""good"": []}",,"{""good"": []}",8.0,"{""good"": []}",,"{""good"": []}",,"{""good"": []}",8.0,"{""good"": []}",,,-1.35978134,"{""good"": []}",,,-1.234174713,"{""good"": []}",,,0.0,"{""good"": []}",10.41020955,"{""good"": []}",10.73355382,"{""good"": []}",30985.0,"{""good"": []}",0.0,"{""good"": []}",NSW,"{""good"": []}",93.3,"{""good"": []}",,,15.68039371,"{""good"": []}",14.9034345,"{""good"": []}",14.12480886,"{""good"": []}",190.5642898,"{""good"": []}",10.69375,"{""good"": []}"
2026-09-30 22:36:00+00:00,Aberporth Automatic Weather Station,-4.57,52.14,0.0,"{""good"": []}",996.87,"{""good"": []}",,,11.67016805,"{""good"": []}",,,,,17000.0,"{""good"": []}",,"{""good"": []}",,"{""good"": []}",8.0,"{""good"": []}",,"{""good"": []}",,"{""good"": []}",8.0,"{""good"": []}",,,-1.353363162,"{""good"": []}",,,-1.196406876,"{""good"": []}",,,0.0,"{""good"": []}",10.40612956,"{""good"": []}",10.72197702,"{""good"": []}",30660.0,"{""good"": []}",0.0,"{""good"": []}",NSW,"{""good"": []}",93.575,"{""good"": []}",,,15.68044119,"{""good"": []}",14.90056023,"{""good"": []}",14.12480886,"{""good"": []}",189.8732989,"{""good"": []}",10.94854167,"{""good"": []}"
2026-09-30 22:37:00+00:00,Aberporth Automatic Weather Station,-4.57,52.14,0.0,"{""good"": []}",996.86,"{""good"": []}",,,11.69620568,"{""good"": []}",,,,,17000.0,"{""good"": []}",,"{""good"": []}",,"{""good"": []}",8.0,"{""good"": []}",,"{""good"": []}",,"{""good"": []}",8.0,"{""good"": []}",,,-1.346669406,"{""good"": []}",,,-1.201960198,"{""good"": []}",,,0.0,"{""good"": []}",10.42390862,"{""good"": []}",10.72589839,"{""good"": []}",29756.0,"{""good"": []}",0.0,"{""good"": []}",NSW,"{""good"": []}",93.775,"{""good"": []}",,,15.68008888,"{""good"": []}",14.89808621,"{""good"": []}",14.1244586,"{""good"": []}",188.7101959,"{""good"": []}",10.801875,"{""good"": []}"
2026-09-30 22:38:00+00:00,Aberporth Automatic Weather Station,-4.57,52.14,0.0,"{""good"": []}",996.86,"{""good"": []}",,,11.66488157,"{""good"": []}",,,,,17000.0,"{""good"": []}",,"{""good"": []}",,"{""good"": []}",8.0,"{""good"": []}",,"{""good"": []}",,"{""good"": []}",8.0,"{""good"": []}",,,-1.339932511,"{""good"": []}",,,-1.224676176,"{""good"": []}",,,0.0,"{""good"": []}",10.43841219,"{""good"": []}",10.72735954,"{""good"": []}",30016.5,"{""good"": []}",0.0,"{""good"": []}",NSW,"{""good"": []}",93.75,"{""good"": []}",,,15.67998894,"{""good"": []}",14.89591738,"{""good"": []}",14.1242059,"{""good"": []}",191.1145005,"{""good"": []}",10.68525,"{""good"": []}"
2026-09-30 22:39:00+00:00,Aberporth Automatic Weather Station,-4.57,52.14,0.0,"{""good"": []}",996.88,"{""good"": []}",,,11.6534467,"{""good"": []}",,,,,17000.0,"{""good"": []}",,"{""good"": []}",,"{""good"": []}",8.0,"{""good"": []}",,"{""good"": []}",,"{""good"": []}",8.0,"{""good"": []}",,,-1.332264617,"{""good"": []}",,,-1.227038197,"{""good"": []}",,,0.0,"{""good"": []}",10.43776009,"{""good"": []}",10.72479192,"{""good"": []}",30481.0,"{""good"": []}",0.0,"{""good"": []}",NSW,"{""good"": []}",93.8,"{""good"": []}",,,15.68004141,"{""good"": []}",14.89208752,"{""good"": []}",14.12385063,"{""good"": []}",193.2557191,"{""good"": []}",10.53258333,"{""good"": []}"
2026-09-30 22:40:00+00:00,Aberporth Automatic Weather Station,-4.57,52.14,0.0,"{""good"": []}",996.89,"{""good"": []}",,,11.63828931,"{""good"": []}",,,,,18000.0,"{""good"": []}",,"{""good"": []}",,"{""good"": []}",8.0,"{""good"": []}",,"{""good"": []}",,"{""good"": []}",8.0,"{""good"": []}",,,-1.324576622,"{""good"": []}",,,-1.215529518,"{""good"": []}",,,0.0,"{""good"": []}",10.42768629,"{""good"": []}",10.71834787,"{""good"": []}",29910.5,"{""good"": []}",0.0,"{""good"": []}",NSW,"{""good"": []}",93.85,"{""good"": []}",,,15.68029127,"{""good"": []}",14.88931332,"{""good"": []}",14.12354789,"{""good"": []}",191.5243639,"{""good"": []}",10.61241667,"{""good"": []}"
2026-09-30 22:41:00+00:00,Aberporth Automatic Weather Station,-4.57,52.14,0.0,"{""good"": []}",996.915,"{""good"": []}",,,11.64614408,"{""good"": []}",,,,,18000.0,"{""good"": []}",,"{""good"": []}",,"{""good"": []}",8.0,"{""good"": []}",,"{""good"": []}",,"{""good"": []}",8.0,"{""good"": []}",,,-1.317027242,"{""good"": []}",,,-1.210704844,"{""good"": []}",,,0.0,"{""good"": []}",10.42169248,"{""good"": []}",10.71870004,"{""good"": []}",30369.5,"{""good"": []}",0.0,"{""good"": []}",NSW,"{""good"": []}",93.95,"{""good"": []}",,,15.6798865,"{""good"": []}",14.88623892,"{""good"": []}",14.12354789,"{""good"": []}",193.1013708,"{""good"": []}",10.87179167,"{""good"": []}"
2026-09-30 22:42:00+00:00,Aberporth Automatic Weather Station,-4.57,52.14,0.0,"{""good"": []}",996.95,"{""good"": []}",,,11.62806364,"{""good"": []}",,,,,18000.0,"{""good"": []}",,"{""good"": []}",,"{""good"": []}",8.0,"{""good"": []}",,"{""good"": []}",,"{""good"": []}",8.0,"{""good"": []}",,,-1.309892063,"{""good"": []}",,,-1.221786516,"{""good"": []}",,,0.0,"{""good"": []}",10.41519648,"{""good"": []}",10.72408757,"{""good"": []}",30117.0,"{""good"": []}",0.0,"{""good"": []}",NSW,"{""good"": []}",94.0,"{""good"": []}",,,15.679889,"{""good"": []}",14.88401756,"{""good"": []}",14.12324766,"{""good"": []}",194.3189695,"{""good"": []}",10.79654167,"{""good"": []}"
2026-09-30 22:43:00+00:00,Aberporth Automatic Weather Station,-4.57,52.14,0.0,"{""good"": []}",996.98,"{""good"": []}",,,11.57241077,"{""good"": []}",,,,,18000.0,"{""good"": []}",,"{""good"": []}",,"{""good"": []}",8.0,"{""good"": []}",,"{""good"": []}",,"{""good"": []}",8.0,"{""good"": []}",,,-1.303061358,"{""good"": []}",,,-1.23960257,"{""good"": []}",,,0.0,"{""good"": []}",10.39978347,"{""good"": []}",10.71124693,"{""good"": []}",30113.5,"{""good"": []}",0.0,"{""good"": []}",NSW,"{""good"": []}",93.9,"{""good"": []}",,,15.68004141,"{""good"": []}",14.88099069,"{""good"": []}",14.12294242,"{""good"": []}",193.5154239,"{""good"": []}",10.90725,"{""good"": []}"
2026-09-30 22:44:00+00:00,Aberporth Automatic Weather Station,-4.57,52.14,0.0,"{""good"": []}",996.99,"{""good"": []}",,,11.59563027,"{""good"": []}",,,,,18000.0,"{""good"": []}",,"{""good"": []}",,"{""good"": []}",8.0,"{""good"": []}",,"{""good"": []}",,"{""good"": []}",8.0,"{""good"": []}",,,-1.294915184,"{""good"": []}",,,-1.154568114,"{""good"": []}",,,0.0,"{""good"": []}",10.38034294,"{""good"": []}",10.68617509,"{""good"": []}",29622.0,"{""good"": []}",0.0,"{""good"": []}",NSW,"{""good"": []}",94.05,"{""good"": []}",,,15.68008888,"{""good"": []}",14.87826902,"{""good"": []}",14.12289239,"{""good"": []}",194.707573,"{""good"": []}",11.37370833,"{""good"": []}"
2026-09-30 22:45:00+00:00,Aberporth Automatic Weather Station,-4.57,52.14,0.0,"{""good"": []}",997.0,"{""good"": []}",,,11.6039922,"{""good"": []}",,,,,18000.0,"{""good"": []}",,"{""good"": []}",,"{""good"": []}",8.0,"{""good"": []}",,"{""good"": []}",,"{""good"": []}",8.0,"{""good"": []}",,,-1.287610811,"{""good"": []}",,,-1.206357665,"{""good"": []}",,,0.0,"{""good"": []}",10.37857903,"{""good"": []}",10.68864281,"{""good"": []}",30234.0,"{""good"": []}",0.0,"{""good"": []}",NSW,"{""good"": []}",94.15,"{""good"": []}",,,15.68044369,"{""good"": []}",14.87488944,"{""good"": []}",14.12268973,"{""good"": []}",194.6340896,"{""good"": []}",11.13925,"{""good"": []}"
2026-09-30 22:46:00+00:00,Aberporth Automatic Weather Station,-4.57,52.14,0.0,"{""good"": []}",997.02,"{""good"": []}",,,11.63813692,"{""good"": []}",,,,,18000.0,"{""good"": []}",,"{""good"": []}",,"{""good"": []}",8.0,"{""good"": []}",,"{""good"": []}",,"{""good"": []}",8.0,"{""good"": []}",,,-1.280432081,"{""good"": []}",,,-1.134566018,"{""good"": []}",,,0.0,"{""good"": []}",10.37027164,"{""good"": []}",10.69382803,"{""good"": []}",29494.0,"{""good"": []}",0.0,"{""good"": []}",NSW,"{""good"": []}",94.25,"{""good"": []}",,,15.68008889,"{""good"": []}",14.87216777,"{""good"": []}",14.12248708,"{""good"": []}",193.7325723,"{""good"": []}",11.57308333,"{""good"": []}"
2026-09-30 22:47:00+00:00,Aberporth Automatic Weather Station,-4.57,52.14,0.0,"{""good"": []}",997.03,"{""good"": []}",,,11.66276299,"{""good"": []}",,,,,18000.0,"{""good"": []}",,"{""good"": []}",,"{""good"": []}",8.0,"{""good"": []}",,"{""good"": []}",,"{""good"": []}",8.0,"{""good"": []}",,,-1.274201944,"{""good"": []}",,,-1.159040878,"{""good"": []}",,,0.0,"{""good"": []}",10.38618435,"{""good"": []}",10.71170151,"{""good"": []}",30132.5,"{""good"": []}",0.0,"{""good"": []}",NSW,"{""good"": []}",94.3,"{""good"": []}",,,15.67978656,"{""good"": []}",14.86959619,"{""good"": []}",14.12213681,"{""good"": []}",195.0464513,"{""good"": []}",11.55708333,"{""good"": []}"
2026-09-30 22:48:00+00:00,Aberporth Automatic Weather Station,-4.57,52.14,0.0,"{""good"": []}",997.05,"{""good"": []}",,,11.69650548,"{""good"": []}",,,,,18000.0,"{""good"": []}",,"{""good"": []}",,"{""good"": []}",8.0,"{""good"": []}",,"{""good"": []}",,"{""good"": []}",8.0,"{""good"": []}",,,-1.268230635,"{""good"": []}",,,-1.176681145,"{""good"": []}",,,0.0,"{""good"": []}",10.39766977,"{""good"": []}",10.73566687,"{""good"": []}",30397.0,"{""good"": []}",0.0,"{""good"": []}",NSW,"{""good"": []}",94.375,"{""good"": []}",,,15.67993897,"{""good"": []}",14.86646926,"{""good"": []}",14.12188662,"{""good"": []}",194.0057351,"{""good"": []}",11.13133333,"{""good"": []}"
2026-09-30 22:49:00+00:00,Aberporth Automatic Weather Station,-4.57,52.14,0.0,"{""good"": []}",997.045,"{""good"": []}",,,11.68195019,"{""good"": []}",,,,,18000.0,"{""good"": []}",,"{""good"": []}",,"{""good"": []}",8.0,"{""good"": []}",,"{""good"": []}",,"{""good"": []}",8.0,"{""good"": []}",,,-1.263332295,"{""good"": []}",,,-1.163564063,"{""good"": []}",,,0.0,"{""good"": []}",10.40723638,"{""good"": []}",10.75172953,"{""good"": []}",30898.5,"{""good"": []}",0.0,"{""good"": []}",NSW,"{""good"": []}",94.25,"{""good"": []}",,,15.68003892,"{""good"": []}",14.86379512,"{""good"": []}",14.12153385,"{""good"": []}",193.8029392,"{""good"": []}",11.83433333,"{""good"": []}"
2026-09-30 22:50:00+00:00,Aberporth Automatic Weather Station,-4.57,52.14,0.0,"{""good"": []}",997.065,"{""good"": []}",,,11.71740654,"{""good"": []}",,,,,19000.0,"{""good"": []}",,"{""good"": []}",,"{""good"": []}",8.0,"{""good"": []}",,"{""good"": []}",,"{""good"": []}",8.0,"{""good"": []}",,,-1.258013479,"{""good"": []}",,,-1.131425113,"{""good"": []}",,,0.0,"{""good"": []}",10.42803607,"{""good"": []}",10.7687488,"{""good"": []}",30809.5,"{""good"": []}",0.0,"{""good"": []}",NSW,"{""good"": []}",94.3,"{""good"": []}",,,15.68003891,"{""good"": []}",14.86117101,"{""good"": []}",14.12137872,"{""good"": []}",193.165052,"{""good"": []}",11.74433333,"{""good"": []}"
2026-09-30 22:51:00+00:00,Aberporth Automatic Weather Station,-4.57,52.14,0.0,"{""good"": []}",997.06,"{""good"": []}",,,11.72294784,"{""good"": []}",,,,,19000.0,"{""good"": []}",,"{""good"": []}",,"{""good"": []}",8.0,"{""good"": []}",,"{""good"": []}",,"{""good"": []}",8.0,"{""good"": []}",,,-1.253694768,"{""good"": []}",,,-1.181179015,"{""good"": []}",,,0.0,"{""good"": []}",10.45175897,"{""good"": []}",10.79286402,"{""good"": []}",31235.0,"{""good"": []}",0.0,"{""good"": []}",NSW,"{""good"": []}",94.25,"{""good"": []}",,,15.68013886,"{""good"": []}",14.85809662,"{""good"": []}",14.12107599,"{""good"": []}",193.1205589,"{""good"": []}",11.06545833,"{""good"": []}"
2026-09-30 22:52:00+00:00,Aberporth Automatic Weather Station,-4.57,52.14,0.0,"{""good"": []}",997.065,"{""good"": []}",,,11.72843418,"{""good"": []}",,,,,19000.0,"{""good"": []}",,"{""good"": []}",,"{""good"": []}",8.0,"{""good"": []}",,"{""good"": []}",,"{""good"": []}",8.0,"{""good"": []}",,,-1.249241203,"{""good"": []}",,,-1.152381886,"{""good"": []}",,,0.0,"{""good"": []}",10.46198517,"{""good"": []}",10.79951038,"{""good"": []}",29917.5,"{""good"": []}",0.0,"{""good"": []}",NSW,"{""good"": []}",94.125,"{""good"": []}",,,15.68013886,"{""good"": []}",14.85577519,"{""good"": []}",14.12077576,"{""good"": []}",193.6263332,"{""good"": []}",10.880875,"{""good"": []}"
2026-09-30 22:53:00+00:00,Aberporth Automatic Weather Station,-4.57,52.14,0.0,"{""good"": []}",997.05,"{""good"": []}",,,11.75593583,"{""good"": []}",,,,,19000.0,"{""good"": []}",,"{""good"": []}",,"{""good"": []}",8.0,"{""good"": []}",,"{""good"": []}",,"{""good"": []}",8.0,"{""good"": []}",,,-1.245268836,"{""good"": []}",,,-1.160950518,"{""good"": []}",,,0.0,"{""good"": []}",10.46334683,"{""good"": []}",10.80701345,"{""good"": []}",29315.5,"{""good"": []}",0.0,"{""good"": []}",NSW,"{""good"": []}",94.175,"{""good"": []}",,,15.67973659,"{""good"": []}",14.85265077,"{""good"": []}",14.12042049,"{""good"": []}",193.7639081,"{""good"": []}",11.03358333,"{""good"": []}"
2026-09-30 22:54:00+00:00,Aberporth Automatic Weather Station,-4.57,52.14,0.0,"{""good"": []}",997.06,"{""good"": []}",,,11.76983406,"{""good"": []}",,,,,19000.0,"{""good"": []}",,"{""good"": []}",,"{""good"": []}",8.0,"{""good"": []}",,"{""good"": []}",,"{""good"": []}",8.0,"{""good"": []}",,,-1.241864796,"{""good"": []}",,,-1.189245081,"{""good"": []}",,,0.0,"{""good"": []}",10.45568904,"{""good"": []}",10.82040857,"{""good"": []}",30865.5,"{""good"": []}",0.0,"{""good"": []}",NSW,"{""good"": []}",94.15,"{""good"": []}",,,15.679889,"{""good"": []}",14.85028431,"{""good"": []}",14.12021783,"{""good"": []}",196.2993787,"{""good"": []}",10.891625,"{""good"": []}"
2026-09-30 22:55:00+00:00,Aberporth Automatic Weather Station,-4.57,52.14,0.0,"{""good"": []}",997.08,"{""good"": []}",,,11.72400463,"{""good"": []}",,,,,19000.0,"{""good"": []}",,"{""good"": []}",,"{""good"": []}",8.0,"{""good"": []}",,"{""good"": []}",,"{""good"": []}",8.0,"{""good"": []}",,,-1.240174079,"{""good"": []}",,,-1.227967754,"{""good"": []}",,,0.0,"{""good"": []}",10.43851212,"{""good"": []}",10.81396452,"{""good"": []}",30293.5,"{""good"": []}",0.0,"{""good"": []}",NSW,"{""good"": []}",94.0,"{""good"": []}",,,15.679889,"{""good"": []}",14.84750761,"{""good"": []}",14.12001518,"{""good"": []}",195.2128529,"{""good"": []}",10.70995833,"{""good"": []}"
2026-09-30 22:56:00+00:00,Aberporth Automatic Weather Station,-4.57,52.14,0.0,"{""good"": []}",997.08,"{""good"": []}",,,11.71539038,"{""good"": []}",,,,,19000.0,"{""good"": []}",,"{""good"": []}",,"{""good"": []}",8.0,"{""good"": []}",,"{""good"": []}",,"{""good"": []}",8.0,"{""good"": []}",,,-1.238932743,"{""good"": []}",,,-1.214674759,"{""good"": []}",,,0.0,"{""good"": []}",10.41298285,"{""good"": []}",10.79130546,"{""good"": []}",29712.5,"{""good"": []}",0.0,"{""good"": []}",NSW,"{""good"": []}",94.025,"{""good"": []}",,,15.67973659,"{""good"": []}",14.84438318,"{""good"": []}",14.11966491,"{""good"": []}",196.4545239,"{""good"": []}",10.27804167,"{""good"": []}"
2026-09-30 22:57:00+00:00,Aberporth Automatic Weather Station,-4.57,52.14,0.0,"{""good"": []}",997.085,"{""good"": []}",,,11.73482991,"{""good"": []}",,,,,19000.0,"{""good"": []}",,"{""good"": []}",,"{""good"": []}",8.0,"{""good"": []}",,"{""good"": []}",,"{""good"": []}",8.0,"{""good"": []}",,,-1.236650681,"{""good"": []}",,,-1.205075737,"{""good"": []}",,,0.0,"{""good"": []}",10.39207822,"{""good"": []}",10.77111411,"{""good"": []}",29992.5,"{""good"": []}",0.0,"{""good"": []}",NSW,"{""good"": []}",94.125,"{""good"": []}",,,15.67993897,"{""good"": []}",14.84190916,"{""good"": []}",14.11941472,"{""good"": []}",194.1137694,"{""good"": []}",10.33145833,"{""good"": []}"
2026-09-30 22:58:00+00:00,Aberporth Automatic Weather Station,-4.57,52.14,0.0,"{""good"": []}",997.09,"{""good"": []}",,,11.81254307,"{""good"": []}",,,,,19000.0,"{""good"": []}",,"{""good"": []}",,"{""good"": []}",8.0,"{""good"": []}",,"{""good"": []}",,"{""good"": []}",8.0,"{""good"": []}",,,-1.234171357,"{""good"": []}",,,-1.142506249,"{""good"": []}",,,0.0,"{""good"": []}",10.38688891,"{""good"": []}",10.77202078,"{""good"": []}",30370.5,"{""good"": []}",0.0,"{""good"": []}",NSW,"{""good"": []}",94.325,"{""good"": []}",,,15.67953669,"{""good"": []}",14.8388848,"{""good"": []}",14.1190094,"{""good"": []}",195.0074393,"{""good"": []}",10.95308333,"{""good"": []}"
2026-09-30 22:59:00+00:00,Aberporth Automatic Weather Station,-4.57,52.14,0.0,"{""good"": []}",997.095,"{""good"": []}",,,11.89151289,"{""good"": []}",,,,,19000.0,"{""good"": []}",,"{""good"": []}",,"{""good"": []}",8.0,"{""good"": []}",,"{""good"": []}",,"{""good"": []}",8.0,"{""good"": []}",,,-1.232071053,"{""good"": []}",,,-1.163387896,"{""good"": []}",,,0.0,"{""good"": []}",10.39660793,"{""good"": []}",10.80797006,"{""good"": []}",29579.0,"{""good"": []}",0.0,"{""good"": []}",NSW,"{""good"": []}",94.4,"{""good"": []}",,,15.67978906,"{""good"": []}",14.83671597,"{""good"": []}",14.11885428,"{""good"": []}",196.3084295,"{""good"": []}",10.37433333,"{""good"": []}"
2026-09-30 23:00:00+00:00,Aberporth Automatic Weather Station,-4.57,52.14,0.0,"{""good"": []}",997.115,"{""good"": []}",,,11.88330336,"{""good"": []}",,,,,18000.0,"{""good"": []}",,"{""good"": []}",,"{""good"": []}",8.0,"{""good"": []}",,"{""good"": []}",,"{""good"": []}",8.0,"{""good"": []}",,,-1.232264546,"{""good"": []}",,,-1.252944919,"{""good"": []}",,,0.0,"{""good"": []}",10.4034612,"{""good"": []}",10.8446262,"{""good"": []}",30283.0,"{""good"": []}",0.0,"{""good"": []}",NSW,"{""good"": []}",94.15,"{""good"": []}",,,15.67983902,"{""good"": []}",14.8338417,"{""good"": []}",14.11870417,"{""good"": []}",196.9213832,"{""good"": []}",9.984075,"{""good"": []}"
2026-09-30 23:01:00+00:00,Aberporth Automatic Weather Station,-4.57,52.14,0.0,"{""good"": []}",997.12,"{""good"": []}",,,11.84074675,"{""good"": []}",,,,,18000.0,"{""good"": []}",,"{""good"": []}",,"{""good"": []}",8.0,"{""good"": []}",,"{""good"": []}",,"{""good"": []}",8.0,"{""good"": []}",,,-1.232560225,"{""good"": []}",,,-1.277947588,"{""good"": []}",,,0.0,"{""good"": []}",10.39651049,"{""good"": []}",10.84477606,"{""good"": []}",30025.0,"{""good"": []}",0.0,"{""good"": []}",NSW,"{""good"": []}",93.925,"{""good"": []}",,,15.67973908,"{""good"": []}",14.83086737,"{""good"": []}",14.11820378,"{""good"": []}",197.1658748,"{""good"": []}",9.809666667,"{""good"": []}"
2026-09-30 23:02:00+00:00,Aberporth Automatic Weather Station,-4.57,52.14,0.0,"{""good"": []}",997.12,"{""good"": []}",,,11.82785285,"{""good"": []}",,,,,18000.0,"{""good"": []}",,"{""good"": []}",,"{""good"": []}",8.0,"{""good"": []}",,"{""good"": []}",,"{""good"": []}",8.0,"{""good"": []}",,,-1.23291956,"{""good"": []}",,,-1.24957756,"{""good"": []}",,,0.0,"{""good"": []}",10.38719122,"{""good"": []}",10.83103126,"{""good"": []}",29596.0,"{""good"": []}",0.0,"{""good"": []}",NSW,"{""good"": []}",93.875,"{""good"": []}",,,15.67948423,"{""good"": []}",14.82859597,"{""good"": []}",14.11800363,"{""good"": []}",197.8383469,"{""good"": []}",9.780541667,"{""good"": []}"
2026-09-30 23:03:00+00:00,Aberporth Automatic Weather Station,-4.57,52.14,0.0,"{""good"": []}",997.135,"{""good"": []}",,,11.83566264,"{""good"": []}",,,,,18000.0,"{""good"": []}",,"{""good"": []}",,"{""good"": []}",8.0,"{""good"": []}",,"{""good"": []}",,"{""good"": []}",8.0,"{""good"": []}",,,-1.233826275,"{""good"": []}",,,-1.255281831,"{""good"": []}",,,0.0,"{""good"": []}",10.37721736,"{""good"": []}",10.81250338,"{""good"": []}",29865.5,"{""good"": []}",0.0,"{""good"": []}",NSW,"{""good"": []}",93.9,"{""good"": []}",,,15.67933181,"{""good"": []}",14.82476612,"{""good"": []}",14.11780097,"{""good"": []}",197.3190655,"{""good"": []}",9.781583333,"{""good"": []}"
2026-09-30 23:04:00+00:00,Aberporth Automatic Weather Station,-4.57,52.14,0.0,"{""good"": []}",997.135,"{""good"": []}",,,11.81027458,"{""good"": []}",,,,,18000.0,"{""good"": []}",,"{""good"": []}",,"{""good"": []}",8.0,"{""good"": []}",,"{""good"": []}",,"{""good"": []}",8.0,"{""good"": []}",,,-1.235003534,"{""good"": []}",,,-1.276515223,"{""good"": []}",,,0.0,"{""good"": []}",10.36573694,"{""good"": []}",10.7983015,"{""good"": []}",29964.0,"{""good"": []}",0.0,"{""good"": []}",NSW,"{""good"": []}",93.8,"{""good"": []}",,,15.67958667,"{""good"": []}",14.82325269,"{""good"": []}",14.11764836,"{""good"": []}",199.2936264,"{""good"": []}",9.897291667,"{""good"": []}"
2026-09-30 23:05:00+00:00,Aberporth Automatic Weather Station,-4.57,52.14,0.0,"{""good"": []}",997.155,"{""good"": []}",,,11.78529875,"{""good"": []}",,,,,18000.0,"{""good"": []}",,"{""good"": []}",,"{""good"": []}",8.0,"{""good"": []}",,"{""good"": []}",,"{""good"": []}",8.0,"{""good"": []}",,,-1.235729328,"{""good"": []}",,,-1.300211408,"{""good"": []}",,,0.0,"{""good"": []}",10.34050248,"{""good"": []}",10.78017574,"{""good"": []}",29918.5,"{""good"": []}",0.0,"{""good"": []}",NSW,"{""good"": []}",93.725,"{""good"": []}",,,15.67968911,"{""good"": []}",14.82057854,"{""good"": []}",14.11734312,"{""good"": []}",198.9385022,"{""good"": []}",10.103,"{""good"": []}"
2026-09-30 23:06:00+00:00,Aberporth Automatic Weather Station,-4.57,52.14,0.0,"{""good"": []}",997.17,"{""good"": []}",,,11.75261305,"{""good"": []}",,,,,18000.0,"{""good"": []}",,"{""good"": []}",,"{""good"": []}",8.0,"{""good"": []}",,"{""good"": []}",,"{""good"": []}",8.0,"{""good"": []}",,,-1.237036428,"{""good"": []}",,,-1.313529518,"{""good"": []}",,,0.0,"{""good"": []}",10.32332805,"{""good"": []}",10.7557583,"{""good"": []}",29524.0,"{""good"": []}",0.0,"{""good"": []}",NSW,"{""good"": []}",93.7,"{""good"": []}",,,15.67968911,"{""good"": []}",14.81780433,"{""good"": []}",14.11704289,"{""good"": []}",200.6290953,"{""good"": []}",10.35725,"{""good"": []}"
2026-09-30 23:07:00+00:00,Aberporth Automatic Weather Station,-4.57,52.14,0.0,"{""good"": []}",997.195,"{""good"": []}",,,11.76610905,"{""good"": []}",,,,,18000.0,"{""good"": []}",,"{""good"": []}",,"{""good"": []}",8.0,"{""good"": []}",,"{""good"": []}",,"{""good"": []}",8.0,"{""good"": []}",,,-1.237882833,"{""good"": []}",,,-1.269655259,"{""good"": []}",,,0.0,"{""good"": []}",10.31793887,"{""good"": []}",10.73571932,"{""good"": []}",30110.0,"{""good"": []}",0.0,"{""good"": []}",NSW,"{""good"": []}",93.8,"{""good"": []}",,,15.67907946,"{""good"": []}",14.81568803,"{""good"": []}",14.11699285,"{""good"": []}",203.4739031,"{""good"": []}",9.623,"{""good"": []}"
2026-09-30 23:08:00+00:00,Aberporth Automatic Weather Station,-4.57,52.14,0.0,"{""good"": []}",997.205,"{""good"": []}",,,11.79673112,"{""good"": []}",,,,,18000.0,"{""good"": []}",,"{""good"": []}",,"{""good"": []}",8.0,"{""good"": []}",,"{""good"": []}",,"{""good"": []}",8.0,"{""good"": []}",,,-1.23845241,"{""good"": []}",,,-1.28347582,"{""good"": []}",,,0.0,"{""good"": []}",10.32559415,"{""good"": []}",10.74745098,"{""good"": []}",30728.0,"{""good"": []}",0.0,"{""good"": []}",NSW,"{""good"": []}",93.875,"{""good"": []}",,,15.67938178,"{""good"": []}",14.81246105,"{""good"": []}",14.11643242,"{""good"": []}",204.1354746,"{""good"": []}",9.481416667,"{""good"": []}"
2026-09-30 23:09:00+00:00,Aberporth Automatic Weather Station,-4.57,52.14,0.0,"{""good"": []}",997.205,"{""good"": []}",,,11.75573097,"{""good"": []}",,,,,18000.0,"{""good"": []}",,"{""good"": []}",,"{""good"": []}",8.0,"{""good"": []}",,"{""good"": []}",,"{""good"": []}",8.0,"{""good"": []}",,,-1.239983977,"{""good"": []}",,,-1.317650172,"{""good"": []}",,,0.0,"{""good"": []}",10.33350178,"{""good"": []}",10.75374516,"{""good"": []}",30377.5,"{""good"": []}",0.0,"{""good"": []}",NSW,"{""good"": []}",93.75,"{""good"": []}",,,15.67978906,"{""good"": []}",14.80968935,"{""good"": []}",14.11608215,"{""good"": []}",202.8213991,"{""good"": []}",10.06879167,"{""good"": []}"
2026-09-30 23:10:00+00:00,Aberporth Automatic Weather Station,-4.57,52.14,0.0,"{""good"": []}",997.21,"{""good"": []}",,,11.77245481,"{""good"": []}",,,,,18000.0,"{""good"": []}",,"{""good"": []}",,"{""good"": []}",8.0,"{""good"": []}",,"{""good"": []}",,"{""good"": []}",8.0,"{""good"": []}",,,-1.241474926,"{""good"": []}",,,-1.29430622,"{""good"": []}",,,0.0,"{""good"": []}",10.32433493,"{""good"": []}",10.73994791,"{""good"": []}",29831.5,"{""good"": []}",0.0,"{""good"": []}",NSW,"{""good"": []}",93.725,"{""good"": []}",,,15.67958916,"{""good"": []}",14.80721532,"{""good"": []}",14.11578193,"{""good"": []}",203.1887792,"{""good"": []}",9.868458333,"{""good"": []}"
2026-09-30 23:11:00+00:00,Aberporth Automatic Weather Station,-4.57,52.14,0.0,"{""good"": []}",997.22,"{""good"": []}",,,11.72949597,"{""good"": []}",,,,,18000.0,"{""good"": []}",,"{""good"": []}",,"{""good"": []}",8.0,"{""good"": []}",,"{""good"": []}",,"{""good"": []}",8.0,"{""good"": []}",,,-1.242597333,"{""good"": []}",,,-1.31737418,"{""good"": []}",,,0.0,"{""good"": []}",10.31809127,"{""good"": []}",10.72887065,"{""good"": []}",30266.5,"{""good"": []}",0.0,"{""good"": []}",NSW,"{""good"": []}",93.625,"{""good"": []}",,,15.67958667,"{""good"": []}",14.80484636,"{""good"": []}",14.11542915,"{""good"": []}",202.7516474,"{""good"": []}",10.01579167,"{""good"": []}"
2026-09-30 23:12:00+00:00,Aberporth Automatic Weather Station,-4.57,52.14,0.0,"{""good"": []}",997.235,"{""good"": []}",,,11.73976911,"{""good"": []}",,,,,18000.0,"{""good"": []}",,"{""good"": []}",,"{""good"": []}",8.0,"{""good"": []}",,"{""good"": []}",,"{""good"": []}",8.0,"{""good"": []}",,,-1.242888829,"{""good"": []}",,,-1.25972969,"{""good"": []}",,,0.0,"{""good"": []}",10.30076445,"{""good"": []}",10.70747292,"{""good"": []}",30536.5,"{""good"": []}",0.0,"{""good"": []}",NSW,"{""good"": []}",93.65,"{""good"": []}",,,15.67938678,"{""good"": []}",14.80232232,"{""good"": []}",14.1149713,"{""good"": []}",201.4378717,"{""good"": []}",11.0375,"{""good"": []}"
2026-09-30 23:13:00+00:00,Aberporth Automatic Weather Station,-4.57,52.14,0.0,"{""good"": []}",997.24,"{""good"": []}",,,11.86008635,"{""good"": []}",,,,,17000.0,"{""good"": []}",,"{""good"": []}",,"{""good"": []}",8.0,"{""good"": []}",,"{""good"": []}",,"{""good"": []}",8.0,"{""good"": []}",,,-1.242997722,"{""good"": []}",,,-1.200703272,"{""good"": []}",,,0.0,"{""good"": []}",10.31119302,"{""good"": []}",10.72514159,"{""good"": []}",30988.0,"{""good"": []}",0.0,"{""good"": []}",NSW,"{""good"": []}",93.95,"{""good"": []}",,,15.67963664,"{""good"": []}",14.79980326,"{""good"": []}",14.11472111,"{""good"": []}",203.9397727,"{""good"": []}",10.86229167,"{""good"": []}"
2026-09-30 23:14:00+00:00,Aberporth Automatic Weather Station,-4.57,52.14,0.0,"{""good"": []}",997.275,"{""good"": []}",,,11.87046193,"{""good"": []}",,,,,17000.0,"{""good"": []}",,"{""good"": []}",,"{""good"": []}",8.0,"{""good"": []}",,"{""good"": []}",,"{""good"": []}",8.0,"{""good"": []}",,,-1.244191737,"{""good"": []}",,,-1.271992092,"{""good"": []}",,,0.0,"{""good"": []}",10.35017402,"{""good"": []}",10.77937149,"{""good"": []}",30844.0,"{""good"": []}",0.0,"{""good"": []}",NSW,"{""good"": []}",93.775,"{""good"": []}",,,15.67978906,"{""good"": []}",14.79688147,"{""good"": []}",14.11442088,"{""good"": []}",205.2375158,"{""good"": []}",10.46029167,"{""good"": []}"
2026-09-30 23:15:00+00:00,Aberporth Automatic Weather Station,-4.57,52.14,0.0,"{""good"": []}",997.27,"{""good"": []}",,,11.8887922,"{""good"": []}",,,,,17000.0,"{""good"": []}",,"{""good"": []}",,"{""good"": []}",8.0,"{""good"": []}",,"{""good"": []}",,"{""good"": []}",8.0,"{""good"": []}",,,-1.245611904,"{""good"": []}",,,-1.272067497,"{""good"": []}",,,0.0,"{""good"": []}",10.37354213,"{""good"": []}",10.81320773,"{""good"": []}",31453.5,"{""good"": []}",0.0,"{""good"": []}",NSW,"{""good"": []}",93.625,"{""good"": []}",,,15.67933181,"{""good"": []}",14.79395217,"{""good"": []}",14.11416818,"{""good"": []}",204.4265899,"{""good"": []}",10.28095833,"{""good"": []}"
2026-09-30 23:16:00+00:00,Aberporth Automatic Weather Station,-4.57,52.14,0.0,"{""good"": []}",997.275,"{""good"": []}",,,11.91311847,"{""good"": []}",,,,,17000.0,"{""good"": []}",,"{""good"": []}",,"{""good"": []}",8.0,"{""good"": []}",,"{""good"": []}",,"{""good"": []}",8.0,"{""good"": []}",,,-1.246210382,"{""good"": []}",,,-1.262795231,"{""good"": []}",,,0.0,"{""good"": []}",10.3779744,"{""good"": []}",10.83455301,"{""good"": []}",30998.5,"{""good"": []}",0.0,"{""good"": []}",NSW,"{""good"": []}",93.525,"{""good"": []}",,,15.67943426,"{""good"": []}",14.79198846,"{""good"": []}",14.11366279,"{""good"": []}",204.0453142,"{""good"": []}",10.07083333,"{""good"": []}"
2026-09-30 23:17:00+00:00,Aberporth Automatic Weather Station,-4.57,52.14,0.0,"{""good"": []}",997.265,"{""good"": []}",,,11.89161032,"{""good"": []}",,,,,17000.0,"{""good"": []}",,"{""good"": []}",,"{""good"": []}",8.0,"{""good"": []}",,"{""good"": []}",,"{""good"": []}",8.0,"{""good"": []}",,,-1.247101592,"{""good"": []}",,,-1.338506425,"{""good"": []}",,,0.0,"{""good"": []}",10.3815497,"{""good"": []}",10.85283361,"{""good"": []}",31010.5,"{""good"": []}",0.0,"{""good"": []}",NSW,"{""good"": []}",93.325,"{""good"": []}",,,15.67933181,"{""good"": []}",14.789617,"{""good"": []}",14.11310987,"{""good"": []}",205.5411793,"{""good"": []}",9.854325,"{""good"": []}"
2026-09-30 23:18:00+00:00,Aberporth Automatic Weather Station,-4.57,52.14,0.0,"{""good"": []}",997.26,"{""good"": []}",,,11.92414612,"{""good"": []}",,,,,17000.0,"{""good"": []}",,"{""good"": []}",,"{""good"": []}",8.0,"{""good"": []}",,"{""good"": []}",,"{""good"": []}",8.0,"{""good"": []}",,,-1.247022856,"{""good"": []}",,,-1.25515599,"{""good"": []}",,,0.0,"{""good"": []}",10.37016671,"{""good"": []}",10.84064737,"{""good"": []}",31298.0,"{""good"": []}",0.0,"{""good"": []}",NSW,"{""good"": []}",93.325,"{""good"": []}",,,15.6791794,"{""good"": []}",14.78689533,"{""good"": []}",14.11280964,"{""good"": []}",204.2012364,"{""good"": []}",10.455,"{""good"": []}"
2026-09-30 23:19:00+00:00,Aberporth Automatic Weather Station,-4.57,52.14,0.0,"{""good"": []}",997.24,"{""good"": []}",,,12.00522953,"{""good"": []}",,,,,17000.0,"{""good"": []}",,"{""good"": []}",,"{""good"": []}",8.0,"{""good"": []}",,"{""good"": []}",,"{""good"": []}",8.0,"{""good"": []}",,,-1.246273193,"{""good"": []}",,,-1.255030387,"{""good"": []}",,,0.0,"{""good"": []}",10.37142843,"{""good"": []}",10.85776656,"{""good"": []}",31583.5,"{""good"": []}",0.0,"{""good"": []}",NSW,"{""good"": []}",93.475,"{""good"": []}",,,15.67918689,"{""good"": []}",14.78482655,"{""good"": []}",14.11260448,"{""good"": []}",205.185987,"{""good"": []}",9.745166667,"{""good"": []}"
2026-09-30 23:20:00+00:00,Aberporth Automatic Weather Station,-4.57,52.14,0.0,"{""good"": []}",997.245,"{""good"": []}",,,12.05931844,"{""good"": []}",,,,,17000.0,"{""good"": []}",,"{""good"": []}",,"{""good"": []}",8.0,"{""good"": []}",,"{""good"": []}",,"{""good"": []}",8.0,"{""good"": []}",,,-1.245986308,"{""good"": []}",,,-1.310362732,"{""good"": []}",,,0.0,"{""good"": []}",10.412728,"{""good"": []}",10.89930318,"{""good"": []}",32207.5,"{""good"": []}",0.0,"{""good"": []}",NSW,"{""good"": []}",93.35,"{""good"": []}",,,15.67928184,"{""good"": []}",14.78149951,"{""good"": []}",14.11209909,"{""good"": []}",205.772941,"{""good"": []}",9.505670833,"{""good"": []}"
2026-09-30 23:21:00+00:00,Aberporth Automatic Weather Station,-4.57,52.14,0.0,"{""good"": []}",997.24,"{""good"": []}",,,12.00764791,"{""good"": []}",,,,,17000.0,"{""good"": []}",,"{""good"": []}",,"{""good"": []}",8.0,"{""good"": []}",,"{""good"": []}",,"{""good"": []}",8.0,"{""good"": []}",,,-1.2466589,"{""good"": []}",,,-1.367906465,"{""good"": []}",,,0.0,"{""good"": []}",10.42884308,"{""good"": []}",10.92020137,"{""good"": []}",31845.0,"{""good"": []}",0.0,"{""good"": []}",NSW,"{""good"": []}",93.05,"{""good"": []}",,,15.67913192,"{""good"": []}",14.77943074,"{""good"": []}",14.11209909,"{""good"": []}",203.4048246,"{""good"": []}",10.11866667,"{""good"": []}"
2026-09-30 23:22:00+00:00,Aberporth Automatic Weather Station,-4.57,52.14,0.0,"{""good"": []}",997.24,"{""good"": []}",,,12.05433426,"{""good"": []}",,,,,17000.0,"{""good"": []}",,"{""good"": []}",,"{""good"": []}",8.0,"{""good"": []}",,"{""good"": []}",,"{""good"": []}",8.0,"{""good"": []}",,,-1.246185643,"{""good"": []}",,,-1.268122163,"{""good"": []}",,,0.0,"{""good"": []}",10.41982863,"{""good"": []}",10.91722662,"{""good"": []}",31741.5,"{""good"": []}",0.0,"{""good"": []}",NSW,"{""good"": []}",93.025,"{""good"": []}",,,15.67897951,"{""good"": []}",14.77630882,"{""good"": []}",14.11164875,"{""good"": []}",204.6890405,"{""good"": []}",9.720291667,"{""good"": []}"
2026-09-30 23:23:00+00:00,Aberporth Automatic Weather Station,-4.57,52.14,0.0,"{""good"": []}",997.245,"{""good"": []}",,,12.06113473,"{""good"": []}",,,,,17000.0,"{""good"": []}",,"{""good"": []}",,"{""good"": []}",8.0,"{""good"": []}",,"{""good"": []}",,"{""good"": []}",8.0,"{""good"": []}",,,-1.246014345,"{""good"": []}",,,-1.341320581,"{""good"": []}",,,0.0,"{""good"": []}",10.41333263,"{""good"": []}",10.9358594,"{""good"": []}",31689.5,"{""good"": []}",0.0,"{""good"": []}",NSW,"{""good"": []}",92.925,"{""good"": []}",,,15.67943675,"{""good"": []}",14.77413748,"{""good"": []}",14.11129097,"{""good"": []}",203.2147647,"{""good"": []}",9.938283333,"{""good"": []}"
2026-09-30 23:24:00+00:00,Aberporth Automatic Weather Station,-4.57,52.14,0.0,"{""good"": []}",997.24,"{""good"": []}",,,12.03947668,"{""good"": []}",,,,,17000.0,"{""good"": []}",,"{""good"": []}",,"{""good"": []}",8.0,"{""good"": []}",,"{""good"": []}",,"{""good"": []}",8.0,"{""good"": []}",,,-1.247344461,"{""good"": []}",,,-1.382782503,"{""good"": []}",,,0.0,"{""good"": []}",10.38618434,"{""good"": []}",10.93399613,"{""good"": []}",32165.5,"{""good"": []}",0.0,"{""good"": []}",NSW,"{""good"": []}",92.725,"{""good"": []}",,,15.67902948,"{""good"": []}",14.77176602,"{""good"": []}",14.11083813,"{""good"": []}",205.5829824,"{""good"": []}",9.488033333,"{""good"": []}"
2026-09-30 23:25:00+00:00,Aberporth Automatic Weather Station,-4.57,52.14,0.0,"{""good"": []}",997.255,"{""good"": []}",,,12.0679327,"{""good"": []}",,,,,17000.0,"{""good"": []}",,"{""good"": []}",,"{""good"": []}",8.0,"{""good"": []}",,"{""good"": []}",,"{""good"": []}",8.0,"{""good"": []}",,,-1.247906488,"{""good"": []}",,,-1.341220304,"{""good"": []}",,,0.0,"{""good"": []}",10.36548709,"{""good"": []}",10.90625426,"{""good"": []}",31684.5,"{""good"": []}",0.0,"{""good"": []}",NSW,"{""good"": []}",92.75,"{""good"": []}",,,15.67928184,"{""good"": []}",14.76939957,"{""good"": []}",14.11048786,"{""good"": []}",205.0218124,"{""good"": []}",9.151183333,"{""good"": []}"
2026-09-30 23:26:00+00:00,Aberporth Automatic Weather Station,-4.57,52.14,0.0,"{""good"": []}",997.255,"{""good"": []}",,,12.06209159,"{""good"": []}",,,,,17000.0,"{""good"": []}",,"{""good"": []}",,"{""good"": []}",8.0,"{""good"": []}",,"{""good"": []}",,"{""good"": []}",8.0,"{""good"": []}",,,-1.249438888,"{""good"": []}",,,-1.400472974,"{""good"": []}",,,0.0,"{""good"": []}",10.37208053,"{""good"": []}",10.88424959,"{""good"": []}",31742.5,"{""good"": []}",0.0,"{""good"": []}",NSW,"{""good"": []}",92.775,"{""good"": []}",,,15.67923187,"{""good"": []}",14.76657033,"{""good"": []}",14.11033524,"{""good"": []}",204.2672145,"{""good"": []}",9.430541667,"{""good"": []}"
2026-09-30 23:27:00+00:00,Aberporth Automatic Weather Station,-4.57,52.14,0.0,"{""good"": []}",997.265,"{""good"": []}",,,12.07543519,"{""good"": []}",,,,,17000.0,"{""good"": []}",,"{""good"": []}",,"{""good"": []}",8.0,"{""good"": []}",,"{""good"": []}",,"{""good"": []}",8.0,"{""good"": []}",,,-1.250555831,"{""good"": []}",,,-1.403538652,"{""good"": []}",,,0.0,"{""good"": []}",10.37621048,"{""good"": []}",10.86491495,"{""good"": []}",31484.5,"{""good"": []}",0.0,"{""good"": []}",NSW,"{""good"": []}",92.75,"{""good"": []}",,,15.67938428,"{""good"": []}",14.7642514,"{""good"": []}",14.10992992,"{""good"": []}",204.6307933,"{""good"": []}",9.549166667,"{""good"": []}"
2026-09-30 23:28:00+00:00,Aberporth Automatic Weather Station,-4.57,52.14,0.0,"{""good"": []}",997.28,"{""good"": []}",,,12.08560841,"{""good"": []}",,,,,17000.0,"{""good"": []}",,"{""good"": []}",,"{""good"": []}",8.0,"{""good"": []}",,"{""good"": []}",,"{""good"": []}",8.0,"{""good"": []}",,,-1.252265804,"{""good"": []}",,,-1.413464314,"{""good"": []}",,,0.0,"{""good"": []}",10.37787196,"{""good"": []}",10.86531958,"{""good"": []}",31047.0,"{""good"": []}",0.0,"{""good"": []}",NSW,"{""good"": []}",92.725,"{""good"": []}",,,15.67923187,"{""good"": []}",14.7619825,"{""good"": []}",14.10967723,"{""good"": []}",206.4645696,"{""good"": []}",9.738783333,"{""good"": []}"
2026-09-30 23:29:00+00:00,Aberporth Automatic Weather Station,-4.57,52.14,0.0,"{""good"": []}",997.29,"{""good"": []}",,,12.13038353,"{""good"": []}",,,,,17000.0,"{""good"": []}",,"{""good"": []}",,"{""good"": []}",8.0,"{""good"": []}",,"{""good"": []}",,"{""good"": []}",8.0,"{""good"": []}",,,-1.254557495,"{""good"": []}",,,-1.411604666,"{""good"": []}",,,0.0,"{""good"": []}",10.38401818,"{""good"": []}",10.88102757,"{""good"": []}",32237.5,"{""good"": []}",0.0,"{""good"": []}",NSW,"{""good"": []}",92.725,"{""good"": []}",,,15.67923187,"{""good"": []}",14.75946346,"{""good"": []}",14.10922688,"{""good"": []}",206.0969705,"{""good"": []}",9.84065,"{""good"": []}"
2026-09-30 23:30:00+00:00,Aberporth Automatic Weather Station,-4.57,52.14,0.0,"{""good"": []}",997.305,"{""good"": []}",,,12.1175371,"{""good"": []}",,,,,17000.0,"{""good"": []}",,"{""good"": []}",,"{""good"": []}",8.0,"{""good"": []}",,"{""good"": []}",,"{""good"": []}",8.0,"{""good"": []}",,,-1.257105068,"{""good"": []}",,,-1.486687703,"{""good"": []}",,,0.0,"{""good"": []}",10.38225676,"{""good"": []}",10.88989187,"{""good"": []}",32126.5,"{""good"": []}",0.0,"{""good"": []}",NSW,"{""good"": []}",92.55,"{""good"": []}",,,15.67897951,"{""good"": []}",14.7570895,"{""good"": []}",14.1087215,"{""good"": []}",207.2941368,"{""good"": []}",9.828666667,"{""good"": []}"
2026-09-30 23:31:00+00:00,Aberporth Automatic Weather Station,-4.57,52.14,0.0,"{""good"": []}",997.32,"{""good"": []}",,,12.11995299,"{""good"": []}",,,,,17000.0,"{""good"": []}",,"{""good"": []}",,"{""good"": []}",8.0,"{""good"": []}",,"{""good"": []}",,"{""good"": []}",8.0,"{""good"": []}",,,-1.262016795,"{""good"": []}",,,-1.49176378,"{""good"": []}",,,0.0,"{""good"": []}",10.36074751,"{""good"": []}",10.88037317,"{""good"": []}",32399.5,"{""good"": []}",0.0,"{""good"": []}",NSW,"{""good"": []}",92.425,"{""good"": []}",,,15.67908195,"{""good"": []}",14.75487563,"{""good"": []}",14.1084663,"{""good"": []}",208.9636981,"{""good"": []}",9.661525,"{""good"": []}"
2026-09-30 23:32:00+00:00,Aberporth Automatic Weather Station,-4.57,52.14,0.0,"{""good"": []}",997.345,"{""good"": []}",,,12.14936587,"{""good"": []}",,,,,17000.0,"{""good"": []}",,"{""good"": []}",,"{""good"": []}",8.0,"{""good"": []}",,"{""good"": []}",,"{""good"": []}",8.0,"{""good"": []}",,,-1.265879837,"{""good"": []}",,,-1.514982009,"{""good"": []}",,,0.0,"{""good"": []}",10.36080247,"{""good"": []}",10.86179533,"{""good"": []}",31725.0,"{""good"": []}",0.0,"{""good"": []}",NSW,"{""good"": []}",92.45,"{""good"": []}",,,15.67897951,"{""good"": []}",14.75199887,"{""good"": []}",14.10811603,"{""good"": []}",207.6210466,"{""good"": []}",9.809333333,"{""good"": []}"
2026-09-30 23:33:00+00:00,Aberporth Automatic Weather Station,-4.57,52.14,0.0,"{""good"": []}",997.36,"{""good"": []}",,,12.12484223,"{""good"": []}",,,,,17000.0,"{""good"": []}",,"{""good"": []}",,"{""good"": []}",8.0,"{""good"": []}",,"{""good"": []}",,"{""good"": []}",8.0,"{""good"": []}",,,-1.270145351,"{""good"": []}",,,-1.554182206,"{""good"": []}",,,0.0,"{""good"": []}",10.379436,"{""good"": []}",10.84533055,"{""good"": []}",32095.5,"{""good"": []}",0.0,"{""good"": []}",NSW,"{""good"": []}",92.3,"{""good"": []}",,,15.67897951,"{""good"": []}",14.74988256,"{""good"": []}",14.1075606,"{""good"": []}",206.5694181,"{""good"": []}",9.655083333,"{""good"": []}"
2026-09-30 23:34:00+00:00,Aberporth Automatic Weather Station,-4.57,52.14,0.0,"{""good"": []}",997.37,"{""good"": []}",,,12.12181925,"{""good"": []}",,,,,17000.0,"{""good"": []}",,"{""good"": []}",,"{""good"": []}",8.0,"{""good"": []}",,"{""good"": []}",,"{""good"": []}",8.0,"{""good"": []}",,,-1.275601524,"{""good"": []}",,,-1.587778588,"{""good"": []}",,,0.0,"{""good"": []}",10.36795557,"{""good"": []}",10.82176732,"{""good"": []}",32786.5,"{""good"": []}",0.0,"{""good"": []}",NSW,"{""good"": []}",92.3,"{""good"": []}",,,15.67892954,"{""good"": []}",14.74746108,"{""good"": []}",14.10715529,"{""good"": []}",206.6954083,"{""good"": []}",9.620441667,"{""good"": []}"
2026-09-30 23:35:00+00:00,Aberporth Automatic Weather Station,-4.57,52.14,0.0,"{""good"": []}",997.385,"{""good"": []}",,,12.11119383,"{""good"": []}",,,,,17000.0,"{""good"": []}",,"{""good"": []}",,"{""good"": []}",8.0,"{""good"": []}",,"{""good"": []}",,"{""good"": []}",8.0,"{""good"": []}",,,-1.281915823,"{""good"": []}",,,-1.613032661,"{""good"": []}",,,0.0,"{""good"": []}",10.34065488,"{""good"": []}",10.81547313,"{""good"": []}",31740.0,"{""good"": []}",0.0,"{""good"": []}",NSW,"{""good"": []}",92.225,"{""good"": []}",,,15.67902948,"{""good"": []}",14.74443421,"{""good"": []}",14.10680502,"{""good"": []}",205.3075097,"{""good"": []}",9.7040375,"{""good"": []}"
2026-09-30 23:36:00+00:00,Aberporth Automatic Weather Station,-4.57,52.14,0.0,"{""good"": []}",997.39,"{""good"": []}",,,12.12715819,"{""good"": []}",,,,,17000.0,"{""good"": []}",,"{""good"": []}",,"{""good"": []}",8.0,"{""good"": []}",,"{""good"": []}",,"{""good"": []}",8.0,"{""good"": []}",,,-1.288112865,"{""good"": []}",,,-1.568229379,"{""good"": []}",,,0.0,"{""good"": []}",10.32690585,"{""good"": []}",10.80802251,"{""good"": []}",31410.5,"{""good"": []}",0.0,"{""good"": []}",NSW,"{""good"": []}",92.275,"{""good"": []}",,,15.67872965,"{""good"": []}",14.74221534,"{""good"": []}",14.10645476,"{""good"": []}",210.3926026,"{""good"": []}",9.895991667,"{""good"": []}"
2026-09-30 23:37:00+00:00,Aberporth Automatic Weather Station,-4.57,52.14,0.0,"{""good"": []}",997.4,"{""good"": []}",,,12.19363883,"{""good"": []}",,,,,17000.0,"{""good"": []}",,"{""good"": []}",,"{""good"": []}",8.0,"{""good"": []}",,"{""good"": []}",,"{""good"": []}",8.0,"{""good"": []}",,,-1.294027632,"{""good"": []}",,,-1.556846244,"{""good"": []}",,,0.0,"{""good"": []}",10.32650359,"{""good"": []}",10.81733641,"{""good"": []}",31993.5,"{""good"": []}",0.0,"{""good"": []}",NSW,"{""good"": []}",92.325,"{""good"": []}",,,15.67888206,"{""good"": []}",14.7403517,"{""good"": []}",14.10614451,"{""good"": []}",206.2044261,"{""good"": []}",9.908291667,"{""good"": []}"
2026-09-30 23:38:00+00:00,Aberporth Automatic Weather Station,-4.57,52.14,0.0,"{""good"": []}",997.41,"{""good"": []}",,,12.15747796,"{""good"": []}",,,,,17000.0,"{""good"": []}",,"{""good"": []}",,"{""good"": []}",8.0,"{""good"": []}",,"{""good"": []}",,"{""good"": []}",8.0,"{""good"": []}",,,-1.301716872,"{""good"": []}",,,-1.686030605,"{""good"": []}",,,0.0,"{""good"": []}",10.33068352,"{""good"": []}",10.82292375,"{""good"": []}",31844.5,"{""good"": []}",0.0,"{""good"": []}",NSW,"{""good"": []}",92.075,"{""good"": []}",,,15.67882959,"{""good"": []}",14.7375775,"{""good"": []}",14.10589432,"{""good"": []}",206.2761003,"{""good"": []}",9.5559125,"{""good"": []}"
2026-09-30 23:39:00+00:00,Aberporth Automatic Weather Station,-4.57,52.14,0.0,"{""good"": []}",997.41,"{""good"": []}",,,12.14846397,"{""good"": []}",,,,,17000.0,"{""good"": []}",,"{""good"": []}",,"{""good"": []}",8.0,"{""good"": []}",,"{""good"": []}",,"{""good"": []}",8.0,"{""good"": []}",,,-1.308962602,"{""good"": []}",,,-1.661781969,"{""good"": []}",,,0.0,"{""good"": []}",10.30162392,"{""good"": []}",10.79679039,"{""good"": []}",31471.5,"{""good"": []}",0.0,"{""good"": []}",NSW,"{""good"": []}",92.0,"{""good"": []}",,,15.67872965,"{""good"": []}",14.73515601,"{""good"": []}",14.10544398,"{""good"": []}",207.0302472,"{""good"": []}",8.975545833,"{""good"": []}"
2026-09-30 23:40:00+00:00,Aberporth Automatic Weather Station,-4.57,52.14,0.0,"{""good"": []}",997.42,"{""good"": []}",,,12.12222148,"{""good"": []}",,,,,17000.0,"{""good"": []}",,"{""good"": []}",,"{""good"": []}",8.0,"{""good"": []}",,"{""good"": []}",,"{""good"": []}",8.0,"{""good"": []}",,,-1.317523792,"{""good"": []}",,,-1.729200909,"{""good"": []}",,,0.0,"{""good"": []}",10.27981484,"{""good"": []}",10.77257527,"{""good"": []}",31621.5,"{""good"": []}",0.0,"{""good"": []}",NSW,"{""good"": []}",91.95,"{""good"": []}",,,15.67872965,"{""good"": []}",14.73258442,"{""good"": []}",14.10499113,"{""good"": []}",206.1960203,"{""good"": []}",8.7269875,"{""good"": []}"
2026-09-30 23:41:00+00:00,Aberporth Automatic Weather Station,-4.57,52.14,0.0,"{""good"": []}",997.435,"{""good"": []}",,,12.06647117,"{""good"": []}",,,,,17000.0,"{""good"": []}",,"{""good"": []}",,"{""good"": []}",8.0,"{""good"": []}",,"{""good"": []}",,"{""good"": []}",8.0,"{""good"": []}",,,-1.327164663,"{""good"": []}",,,-1.789157117,"{""good"": []}",,,0.0,"{""good"": []}",10.26399708,"{""good"": []}",10.72645538,"{""good"": []}",31390.0,"{""good"": []}",0.0,"{""good"": []}",NSW,"{""good"": []}",91.8,"{""good"": []}",,,15.67887957,"{""good"": []}",14.73016544,"{""good"": []}",14.10473343,"{""good"": []}",207.2209097,"{""good"": []}",9.433916667,"{""good"": []}"
2026-09-30 23:42:00+00:00,Aberporth Automatic Weather Station,-4.57,52.14,0.0,"{""good"": []}",997.44,"{""good"": []}",,,12.02799434,"{""good"": []}",,,,,17000.0,"{""good"": []}",,"{""good"": []}",,"{""good"": []}",8.0,"{""good"": []}",,"{""good"": []}",,"{""good"": []}",8.0,"{""good"": []}",,,-1.336954207,"{""good"": []}",,,-1.809159134,"{""good"": []}",,,0.0,"{""good"": []}",10.21252877,"{""good"": []}",10.66674055,"{""good"": []}",31838.5,"{""good"": []}",0.0,"{""good"": []}",NSW,"{""good"": []}",91.8,"{""good"": []}",,,15.67882959,"{""good"": []}",14.7281467,"{""good"": []}",14.10438316,"{""good"": []}",206.388834,"{""good"": []}",9.130270833,"{""good"": []}"
2026-09-30 23:43:00+00:00,Aberporth Automatic Weather Station,-4.57,52.14,0.0,"{""good"": []}",997.43,"{""good"": []}",,,11.98825835,"{""good"": []}",,,,,17000.0,"{""good"": []}",,"{""good"": []}",,"{""good"": []}",8.0,"{""good"": []}",,"{""good"": []}",,"{""good"": []}",8.0,"{""good"": []}",,,-1.346955661,"{""good"": []}",,,-1.839689798,"{""good"": []}",,,0.0,"{""good"": []}",10.14770369,"{""good"": []}",10.60254486,"{""good"": []}",31783.0,"{""good"": []}",0.0,"{""good"": []}",NSW,"{""good"": []}",91.825,"{""good"": []}",,,15.67862971,"{""good"": []}",14.72516986,"{""good"": []}",14.10383024,"{""good"": []}",204.5889083,"{""good"": []}",9.772504167,"{""good"": []}"
2026-09-30 23:44:00+00:00,Aberporth Automatic Weather Station,-4.57,52.14,0.0,"{""good"": []}",997.44,"{""good"": []}",,,12.01928265,"{""good"": []}",,,,,18000.0,"{""good"": []}",,"{""good"": []}",,"{""good"": []}",8.0,"{""good"": []}",,"{""good"": []}",,"{""good"": []}",8.0,"{""good"": []}",,,-1.357832008,"{""good"": []}",,,-1.807148952,"{""good"": []}",,,0.0,"{""good"": []}",10.10403808,"{""good"": []}",10.5494739,"{""good"": []}",31067.5,"{""good"": []}",0.0,"{""good"": []}",NSW,"{""good"": []}",92.025,"{""good"": []}",,,15.67867968,"{""good"": []}",14.72280091,"{""good"": []}",14.10357504,"{""good"": []}",206.6315407,"{""good"": []}",10.51683333,"{""good"": []}"
2026-09-30 23:45:00+00:00,Aberporth Automatic Weather Station,-4.57,52.14,0.0,"{""good"": []}",997.435,"{""good"": []}",,,12.06742803,"{""good"": []}",,,,,18000.0,"{""good"": []}",,"{""good"": []}",,"{""good"": []}",8.0,"{""good"": []}",,"{""good"": []}",,"{""good"": []}",8.0,"{""good"": []}",,,-1.368355713,"{""good"": []}",,,-1.837779972,"{""good"": []}",,,0.0,"{""good"": []}",10.11733739,"{""good"": []}",10.55622266,"{""good"": []}",31262.5,"{""good"": []}",0.0,"{""good"": []}",NSW,"{""good"": []}",92.175,"{""good"": []}",,,15.67878212,"{""good"": []}",14.72098729,"{""good"": []}",14.10307215,"{""good"": []}",206.6366381,"{""good"": []}",8.561129167,"{""good"": []}"
2026-09-30 23:46:00+00:00,Aberporth Automatic Weather Station,-4.57,52.14,0.0,"{""good"": []}",997.415,"{""good"": []}",,,11.99540858,"{""good"": []}",,,,,18000.0,"{""good"": []}",,"{""good"": []}",,"{""good"": []}",8.0,"{""good"": []}",,"{""good"": []}",,"{""good"": []}",8.0,"{""good"": []}",,,-1.381499881,"{""good"": []}",,,-1.923216113,"{""good"": []}",,,0.0,"{""good"": []}",10.11215058,"{""good"": []}",10.53980533,"{""good"": []}",31022.5,"{""good"": []}",0.0,"{""good"": []}",NSW,"{""good"": []}",91.95,"{""good"": []}",,,15.67822994,"{""good"": []}",14.71861834,"{""good"": []}",14.10251923,"{""good"": []}",202.4045151,"{""good"": []}",9.174933333,"{""good"": []}"
2026-09-30 23:47:00+00:00,Aberporth Automatic Weather Station,-4.57,52.14,0.0,"{""good"": []}",997.42,"{""good"": []}",,,11.88995142,"{""good"": []}",,,,,18000.0,"{""good"": []}",,"{""good"": []}",,"{""good"": []}",8.0,"{""good"": []}",,"{""good"": []}",,"{""good"": []}",8.0,"{""good"": []}",,,-1.394734094,"{""good"": []}",,,-1.953093634,"{""good"": []}",,,0.0,"{""good"": []}",10.04742794,"{""good"": []}",10.46911814,"{""good"": []}",30641.0,"{""good"": []}",0.0,"{""good"": []}",NSW,"{""good"": []}",91.775,"{""good"": []}",,,15.67817746,"{""good"": []}",14.71624688,"{""good"": []}",14.10221399,"{""good"": []}",204.547608,"{""good"": []}",9.3847,"{""good"": []}"
2026-09-30 23:48:00+00:00,Aberporth Automatic Weather Station,-4.57,52.14,0.0,"{""good"": []}",997.41,"{""good"": []}",,,11.84452423,"{""good"": []}",,,,,18000.0,"{""good"": []}",,"{""good"": []}",,"{""good"": []}",8.0,"{""good"": []}",,"{""good"": []}",,"{""good"": []}",8.0,"{""good"": []}",,,-1.407646241,"{""good"": []}",,,-1.951410004,"{""good"": []}",,,0.0,"{""good"": []}",9.96729703,"{""good"": []}",10.37884155,"{""good"": []}",30283.0,"{""good"": []}",0.0,"{""good"": []}",NSW,"{""good"": []}",91.875,"{""good"": []}",,,15.67857974,"{""good"": []}",14.71402801,"{""good"": []}",14.10181119,"{""good"": []}",205.6689765,"{""good"": []}",8.893879167,"{""good"": []}"
2026-09-30 23:49:00+00:00,Aberporth Automatic Weather Station,-4.57,52.14,0.0,"{""good"": []}",997.41,"{""good"": []}",,,11.81349993,"{""good"": []}",,,,,18000.0,"{""good"": []}",,"{""good"": []}",,"{""good"": []}",8.0,"{""good"": []}",,"{""good"": []}",,"{""good"": []}",8.0,"{""good"": []}",,,-1.420828103,"{""good"": []}",,,-1.954475781,"{""good"": []}",,,0.0,"{""good"": []}",9.919852995,"{""good"": []}",10.31333707,"{""good"": []}",30819.5,"{""good"": []}",0.0,"{""good"": []}",NSW,"{""good"": []}",91.95,"{""good"": []}",,,15.67827991,"{""good"": []}",14.71175662,"{""good"": []}",14.10136084,"{""good"": []}",205.7926161,"{""good"": []}",9.747975,"{""good"": []}"
2026-09-30 23:50:00+00:00,Aberporth Automatic Weather Station,-4.57,52.14,0.0,"{""good"": []}",997.4,"{""good"": []}",,,11.85197676,"{""good"": []}",,,,,18000.0,"{""good"": []}",,"{""good"": []}",,"{""good"": []}",8.0,"{""good"": []}",,"{""good"": []}",,"{""good"": []}",8.0,"{""good"": []}",,,-1.434816581,"{""good"": []}",,,-1.970733748,"{""good"": []}",,,0.0,"{""good"": []}",9.911492392,"{""good"": []}",10.29621789,"{""good"": []}",30829.5,"{""good"": []}",0.0,"{""good"": []}",NSW,"{""good"": []}",92.125,"{""good"": []}",,,15.6784773,"{""good"": []}",14.70948772,"{""good"": []}",14.10095302,"{""good"": []}",208.59307,"{""good"": []}",9.373029167,"{""good"": []}"
2026-09-30 23:51:00+00:00,Aberporth Automatic Weather Station,-4.57,52.14,0.0,"{""good"": []}",997.405,"{""good"": []}",,,11.78484405,"{""good"": []}",,,,,18000.0,"{""good"": []}",,"{""good"": []}",,"{""good"": []}",8.0,"{""good"": []}",,"{""good"": []}",,"{""good"": []}",8.0,"{""good"": []}",,,-1.448853639,"{""good"": []}",,,-2.023402531,"{""good"": []}",,,0.0,"{""good"": []}",9.880769311,"{""good"": []}",10.28100943,"{""good"": []}",30641.0,"{""good"": []}",0.0,"{""good"": []}",NSW,"{""good"": []}",92.0,"{""good"": []}",,,15.67847979,"{""good"": []}",14.70681858,"{""good"": []}",14.1004001,"{""good"": []}",202.4160991,"{""good"": []}",8.990691667,"{""good"": []}"
2026-09-30 23:52:00+00:00,Aberporth Automatic Weather Station,-4.57,52.14,0.0,"{""good"": []}",997.39,"{""good"": []}",,,11.67747067,"{""good"": []}",,,,,18000.0,"{""good"": []}",,"{""good"": []}",,"{""good"": []}",8.0,"{""good"": []}",,"{""good"": []}",,"{""good"": []}",8.0,"{""good"": []}",,,-1.464031937,"{""good"": []}",,,-2.063079775,"{""good"": []}",,,0.0,"{""good"": []}",9.815849036,"{""good"": []}",10.22270581,"{""good"": []}",30398.0,"{""good"": []}",0.0,"{""good"": []}",NSW,"{""good"": []}",91.75,"{""good"": []}",,,15.67832738,"{""good"": []}",14.70459471,"{""good"": []}",14.09999229,"{""good"": []}",202.8852084,"{""good"": []}",9.595041667,"{""good"": []}"
2026-09-30 23:53:00+00:00,Aberporth Automatic Weather Station,-4.57,52.14,0.0,"{""good"": []}",997.395,"{""good"": []}",,,11.57749987,"{""good"": []}",,,,,18000.0,"{""good"": []}",,"{""good"": []}",,"{""good"": []}",8.0,"{""good"": []}",,"{""good"": []}",,"{""good"": []}",8.0,"{""good"": []}",,,-1.479420896,"{""good"": []}",,,-2.084288019,"{""good"": []}",,,0.0,"{""good"": []}",9.741157029,"{""good"": []}",10.14577189,"{""good"": []}",30109.0,"{""good"": []}",0.0,"{""good"": []}",NSW,"{""good"": []}",91.8,"{""good"": []}",,,15.67847979,"{""good"": []}",14.70202563,"{""good"": []}",14.09958948,"{""good"": []}",204.8994167,"{""good"": []}",8.4133875,"{""good"": []}"
2026-09-30 23:54:00+00:00,Aberporth Automatic Weather Station,-4.57,52.14,0.0,"{""good"": []}",997.405,"{""good"": []}",,,11.54979835,"{""good"": []}",,,,,18000.0,"{""good"": []}",,"{""good"": []}",,"{""good"": []}",8.0,"{""good"": []}",,"{""good"": []}",,"{""good"": []}",8.0,"{""good"": []}",,,-1.494224775,"{""good"": []}",,,-2.077477817,"{""good"": []}",,,0.0,"{""good"": []}",9.676739944,"{""good"": []}",10.0519186,"{""good"": []}",29858.0,"{""good"": []}",0.0,"{""good"": []}",NSW,"{""good"": []}",92.0,"{""good"": []}",,,15.67852977,"{""good"": []}",14.70005942,"{""good"": []}",14.09888894,"{""good"": []}",206.55034,"{""good"": []}",9.2818875,"{""good"": []}"
2026-09-30 23:55:00+00:00,Aberporth Automatic Weather Station,-4.57,52.14,0.0,"{""good"": []}",997.39,"{""good"": []}",,,11.66774716,"{""good"": []}",,,,,18000.0,"{""good"": []}",,"{""good"": []}",,"{""good"": []}",7.0,"{""good"": []}",,"{""good"": []}",,"{""good"": []}",7.0,"{""good"": []}",,,-1.507991279,"{""good"": []}",,,-2.053958027,"{""good"": []}",,,0.0,"{""good"": []}",9.646369646,"{""good"": []}",10.00675533,"{""good"": []}",30724.5,"{""good"": []}",0.0,"{""good"": []}",NSW,"{""good"": []}",92.525,"{""good"": []}",,,15.67847979,"{""good"": []}",14.697738,"{""good"": []}",14.0983285,"{""good"": []}",202.856223,"{""good"": []}",8.990016667,"{""good"": []}"
2026-09-30 23:56:00+00:00,Aberporth Automatic Weather Station,-4.57,52.14,0.0,"{""good"": []}",997.415,"{""good"": []}",,,11.53882067,"{""good"": []}",,,,,18000.0,"{""good"": []}",,"{""good"": []}",,"{""good"": []}",7.0,"{""good"": []}",,"{""good"": []}",,"{""good"": []}",7.0,"{""good"": []}",,,-1.523810341,"{""good"": []}",,,-2.163818466,"{""good"": []}",,,0.0,"{""good"": []}",9.622798659,"{""good"": []}",10.00000906,"{""good"": []}",30570.5,"{""good"": []}",0.0,"{""good"": []}",NSW,"{""good"": []}",92.3,"{""good"": []}",,,15.67847979,"{""good"": []}",14.69526897,"{""good"": []}",14.09807832,"{""good"": []}",204.6969062,"{""good"": []}",9.034983333,"{""good"": []}"
2026-09-30 23:57:00+00:00,Aberporth Automatic Weather Station,-4.57,52.14,0.0,"{""good"": []}",997.41,"{""good"": []}",,,11.5212449,"{""good"": []}",,,,,18000.0,"{""good"": []}",,"{""good"": []}",,"{""good"": []}",7.0,"{""good"": []}",,"{""good"": []}",,"{""good"": []}",7.0,"{""good"": []}",,,-1.538909067,"{""good"": []}",,,-2.110999269,"{""good"": []}",,,0.0,"{""good"": []}",9.576109909,"{""good"": []}",9.94643656,"{""good"": []}",30472.5,"{""good"": []}",0.0,"{""good"": []}",NSW,"{""good"": []}",92.375,"{""good"": []}",,,15.67887957,"{""good"": []}",14.6931977,"{""good"": []}",14.09757293,"{""good"": []}",204.1732273,"{""good"": []}",9.087770833,"{""good"": []}"
2026-09-30 23:58:00+00:00,Aberporth Automatic Weather Station,-4.57,52.14,0.0,"{""good"": []}",997.425,"{""good"": []}",,,11.47541297,"{""good"": []}",,,,,18000.0,"{""good"": []}",,"{""good"": []}",,"{""good"": []}",6.0,"{""good"": []}",,"{""good"": []}",,"{""good"": []}",6.0,"{""good"": []}",,,-1.555284716,"{""good"": []}",,,-2.125045235,"{""good"": []}",,,0.0,"{""good"": []}",9.549870316,"{""good"": []}",9.891050983,"{""good"": []}",30460.5,"{""good"": []}",0.0,"{""good"": []}",NSW,"{""good"": []}",92.475,"{""good"": []}",,,15.67822994,"{""good"": []}",14.69113143,"{""good"": []}",14.09721766,"{""good"": []}",206.7153381,"{""good"": []}",8.8108875,"{""good"": []}"
2026-09-30 23:59:00+00:00,Aberporth Automatic Weather Station,-4.57,52.14,0.0,"{""good"": []}",997.45,"{""good"": []}",,,11.50905802,"{""good"": []}",,,,,18000.0,"{""good"": []}",,"{""good"": []}",,"{""good"": []}",6.0,"{""good"": []}",,"{""good"": []}",,"{""good"": []}",6.0,"{""good"": []}",,,-1.570807688,"{""good"": []}",,,-2.094766192,"{""good"": []}",,,0.0,"{""good"": []}",9.520556866,"{""good"": []}",9.842010043,"{""good"": []}",30258.0,"{""good"": []}",0.0,"{""good"": []}",NSW,"{""good"": []}",92.75,"{""good"": []}",,,15.67857973,"{""good"": []}",14.68851232,"{""good"": []}",14.09686738,"{""good"": []}",208.0067048,"{""good"": []}",8.443616667,"{""good"": []}"
