timestep,name,longitude,latitude,accumulated_precipitation_1_minute_total,accumulated_precipitation_1_minute_total_qc,air_pressure_near_surface_1_minute_mean,air_pressure_near_surface_1_minute_mean_qc,air_pressure_near_surface_mean_sea_level_1_minute_mean,air_pressure_near_surface_mean_sea_level_1_minute_mean_qc,air_temperature_near_surface_1_minute_mean,air_temperature_near_surface_1_minute_mean_qc,air_temperature_near_surface_secondary_1_minute_mean,air_temperature_near_surface_secondary_1_minute_mean_qc,air_temperature_near_surface_sensor2_1_minute_mean,air_temperature_near_surface_sensor2_1_minute_mean_qc,cloud_base_height_layer1_1_minute_30_minute_rolling_min,cloud_base_height_layer1_1_minute_30_minute_rolling_min_qc,cloud_base_height_layer2_1_minute_30_minute_rolling_min,cloud_base_height_layer2_1_minute_30_minute_rolling_min_qc,cloud_base_height_layer3_1_minute_30_minute_rolling_min,cloud_base_height_layer3_1_minute_30_minute_rolling_min_qc,cloud_cover_layer1_1_minute_30_minute_weighted_mean,cloud_cover_layer1_1_minute_30_minute_weighted_mean_qc,cloud_cover_layer2_1_minute_30_minute_weighted_mean,cloud_cover_layer2_1_minute_30_minute_weighted_mean_qc,cloud_cover_layer3_1_minute_30_minute_weighted_mean,cloud_cover_layer3_1_minute_30_minute_weighted_mean_qc,cloud_cover_total_1_minute_30_minute_weighted_mean,cloud_cover_total_1_minute_30_minute_weighted_mean_qc,dew_point_temperature_1_minute_mean,dew_point_temperature_1_minute_mean_qc,direct_solar_irradiance_1_minute_60_minute_total,direct_solar_irradiance_1_minute_60_minute_total_qc,direct_solar_irradiance_1_minute_binary,direct_solar_irradiance_1_minute_binary_qc,direct_solar_irradiance_1_minute_mean,direct_solar_irradiance_1_minute_mean_qc,direct_solar_irradiance_secondary_1_minute_mean,direct_solar_irradiance_secondary_1_minute_mean_qc,global_radiation_1_minute_mean,global_radiation_1_minute_mean_qc,land_surface_temperature_concrete_1_minute_mean,land_surface_temperature_concrete_1_minute_mean_qc,land_surface_temperature_grass_1_minute_mean,land_surface_temperature_grass_1_minute_mean_qc,meteorological_optical_range_horizontal_1_minute_mean,meteorological_optical_range_horizontal_1_minute_mean_qc,precipitation_intensity_1_minute_rolling_algorithm,precipitation_intensity_1_minute_rolling_algorithm_qc,present_weather_1_minute_10_minute_weighted_mean,present_weather_1_minute_10_minute_weighted_mean_qc,relative_humidity_near_surface_1_minute_mean,relative_humidity_near_surface_1_minute_mean_qc,snow_depth_1_minute_mean,snow_depth_1_minute_mean_qc,soil_temperature_100cm_1_minute_mean,soil_temperature_100cm_1_minute_mean_qc,soil_temperature_10cm_1_minute_mean,soil_temperature_10cm_1_minute_mean_qc,soil_temperature_30cm_1_minute_mean,soil_temperature_30cm_1_minute_mean_qc,wind_direction_near_surface_1_minute_mean,wind_direction_near_surface_1_minute_mean_qc,wind_speed_near_surface_1_minute_mean,wind_speed_near_surface_1_minute_mean_qc
2026-09-30 00:00:00+00:00,Aberdaron Automatic Weather Station,-4.74,52.79,0.0,"{""good"": []}",990.035,"{""good"": []}",,,17.49945462,"{""good"": []}",,,,,2400.0,"{""good"": []}",6000.0,"{""good"": []}",8800.0,"{""good"": []}",1.0,"{""good"": []}",2.0,"{""good"": []}",8.0,"{""good"": []}",8.0,"{""good"": []}",,,-1.018283376,"{""good"": []}",,,0.0,"{""good"": []}",,,0.0,"{""good"": []}",,,16.70699958,"{""good"": []}",4246.5,"{""good"": []}",1.228668942,"{""good"": []}",-RA,"{""good"": []}",92.15,"{""good"": []}",,,15.5740994,"{""good"": []}",,,14.37518911,"{""good"": []}",141.9742851,"{""good"": []}",31.575875,"{""good"": []}"
2026-09-30 00:01:00+00:00,Aberdaron Automatic Weather Station,-4.74,52.79,0.0,"{""good"": []}",990.045,"{""good"": []}",,,17.46337778,"{""good"": []}",,,,,2400.0,"{""good"": []}",6000.0,"{""good"": []}",8800.0,"{""good"": []}",1.0,"{""good"": []}",2.0,"{""good"": []}",8.0,"{""good"": []}",8.0,"{""good"": []}",,,-1.002716723,"{""good"": []}",,,0.0,"{""good"": []}",,,0.0,"{""good"": []}",,,16.71687454,"{""good"": []}",4528.0,"{""good"": []}",1.228668942,"{""good"": []}",-RA,"{""good"": []}",92.2,"{""good"": []}",,,15.57394947,"{""good"": []}",,,14.37544155,"{""good"": []}",141.6139455,"{""good"": []}",29.72545833,"{""good"": []}"
2026-09-30 00:02:00+00:00,Aberdaron Automatic Weather Station,-4.74,52.79,0.2,"{""good"": []}",990.03,"{""good"": []}",,,17.41574422,"{""good"": []}",,,,,1800.0,"{""good"": []}",6000.0,"{""good"": []}",8800.0,"{""good"": []}",1.0,"{""good"": []}",2.0,"{""good"": []}",7.0,"{""good"": []}",8.0,"{""good"": []}",,,-0.986810391,"{""good"": []}",,,0.0,"{""good"": []}",,,0.0,"{""good"": []}",,,16.71515748,"{""good"": []}",4452.0,"{""good"": []}",1.481481481,"{""good"": []}",-RA,"{""good"": []}",92.175,"{""good"": []}",,,15.57404942,"{""good"": []}",,,14.37594395,"{""good"": []}",144.3157419,"{""good"": []}",30.25558333,"{""good"": []}"
2026-09-30 00:03:00+00:00,Aberdaron Automatic Weather Station,-4.74,52.79,0.0,"{""good"": []}",990.06,"{""good"": []}",,,17.40025268,"{""good"": []}",,,,,1700.0,"{""good"": []}",6000.0,"{""good"": []}",8800.0,"{""good"": []}",1.0,"{""good"": []}",2.0,"{""good"": []}",7.0,"{""good"": []}",8.0,"{""good"": []}",,,-0.9702086093,"{""good"": []}",,,0.0,"{""good"": []}",,,0.0,"{""good"": []}",,,16.71128348,"{""good"": []}",4350.0,"{""good"": []}",1.481481481,"{""good"": []}",-RA,"{""good"": []}",92.2,"{""good"": []}",,,15.57389949,"{""good"": []}",,,14.37629888,"{""good"": []}",141.6462848,"{""good"": []}",28.34304167,"{""good"": []}"
2026-09-30 00:04:00+00:00,Aberdaron Automatic Weather Station,-4.74,52.79,0.0,"{""good"": []}",990.065,"{""good"": []}",,,17.38869848,"{""good"": []}",,,,,1700.0,"{""good"": []}",6000.0,"{""good"": []}",8800.0,"{""good"": []}",1.0,"{""good"": []}",2.0,"{""good"": []}",7.0,"{""good"": []}",8.0,"{""good"": []}",,,-0.9492058557,"{""good"": []}",,,0.0,"{""good"": []}",,,0.0,"{""good"": []}",,,16.70287064,"{""good"": []}",4741.0,"{""good"": []}",1.481481481,"{""good"": []}",-RA,"{""good"": []}",92.2,"{""good"": []}",,,15.57379953,"{""good"": []}",,,14.37660132,"{""good"": []}",140.5745018,"{""good"": []}",27.63391667,"{""good"": []}"
2026-09-30 00:05:00+00:00,Aberdaron Automatic Weather Station,-4.74,52.79,0.0,"{""good"": []}",989.995,"{""good"": []}",,,17.36735724,"{""good"": []}",,,,,1700.0,"{""good"": []}",6000.0,"{""good"": []}",8800.0,"{""good"": []}",2.0,"{""good"": []}",2.0,"{""good"": []}",6.0,"{""good"": []}",8.0,"{""good"": []}",,,-0.9315928788,"{""good"": []}",,,0.0,"{""good"": []}",,,0.0,"{""good"": []}",,,16.69143107,"{""good"": []}",4486.5,"{""good"": []}",1.481481481,"{""good"": []}",-RA,"{""good"": []}",92.175,"{""good"": []}",,,15.57384951,"{""good"": []}",,,14.37700123,"{""good"": []}",141.2154181,"{""good"": []}",29.234,"{""good"": []}"
2026-09-30 00:06:00+00:00,Aberdaron Automatic Weather Station,-4.74,52.79,0.0,"{""good"": []}",989.945,"{""good"": []}",,,17.37769996,"{""good"": []}",,,,,1700.0,"{""good"": []}",6000.0,"{""good"": []}",8800.0,"{""good"": []}",2.0,"{""good"": []}",2.0,"{""good"": []}",5.0,"{""good"": []}",8.0,"{""good"": []}",,,-0.9212481313,"{""good"": []}",,,0.0,"{""good"": []}",,,0.0,"{""good"": []}",,,16.70750445,"{""good"": []}",4995.0,"{""good"": []}",1.481481481,"{""good"": []}",-RA,"{""good"": []}",92.2,"{""good"": []}",,,15.57374706,"{""good"": []}",,,14.37730617,"{""good"": []}",142.6546729,"{""good"": []}",28.313375,"{""good"": []}"
2026-09-30 00:07:00+00:00,Aberdaron Automatic Weather Station,-4.74,52.79,0.0,"{""good"": []}",989.99,"{""good"": []}",,,17.35055409,"{""good"": []}",,,,,1700.0,"{""good"": []}",6000.0,"{""good"": []}",8800.0,"{""good"": []}",3.0,"{""good"": []}",2.0,"{""good"": []}",7.0,"{""good"": []}",8.0,"{""good"": []}",,,-0.9137124443,"{""good"": []}",,,0.0,"{""good"": []}",,,0.0,"{""good"": []}",,,16.697527,"{""good"": []}",5427.5,"{""good"": []}",1.481481481,"{""good"": []}",-RA,"{""good"": []}",92.2,"{""good"": []}",,,15.57374956,"{""good"": []}",,,14.37760861,"{""good"": []}",144.258653,"{""good"": []}",27.48270833,"{""good"": []}"
2026-09-30 00:08:00+00:00,Aberdaron Automatic Weather Station,-4.74,52.79,0.0,"{""good"": []}",989.96,"{""good"": []}",,,17.33465955,"{""good"": []}",,,,,1700.0,"{""good"": []}",6000.0,"{""good"": []}",8800.0,"{""good"": []}",4.0,"{""good"": []}",2.0,"{""good"": []}",7.0,"{""good"": []}",8.0,"{""good"": []}",,,-0.8976476254,"{""good"": []}",,,0.0,"{""good"": []}",,,0.0,"{""good"": []}",,,16.69576496,"{""good"": []}",6132.5,"{""good"": []}",1.481481481,"{""good"": []}",-RA,"{""good"": []}",92.2,"{""good"": []}",,,15.57374956,"{""good"": []}",,,14.37801103,"{""good"": []}",142.5393219,"{""good"": []}",26.40366667,"{""good"": []}"
2026-09-30 00:09:00+00:00,Aberdaron Automatic Weather Station,-4.74,52.79,0.0,"{""good"": []}",989.915,"{""good"": []}",,,17.30706062,"{""good"": []}",,,,,1700.0,"{""good"": []}",6000.0,"{""good"": []}",8800.0,"{""good"": []}",5.0,"{""good"": []}",4.0,"{""good"": []}",6.0,"{""good"": []}",8.0,"{""good"": []}",,,-0.8859177431,"{""good"": []}",,,0.0,"{""good"": []}",,,0.0,"{""good"": []}",,,16.67822946,"{""good"": []}",5477.0,"{""good"": []}",1.481481481,"{""good"": []}",-RA,"{""good"": []}",92.225,"{""good"": []}",,,15.57384951,"{""good"": []}",,,14.378161,"{""good"": []}",141.7386744,"{""good"": []}",26.99179167,"{""good"": []}"
2026-09-30 00:10:00+00:00,Aberdaron Automatic Weather Station,-4.74,52.79,0.0,"{""good"": []}",989.925,"{""good"": []}",,,17.3159891,"{""good"": []}",,,,,1700.0,"{""good"": []}",6000.0,"{""good"": []}",8800.0,"{""good"": []}",6.0,"{""good"": []}",3.0,"{""good"": []}",6.0,"{""good"": []}",8.0,"{""good"": []}",,,-0.8743459378,"{""good"": []}",,,0.0,"{""good"": []}",,,0.0,"{""good"": []}",,,16.66800458,"{""good"": []}",5316.5,"{""good"": []}",1.481481481,"{""good"": []}",-RA,"{""good"": []}",92.325,"{""good"": []}",,,15.57359962,"{""good"": []}",,,14.37876337,"{""good"": []}",142.0097176,"{""good"": []}",29.32158333,"{""good"": []}"
2026-09-30 00:11:00+00:00,Aberdaron Automatic Weather Station,-4.74,52.79,0.2,"{""good"": []}",989.94,"{""good"": []}",,,17.33127789,"{""good"": []}",,,,,1700.0,"{""good"": []}",6000.0,"{""good"": []}",8800.0,"{""good"": []}",7.0,"{""good"": []}",3.0,"{""good"": []}",5.0,"{""good"": []}",8.0,"{""good"": []}",,,-0.8611826347,"{""good"": []}",,,0.0,"{""good"": []}",,,0.0,"{""good"": []}",,,16.67732219,"{""good"": []}",4669.0,"{""good"": []}",1.420118343,"{""good"": []}",-RA,"{""good"": []}",92.4,"{""good"": []}",,,15.57359962,"{""good"": []}",,,14.37902082,"{""good"": []}",141.0377375,"{""good"": []}",30.56283333,"{""good"": []}"
2026-09-30 00:12:00+00:00,Aberdaron Automatic Weather Station,-4.74,52.79,0.0,"{""good"": []}",989.895,"{""good"": []}",,,17.36478408,"{""good"": []}",,,,,1700.0,"{""good"": []}",6000.0,"{""good"": []}",8800.0,"{""good"": []}",7.0,"{""good"": []}",3.0,"{""good"": []}",4.0,"{""good"": []}",8.0,"{""good"": []}",,,-0.8550267172,"{""good"": []}",,,0.0,"{""good"": []}",,,0.0,"{""good"": []}",,,16.68684474,"{""good"": []}",4934.5,"{""good"": []}",1.420118343,"{""good"": []}",-RA,"{""good"": []}",92.475,"{""good"": []}",,,15.57349717,"{""good"": []}",,,14.37932076,"{""good"": []}",141.9504438,"{""good"": []}",28.47279167,"{""good"": []}"
2026-09-30 00:13:00+00:00,Aberdaron Automatic Weather Station,-4.74,52.79,0.0,"{""good"": []}",989.905,"{""good"": []}",,,17.3543863,"{""good"": []}",,,,,1700.0,"{""good"": []}",6000.0,"{""good"": []}",8900.0,"{""good"": []}",7.0,"{""good"": []}",3.0,"{""good"": []}",4.0,"{""good"": []}",8.0,"{""good"": []}",,,-0.8581234503,"{""good"": []}",,,0.0,"{""good"": []}",,,0.0,"{""good"": []}",,,16.68513018,"{""good"": []}",4977.0,"{""good"": []}",1.420118343,"{""good"": []}",-RA,"{""good"": []}",92.5,"{""good"": []}",,,15.57359962,"{""good"": []}",,,14.37957071,"{""good"": []}",143.2613213,"{""good"": []}",29.396875,"{""good"": []}"
2026-09-30 00:14:00+00:00,Aberdaron Automatic Weather Station,-4.74,52.79,0.0,"{""good"": []}",989.925,"{""good"": []}",,,17.36175285,"{""good"": []}",,,,,1700.0,"{""good"": []}",,"{""good"": []}",,"{""good"": []}",8.0,"{""good"": []}",,"{""good"": []}",,"{""good"": []}",8.0,"{""good"": []}",,,-0.8600455446,"{""good"": []}",,,0.0,"{""good"": []}",,,0.0,"{""good"": []}",,,16.6913286,"{""good"": []}",4922.0,"{""good"": []}",1.420118343,"{""good"": []}",-RA,"{""good"": []}",92.5,"{""good"": []}",,,15.57339472,"{""good"": []}",,,14.37987315,"{""good"": []}",140.7387784,"{""good"": []}",28.923625,"{""good"": []}"
2026-09-30 00:15:00+00:00,Aberdaron Automatic Weather Station,-4.74,52.79,0.0,"{""good"": []}",989.82,"{""good"": []}",,,17.29908331,"{""good"": []}",,,,,1700.0,"{""good"": []}",,"{""good"": []}",,"{""good"": []}",8.0,"{""good"": []}",,"{""good"": []}",,"{""good"": []}",8.0,"{""good"": []}",,,-0.8599885851,"{""good"": []}",,,0.0,"{""good"": []}",,,0.0,"{""good"": []}",,,16.69767947,"{""good"": []}",5010.0,"{""good"": []}",1.420118343,"{""good"": []}",-RA,"{""good"": []}",92.5,"{""good"": []}",,,15.57349717,"{""good"": []}",,,14.38033055,"{""good"": []}",142.1124466,"{""good"": []}",29.1765,"{""good"": []}"
2026-09-30 00:16:00+00:00,Aberdaron Automatic Weather Station,-4.74,52.79,0.0,"{""good"": []}",989.785,"{""good"": []}",,,17.13262119,"{""good"": []}",,,,,1700.0,"{""good"": []}",,"{""good"": []}",,"{""good"": []}",8.0,"{""good"": []}",,"{""good"": []}",,"{""good"": []}",8.0,"{""good"": []}",,,-0.854694043,"{""good"": []}",,,0.0,"{""good"": []}",,,0.0,"{""good"": []}",,,16.70276816,"{""good"": []}",6013.5,"{""good"": []}",1.420118343,"{""good"": []}",-RA,"{""good"": []}",92.5,"{""good"": []}",,,15.57349717,"{""good"": []}",,,14.38048052,"{""good"": []}",141.493662,"{""good"": []}",30.23741667,"{""good"": []}"
2026-09-30 00:17:00+00:00,Aberdaron Automatic Weather Station,-4.74,52.79,0.0,"{""good"": []}",989.855,"{""good"": []}",,,17.06248498,"{""good"": []}",,,,,1700.0,"{""good"": []}",,"{""good"": []}",,"{""good"": []}",8.0,"{""good"": []}",,"{""good"": []}",,"{""good"": []}",8.0,"{""good"": []}",,,-0.8500627638,"{""good"": []}",,,0.0,"{""good"": []}",,,0.0,"{""good"": []}",,,16.70765441,"{""good"": []}",6593.5,"{""good"": []}",1.420118343,"{""good"": []}",-RA,"{""good"": []}",92.5,"{""good"": []}",,,15.57334224,"{""good"": []}",,,14.38088044,"{""good"": []}",142.199919,"{""good"": []}",28.86929167,"{""good"": []}"
2026-09-30 00:18:00+00:00,Aberdaron Automatic Weather Station,-4.74,52.79,0.0,"{""good"": []}",989.795,"{""good"": []}",,,17.0372039,"{""good"": []}",,,,,1700.0,"{""good"": []}",,"{""good"": []}",,"{""good"": []}",8.0,"{""good"": []}",,"{""good"": []}",,"{""good"": []}",8.0,"{""good"": []}",,,-0.8477894289,"{""good"": []}",,,0.0,"{""good"": []}",,,0.0,"{""good"": []}",,,16.70508507,"{""good"": []}",7411.0,"{""good"": []}",1.420118343,"{""good"": []}",-RA,"{""good"": []}",92.525,"{""good"": []}",,,15.57323979,"{""good"": []}",,,14.3810829,"{""good"": []}",141.8171371,"{""good"": []}",29.53608333,"{""good"": []}"
2026-09-30 00:19:00+00:00,Aberdaron Automatic Weather Station,-4.74,52.79,0.0,"{""good"": []}",989.805,"{""good"": []}",,,17.06490796,"{""good"": []}",,,,,1700.0,"{""good"": []}",,"{""good"": []}",,"{""good"": []}",8.0,"{""good"": []}",,"{""good"": []}",,"{""good"": []}",8.0,"{""good"": []}",,,-0.8372032388,"{""good"": []}",,,0.0,"{""good"": []}",,,0.0,"{""good"": []}",,,16.71813422,"{""good"": []}",8025.0,"{""good"": []}",1.420118343,"{""good"": []}",-RA,"{""good"": []}",92.575,"{""good"": []}",,,15.57308986,"{""good"": []}",,,14.3815403,"{""good"": []}",141.866818,"{""good"": []}",29.426625,"{""good"": []}"
2026-09-30 00:20:00+00:00,Aberdaron Automatic Weather Station,-4.74,52.79,0.0,"{""good"": []}",989.72,"{""good"": []}",,,17.09255694,"{""good"": []}",,,,,1700.0,"{""good"": []}",,"{""good"": []}",,"{""good"": []}",8.0,"{""good"": []}",,"{""good"": []}",,"{""good"": []}",8.0,"{""good"": []}",,,-0.8223869481,"{""good"": []}",,,0.0,"{""good"": []}",,,0.0,"{""good"": []}",,,16.73239306,"{""good"": []}",9391.5,"{""good"": []}",1.420118343,"{""good"": []}",-RA,"{""good"": []}",92.5,"{""good"": []}",,,15.57329227,"{""good"": []}",,,14.38184024,"{""good"": []}",142.75823,"{""good"": []}",30.04079167,"{""good"": []}"
2026-09-30 00:21:00+00:00,Aberdaron Automatic Weather Station,-4.74,52.79,0.0,"{""good"": []}",989.725,"{""good"": []}",,,17.10870679,"{""good"": []}",,,,,1700.0,"{""good"": []}",,"{""good"": []}",,"{""good"": []}",8.0,"{""good"": []}",,"{""good"": []}",,"{""good"": []}",8.0,"{""good"": []}",,,-0.8083515491,"{""good"": []}",,,0.0,"{""good"": []}",,,0.0,"{""good"": []}",,,16.74282039,"{""good"": []}",9361.0,"{""good"": []}",1.420118343,"{""good"": []}",-RA,"{""good"": []}",92.475,"{""good"": []}",,,15.57324229,"{""good"": []}",,,14.38224016,"{""good"": []}",143.2193047,"{""good"": []}",28.975125,"{""good"": []}"
2026-09-30 00:22:00+00:00,Aberdaron Automatic Weather Station,-4.74,52.79,0.0,"{""good"": []}",989.745,"{""good"": []}",,,17.13337962,"{""good"": []}",,,,,1700.0,"{""good"": []}",2900.0,"{""good"": []}",,"{""good"": []}",3.0,"{""good"": []}",7.0,"{""good"": []}",,"{""good"": []}",8.0,"{""good"": []}",,,-0.7920300231,"{""good"": []}",,,0.0,"{""good"": []}",,,0.0,"{""good"": []}",,,16.74730424,"{""good"": []}",9268.5,"{""good"": []}",1.420118343,"{""good"": []}",-RA,"{""good"": []}",92.425,"{""good"": []}",,,15.57314234,"{""good"": []}",,,14.38234264,"{""good"": []}",142.6725406,"{""good"": []}",30.98895833,"{""good"": []}"
2026-09-30 00:23:00+00:00,Aberdaron Automatic Weather Station,-4.74,52.79,0.0,"{""good"": []}",989.655,"{""good"": []}",,,17.14604519,"{""good"": []}",,,,,1700.0,"{""good"": []}",2900.0,"{""good"": []}",,"{""good"": []}",3.0,"{""good"": []}",7.0,"{""good"": []}",,"{""good"": []}",8.0,"{""good"": []}",,,-0.7773614917,"{""good"": []}",,,0.0,"{""good"": []}",,,0.0,"{""good"": []}",,,16.75501476,"{""good"": []}",9984.0,"{""good"": []}",0.9448818898,"{""good"": []}",-RA,"{""good"": []}",92.425,"{""good"": []}",,,15.57298991,"{""good"": []}",,,14.38269507,"{""good"": []}",141.1578633,"{""good"": []}",32.17345833,"{""good"": []}"
2026-09-30 00:24:00+00:00,Aberdaron Automatic Weather Station,-4.74,52.79,0.0,"{""good"": []}",989.72,"{""good"": []}",,,17.17334375,"{""good"": []}",,,,,1700.0,"{""good"": []}",2900.0,"{""good"": []}",,"{""good"": []}",3.0,"{""good"": []}",8.0,"{""good"": []}",,"{""good"": []}",8.0,"{""good"": []}",,,-0.7634660095,"{""good"": []}",,,0.0,"{""good"": []}",,,0.0,"{""good"": []}",,,16.77768644,"{""good"": []}",8527.0,"{""good"": []}",0.8759124088,"{""good"": []}",-RA,"{""good"": []}",92.425,"{""good"": []}",,,15.5727875,"{""good"": []}",,,14.38314997,"{""good"": []}",141.7002822,"{""good"": []}",29.93520833,"{""good"": []}"
2026-09-30 00:25:00+00:00,Aberdaron Automatic Weather Station,-4.74,52.79,0.0,"{""good"": []}",989.675,"{""good"": []}",,,17.19821933,"{""good"": []}",,,,,1700.0,"{""good"": []}",,"{""good"": []}",,"{""good"": []}",8.0,"{""good"": []}",,"{""good"": []}",,"{""good"": []}",8.0,"{""good"": []}",,,-0.7505425125,"{""good"": []}",,,0.0,"{""good"": []}",,,0.0,"{""good"": []}",,,16.77838876,"{""good"": []}",7527.5,"{""good"": []}",0.8163265306,"{""good"": []}",-RA,"{""good"": []}",92.4,"{""good"": []}",,,15.57303988,"{""good"": []}",,,14.38344991,"{""good"": []}",142.8279352,"{""good"": []}",29.91875,"{""good"": []}"
2026-09-30 00:26:00+00:00,Aberdaron Automatic Weather Station,-4.74,52.79,0.0,"{""good"": []}",989.67,"{""good"": []}",,,17.22359803,"{""good"": []}",,,,,1700.0,"{""good"": []}",,"{""good"": []}",,"{""good"": []}",8.0,"{""good"": []}",,"{""good"": []}",,"{""good"": []}",8.0,"{""good"": []}",,,-0.7397218892,"{""good"": []}",,,0.0,"{""good"": []}",,,0.0,"{""good"": []}",,,16.77088319,"{""good"": []}",6176.5,"{""good"": []}",0.7643312102,"{""good"": []}",UP,"{""good"": []}",92.4,"{""good"": []}",,,15.57293993,"{""good"": []}",,,14.38390732,"{""good"": []}",143.2263709,"{""good"": []}",31.35191667,"{""good"": []}"
2026-09-30 00:27:00+00:00,Aberdaron Automatic Weather Station,-4.74,52.79,0.0,"{""good"": []}",989.665,"{""good"": []}",,,17.2666935,"{""good"": []}",,,,,1700.0,"{""good"": []}",,"{""good"": []}",,"{""good"": []}",8.0,"{""good"": []}",,"{""good"": []}",,"{""good"": []}",8.0,"{""good"": []}",,,-0.7243818404,"{""good"": []}",,,0.0,"{""good"": []}",,,0.0,"{""good"": []}",,,16.7755195,"{""good"": []}",6492.5,"{""good"": []}",0.7185628743,"{""good"": []}",UP,"{""good"": []}",92.375,"{""good"": []}",,,15.57274002,"{""good"": []}",,,14.38420976,"{""good"": []}",143.8739478,"{""good"": []}",30.748625,"{""good"": []}"
2026-09-30 00:28:00+00:00,Aberdaron Automatic Weather Station,-4.74,52.79,0.0,"{""good"": []}",989.615,"{""good"": []}",,,17.26977229,"{""good"": []}",,,,,1700.0,"{""good"": []}",,"{""good"": []}",,"{""good"": []}",8.0,"{""good"": []}",,"{""good"": []}",,"{""good"": []}",8.0,"{""good"": []}",,,-0.7073281247,"{""good"": []}",,,0.0,"{""good"": []}",,,0.0,"{""good"": []}",,,16.77229783,"{""good"": []}",8108.5,"{""good"": []}",0.6779661017,"{""good"": []}",UP,"{""good"": []}",92.3,"{""good"": []}",,,15.57279,"{""good"": []}",,,14.38455968,"{""good"": []}",142.9569349,"{""good"": []}",30.71591667,"{""good"": []}"
2026-09-30 00:29:00+00:00,Aberdaron Automatic Weather Station,-4.74,52.79,0.0,"{""good"": []}",989.595,"{""good"": []}",,,17.28934635,"{""good"": []}",,,,,1700.0,"{""good"": []}",,"{""good"": []}",,"{""good"": []}",8.0,"{""good"": []}",,"{""good"": []}",,"{""good"": []}",8.0,"{""good"": []}",,,-0.6916900855,"{""good"": []}",,,0.0,"{""good"": []}",,,0.0,"{""good"": []}",,,16.7825227,"{""good"": []}",8865.0,"{""good"": []}",0.6417112299,"{""good"": []}",UP,"{""good"": []}",92.3,"{""good"": []}",,,15.57264007,"{""good"": []}",,,14.38475964,"{""good"": []}",143.4450068,"{""good"": []}",30.3585,"{""good"": []}"
2026-09-30 00:30:00+00:00,Aberdaron Automatic Weather Station,-4.74,52.79,0.0,"{""good"": []}",989.585,"{""good"": []}",,,17.30513826,"{""good"": []}",,,,,1700.0,"{""good"": []}",,"{""good"": []}",,"{""good"": []}",8.0,"{""good"": []}",,"{""good"": []}",,"{""good"": []}",8.0,"{""good"": []}",,,-0.6820738181,"{""good"": []}",,,0.0,"{""good"": []}",,,0.0,"{""good"": []}",,,16.78549445,"{""good"": []}",8780.5,"{""good"": []}",0.6091370558,"{""good"": []}",UP,"{""good"": []}",92.3,"{""good"": []}",,,15.57253762,"{""good"": []}",,,14.38506458,"{""good"": []}",143.5777096,"{""good"": []}",29.98533333,"{""good"": []}"
2026-09-30 00:31:00+00:00,Aberdaron Automatic Weather Station,-4.74,52.79,0.0,"{""good"": []}",989.53,"{""good"": []}",,,17.34459926,"{""good"": []}",,,,,1700.0,"{""good"": []}",,"{""good"": []}",,"{""good"": []}",8.0,"{""good"": []}",,"{""good"": []}",,"{""good"": []}",8.0,"{""good"": []}",,,-0.6711450599,"{""good"": []}",,,0.0,"{""good"": []}",,,0.0,"{""good"": []}",,,16.79849611,"{""good"": []}",8892.0,"{""good"": []}",0.5797101449,"{""good"": []}",UP,"{""good"": []}",92.3,"{""good"": []}",,,15.57279,"{""good"": []}",,,14.38541951,"{""good"": []}",141.3696291,"{""good"": []}",30.72066667,"{""good"": []}"
2026-09-30 00:32:00+00:00,Aberdaron Automatic Weather Station,-4.74,52.79,0.0,"{""good"": []}",989.595,"{""good"": []}",,,17.352519,"{""good"": []}",,,,,1700.0,"{""good"": []}",,"{""good"": []}",,"{""good"": []}",8.0,"{""good"": []}",,"{""good"": []}",,"{""good"": []}",8.0,"{""good"": []}",,,-0.6616212445,"{""good"": []}",,,0.0,"{""good"": []}",,,0.0,"{""good"": []}",,,16.79920093,"{""good"": []}",8726.5,"{""good"": []}",0.0,"{""good"": []}",UP,"{""good"": []}",92.3,"{""good"": []}",,,15.57249014,"{""good"": []}",,,14.38586941,"{""good"": []}",143.4109366,"{""good"": []}",31.26445833,"{""good"": []}"
2026-09-30 00:33:00+00:00,Aberdaron Automatic Weather Station,-4.74,52.79,0.0,"{""good"": []}",989.585,"{""good"": []}",,,17.3655375,"{""good"": []}",,,,,1700.0,"{""good"": []}",,"{""good"": []}",,"{""good"": []}",8.0,"{""good"": []}",,"{""good"": []}",,"{""good"": []}",8.0,"{""good"": []}",,,-0.6496544613,"{""good"": []}",,,0.0,"{""good"": []}",,,0.0,"{""good"": []}",,,16.80071054,"{""good"": []}",10532.5,"{""good"": []}",0.0,"{""good"": []}",UP,"{""good"": []}",92.3,"{""good"": []}",,,15.57259009,"{""good"": []}",,,14.38611936,"{""good"": []}",142.3501657,"{""good"": []}",30.80370833,"{""good"": []}"
2026-09-30 00:34:00+00:00,Aberdaron Automatic Weather Station,-4.74,52.79,0.0,"{""good"": []}",989.6,"{""good"": []}",,,17.37250107,"{""good"": []}",,,,,1700.0,"{""good"": []}",,"{""good"": []}",,"{""good"": []}",8.0,"{""good"": []}",,"{""good"": []}",,"{""good"": []}",8.0,"{""good"": []}",,,-0.636809796,"{""good"": []}",,,0.0,"{""good"": []}",,,0.0,"{""good"": []}",,,16.79577431,"{""good"": []}",11654.0,"{""good"": []}",0.0,"{""good"": []}",UP,"{""good"": []}",92.225,"{""good"": []}",,,15.57254012,"{""good"": []}",,,14.38637181,"{""good"": []}",143.0395126,"{""good"": []}",29.50616667,"{""good"": []}"
2026-09-30 00:35:00+00:00,Aberdaron Automatic Weather Station,-4.74,52.79,0.0,"{""good"": []}",989.565,"{""good"": []}",,,17.39006266,"{""good"": []}",,,,,1700.0,"{""good"": []}",,"{""good"": []}",,"{""good"": []}",8.0,"{""good"": []}",,"{""good"": []}",,"{""good"": []}",8.0,"{""good"": []}",,,-0.6198477064,"{""good"": []}",,,0.0,"{""good"": []}",,,0.0,"{""good"": []}",,,16.79960332,"{""good"": []}",12829.5,"{""good"": []}",0.0,"{""good"": []}",UP,"{""good"": []}",92.2,"{""good"": []}",,,15.57264007,"{""good"": []}",,,14.38667925,"{""good"": []}",142.6446551,"{""good"": []}",29.74779167,"{""good"": []}"
2026-09-30 00:36:00+00:00,Aberdaron Automatic Weather Station,-4.74,52.79,0.0,"{""good"": []}",989.565,"{""good"": []}",,,17.41352399,"{""good"": []}",,,,,1800.0,"{""good"": []}",,"{""good"": []}",,"{""good"": []}",8.0,"{""good"": []}",,"{""good"": []}",,"{""good"": []}",8.0,"{""good"": []}",,,-0.5987768621,"{""good"": []}",,,0.0,"{""good"": []}",,,0.0,"{""good"": []}",,,16.80348233,"{""good"": []}",13330.0,"{""good"": []}",0.0,"{""good"": []}",UP,"{""good"": []}",92.225,"{""good"": []}",,,15.57254012,"{""good"": []}",,,14.38702918,"{""good"": []}",142.2460232,"{""good"": []}",31.578125,"{""good"": []}"
2026-09-30 00:37:00+00:00,Aberdaron Automatic Weather Station,-4.74,52.79,0.0,"{""good"": []}",989.565,"{""good"": []}",,,17.44884491,"{""good"": []}",,,,,1800.0,"{""good"": []}",,"{""good"": []}",,"{""good"": []}",8.0,"{""good"": []}",,"{""good"": []}",,"{""good"": []}",8.0,"{""good"": []}",,,-0.5810049928,"{""good"": []}",,,0.0,"{""good"": []}",,,0.0,"{""good"": []}",,,16.82257743,"{""good"": []}",14750.5,"{""good"": []}",0.0,"{""good"": []}",UP,"{""good"": []}",92.125,"{""good"": []}",,,15.57244016,"{""good"": []}",,,14.38717915,"{""good"": []}",143.640015,"{""good"": []}",30.12983333,"{""good"": []}"
2026-09-30 00:38:00+00:00,Aberdaron Automatic Weather Station,-4.74,52.79,0.0,"{""good"": []}",989.525,"{""good"": []}",,,17.47760527,"{""good"": []}",,,,,1800.0,"{""good"": []}",,"{""good"": []}",,"{""good"": []}",8.0,"{""good"": []}",,"{""good"": []}",,"{""good"": []}",8.0,"{""good"": []}",,,-0.5600047261,"{""good"": []}",,,0.0,"{""good"": []}",,,0.0,"{""good"": []}",,,16.83239991,"{""good"": []}",14481.5,"{""good"": []}",0.0,"{""good"": []}",UP,"{""good"": []}",92.0,"{""good"": []}",,,15.57233771,"{""good"": []}",,,14.38773403,"{""good"": []}",142.7712525,"{""good"": []}",32.459625,"{""good"": []}"
2026-09-30 00:39:00+00:00,Aberdaron Automatic Weather Station,-4.74,52.79,0.0,"{""good"": []}",989.56,"{""good"": []}",,,17.50445077,"{""good"": []}",,,,,1800.0,"{""good"": []}",,"{""good"": []}",,"{""good"": []}",8.0,"{""good"": []}",,"{""good"": []}",,"{""good"": []}",8.0,"{""good"": []}",,,-0.5383217965,"{""good"": []}",,,0.0,"{""good"": []}",,,0.0,"{""good"": []}",,,16.85240478,"{""good"": []}",14834.5,"{""good"": []}",0.0,"{""good"": []}",UP,"{""good"": []}",91.925,"{""good"": []}",,,15.57218528,"{""good"": []}",,,14.38808896,"{""good"": []}",142.959779,"{""good"": []}",29.27929167,"{""good"": []}"
2026-09-30 00:40:00+00:00,Aberdaron Automatic Weather Station,-4.74,52.79,0.0,"{""good"": []}",989.61,"{""good"": []}",,,17.49354986,"{""good"": []}",,,,,1800.0,"{""good"": []}",,"{""good"": []}",,"{""good"": []}",8.0,"{""good"": []}",,"{""good"": []}",,"{""good"": []}",8.0,"{""good"": []}",,,-0.5211665473,"{""good"": []}",,,0.0,"{""good"": []}",,,0.0,"{""good"": []}",,,16.85124758,"{""good"": []}",14600.5,"{""good"": []}",0.0,"{""good"": []}",UP,"{""good"": []}",91.775,"{""good"": []}",,,15.57223526,"{""good"": []}",,,14.38833891,"{""good"": []}",144.1697717,"{""good"": []}",30.529875,"{""good"": []}"
2026-09-30 00:41:00+00:00,Aberdaron Automatic Weather Station,-4.74,52.79,0.0,"{""good"": []}",989.675,"{""good"": []}",,,17.49153489,"{""good"": []}",,,,,1800.0,"{""good"": []}",,"{""good"": []}",,"{""good"": []}",8.0,"{""good"": []}",,"{""good"": []}",,"{""good"": []}",8.0,"{""good"": []}",,,-0.5114784631,"{""good"": []}",,,0.0,"{""good"": []}",,,0.0,"{""good"": []}",,,16.84832583,"{""good"": []}",12427.5,"{""good"": []}",0.0,"{""good"": []}",UP,"{""good"": []}",91.7,"{""good"": []}",,,15.57223775,"{""good"": []}",,,14.38868884,"{""good"": []}",145.3818236,"{""good"": []}",29.9575,"{""good"": []}"
2026-09-30 00:42:00+00:00,Aberdaron Automatic Weather Station,-4.74,52.79,0.0,"{""good"": []}",989.555,"{""good"": []}",,,17.48558007,"{""good"": []}",,,,,1800.0,"{""good"": []}",,"{""good"": []}",,"{""good"": []}",8.0,"{""good"": []}",,"{""good"": []}",,"{""good"": []}",8.0,"{""good"": []}",,,-0.5054760838,"{""good"": []}",,,0.0,"{""good"": []}",,,0.0,"{""good"": []}",,,16.84147009,"{""good"": []}",11860.5,"{""good"": []}",0.0,"{""good"": []}",UP,"{""good"": []}",91.7,"{""good"": []}",,,15.57229023,"{""good"": []}",,,14.38899627,"{""good"": []}",144.5044689,"{""good"": []}",30.828,"{""good"": []}"
2026-09-30 00:43:00+00:00,Aberdaron Automatic Weather Station,-4.74,52.79,0.0,"{""good"": []}",989.475,"{""good"": []}",,,17.51347937,"{""good"": []}",,,,,1800.0,"{""good"": []}",,"{""good"": []}",,"{""good"": []}",8.0,"{""good"": []}",,"{""good"": []}",,"{""good"": []}",8.0,"{""good"": []}",,,-0.4975214791,"{""good"": []}",,,0.0,"{""good"": []}",,,0.0,"{""good"": []}",,,16.84343708,"{""good"": []}",11731.5,"{""good"": []}",0.0,"{""good"": []}",UP,"{""good"": []}",91.725,"{""good"": []}",,,15.5721353,"{""good"": []}",,,14.38919873,"{""good"": []}",140.8891846,"{""good"": []}",33.89920833,"{""good"": []}"
2026-09-30 00:44:00+00:00,Aberdaron Automatic Weather Station,-4.74,52.79,0.0,"{""good"": []}",989.525,"{""good"": []}",,,17.51222032,"{""good"": []}",,,,,1800.0,"{""good"": []}",,"{""good"": []}",,"{""good"": []}",8.0,"{""good"": []}",,"{""good"": []}",,"{""good"": []}",8.0,"{""good"": []}",,,-0.4888359235,"{""good"": []}",,,0.0,"{""good"": []}",,,0.0,"{""good"": []}",,,16.86308704,"{""good"": []}",14481.5,"{""good"": []}",0.0,"{""good"": []}",UP,"{""good"": []}",91.75,"{""good"": []}",,,15.57203035,"{""good"": []}",,,14.38939869,"{""good"": []}",141.8493712,"{""good"": []}",31.23604167,"{""good"": []}"
2026-09-30 00:45:00+00:00,Aberdaron Automatic Weather Station,-4.74,52.79,0.0,"{""good"": []}",989.565,"{""good"": []}",,,17.5012218,"{""good"": []}",,,,,1900.0,"{""good"": []}",,"{""good"": []}",,"{""good"": []}",8.0,"{""good"": []}",,"{""good"": []}",,"{""good"": []}",8.0,"{""good"": []}",,,-0.4837159685,"{""good"": []}",,,0.0,"{""good"": []}",,,0.0,"{""good"": []}",,,16.86298207,"{""good"": []}",13966.5,"{""good"": []}",0.0,"{""good"": []}",UP,"{""good"": []}",91.7,"{""good"": []}",,,15.57203035,"{""good"": []}",,,14.38979861,"{""good"": []}",142.9758669,"{""good"": []}",31.09270833,"{""good"": []}"
2026-09-30 00:46:00+00:00,Aberdaron Automatic Weather Station,-4.74,52.79,0.0,"{""good"": []}",989.635,"{""good"": []}",,,17.48143998,"{""good"": []}",,,,,1900.0,"{""good"": []}",,"{""good"": []}",,"{""good"": []}",8.0,"{""good"": []}",,"{""good"": []}",,"{""good"": []}",8.0,"{""good"": []}",,,-0.4793863966,"{""good"": []}",,,0.0,"{""good"": []}",,,0.0,"{""good"": []}",,,16.86081763,"{""good"": []}",13666.0,"{""good"": []}",0.0,"{""good"": []}",UP,"{""good"": []}",91.8,"{""good"": []}",,,15.5719304,"{""good"": []}",,,14.39000107,"{""good"": []}",142.3053474,"{""good"": []}",30.12966667,"{""good"": []}"
2026-09-30 00:47:00+00:00,Aberdaron Automatic Weather Station,-4.74,52.79,0.0,"{""good"": []}",989.615,"{""good"": []}",,,17.46907978,"{""good"": []}",,,,,1900.0,"{""good"": []}",,"{""good"": []}",,"{""good"": []}",8.0,"{""good"": []}",,"{""good"": []}",,"{""good"": []}",8.0,"{""good"": []}",,,-0.4761761568,"{""good"": []}",,,0.0,"{""good"": []}",,,0.0,"{""good"": []}",,,16.85210236,"{""good"": []}",13039.5,"{""good"": []}",0.0,"{""good"": []}",UP,"{""good"": []}",91.825,"{""good"": []}",,,15.57198037,"{""good"": []}",,,14.39055845,"{""good"": []}",143.0618616,"{""good"": []}",32.85304167,"{""good"": []}"
2026-09-30 00:48:00+00:00,Aberdaron Automatic Weather Station,-4.74,52.79,0.0,"{""good"": []}",989.605,"{""good"": []}",,,17.49597285,"{""good"": []}",,,,,1900.0,"{""good"": []}",,"{""good"": []}",,"{""good"": []}",8.0,"{""good"": []}",,"{""good"": []}",,"{""good"": []}",8.0,"{""good"": []}",,,-0.4771596965,"{""good"": []}",,,0.0,"{""good"": []}",,,0.0,"{""good"": []}",,,16.8683257,"{""good"": []}",12819.5,"{""good"": []}",0.0,"{""good"": []}",UP,"{""good"": []}",91.9,"{""good"": []}",,,15.57173049,"{""good"": []}",,,14.39065843,"{""good"": []}",142.9204684,"{""good"": []}",31.415125,"{""good"": []}"
2026-09-30 00:49:00+00:00,Aberdaron Automatic Weather Station,-4.74,52.79,0.0,"{""good"": []}",989.575,"{""good"": []}",,,17.47760526,"{""good"": []}",,,,,1900.0,"{""good"": []}",,"{""good"": []}",,"{""good"": []}",8.0,"{""good"": []}",,"{""good"": []}",,"{""good"": []}",8.0,"{""good"": []}",,,-0.4848621155,"{""good"": []}",,,0.0,"{""good"": []}",,,0.0,"{""good"": []}",,,16.84691369,"{""good"": []}",10280.5,"{""good"": []}",0.0,"{""good"": []}",UP,"{""good"": []}",91.9,"{""good"": []}",,,15.57173049,"{""good"": []}",,,14.39115833,"{""good"": []}",142.5867359,"{""good"": []}",29.26770833,"{""good"": []}"
2026-09-30 00:50:00+00:00,Aberdaron Automatic Weather Station,-4.74,52.79,0.0,"{""good"": []}",989.595,"{""good"": []}",,,17.47034134,"{""good"": []}",,,,,1800.0,"{""good"": []}",,"{""good"": []}",,"{""good"": []}",8.0,"{""good"": []}",,"{""good"": []}",,"{""good"": []}",8.0,"{""good"": []}",,,-0.492822491,"{""good"": []}",,,0.0,"{""good"": []}",,,0.0,"{""good"": []}",,,16.82766613,"{""good"": []}",8897.5,"{""good"": []}",0.0,"{""good"": []}",UP,"{""good"": []}",91.95,"{""good"": []}",,,15.57183044,"{""good"": []}",,,14.3913108,"{""good"": []}",143.1936531,"{""good"": []}",29.10666667,"{""good"": []}"
2026-09-30 00:51:00+00:00,Aberdaron Automatic Weather Station,-4.74,52.79,0.0,"{""good"": []}",989.575,"{""good"": []}",,,17.45378849,"{""good"": []}",,,,,1800.0,"{""good"": []}",,"{""good"": []}",,"{""good"": []}",8.0,"{""good"": []}",,"{""good"": []}",,"{""good"": []}",8.0,"{""good"": []}",,,-0.4976254605,"{""good"": []}",,,0.0,"{""good"": []}",,,0.0,"{""good"": []}",,,16.82872336,"{""good"": []}",11411.0,"{""good"": []}",0.0,"{""good"": []}",UP,"{""good"": []}",92.05,"{""good"": []}",,,15.57168051,"{""good"": []}",,,14.39166573,"{""good"": []}",141.4701049,"{""good"": []}",28.86354167,"{""good"": []}"
2026-09-30 00:52:00+00:00,Aberdaron Automatic Weather Station,-4.74,52.79,0.0,"{""good"": []}",989.535,"{""good"": []}",,,17.42921829,"{""good"": []}",,,,,1800.0,"{""good"": []}",,"{""good"": []}",,"{""good"": []}",8.0,"{""good"": []}",,"{""good"": []}",,"{""good"": []}",8.0,"{""good"": []}",,,-0.5043323666,"{""good"": []}",,,0.0,"{""good"": []}",,,0.0,"{""good"": []}",,,16.81159525,"{""good"": []}",10236.5,"{""good"": []}",0.0,"{""good"": []}",UP,"{""good"": []}",92.125,"{""good"": []}",,,15.57168051,"{""good"": []}",,,14.39201815,"{""good"": []}",143.1166646,"{""good"": []}",29.89266667,"{""good"": []}"
2026-09-30 00:53:00+00:00,Aberdaron Automatic Weather Station,-4.74,52.79,0.0,"{""good"": []}",989.55,"{""good"": []}",,,17.44157848,"{""good"": []}",,,,,1800.0,"{""good"": []}",,"{""good"": []}",,"{""good"": []}",8.0,"{""good"": []}",,"{""good"": []}",,"{""good"": []}",8.0,"{""good"": []}",,,-0.5102736545,"{""good"": []}",,,0.0,"{""good"": []}",,,0.0,"{""good"": []}",,,16.81396214,"{""good"": []}",8547.0,"{""good"": []}",0.0,"{""good"": []}",UP,"{""good"": []}",92.2,"{""good"": []}",,,15.57143062,"{""good"": []}",,,14.3922681,"{""good"": []}",142.8478275,"{""good"": []}",30.04595833,"{""good"": []}"
2026-09-30 00:54:00+00:00,Aberdaron Automatic Weather Station,-4.74,52.79,0.0,"{""good"": []}",989.56,"{""good"": []}",,,17.43739334,"{""good"": []}",,,,,1800.0,"{""good"": []}",,"{""good"": []}",,"{""good"": []}",8.0,"{""good"": []}",,"{""good"": []}",,"{""good"": []}",8.0,"{""good"": []}",,,-0.5214781153,"{""good"": []}",,,0.0,"{""good"": []}",,,0.0,"{""good"": []}",,,16.81250002,"{""good"": []}",5755.0,"{""good"": []}",0.0,"{""good"": []}",-RA,"{""good"": []}",92.3,"{""good"": []}",,,15.57138065,"{""good"": []}",,,14.39257054,"{""good"": []}",141.7275447,"{""good"": []}",29.87929167,"{""good"": []}"
2026-09-30 00:55:00+00:00,Aberdaron Automatic Weather Station,-4.74,52.79,0.0,"{""good"": []}",989.61,"{""good"": []}",,,17.43022703,"{""good"": []}",,,,,1800.0,"{""good"": []}",,"{""good"": []}",,"{""good"": []}",8.0,"{""good"": []}",,"{""good"": []}",,"{""good"": []}",8.0,"{""good"": []}",,,-0.5319631848,"{""good"": []}",,,0.0,"{""good"": []}",,,0.0,"{""good"": []}",,,16.7993009,"{""good"": []}",4893.0,"{""good"": []}",0.0,"{""good"": []}",-RA,"{""good"": []}",92.4,"{""good"": []}",,,15.5714806,"{""good"": []}",,,14.3927755,"{""good"": []}",143.5817049,"{""good"": []}",30.21970833,"{""good"": []}"
2026-09-30 00:56:00+00:00,Aberdaron Automatic Weather Station,-4.74,52.79,0.2,"{""good"": []}",989.515,"{""good"": []}",,,17.38784242,"{""good"": []}",,,,,1500.0,"{""good"": []}",,"{""good"": []}",,"{""good"": []}",8.0,"{""good"": []}",,"{""good"": []}",,"{""good"": []}",8.0,"{""good"": []}",,,-0.5450711706,"{""good"": []}",,,0.0,"{""good"": []}",,,0.0,"{""good"": []}",,,16.77743401,"{""good"": []}",3120.0,"{""good"": []}",0.2682563338,"{""good"": []}",-RA,"{""good"": []}",92.5,"{""good"": []}",,,15.5714806,"{""good"": []}",,,14.39322791,"{""good"": []}",143.025129,"{""good"": []}",31.38641667,"{""good"": []}"
2026-09-30 00:57:00+00:00,Aberdaron Automatic Weather Station,-4.74,52.79,0.0,"{""good"": []}",989.54,"{""good"": []}",,,17.34590838,"{""good"": []}",,,,,1500.0,"{""good"": []}",,"{""good"": []}",,"{""good"": []}",8.0,"{""good"": []}",,"{""good"": []}",,"{""good"": []}",8.0,"{""good"": []}",,,-0.5558769319,"{""good"": []}",,,0.0,"{""good"": []}",,,0.0,"{""good"": []}",,,16.75310025,"{""good"": []}",2358.5,"{""good"": []}",0.2682563338,"{""good"": []}",RA,"{""good"": []}",92.65,"{""good"": []}",,,15.57138065,"{""good"": []}",,,14.39317792,"{""good"": []}",142.1410514,"{""good"": []}",28.478125,"{""good"": []}"
2026-09-30 00:58:00+00:00,Aberdaron Automatic Weather Station,-4.74,52.79,0.0,"{""good"": []}",989.58,"{""good"": []}",,,17.32350834,"{""good"": []}",,,,,1400.0,"{""good"": []}",,"{""good"": []}",,"{""good"": []}",8.0,"{""good"": []}",,"{""good"": []}",,"{""good"": []}",8.0,"{""good"": []}",,,-0.5618306044,"{""good"": []}",,,0.0,"{""good"": []}",,,0.0,"{""good"": []}",,,16.74805905,"{""good"": []}",2160.0,"{""good"": []}",0.2682563338,"{""good"": []}",RA,"{""good"": []}",92.925,"{""good"": []}",,,15.57118074,"{""good"": []}",,,14.39358033,"{""good"": []}",143.4791064,"{""good"": []}",28.99916667,"{""good"": []}"
2026-09-30 00:59:00+00:00,Aberdaron Automatic Weather Station,-4.74,52.79,0.0,"{""good"": []}",989.5,"{""good"": []}",,,17.30579407,"{""good"": []}",,,,,1400.0,"{""good"": []}",,"{""good"": []}",,"{""good"": []}",8.0,"{""good"": []}",,"{""good"": []}",,"{""good"": []}",8.0,"{""good"": []}",,,-0.5623217594,"{""good"": []}",,,0.0,"{""good"": []}",,,0.0,"{""good"": []}",,,16.7470543,"{""good"": []}",1808.0,"{""good"": []}",0.2682563338,"{""good"": []}",RA,"{""good"": []}",93.175,"{""good"": []}",,,15.57133067,"{""good"": []}",,,14.39398525,"{""good"": []}",143.5818143,"{""good"": []}",31.65933333,"{""good"": []}"
2026-09-30 01:00:00+00:00,Aberdaron Automatic Weather Station,-4.74,52.79,0.0,"{""good"": []}",989.49,"{""good"": []}",,,17.27713384,"{""good"": []}",,,,,1400.0,"{""good"": []}",,"{""good"": []}",,"{""good"": []}",8.0,"{""good"": []}",,"{""good"": []}",,"{""good"": []}",8.0,"{""good"": []}",,,-0.5640189187,"{""good"": []}",,,0.0,"{""good"": []}",,,0.0,"{""good"": []}",,,16.75617447,"{""good"": []}",2271.0,"{""good"": []}",0.2682563338,"{""good"": []}",RA,"{""good"": []}",93.375,"{""good"": []}",,,15.57102831,"{""good"": []}",,,14.3942377,"{""good"": []}",144.6107736,"{""good"": []}",29.904,"{""good"": []}"
2026-09-30 01:01:00+00:00,Aberdaron Automatic Weather Station,-4.74,52.79,0.2,"{""good"": []}",989.495,"{""good"": []}",,,17.2423686,"{""good"": []}",,,,,1400.0,"{""good"": []}",,"{""good"": []}",,"{""good"": []}",8.0,"{""good"": []}",,"{""good"": []}",,"{""good"": []}",8.0,"{""good"": []}",,,-0.563515387,"{""good"": []}",,,0.0,"{""good"": []}",,,0.0,"{""good"": []}",,,16.74946869,"{""good"": []}",2979.0,"{""good"": []}",2.130177515,"{""good"": []}",RA,"{""good"": []}",93.525,"{""good"": []}",,,15.57143062,"{""good"": []}",,,14.39458763,"{""good"": []}",143.4671348,"{""good"": []}",30.41858333,"{""good"": []}"
2026-09-30 01:02:00+00:00,Aberdaron Automatic Weather Station,-4.74,52.79,0.0,"{""good"": []}",989.5,"{""good"": []}",,,17.23767783,"{""good"": []}",,,,,1400.0,"{""good"": []}",,"{""good"": []}",,"{""good"": []}",8.0,"{""good"": []}",,"{""good"": []}",,"{""good"": []}",8.0,"{""good"": []}",,,-0.558246854,"{""good"": []}",,,0.0,"{""good"": []}",,,0.0,"{""good"": []}",,,16.75516472,"{""good"": []}",3946.0,"{""good"": []}",2.130177515,"{""good"": []}",RA,"{""good"": []}",93.725,"{""good"": []}",,,15.57113077,"{""good"": []}",,,14.39488756,"{""good"": []}",142.2235823,"{""good"": []}",28.10925,"{""good"": []}"
2026-09-30 01:03:00+00:00,Aberdaron Automatic Weather Station,-4.74,52.79,0.0,"{""good"": []}",989.465,"{""good"": []}",,,17.22158055,"{""good"": []}",,,,,1400.0,"{""good"": []}",,"{""good"": []}",,"{""good"": []}",8.0,"{""good"": []}",,"{""good"": []}",,"{""good"": []}",8.0,"{""good"": []}",,,-0.5542462352,"{""good"": []}",,,0.0,"{""good"": []}",,,0.0,"{""good"": []}",,,16.74997356,"{""good"": []}",4433.5,"{""good"": []}",2.130177515,"{""good"": []}",RA,"{""good"": []}",93.85,"{""good"": []}",,,15.57092836,"{""good"": []}",,,14.39498754,"{""good"": []}",143.2312393,"{""good"": []}",31.10583333,"{""good"": []}"
2026-09-30 01:04:00+00:00,Aberdaron Automatic Weather Station,-4.74,52.79,0.0,"{""good"": []}",989.445,"{""good"": []}",,,17.20548576,"{""good"": []}",,,,,1400.0,"{""good"": []}",,"{""good"": []}",,"{""good"": []}",8.0,"{""good"": []}",,"{""good"": []}",,"{""good"": []}",8.0,"{""good"": []}",,,-0.5512848772,"{""good"": []}",,,0.0,"{""good"": []}",,,0.0,"{""good"": []}",,,16.74569215,"{""good"": []}",3836.5,"{""good"": []}",2.130177515,"{""good"": []}",RA,"{""good"": []}",93.975,"{""good"": []}",,,15.57107829,"{""good"": []}",,,14.39533997,"{""good"": []}",143.2283659,"{""good"": []}",29.64308333,"{""good"": []}"
2026-09-30 01:05:00+00:00,Aberdaron Automatic Weather Station,-4.74,52.79,0.0,"{""good"": []}",989.535,"{""good"": []}",,,17.19927813,"{""good"": []}",,,,,1400.0,"{""good"": []}",,"{""good"": []}",,"{""good"": []}",8.0,"{""good"": []}",,"{""good"": []}",,"{""good"": []}",8.0,"{""good"": []}",,,-0.5451165843,"{""good"": []}",,,0.0,"{""good"": []}",,,0.0,"{""good"": []}",,,16.74695433,"{""good"": []}",4739.5,"{""good"": []}",2.130177515,"{""good"": []}",RA,"{""good"": []}",94.1,"{""good"": []}",,,15.57087838,"{""good"": []}",,,14.39574739,"{""good"": []}",144.686209,"{""good"": []}",29.42429167,"{""good"": []}"
2026-09-30 01:06:00+00:00,Aberdaron Automatic Weather Station,-4.74,52.79,0.0,"{""good"": []}",989.445,"{""good"": []}",,,17.18146874,"{""good"": []}",,,,,1400.0,"{""good"": []}",,"{""good"": []}",,"{""good"": []}",8.0,"{""good"": []}",,"{""good"": []}",,"{""good"": []}",8.0,"{""good"": []}",,,-0.5409830658,"{""good"": []}",,,0.0,"{""good"": []}",,,0.0,"{""good"": []}",,,16.74695183,"{""good"": []}",5720.5,"{""good"": []}",2.130177515,"{""good"": []}",RA,"{""good"": []}",94.2,"{""good"": []}",,,15.57098084,"{""good"": []}",,,14.39604733,"{""good"": []}",143.3803582,"{""good"": []}",28.95579167,"{""good"": []}"
2026-09-30 01:07:00+00:00,Aberdaron Automatic Weather Station,-4.74,52.79,0.0,"{""good"": []}",989.44,"{""good"": []}",,,17.17975163,"{""good"": []}",,,,,1400.0,"{""good"": []}",,"{""good"": []}",,"{""good"": []}",8.0,"{""good"": []}",,"{""good"": []}",,"{""good"": []}",8.0,"{""good"": []}",,,-0.5340318192,"{""good"": []}",,,0.0,"{""good"": []}",,,0.0,"{""good"": []}",,,16.73707936,"{""good"": []}",6068.0,"{""good"": []}",2.130177515,"{""good"": []}",RA,"{""good"": []}",94.275,"{""good"": []}",,,15.57082341,"{""good"": []}",,,14.3961973,"{""good"": []}",143.5194523,"{""good"": []}",28.38354167,"{""good"": []}"
2026-09-30 01:08:00+00:00,Aberdaron Automatic Weather Station,-4.74,52.79,0.0,"{""good"": []}",989.36,"{""good"": []}",,,17.14201023,"{""good"": []}",,,,,1400.0,"{""good"": []}",,"{""good"": []}",,"{""good"": []}",8.0,"{""good"": []}",,"{""good"": []}",,"{""good"": []}",8.0,"{""good"": []}",,,-0.5263884198,"{""good"": []}",,,0.0,"{""good"": []}",,,0.0,"{""good"": []}",,,16.74624951,"{""good"": []}",7382.5,"{""good"": []}",2.130177515,"{""good"": []}",RA,"{""good"": []}",94.3,"{""good"": []}",,,15.57067348,"{""good"": []}",,,14.39649974,"{""good"": []}",143.9611461,"{""good"": []}",28.80270833,"{""good"": []}"
2026-09-30 01:09:00+00:00,Aberdaron Automatic Weather Station,-4.74,52.79,0.0,"{""good"": []}",989.355,"{""good"": []}",,,17.10779818,"{""good"": []}",,,,,1400.0,"{""good"": []}",,"{""good"": []}",,"{""good"": []}",8.0,"{""good"": []}",,"{""good"": []}",,"{""good"": []}",8.0,"{""good"": []}",,,-0.5138046064,"{""good"": []}",,,0.0,"{""good"": []}",,,0.0,"{""good"": []}",,,16.75687928,"{""good"": []}",8269.0,"{""good"": []}",2.130177515,"{""good"": []}",RA,"{""good"": []}",94.425,"{""good"": []}",,,15.57077593,"{""good"": []}",,,14.39675718,"{""good"": []}",143.1509166,"{""good"": []}",29.52541667,"{""good"": []}"
2026-09-30 01:10:00+00:00,Aberdaron Automatic Weather Station,-4.74,52.79,0.0,"{""good"": []}",989.32,"{""good"": []}",,,17.08236692,"{""good"": []}",,,,,1400.0,"{""good"": []}",,"{""good"": []}",,"{""good"": []}",8.0,"{""good"": []}",,"{""good"": []}",,"{""good"": []}",8.0,"{""good"": []}",,,-0.5028663596,"{""good"": []}",,,0.0,"{""good"": []}",,,0.0,"{""good"": []}",,,16.76629937,"{""good"": []}",8617.5,"{""good"": []}",1.285714286,"{""good"": []}",RA,"{""good"": []}",94.5,"{""good"": []}",,,15.57072345,"{""good"": []}",,,14.39720709,"{""good"": []}",144.730984,"{""good"": []}",29.84475,"{""good"": []}"
2026-09-30 01:11:00+00:00,Aberdaron Automatic Weather Station,-4.74,52.79,0.0,"{""good"": []}",989.385,"{""good"": []}",,,17.05098083,"{""good"": []}",,,,,1400.0,"{""good"": []}",,"{""good"": []}",,"{""good"": []}",8.0,"{""good"": []}",,"{""good"": []}",,"{""good"": []}",8.0,"{""good"": []}",,,-0.4948655324,"{""good"": []}",,,0.0,"{""good"": []}",,,0.0,"{""good"": []}",,,16.76075579,"{""good"": []}",6580.0,"{""good"": []}",1.161290323,"{""good"": []}",UP,"{""good"": []}",94.55,"{""good"": []}",,,15.57077593,"{""good"": []}",,,14.39745704,"{""good"": []}",143.28747,"{""good"": []}",29.22933333,"{""good"": []}"
2026-09-30 01:12:00+00:00,Aberdaron Automatic Weather Station,-4.74,52.79,0.0,"{""good"": []}",989.385,"{""good"": []}",,,17.02630801,"{""good"": []}",,,,,1400.0,"{""good"": []}",,"{""good"": []}",,"{""good"": []}",8.0,"{""good"": []}",,"{""good"": []}",,"{""good"": []}",8.0,"{""good"": []}",,,-0.4897967598,"{""good"": []}",,,0.0,"{""good"": []}",,,0.0,"{""good"": []}",,,16.75909621,"{""good"": []}",6810.0,"{""good"": []}",1.058823529,"{""good"": []}",UP,"{""good"": []}",94.625,"{""good"": []}",,,15.57057102,"{""good"": []}",,,14.39760951,"{""good"": []}",144.8611512,"{""good"": []}",28.973375,"{""good"": []}"
2026-09-30 01:13:00+00:00,Aberdaron Automatic Weather Station,-4.74,52.79,0.0,"{""good"": []}",989.42,"{""good"": []}",,,17.00011831,"{""good"": []}",,,,,1400.0,"{""good"": []}",,"{""good"": []}",,"{""good"": []}",8.0,"{""good"": []}",,"{""good"": []}",,"{""good"": []}",8.0,"{""good"": []}",,,-0.4864589895,"{""good"": []}",,,0.0,"{""good"": []}",,,0.0,"{""good"": []}",,,16.74624951,"{""good"": []}",4071.5,"{""good"": []}",0.972972973,"{""good"": []}",UP,"{""good"": []}",94.7,"{""good"": []}",,,15.57077843,"{""good"": []}",,,14.39791694,"{""good"": []}",145.5048789,"{""good"": []}",28.56275,"{""good"": []}"
2026-09-30 01:14:00+00:00,Aberdaron Automatic Weather Station,-4.74,52.79,0.0,"{""good"": []}",989.405,"{""good"": []}",,,16.98200605,"{""good"": []}",,,,,1400.0,"{""good"": []}",,"{""good"": []}",,"{""good"": []}",8.0,"{""good"": []}",,"{""good"": []}",,"{""good"": []}",8.0,"{""good"": []}",,,-0.4830035906,"{""good"": []}",,,0.0,"{""good"": []}",,,0.0,"{""good"": []}",,,16.73415511,"{""good"": []}",4350.5,"{""good"": []}",0.9,"{""good"": []}",UP,"{""good"": []}",94.725,"{""good"": []}",,,15.57052105,"{""good"": []}",,,14.39826687,"{""good"": []}",144.5795018,"{""good"": []}",29.49783333,"{""good"": []}"
2026-09-30 01:15:00+00:00,Aberdaron Automatic Weather Station,-4.74,52.79,0.0,"{""good"": []}",989.45,"{""good"": []}",,,16.96560588,"{""good"": []}",,,,,1400.0,"{""good"": []}",,"{""good"": []}",,"{""good"": []}",8.0,"{""good"": []}",,"{""good"": []}",,"{""good"": []}",8.0,"{""good"": []}",,,-0.479928731,"{""good"": []}",,,0.0,"{""good"": []}",,,0.0,"{""good"": []}",,,16.73178822,"{""good"": []}",7306.5,"{""good"": []}",0.0,"{""good"": []}",UP,"{""good"": []}",94.825,"{""good"": []}",,,15.570621,"{""good"": []}",,,14.39846683,"{""good"": []}",146.6049956,"{""good"": []}",26.05870833,"{""good"": []}"
2026-09-30 01:16:00+00:00,Aberdaron Automatic Weather Station,-4.74,52.79,0.0,"{""good"": []}",989.42,"{""good"": []}",,,16.96908516,"{""good"": []}",,,,,1300.0,"{""good"": []}",,"{""good"": []}",,"{""good"": []}",8.0,"{""good"": []}",,"{""good"": []}",,"{""good"": []}",8.0,"{""good"": []}",,,-0.4759755761,"{""good"": []}",,,0.0,"{""good"": []}",,,0.0,"{""good"": []}",,,16.71924144,"{""good"": []}",6108.5,"{""good"": []}",0.0,"{""good"": []}",-RA,"{""good"": []}",94.8,"{""good"": []}",,,15.57047107,"{""good"": []}",,,14.39886675,"{""good"": []}",144.3343837,"{""good"": []}",27.925625,"{""good"": []}"
2026-09-30 01:17:00+00:00,Aberdaron Automatic Weather Station,-4.74,52.79,0.0,"{""good"": []}",989.42,"{""good"": []}",,,16.98185336,"{""good"": []}",,,,,1200.0,"{""good"": []}",,"{""good"": []}",,"{""good"": []}",8.0,"{""good"": []}",,"{""good"": []}",,"{""good"": []}",8.0,"{""good"": []}",,,-0.4733497705,"{""good"": []}",,,0.0,"{""good"": []}",,,0.0,"{""good"": []}",,,16.71969632,"{""good"": []}",4580.0,"{""good"": []}",0.0,"{""good"": []}",-RA,"{""good"": []}",94.85,"{""good"": []}",,,15.57047107,"{""good"": []}",,,14.39912169,"{""good"": []}",145.6133221,"{""good"": []}",26.40791667,"{""good"": []}"
2026-09-30 01:18:00+00:00,Aberdaron Automatic Weather Station,-4.74,52.79,0.0,"{""good"": []}",989.375,"{""good"": []}",,,17.00642607,"{""good"": []}",,,,,1200.0,"{""good"": []}",,"{""good"": []}",,"{""good"": []}",8.0,"{""good"": []}",,"{""good"": []}",,"{""good"": []}",8.0,"{""good"": []}",,,-0.4698180152,"{""good"": []}",,,0.0,"{""good"": []}",,,0.0,"{""good"": []}",,,16.71909147,"{""good"": []}",4760.0,"{""good"": []}",0.0,"{""good"": []}",-RA,"{""good"": []}",94.9,"{""good"": []}",,,15.57032114,"{""good"": []}",,,14.39947662,"{""good"": []}",146.290814,"{""good"": []}",27.93695833,"{""good"": []}"
2026-09-30 01:19:00+00:00,Aberdaron Automatic Weather Station,-4.74,52.79,0.0,"{""good"": []}",989.365,"{""good"": []}",,,17.04426758,"{""good"": []}",,,,,1100.0,"{""good"": []}",,"{""good"": []}",,"{""good"": []}",8.0,"{""good"": []}",,"{""good"": []}",,"{""good"": []}",8.0,"{""good"": []}",,,-0.4687168443,"{""good"": []}",,,0.0,"{""good"": []}",,,0.0,"{""good"": []}",,,16.73183821,"{""good"": []}",5682.0,"{""good"": []}",0.0,"{""good"": []}",-RA,"{""good"": []}",95.0,"{""good"": []}",,,15.57022118,"{""good"": []}",,,14.39972657,"{""good"": []}",144.9525207,"{""good"": []}",28.53,"{""good"": []}"
2026-09-30 01:20:00+00:00,Aberdaron Automatic Weather Station,-4.74,52.79,0.0,"{""good"": []}",989.355,"{""good"": []}",,,17.05300082,"{""good"": []}",,,,,1100.0,"{""good"": []}",,"{""good"": []}",,"{""good"": []}",8.0,"{""good"": []}",,"{""good"": []}",,"{""good"": []}",8.0,"{""good"": []}",,,-0.4682867774,"{""good"": []}",,,0.0,"{""good"": []}",,,0.0,"{""good"": []}",,,16.74226553,"{""good"": []}",6665.5,"{""good"": []}",0.0,"{""good"": []}",-RA,"{""good"": []}",95.075,"{""good"": []}",,,15.57002128,"{""good"": []}",,,14.4000765,"{""good"": []}",145.2167667,"{""good"": []}",28.24425,"{""good"": []}"
2026-09-30 01:21:00+00:00,Aberdaron Automatic Weather Station,-4.74,52.79,0.0,"{""good"": []}",989.36,"{""good"": []}",,,17.06646987,"{""good"": []}",,,,,1100.0,"{""good"": []}",,"{""good"": []}",,"{""good"": []}",8.0,"{""good"": []}",,"{""good"": []}",,"{""good"": []}",8.0,"{""good"": []}",,,-0.4671286494,"{""good"": []}",,,0.0,"{""good"": []}",,,0.0,"{""good"": []}",,,16.75406001,"{""good"": []}",7704.5,"{""good"": []}",0.0,"{""good"": []}",-RA,"{""good"": []}",95.1,"{""good"": []}",,,15.57022118,"{""good"": []}",,,14.40022647,"{""good"": []}",146.0245674,"{""good"": []}",29.171625,"{""good"": []}"
2026-09-30 01:22:00+00:00,Aberdaron Automatic Weather Station,-4.74,52.79,0.0,"{""good"": []}",989.33,"{""good"": []}",,,17.09508255,"{""good"": []}",,,,,1100.0,"{""good"": []}",,"{""good"": []}",,"{""good"": []}",8.0,"{""good"": []}",,"{""good"": []}",,"{""good"": []}",8.0,"{""good"": []}",,,-0.4644731263,"{""good"": []}",,,0.0,"{""good"": []}",,,0.0,"{""good"": []}",,,16.77103815,"{""good"": []}",8566.5,"{""good"": []}",0.0,"{""good"": []}",-RA,"{""good"": []}",95.175,"{""good"": []}",,,15.57012123,"{""good"": []}",,,14.40073637,"{""good"": []}",146.6274378,"{""good"": []}",28.73091667,"{""good"": []}"
2026-09-30 01:23:00+00:00,Aberdaron Automatic Weather Station,-4.74,52.79,0.0,"{""good"": []}",989.38,"{""good"": []}",,,17.09790852,"{""good"": []}",,,,,1100.0,"{""good"": []}",,"{""good"": []}",,"{""good"": []}",8.0,"{""good"": []}",,"{""good"": []}",,"{""good"": []}",8.0,"{""good"": []}",,,-0.4637706553,"{""good"": []}",,,0.0,"{""good"": []}",,,0.0,"{""good"": []}",,,16.77481718,"{""good"": []}",9982.0,"{""good"": []}",0.0,"{""good"": []}",-RA,"{""good"": []}",95.125,"{""good"": []}",,,15.57007125,"{""good"": []}",,,14.40093632,"{""good"": []}",146.4510463,"{""good"": []}",27.44408333,"{""good"": []}"
2026-09-30 01:24:00+00:00,Aberdaron Automatic Weather Station,-4.74,52.79,0.0,"{""good"": []}",989.44,"{""good"": []}",,,17.09502998,"{""good"": []}",,,,,1100.0,"{""good"": []}",,"{""good"": []}",,"{""good"": []}",8.0,"{""good"": []}",,"{""good"": []}",,"{""good"": []}",8.0,"{""good"": []}",,,-0.4610862418,"{""good"": []}",,,0.0,"{""good"": []}",,,0.0,"{""good"": []}",,,16.76463729,"{""good"": []}",9044.0,"{""good"": []}",0.0,"{""good"": []}",-RA,"{""good"": []}",95.125,"{""good"": []}",,,15.57002128,"{""good"": []}",,,14.40118627,"{""good"": []}",145.498505,"{""good"": []}",28.27879167,"{""good"": []}"
2026-09-30 01:25:00+00:00,Aberdaron Automatic Weather Station,-4.74,52.79,0.0,"{""good"": []}",989.385,"{""good"": []}",,,17.09679716,"{""good"": []}",,,,,1100.0,"{""good"": []}",,"{""good"": []}",,"{""good"": []}",8.0,"{""good"": []}",,"{""good"": []}",,"{""good"": []}",8.0,"{""good"": []}",,,-0.4580848492,"{""good"": []}",,,0.0,"{""good"": []}",,,0.0,"{""good"": []}",,,16.75224297,"{""good"": []}",6296.0,"{""good"": []}",0.0,"{""good"": []}",-RA,"{""good"": []}",95.025,"{""good"": []}",,,15.5699713,"{""good"": []}",,,14.40143872,"{""good"": []}",147.7692812,"{""good"": []}",24.811125,"{""good"": []}"
2026-09-30 01:26:00+00:00,Aberdaron Automatic Weather Station,-4.74,52.79,0.0,"{""good"": []}",989.39,"{""good"": []}",,,17.10593088,"{""good"": []}",,,,,1100.0,"{""good"": []}",,"{""good"": []}",,"{""good"": []}",8.0,"{""good"": []}",,"{""good"": []}",,"{""good"": []}",8.0,"{""good"": []}",,,-0.4525364821,"{""good"": []}",,,0.0,"{""good"": []}",,,0.0,"{""good"": []}",,,16.74363018,"{""good"": []}",5225.5,"{""good"": []}",0.0,"{""good"": []}",-RA,"{""good"": []}",95.0,"{""good"": []}",,,15.5699713,"{""good"": []}",,,14.40194612,"{""good"": []}",149.7486696,"{""good"": []}",24.01929167,"{""good"": []}"
2026-09-30 01:27:00+00:00,Aberdaron Automatic Weather Station,-4.74,52.79,0.0,"{""good"": []}",989.355,"{""good"": []}",,,17.13676128,"{""good"": []}",,,,,1100.0,"{""good"": []}",,"{""good"": []}",,"{""good"": []}",8.0,"{""good"": []}",,"{""good"": []}",,"{""good"": []}",8.0,"{""good"": []}",,,-0.4459245017,"{""good"": []}",,,0.0,"{""good"": []}",,,0.0,"{""good"": []}",,,16.75556961,"{""good"": []}",5785.5,"{""good"": []}",0.0,"{""good"": []}",-RA,"{""good"": []}",95.075,"{""good"": []}",,,15.56987135,"{""good"": []}",,,14.40214608,"{""good"": []}",147.0141214,"{""good"": []}",26.01933333,"{""good"": []}"
2026-09-30 01:28:00+00:00,Aberdaron Automatic Weather Station,-4.74,52.79,0.0,"{""good"": []}",989.405,"{""good"": []}",,,17.13989013,"{""good"": []}",,,,,1100.0,"{""good"": []}",,"{""good"": []}",,"{""good"": []}",8.0,"{""good"": []}",,"{""good"": []}",,"{""good"": []}",8.0,"{""good"": []}",,,-0.4416048402,"{""good"": []}",,,0.0,"{""good"": []}",,,0.0,"{""good"": []}",,,16.76463979,"{""good"": []}",8219.0,"{""good"": []}",0.0,"{""good"": []}",-RA,"{""good"": []}",95.025,"{""good"": []}",,,15.56987135,"{""good"": []}",,,14.40229604,"{""good"": []}",147.9265837,"{""good"": []}",25.14945833,"{""good"": []}"
2026-09-30 01:29:00+00:00,Aberdaron Automatic Weather Station,-4.74,52.79,0.0,"{""good"": []}",989.415,"{""good"": []}",,,17.13600535,"{""good"": []}",,,,,1000.0,"{""good"": []}",,"{""good"": []}",,"{""good"": []}",8.0,"{""good"": []}",,"{""good"": []}",,"{""good"": []}",8.0,"{""good"": []}",,,-0.4394912359,"{""good"": []}",,,0.0,"{""good"": []}",,,0.0,"{""good"": []}",,,16.75763409,"{""good"": []}",8503.0,"{""good"": []}",0.0,"{""good"": []}",-RA,"{""good"": []}",95.0,"{""good"": []}",,,15.5697689,"{""good"": []}",,,14.40274595,"{""good"": []}",148.1843626,"{""good"": []}",24.64445833,"{""good"": []}"
2026-09-30 01:30:00+00:00,Aberdaron Automatic Weather Station,-4.74,52.79,0.2,"{""good"": []}",989.55,"{""good"": []}",,,17.12485414,"{""good"": []}",,,,,900.0,"{""good"": []}",,"{""good"": []}",,"{""good"": []}",8.0,"{""good"": []}",,"{""good"": []}",,"{""good"": []}",8.0,"{""good"": []}",,,-0.4383017412,"{""good"": []}",,,0.0,"{""good"": []}",,,0.0,"{""good"": []}",,,16.75042843,"{""good"": []}",6778.0,"{""good"": []}",0.4102564103,"{""good"": []}",UP,"{""good"": []}",95.0,"{""good"": []}",,,15.56987135,"{""good"": []}",,,14.40310588,"{""good"": []}",155.6340794,"{""good"": []}",20.18495833,"{""good"": []}"
2026-09-30 01:31:00+00:00,Aberdaron Automatic Weather Station,-4.74,52.79,0.2,"{""good"": []}",989.66,"{""good"": []}",,,17.0760116,"{""good"": []}",,,,,700.0,"{""good"": []}",,"{""good"": []}",,"{""good"": []}",8.0,"{""good"": []}",,"{""good"": []}",,"{""good"": []}",8.0,"{""good"": []}",,,-0.4451147263,"{""good"": []}",,,0.0,"{""good"": []}",,,0.0,"{""good"": []}",,,16.71309551,"{""good"": []}",1349.0,"{""good"": []}",24.0,"{""good"": []}",RA,"{""good"": []}",94.925,"{""good"": []}",,,15.56987135,"{""good"": []}",,,14.40320336,"{""good"": []}",168.1776326,"{""good"": []}",20.06520833,"{""good"": []}"
2026-09-30 01:32:00+00:00,Aberdaron Automatic Weather Station,-4.74,52.79,0.2,"{""good"": []}",989.74,"{""good"": []}",,,16.52182287,"{""good"": []}",,,,,400.0,"{""good"": []}",,"{""good"": []}",,"{""good"": []}",8.0,"{""good"": []}",,"{""good"": []}",,"{""good"": []}",8.0,"{""good"": []}",,,-0.5066552789,"{""good"": []}",,,0.0,"{""good"": []}",,,0.0,"{""good"": []}",,,16.48355189,"{""good"": []}",1010.5,"{""good"": []}",10.43478261,"{""good"": []}",+RA,"{""good"": []}",94.125,"{""good"": []}",,,15.56971892,"{""good"": []}",,,14.40335583,"{""good"": []}",185.6400064,"{""good"": []}",28.87895833,"{""good"": []}"
2026-09-30 01:33:00+00:00,Aberdaron Automatic Weather Station,-4.74,52.79,0.0,"{""good"": []}",989.71,"{""good"": []}",,,15.78962531,"{""good"": []}",,,,,300.0,"{""good"": []}",,"{""good"": []}",,"{""good"": []}",8.0,"{""good"": []}",,"{""good"": []}",,"{""good"": []}",8.0,"{""good"": []}",,,-0.5934443487,"{""good"": []}",,,0.0,"{""good"": []}",,,0.0,"{""good"": []}",,,15.72850303,"{""good"": []}",1667.5,"{""good"": []}",10.43478261,"{""good"": []}",+RA,"{""good"": []}",92.625,"{""good"": []}",,,15.56951402,"{""good"": []}",,,14.40370576,"{""good"": []}",200.498325,"{""good"": []}",28.73270833,"{""good"": []}"
2026-09-30 01:34:00+00:00,Aberdaron Automatic Weather Station,-4.74,52.79,0.0,"{""good"": []}",989.775,"{""good"": []}",,,15.39317547,"{""good"": []}",,,,,300.0,"{""good"": []}",,"{""good"": []}",,"{""good"": []}",8.0,"{""good"": []}",,"{""good"": []}",,"{""good"": []}",8.0,"{""good"": []}",,,-0.6682534268,"{""good"": []}",,,0.0,"{""good"": []}",,,0.0,"{""good"": []}",,,15.32775332,"{""good"": []}",1675.5,"{""good"": []}",4.931506849,"{""good"": []}",+RA,"{""good"": []}",92.35,"{""good"": []}",,,15.56961647,"{""good"": []}",,,14.40405818,"{""good"": []}",218.9233673,"{""good"": []}",28.97095833,"{""good"": []}"
2026-09-30 01:35:00+00:00,Aberdaron Automatic Weather Station,-4.74,52.79,0.0,"{""good"": []}",989.835,"{""good"": []}",,,15.13488045,"{""good"": []}",,,,,300.0,"{""good"": []}",,"{""good"": []}",,"{""good"": []}",8.0,"{""good"": []}",,"{""good"": []}",,"{""good"": []}",8.0,"{""good"": []}",,,-0.7203064815,"{""good"": []}",,,0.0,"{""good"": []}",,,0.0,"{""good"": []}",,,15.02318893,"{""good"": []}",1982.5,"{""good"": []}",0.0,"{""good"": []}",+RA,"{""good"": []}",92.475,"{""good"": []}",,,15.56961897,"{""good"": []}",,,14.40431313,"{""good"": []}",232.9637147,"{""good"": []}",26.36475,"{""good"": []}"
2026-09-30 01:36:00+00:00,Aberdaron Automatic Weather Station,-4.74,52.79,0.0,"{""good"": []}",989.915,"{""good"": []}",,,14.92588105,"{""good"": []}",,,,,300.0,"{""good"": []}",,"{""good"": []}",,"{""good"": []}",8.0,"{""good"": []}",,"{""good"": []}",,"{""good"": []}",8.0,"{""good"": []}",,,-0.7597451793,"{""good"": []}",,,0.0,"{""good"": []}",,,0.0,"{""good"": []}",,,14.79515492,"{""good"": []}",2410.5,"{""good"": []}",0.0,"{""good"": []}",+RA,"{""good"": []}",92.825,"{""good"": []}",,,15.56941156,"{""good"": []}",,,14.40476554,"{""good"": []}",227.6930944,"{""good"": []}",24.612125,"{""good"": []}"
2026-09-30 01:37:00+00:00,Aberdaron Automatic Weather Station,-4.74,52.79,0.0,"{""good"": []}",989.99,"{""good"": []}",,,14.93173574,"{""good"": []}",,,,,300.0,"{""good"": []}",,"{""good"": []}",,"{""good"": []}",8.0,"{""good"": []}",,"{""good"": []}",,"{""good"": []}",8.0,"{""good"": []}",,,-0.7767489516,"{""good"": []}",,,0.0,"{""good"": []}",,,0.0,"{""good"": []}",,,14.72355828,"{""good"": []}",2936.0,"{""good"": []}",0.0,"{""good"": []}",+RA,"{""good"": []}",93.6,"{""good"": []}",,,15.56951402,"{""good"": []}",,,14.40486552,"{""good"": []}",223.1385239,"{""good"": []}",25.42958333,"{""good"": []}"
2026-09-30 01:38:00+00:00,Aberdaron Automatic Weather Station,-4.74,52.79,0.0,"{""good"": []}",989.945,"{""good"": []}",,,14.86139677,"{""good"": []}",,,,,300.0,"{""good"": []}",,"{""good"": []}",,"{""good"": []}",8.0,"{""good"": []}",,"{""good"": []}",,"{""good"": []}",8.0,"{""good"": []}",,,-0.7913943669,"{""good"": []}",,,0.0,"{""good"": []}",,,0.0,"{""good"": []}",,,14.67382854,"{""good"": []}",3225.5,"{""good"": []}",0.0,"{""good"": []}",+RA,"{""good"": []}",93.975,"{""good"": []}",,,15.56941156,"{""good"": []}",,,14.40516796,"{""good"": []}",228.1104506,"{""good"": []}",25.24954167,"{""good"": []}"
2026-09-30 01:39:00+00:00,Aberdaron Automatic Weather Station,-4.74,52.79,0.0,"{""good"": []}",990.01,"{""good"": []}",,,14.85468352,"{""good"": []}",,,,,300.0,"{""good"": []}",,"{""good"": []}",,"{""good"": []}",8.0,"{""good"": []}",,"{""good"": []}",,"{""good"": []}",8.0,"{""good"": []}",,,-0.7999759097,"{""good"": []}",,,0.0,"{""good"": []}",,,0.0,"{""good"": []}",,,14.64878746,"{""good"": []}",3166.5,"{""good"": []}",0.0,"{""good"": []}",+RA,"{""good"": []}",94.375,"{""good"": []}",,,15.56926163,"{""good"": []}",,,14.4054704,"{""good"": []}",221.6209246,"{""good"": []}",24.08245833,"{""good"": []}"
2026-09-30 01:40:00+00:00,Aberdaron Automatic Weather Station,-4.74,52.79,0.2,"{""good"": []}",990.055,"{""good"": []}",,,14.87093099,"{""good"": []}",,,,,300.0,"{""good"": []}",,"{""good"": []}",,"{""good"": []}",8.0,"{""good"": []}",,"{""good"": []}",,"{""good"": []}",8.0,"{""good"": []}",,,-0.8020044916,"{""good"": []}",,,0.0,"{""good"": []}",,,0.0,"{""good"": []}",,,14.65181418,"{""good"": []}",2815.0,"{""good"": []}",1.585903084,"{""good"": []}",+RA,"{""good"": []}",94.775,"{""good"": []}",,,15.56931161,"{""good"": []}",,,14.40557287,"{""good"": []}",218.7168349,"{""good"": []}",26.04095833,"{""good"": []}"
2026-09-30 01:41:00+00:00,Aberdaron Automatic Weather Station,-4.74,52.79,0.0,"{""good"": []}",990.13,"{""good"": []}",,,14.88127621,"{""good"": []}",,,,,300.0,"{""good"": []}",,"{""good"": []}",,"{""good"": []}",8.0,"{""good"": []}",,"{""good"": []}",,"{""good"": []}",8.0,"{""good"": []}",,,-0.7983910138,"{""good"": []}",,,0.0,"{""good"": []}",,,0.0,"{""good"": []}",,,14.67332616,"{""good"": []}",3122.0,"{""good"": []}",1.585903084,"{""good"": []}",+RA,"{""good"": []}",95.05,"{""good"": []}",,,15.56936408,"{""good"": []}",,,14.40587531,"{""good"": []}",216.3921178,"{""good"": []}",25.63204167,"{""good"": []}"
2026-09-30 01:42:00+00:00,Aberdaron Automatic Weather Station,-4.74,52.79,0.0,"{""good"": []}",990.15,"{""good"": []}",,,14.86104134,"{""good"": []}",,,,,200.0,"{""good"": []}",,"{""good"": []}",,"{""good"": []}",8.0,"{""good"": []}",,"{""good"": []}",,"{""good"": []}",8.0,"{""good"": []}",,,-0.7936652203,"{""good"": []}",,,0.0,"{""good"": []}",,,0.0,"{""good"": []}",,,14.6704544,"{""good"": []}",2748.0,"{""good"": []}",1.585903084,"{""good"": []}",+RA,"{""good"": []}",95.25,"{""good"": []}",,,15.56926163,"{""good"": []}",,,14.40612526,"{""good"": []}",216.5786952,"{""good"": []}",25.48966667,"{""good"": []}"
2026-09-30 01:43:00+00:00,Aberdaron Automatic Weather Station,-4.74,52.79,0.0,"{""good"": []}",990.18,"{""good"": []}",,,14.84176765,"{""good"": []}",,,,,200.0,"{""good"": []}",,"{""good"": []}",,"{""good"": []}",8.0,"{""good"": []}",,"{""good"": []}",,"{""good"": []}",8.0,"{""good"": []}",,,-0.7898730273,"{""good"": []}",,,0.0,"{""good"": []}",,,0.0,"{""good"": []}",,,14.66521574,"{""good"": []}",2394.5,"{""good"": []}",1.585903084,"{""good"": []}",+RA,"{""good"": []}",95.4,"{""good"": []}",,,15.56916168,"{""good"": []}",,,14.40647519,"{""good"": []}",214.3517161,"{""good"": []}",23.311375,"{""good"": []}"
2026-09-30 01:44:00+00:00,Aberdaron Automatic Weather Station,-4.74,52.79,0.0,"{""good"": []}",990.135,"{""good"": []}",,,14.82889933,"{""good"": []}",,,,,200.0,"{""good"": []}",,"{""good"": []}",,"{""good"": []}",8.0,"{""good"": []}",,"{""good"": []}",,"{""good"": []}",8.0,"{""good"": []}",,,-0.7863392054,"{""good"": []}",,,0.0,"{""good"": []}",,,0.0,"{""good"": []}",,,14.66012705,"{""good"": []}",1957.0,"{""good"": []}",1.585903084,"{""good"": []}",RA,"{""good"": []}",95.55,"{""good"": []}",,,15.56921165,"{""good"": []}",,,14.40688011,"{""good"": []}",213.03396,"{""good"": []}",21.87629167,"{""good"": []}"
2026-09-30 01:45:00+00:00,Aberdaron Automatic Weather Station,-4.74,52.79,0.0,"{""good"": []}",990.125,"{""good"": []}",,,14.83853868,"{""good"": []}",,,,,200.0,"{""good"": []}",,"{""good"": []}",,"{""good"": []}",8.0,"{""good"": []}",,"{""good"": []}",,"{""good"": []}",8.0,"{""good"": []}",,,-0.7793041716,"{""good"": []}",,,0.0,"{""good"": []}",,,0.0,"{""good"": []}",,,14.67408347,"{""good"": []}",1646.0,"{""good"": []}",1.585903084,"{""good"": []}",RA,"{""good"": []}",95.75,"{""good"": []}",,,15.5691117,"{""good"": []}",,,14.40703257,"{""good"": []}",214.0656266,"{""good"": []}",21.12616667,"{""good"": []}"
2026-09-30 01:46:00+00:00,Aberdaron Automatic Weather Station,-4.74,52.79,0.0,"{""good"": []}",990.13,"{""good"": []}",,,14.8510015,"{""good"": []}",,,,,200.0,"{""good"": []}",,"{""good"": []}",,"{""good"": []}",8.0,"{""good"": []}",,"{""good"": []}",,"{""good"": []}",8.0,"{""good"": []}",,,-0.7702034107,"{""good"": []}",,,0.0,"{""good"": []}",,,0.0,"{""good"": []}",,,14.70073414,"{""good"": []}",1520.0,"{""good"": []}",1.585903084,"{""good"": []}",RA,"{""good"": []}",95.875,"{""good"": []}",,,15.56896177,"{""good"": []}",,,14.40718504,"{""good"": []}",212.0681153,"{""good"": []}",18.66066667,"{""good"": []}"
2026-09-30 01:47:00+00:00,Aberdaron Automatic Weather Station,-4.74,52.79,0.2,"{""good"": []}",990.045,"{""good"": []}",,,14.86028291,"{""good"": []}",,,,,200.0,"{""good"": []}",,"{""good"": []}",,"{""good"": []}",8.0,"{""good"": []}",,"{""good"": []}",,"{""good"": []}",8.0,"{""good"": []}",,,-0.7607464607,"{""good"": []}",,,0.0,"{""good"": []}",,,0.0,"{""good"": []}",,,14.72245106,"{""good"": []}",1752.0,"{""good"": []}",1.655172414,"{""good"": []}",RA,"{""good"": []}",96.025,"{""good"": []}",,,15.5691117,"{""good"": []}",,,14.40753497,"{""good"": []}",208.9506758,"{""good"": []}",22.59920833,"{""good"": []}"
2026-09-30 01:48:00+00:00,Aberdaron Automatic Weather Station,-4.74,52.79,0.0,"{""good"": []}",990.075,"{""good"": []}",,,14.88309345,"{""good"": []}",,,,,200.0,"{""good"": []}",,"{""good"": []}",,"{""good"": []}",8.0,"{""good"": []}",,"{""good"": []}",,"{""good"": []}",8.0,"{""good"": []}",,,-0.747698324,"{""good"": []}",,,0.0,"{""good"": []}",,,0.0,"{""good"": []}",,,14.74310577,"{""good"": []}",2525.5,"{""good"": []}",1.655172414,"{""good"": []}",RA,"{""good"": []}",96.15,"{""good"": []}",,,15.5691117,"{""good"": []}",,,14.4078849,"{""good"": []}",210.2133431,"{""good"": []}",20.28366667,"{""good"": []}"
2026-09-30 01:49:00+00:00,Aberdaron Automatic Weather Station,-4.74,52.79,0.0,"{""good"": []}",990.1,"{""good"": []}",,,14.90847715,"{""good"": []}",,,,,200.0,"{""good"": []}",,"{""good"": []}",,"{""good"": []}",8.0,"{""good"": []}",,"{""good"": []}",,"{""good"": []}",8.0,"{""good"": []}",,,-0.7286003492,"{""good"": []}",,,0.0,"{""good"": []}",,,0.0,"{""good"": []}",,,14.7819533,"{""good"": []}",2539.5,"{""good"": []}",1.655172414,"{""good"": []}",RA,"{""good"": []}",96.275,"{""good"": []}",,,15.56916168,"{""good"": []}",,,14.40814485,"{""good"": []}",209.5630287,"{""good"": []}",22.008125,"{""good"": []}"
2026-09-30 01:50:00+00:00,Aberdaron Automatic Weather Station,-4.74,52.79,0.0,"{""good"": []}",990.125,"{""good"": []}",,,14.90579886,"{""good"": []}",,,,,200.0,"{""good"": []}",,"{""good"": []}",,"{""good"": []}",8.0,"{""good"": []}",,"{""good"": []}",,"{""good"": []}",8.0,"{""good"": []}",,,-0.7112952861,"{""good"": []}",,,0.0,"{""good"": []}",,,0.0,"{""good"": []}",,,14.79394523,"{""good"": []}",2682.0,"{""good"": []}",1.655172414,"{""good"": []}",RA,"{""good"": []}",96.3,"{""good"": []}",,,15.56896177,"{""good"": []}",,,14.40844478,"{""good"": []}",210.226526,"{""good"": []}",18.46404167,"{""good"": []}"
2026-09-30 01:51:00+00:00,Aberdaron Automatic Weather Station,-4.74,52.79,0.0,"{""good"": []}",990.14,"{""good"": []}",,,14.94939495,"{""good"": []}",,,,,200.0,"{""good"": []}",,"{""good"": []}",,"{""good"": []}",8.0,"{""good"": []}",,"{""good"": []}",,"{""good"": []}",8.0,"{""good"": []}",,,-0.6940793759,"{""good"": []}",,,0.0,"{""good"": []}",,,0.0,"{""good"": []}",,,14.82815395,"{""good"": []}",2248.0,"{""good"": []}",1.655172414,"{""good"": []}",RA,"{""good"": []}",96.425,"{""good"": []}",,,15.56896177,"{""good"": []}",,,14.40874472,"{""good"": []}",208.002888,"{""good"": []}",18.39845833,"{""good"": []}"
2026-09-30 01:52:00+00:00,Aberdaron Automatic Weather Station,-4.74,52.79,0.0,"{""good"": []}",990.17,"{""good"": []}",,,14.95403815,"{""good"": []}",,,,,200.0,"{""good"": []}",,"{""good"": []}",,"{""good"": []}",8.0,"{""good"": []}",,"{""good"": []}",,"{""good"": []}",8.0,"{""good"": []}",,,-0.6767400561,"{""good"": []}",,,0.0,"{""good"": []}",,,0.0,"{""good"": []}",,,14.85354494,"{""good"": []}",1117.5,"{""good"": []}",1.655172414,"{""good"": []}",RA,"{""good"": []}",96.5,"{""good"": []}",,,15.56891179,"{""good"": []}",,,14.40904716,"{""good"": []}",208.8715137,"{""good"": []}",19.4695,"{""good"": []}"
2026-09-30 01:53:00+00:00,Aberdaron Automatic Weather Station,-4.74,52.79,0.0,"{""good"": []}",990.185,"{""good"": []}",,,14.96125202,"{""good"": []}",,,,,200.0,"{""good"": []}",,"{""good"": []}",,"{""good"": []}",8.0,"{""good"": []}",,"{""good"": []}",,"{""good"": []}",8.0,"{""good"": []}",,,-0.6592381193,"{""good"": []}",,,0.0,"{""good"": []}",,,0.0,"{""good"": []}",,,14.86256763,"{""good"": []}",915.0,"{""good"": []}",1.655172414,"{""good"": []}",RA,"{""good"": []}",96.55,"{""good"": []}",,,15.56886181,"{""good"": []}",,,14.40950457,"{""good"": []}",206.9199751,"{""good"": []}",20.62916667,"{""good"": []}"
2026-09-30 01:54:00+00:00,Aberdaron Automatic Weather Station,-4.74,52.79,0.0,"{""good"": []}",990.265,"{""good"": []}",,,14.92280226,"{""good"": []}",,,,,200.0,"{""good"": []}",,"{""good"": []}",,"{""good"": []}",8.0,"{""good"": []}",,"{""good"": []}",,"{""good"": []}",8.0,"{""good"": []}",,,-0.6421938949,"{""good"": []}",,,0.0,"{""good"": []}",,,0.0,"{""good"": []}",,,14.86377482,"{""good"": []}",611.5,"{""good"": []}",1.655172414,"{""good"": []}",RA,"{""good"": []}",96.6,"{""good"": []}",,,15.56891179,"{""good"": []}",,,14.40960455,"{""good"": []}",205.8347117,"{""good"": []}",23.021875,"{""good"": []}"
2026-09-30 01:55:00+00:00,Aberdaron Automatic Weather Station,-4.74,52.79,0.0,"{""good"": []}",990.31,"{""good"": []}",,,14.91775855,"{""good"": []}",,,,,200.0,"{""good"": []}",,"{""good"": []}",,"{""good"": []}",8.0,"{""good"": []}",,"{""good"": []}",,"{""good"": []}",8.0,"{""good"": []}",,,-0.6214214531,"{""good"": []}",,,0.0,"{""good"": []}",,,0.0,"{""good"": []}",,,14.83455231,"{""good"": []}",1734.5,"{""good"": []}",1.655172414,"{""good"": []}",RA,"{""good"": []}",96.575,"{""good"": []}",,,15.56876186,"{""good"": []}",,,14.41000446,"{""good"": []}",208.4543651,"{""good"": []}",22.41758333,"{""good"": []}"
2026-09-30 01:56:00+00:00,Aberdaron Automatic Weather Station,-4.74,52.79,0.0,"{""good"": []}",990.32,"{""good"": []}",,,14.91069488,"{""good"": []}",,,,,200.0,"{""good"": []}",,"{""good"": []}",,"{""good"": []}",8.0,"{""good"": []}",,"{""good"": []}",,"{""good"": []}",8.0,"{""good"": []}",,,-0.5961485724,"{""good"": []}",,,0.0,"{""good"": []}",,,0.0,"{""good"": []}",,,14.83259032,"{""good"": []}",2307.5,"{""good"": []}",1.655172414,"{""good"": []}",RA,"{""good"": []}",96.675,"{""good"": []}",,,15.56881183,"{""good"": []}",,,14.41010444,"{""good"": []}",204.4591678,"{""good"": []}",23.480875,"{""good"": []}"
2026-09-30 01:57:00+00:00,Aberdaron Automatic Weather Station,-4.74,52.79,0.2,"{""good"": []}",990.305,"{""good"": []}",,,14.87648532,"{""good"": []}",,,,,200.0,"{""good"": []}",,"{""good"": []}",,"{""good"": []}",8.0,"{""good"": []}",,"{""good"": []}",,"{""good"": []}",8.0,"{""good"": []}",,,-0.577533066,"{""good"": []}",,,0.0,"{""good"": []}",,,0.0,"{""good"": []}",,,14.81465242,"{""good"": []}",2734.5,"{""good"": []}",1.196013289,"{""good"": []}",RA,"{""good"": []}",96.7,"{""good"": []}",,,15.56886181,"{""good"": []}",,,14.41061434,"{""good"": []}",207.1699226,"{""good"": []}",22.23545833,"{""good"": []}"
2026-09-30 01:58:00+00:00,Aberdaron Automatic Weather Station,-4.74,52.79,0.0,"{""good"": []}",990.24,"{""good"": []}",,,14.78308551,"{""good"": []}",,,,,200.0,"{""good"": []}",,"{""good"": []}",,"{""good"": []}",8.0,"{""good"": []}",,"{""good"": []}",,"{""good"": []}",8.0,"{""good"": []}",,,-0.5678800514,"{""good"": []}",,,0.0,"{""good"": []}",,,0.0,"{""good"": []}",,,14.75615742,"{""good"": []}",2168.0,"{""good"": []}",1.196013289,"{""good"": []}",RA,"{""good"": []}",96.65,"{""good"": []}",,,15.56876186,"{""good"": []}",,,14.41086429,"{""good"": []}",206.6888727,"{""good"": []}",24.387625,"{""good"": []}"
2026-09-30 01:59:00+00:00,Aberdaron Automatic Weather Station,-4.74,52.79,0.0,"{""good"": []}",990.24,"{""good"": []}",,,14.65189424,"{""good"": []}",,,,,200.0,"{""good"": []}",,"{""good"": []}",,"{""good"": []}",8.0,"{""good"": []}",,"{""good"": []}",,"{""good"": []}",8.0,"{""good"": []}",,,-0.5682766606,"{""good"": []}",,,0.0,"{""good"": []}",,,0.0,"{""good"": []}",,,14.62793031,"{""good"": []}",1623.0,"{""good"": []}",1.196013289,"{""good"": []}",RA,"{""good"": []}",96.5,"{""good"": []}",,,15.56871188,"{""good"": []}",,,14.41121422,"{""good"": []}",208.0933541,"{""good"": []}",24.55733333,"{""good"": []}"
2026-09-30 02:00:00+00:00,Aberdaron Automatic Weather Station,-4.74,52.79,0.0,"{""good"": []}",990.29,"{""good"": []}",,,14.63756413,"{""good"": []}",,,,,200.0,"{""good"": []}",,"{""good"": []}",,"{""good"": []}",8.0,"{""good"": []}",,"{""good"": []}",,"{""good"": []}",8.0,"{""good"": []}",,,-0.5632895935,"{""good"": []}",,,0.0,"{""good"": []}",,,0.0,"{""good"": []}",,,14.57734578,"{""good"": []}",1443.5,"{""good"": []}",1.196013289,"{""good"": []}",RA,"{""good"": []}",96.525,"{""good"": []}",,,15.56861193,"{""good"": []}",,,14.41136418,"{""good"": []}",208.5650839,"{""good"": []}",24.47675,"{""good"": []}"
2026-09-30 02:01:00+00:00,Aberdaron Automatic Weather Station,-4.74,52.79,0.2,"{""good"": []}",990.365,"{""good"": []}",,,14.64013729,"{""good"": []}",,,,,200.0,"{""good"": []}",,"{""good"": []}",,"{""good"": []}",8.0,"{""good"": []}",,"{""good"": []}",,"{""good"": []}",8.0,"{""good"": []}",,,-0.5572975271,"{""good"": []}",,,0.0,"{""good"": []}",,,0.0,"{""good"": []}",,,14.56525388,"{""good"": []}",1597.5,"{""good"": []}",2.8125,"{""good"": []}",RA,"{""good"": []}",96.65,"{""good"": []}",,,15.56850948,"{""good"": []}",,,14.41171411,"{""good"": []}",207.8123866,"{""good"": []}",24.943125,"{""good"": []}"
2026-09-30 02:02:00+00:00,Aberdaron Automatic Weather Station,-4.74,52.79,0.0,"{""good"": []}",990.43,"{""good"": []}",,,14.5661163,"{""good"": []}",,,,,200.0,"{""good"": []}",,"{""good"": []}",,"{""good"": []}",8.0,"{""good"": []}",,"{""good"": []}",,"{""good"": []}",8.0,"{""good"": []}",,,-0.5598180699,"{""good"": []}",,,0.0,"{""good"": []}",,,0.0,"{""good"": []}",,,14.51920569,"{""good"": []}",1890.0,"{""good"": []}",2.8125,"{""good"": []}",RA,"{""good"": []}",96.675,"{""good"": []}",,,15.56830457,"{""good"": []}",,,14.41197156,"{""good"": []}",206.119045,"{""good"": []}",26.16983333,"{""good"": []}"
2026-09-30 02:03:00+00:00,Aberdaron Automatic Weather Station,-4.74,52.79,0.0,"{""good"": []}",990.42,"{""good"": []}",,,14.56752804,"{""good"": []}",,,,,200.0,"{""good"": []}",,"{""good"": []}",,"{""good"": []}",8.0,"{""good"": []}",,"{""good"": []}",,"{""good"": []}",8.0,"{""good"": []}",,,-0.5575286315,"{""good"": []}",,,0.0,"{""good"": []}",,,0.0,"{""good"": []}",,,14.49587667,"{""good"": []}",1760.5,"{""good"": []}",2.8125,"{""good"": []}",RA,"{""good"": []}",96.7,"{""good"": []}",,,15.56850948,"{""good"": []}",,,14.41212403,"{""good"": []}",206.6306984,"{""good"": []}",26.47458333,"{""good"": []}"
2026-09-30 02:04:00+00:00,Aberdaron Automatic Weather Station,-4.74,52.79,0.2,"{""good"": []}",990.465,"{""good"": []}",,,14.53029226,"{""good"": []}",,,,,200.0,"{""good"": []}",,"{""good"": []}",,"{""good"": []}",8.0,"{""good"": []}",,"{""good"": []}",,"{""good"": []}",8.0,"{""good"": []}",,,-0.5556403678,"{""good"": []}",,,0.0,"{""good"": []}",,,0.0,"{""good"": []}",,,14.46937347,"{""good"": []}",1428.5,"{""good"": []}",4.06779661,"{""good"": []}",RA,"{""good"": []}",96.725,"{""good"": []}",,,15.56840702,"{""good"": []}",,,14.41247396,"{""good"": []}",207.6452207,"{""good"": []}",25.69029167,"{""good"": []}"
2026-09-30 02:05:00+00:00,Aberdaron Automatic Weather Station,-4.74,52.79,0.0,"{""good"": []}",990.515,"{""good"": []}",,,14.54774622,"{""good"": []}",,,,,200.0,"{""good"": []}",,"{""good"": []}",,"{""good"": []}",8.0,"{""good"": []}",,"{""good"": []}",,"{""good"": []}",8.0,"{""good"": []}",,,-0.5522093163,"{""good"": []}",,,0.0,"{""good"": []}",,,0.0,"{""good"": []}",,,14.47703151,"{""good"": []}",1207.5,"{""good"": []}",4.06779661,"{""good"": []}",RA,"{""good"": []}",96.8,"{""good"": []}",,,15.56825459,"{""good"": []}",,,14.41287387,"{""good"": []}",206.4266677,"{""good"": []}",25.001375,"{""good"": []}"
2026-09-30 02:06:00+00:00,Aberdaron Automatic Weather Station,-4.74,52.79,0.2,"{""good"": []}",990.545,"{""good"": []}",,,14.48871115,"{""good"": []}",,,,,200.0,"{""good"": []}",,"{""good"": []}",,"{""good"": []}",8.0,"{""good"": []}",,"{""good"": []}",,"{""good"": []}",8.0,"{""good"": []}",,,-0.5545602285,"{""good"": []}",,,0.0,"{""good"": []}",,,0.0,"{""good"": []}",,,14.44247037,"{""good"": []}",938.0,"{""good"": []}",8.0,"{""good"": []}",RA,"{""good"": []}",96.8,"{""good"": []}",,,15.56835705,"{""good"": []}",,,14.41307633,"{""good"": []}",206.8365907,"{""good"": []}",25.14558333,"{""good"": []}"
2026-09-30 02:07:00+00:00,Aberdaron Automatic Weather Station,-4.74,52.79,0.0,"{""good"": []}",990.545,"{""good"": []}",,,14.46262408,"{""good"": []}",,,,,200.0,"{""good"": []}",,"{""good"": []}",,"{""good"": []}",8.0,"{""good"": []}",,"{""good"": []}",,"{""good"": []}",8.0,"{""good"": []}",,,-0.557967326,"{""good"": []}",,,0.0,"{""good"": []}",,,0.0,"{""good"": []}",,,14.40856407,"{""good"": []}",1073.0,"{""good"": []}",8.0,"{""good"": []}",RA,"{""good"": []}",96.825,"{""good"": []}",,,15.56835705,"{""good"": []}",,,14.41338377,"{""good"": []}",207.5743541,"{""good"": []}",26.533375,"{""good"": []}"
2026-09-30 02:08:00+00:00,Aberdaron Automatic Weather Station,-4.74,52.79,0.2,"{""good"": []}",990.59,"{""good"": []}",,,14.45722745,"{""good"": []}",,,,,200.0,"{""good"": []}",,"{""good"": []}",,"{""good"": []}",8.0,"{""good"": []}",,"{""good"": []}",,"{""good"": []}",8.0,"{""good"": []}",,,-0.5586433773,"{""good"": []}",,,0.0,"{""good"": []}",,,0.0,"{""good"": []}",,,14.39606728,"{""good"": []}",1275.0,"{""good"": []}",5.294117647,"{""good"": []}",RA,"{""good"": []}",96.9,"{""good"": []}",,,15.56856195,"{""good"": []}",,,14.41368371,"{""good"": []}",209.355164,"{""good"": []}",24.37091667,"{""good"": []}"
2026-09-30 02:09:00+00:00,Aberdaron Automatic Weather Station,-4.74,52.79,0.2,"{""good"": []}",990.605,"{""good"": []}",,,14.48023323,"{""good"": []}",,,,,200.0,"{""good"": []}",800.0,"{""good"": []}",,"{""good"": []}",7.0,"{""good"": []}",5.0,"{""good"": []}",,"{""good"": []}",8.0,"{""good"": []}",,,-0.5598419527,"{""good"": []}",,,0.0,"{""good"": []}",,,0.0,"{""good"": []}",,,14.41400517,"{""good"": []}",1080.0,"{""good"": []}",7.5,"{""good"": []}",RA,"{""good"": []}",96.975,"{""good"": []}",,,15.568462,"{""good"": []}",,,14.41398365,"{""good"": []}",208.4273424,"{""good"": []}",24.03933333,"{""good"": []}"
2026-09-30 02:10:00+00:00,Aberdaron Automatic Weather Station,-4.74,52.79,0.0,"{""good"": []}",990.585,"{""good"": []}",,,14.49668094,"{""good"": []}",,,,,200.0,"{""good"": []}",800.0,"{""good"": []}",,"{""good"": []}",7.0,"{""good"": []}",5.0,"{""good"": []}",,"{""good"": []}",8.0,"{""good"": []}",,,-0.5604668297,"{""good"": []}",,,0.0,"{""good"": []}",,,0.0,"{""good"": []}",,,14.42538975,"{""good"": []}",920.0,"{""good"": []}",7.5,"{""good"": []}",RA,"{""good"": []}",97.025,"{""good"": []}",,,15.568457,"{""good"": []}",,,14.4142361,"{""good"": []}",209.2062411,"{""good"": []}",24.25970833,"{""good"": []}"
2026-09-30 02:11:00+00:00,Aberdaron Automatic Weather Station,-4.74,52.79,0.0,"{""good"": []}",990.61,"{""good"": []}",,,14.50541168,"{""good"": []}",,,,,200.0,"{""good"": []}",800.0,"{""good"": []}",,"{""good"": []}",7.0,"{""good"": []}",5.0,"{""good"": []}",,"{""good"": []}",8.0,"{""good"": []}",,,-0.5589170175,"{""good"": []}",,,0.0,"{""good"": []}",,,0.0,"{""good"": []}",,,14.4435301,"{""good"": []}",952.0,"{""good"": []}",7.5,"{""good"": []}",RA,"{""good"": []}",97.125,"{""good"": []}",,,15.56820462,"{""good"": []}",,,14.41444355,"{""good"": []}",209.8639084,"{""good"": []}",24.20225,"{""good"": []}"
2026-09-30 02:12:00+00:00,Aberdaron Automatic Weather Station,-4.74,52.79,0.2,"{""good"": []}",990.63,"{""good"": []}",,,14.55698257,"{""good"": []}",,,,,200.0,"{""good"": []}",800.0,"{""good"": []}",,"{""good"": []}",7.0,"{""good"": []}",5.0,"{""good"": []}",,"{""good"": []}",8.0,"{""good"": []}",,,-0.5519732077,"{""good"": []}",,,0.0,"{""good"": []}",,,0.0,"{""good"": []}",,,14.48322992,"{""good"": []}",1172.5,"{""good"": []}",5.76,"{""good"": []}",RA,"{""good"": []}",97.175,"{""good"": []}",,,15.568462,"{""good"": []}",,,14.4146935,"{""good"": []}",211.0319476,"{""good"": []}",25.814125,"{""good"": []}"
2026-09-30 02:13:00+00:00,Aberdaron Automatic Weather Station,-4.74,52.79,0.0,"{""good"": []}",990.705,"{""good"": []}",,,14.55607145,"{""good"": []}",,,,,100.0,"{""good"": []}",,"{""good"": []}",,"{""good"": []}",8.0,"{""good"": []}",,"{""good"": []}",,"{""good"": []}",8.0,"{""good"": []}",,,-0.545054156,"{""good"": []}",,,0.0,"{""good"": []}",,,0.0,"{""good"": []}",,,14.50000812,"{""good"": []}",1008.5,"{""good"": []}",5.76,"{""good"": []}",RA,"{""good"": []}",97.2,"{""good"": []}",,,15.56800221,"{""good"": []}",,,14.41509342,"{""good"": []}",207.8696819,"{""good"": []}",25.66145833,"{""good"": []}"
2026-09-30 02:14:00+00:00,Aberdaron Automatic Weather Station,-4.74,52.79,0.2,"{""good"": []}",990.725,"{""good"": []}",,,14.57867924,"{""good"": []}",,,,,100.0,"{""good"": []}",800.0,"{""good"": []}",,"{""good"": []}",7.0,"{""good"": []}",5.0,"{""good"": []}",,"{""good"": []}",8.0,"{""good"": []}",,,-0.5379675361,"{""good"": []}",,,0.0,"{""good"": []}",,,0.0,"{""good"": []}",,,14.51723869,"{""good"": []}",1003.5,"{""good"": []}",4.114285714,"{""good"": []}",RA,"{""good"": []}",97.2,"{""good"": []}",,,15.56815214,"{""good"": []}",,,14.41529338,"{""good"": []}",207.5725819,"{""good"": []}",25.70395833,"{""good"": []}"
2026-09-30 02:15:00+00:00,Aberdaron Automatic Weather Station,-4.74,52.79,0.0,"{""good"": []}",990.725,"{""good"": []}",,,14.598003,"{""good"": []}",,,,,100.0,"{""good"": []}",800.0,"{""good"": []}",,"{""good"": []}",7.0,"{""good"": []}",5.0,"{""good"": []}",,"{""good"": []}",8.0,"{""good"": []}",,,-0.5311508435,"{""good"": []}",,,0.0,"{""good"": []}",,,0.0,"{""good"": []}",,,14.54293211,"{""good"": []}",852.0,"{""good"": []}",4.114285714,"{""good"": []}",RA,"{""good"": []}",97.275,"{""good"": []}",,,15.56830457,"{""good"": []}",,,14.4156958,"{""good"": []}",207.0208612,"{""good"": []}",22.57333333,"{""good"": []}"
2026-09-30 02:16:00+00:00,Aberdaron Automatic Weather Station,-4.74,52.79,0.0,"{""good"": []}",990.765,"{""good"": []}",,,14.61435059,"{""good"": []}",,,,,100.0,"{""good"": []}",800.0,"{""good"": []}",,"{""good"": []}",7.0,"{""good"": []}",5.0,"{""good"": []}",,"{""good"": []}",8.0,"{""good"": []}",,,-0.5256895653,"{""good"": []}",,,0.0,"{""good"": []}",,,0.0,"{""good"": []}",,,14.5722071,"{""good"": []}",781.0,"{""good"": []}",4.114285714,"{""good"": []}",RA,"{""good"": []}",97.3,"{""good"": []}",,,15.56835704,"{""good"": []}",,,14.4161507,"{""good"": []}",211.5746125,"{""good"": []}",26.97491667,"{""good"": []}"
2026-09-30 02:17:00+00:00,Aberdaron Automatic Weather Station,-4.74,52.79,0.0,"{""good"": []}",990.73,"{""good"": []}",,,14.46237377,"{""good"": []}",,,,,100.0,"{""good"": []}",800.0,"{""good"": []}",1400.0,"{""good"": []}",7.0,"{""good"": []}",3.0,"{""good"": []}",3.0,"{""good"": []}",8.0,"{""good"": []}",,,-0.5357936409,"{""good"": []}",,,0.0,"{""good"": []}",,,0.0,"{""good"": []}",,,14.48166782,"{""good"": []}",770.0,"{""good"": []}",4.114285714,"{""good"": []}",RA,"{""good"": []}",97.175,"{""good"": []}",,,15.56815464,"{""good"": []}",,,14.41620319,"{""good"": []}",209.0767995,"{""good"": []}",31.13558333,"{""good"": []}"
2026-09-30 02:18:00+00:00,Aberdaron Automatic Weather Station,-4.74,52.79,0.2,"{""good"": []}",990.74,"{""good"": []}",,,14.36625061,"{""good"": []}",,,,,100.0,"{""good"": []}",800.0,"{""good"": []}",1400.0,"{""good"": []}",7.0,"{""good"": []}",3.0,"{""good"": []}",3.0,"{""good"": []}",8.0,"{""good"": []}",,,-0.5478367338,"{""good"": []}",,,0.0,"{""good"": []}",,,0.0,"{""good"": []}",,,14.36059637,"{""good"": []}",1012.0,"{""good"": []}",3.956043956,"{""good"": []}",RA,"{""good"": []}",97.1,"{""good"": []}",,,15.56810466,"{""good"": []}",,,14.41645314,"{""good"": []}",210.3950623,"{""good"": []}",30.3035,"{""good"": []}"
2026-09-30 02:19:00+00:00,Aberdaron Automatic Weather Station,-4.74,52.79,0.0,"{""good"": []}",990.74,"{""good"": []}",,,14.37311155,"{""good"": []}",,,,,100.0,"{""good"": []}",,"{""good"": []}",,"{""good"": []}",8.0,"{""good"": []}",,"{""good"": []}",,"{""good"": []}",8.0,"{""good"": []}",,,-0.5514922937,"{""good"": []}",,,0.0,"{""good"": []}",,,0.0,"{""good"": []}",,,14.33817462,"{""good"": []}",1309.0,"{""good"": []}",3.956043956,"{""good"": []}",RA,"{""good"": []}",97.175,"{""good"": []}",,,15.56800221,"{""good"": []}",,,14.41675558,"{""good"": []}",210.7518029,"{""good"": []}",26.99133333,"{""good"": []}"
2026-09-30 02:20:00+00:00,Aberdaron Automatic Weather Station,-4.74,52.79,0.0,"{""good"": []}",990.765,"{""good"": []}",,,14.39995454,"{""good"": []}",,,,,100.0,"{""good"": []}",,"{""good"": []}",,"{""good"": []}",8.0,"{""good"": []}",,"{""good"": []}",,"{""good"": []}",8.0,"{""good"": []}",,,-0.548679933,"{""good"": []}",,,0.0,"{""good"": []}",,,0.0,"{""good"": []}",,,14.3519336,"{""good"": []}",1558.0,"{""good"": []}",3.956043956,"{""good"": []}",RA,"{""good"": []}",97.225,"{""good"": []}",,,15.56820462,"{""good"": []}",,,14.41696054,"{""good"": []}",209.6041898,"{""good"": []}",23.70329167,"{""good"": []}"
2026-09-30 02:21:00+00:00,Aberdaron Automatic Weather Station,-4.74,52.79,0.0,"{""good"": []}",990.75,"{""good"": []}",,,14.38845041,"{""good"": []}",,,,,100.0,"{""good"": []}",,"{""good"": []}",,"{""good"": []}",8.0,"{""good"": []}",,"{""good"": []}",,"{""good"": []}",8.0,"{""good"": []}",,,-0.5511918128,"{""good"": []}",,,0.0,"{""good"": []}",,,0.0,"{""good"": []}",,,14.34477793,"{""good"": []}",1724.5,"{""good"": []}",3.956043956,"{""good"": []}",RA,"{""good"": []}",97.275,"{""good"": []}",,,15.56815214,"{""good"": []}",,,14.41736295,"{""good"": []}",212.165086,"{""good"": []}",23.45470833,"{""good"": []}"
2026-09-30 02:22:00+00:00,Aberdaron Automatic Weather Station,-4.74,52.79,0.0,"{""good"": []}",990.695,"{""good"": []}",,,14.25932668,"{""good"": []}",,,,,100.0,"{""good"": []}",800.0,"{""good"": []}",1400.0,"{""good"": []}",7.0,"{""good"": []}",3.0,"{""good"": []}",3.0,"{""good"": []}",8.0,"{""good"": []}",,,-0.5646963981,"{""good"": []}",,,0.0,"{""good"": []}",,,0.0,"{""good"": []}",,,14.27635547,"{""good"": []}",2291.0,"{""good"": []}",2.416107383,"{""good"": []}",RA,"{""good"": []}",97.225,"{""good"": []}",,,15.56815214,"{""good"": []}",,,14.4176129,"{""good"": []}",211.4683606,"{""good"": []}",27.073,"{""good"": []}"
2026-09-30 02:23:00+00:00,Aberdaron Automatic Weather Station,-4.74,52.79,0.0,"{""good"": []}",990.635,"{""good"": []}",,,14.01177988,"{""good"": []}",,,,,100.0,"{""good"": []}",800.0,"{""good"": []}",1400.0,"{""good"": []}",7.0,"{""good"": []}",3.0,"{""good"": []}",3.0,"{""good"": []}",8.0,"{""good"": []}",,,-0.591060877,"{""good"": []}",,,0.0,"{""good"": []}",,,0.0,"{""good"": []}",,,14.07698911,"{""good"": []}",3736.5,"{""good"": []}",2.011173184,"{""good"": []}",RA,"{""good"": []}",96.95,"{""good"": []}",,,15.56805219,"{""good"": []}",,,14.41796533,"{""good"": []}",209.8269973,"{""good"": []}",27.02179167,"{""good"": []}"
2026-09-30 02:24:00+00:00,Aberdaron Automatic Weather Station,-4.74,52.79,0.2,"{""good"": []}",990.635,"{""good"": []}",,,13.96309002,"{""good"": []}",,,,,100.0,"{""good"": []}",800.0,"{""good"": []}",1400.0,"{""good"": []}",7.0,"{""good"": []}",3.0,"{""good"": []}",3.0,"{""good"": []}",8.0,"{""good"": []}",,,-0.6076811677,"{""good"": []}",,,0.0,"{""good"": []}",,,0.0,"{""good"": []}",,,13.96881685,"{""good"": []}",4237.5,"{""good"": []}",1.983471074,"{""good"": []}",RA,"{""good"": []}",96.95,"{""good"": []}",,,15.56805219,"{""good"": []}",,,14.41842274,"{""good"": []}",208.6884933,"{""good"": []}",25.97483333,"{""good"": []}"
2026-09-30 02:25:00+00:00,Aberdaron Automatic Weather Station,-4.74,52.79,0.0,"{""good"": []}",990.625,"{""good"": []}",,,13.85339268,"{""good"": []}",,,,,100.0,"{""good"": []}",800.0,"{""good"": []}",1400.0,"{""good"": []}",6.0,"{""good"": []}",3.0,"{""good"": []}",3.0,"{""good"": []}",8.0,"{""good"": []}",,,-0.6208080895,"{""good"": []}",,,0.0,"{""good"": []}",,,0.0,"{""good"": []}",,,13.86331391,"{""good"": []}",4188.0,"{""good"": []}",1.983471074,"{""good"": []}",RA,"{""good"": []}",96.9,"{""good"": []}",,,15.56805219,"{""good"": []}",,,14.41852272,"{""good"": []}",209.001197,"{""good"": []}",25.7205,"{""good"": []}"
2026-09-30 02:26:00+00:00,Aberdaron Automatic Weather Station,-4.74,52.79,0.0,"{""good"": []}",990.66,"{""good"": []}",,,13.81418198,"{""good"": []}",,,,,100.0,"{""good"": []}",800.0,"{""good"": []}",1400.0,"{""good"": []}",6.0,"{""good"": []}",3.0,"{""good"": []}",3.0,"{""good"": []}",8.0,"{""good"": []}",,,-0.6292785697,"{""good"": []}",,,0.0,"{""good"": []}",,,0.0,"{""good"": []}",,,13.79141735,"{""good"": []}",4381.0,"{""good"": []}",1.983471074,"{""good"": []}",RA,"{""good"": []}",96.9,"{""good"": []}",,,15.56805219,"{""good"": []}",,,14.41877266,"{""good"": []}",211.0522767,"{""good"": []}",26.37879167,"{""good"": []}"
2026-09-30 02:27:00+00:00,Aberdaron Automatic Weather Station,-4.74,52.79,0.0,"{""good"": []}",990.69,"{""good"": []}",,,13.77613771,"{""good"": []}",,,,,100.0,"{""good"": []}",800.0,"{""good"": []}",1400.0,"{""good"": []}",5.0,"{""good"": []}",3.0,"{""good"": []}",3.0,"{""good"": []}",8.0,"{""good"": []}",,,-0.6399864757,"{""good"": []}",,,0.0,"{""good"": []}",,,0.0,"{""good"": []}",,,13.72239255,"{""good"": []}",2986.5,"{""good"": []}",1.983471074,"{""good"": []}",RA,"{""good"": []}",96.925,"{""good"": []}",,,15.56820462,"{""good"": []}",,,14.4190726,"{""good"": []}",213.1507686,"{""good"": []}",25.76245833,"{""good"": []}"
2026-09-30 02:28:00+00:00,Aberdaron Automatic Weather Station,-4.74,52.79,0.0,"{""good"": []}",990.71,"{""good"": []}",,,13.79834251,"{""good"": []}",,,,,100.0,"{""good"": []}",800.0,"{""good"": []}",1400.0,"{""good"": []}",5.0,"{""good"": []}",3.0,"{""good"": []}",3.0,"{""good"": []}",8.0,"{""good"": []}",,,-0.6395361773,"{""good"": []}",,,0.0,"{""good"": []}",,,0.0,"{""good"": []}",,,13.68198292,"{""good"": []}",3191.5,"{""good"": []}",1.983471074,"{""good"": []}",RA,"{""good"": []}",96.95,"{""good"": []}",,,15.56820462,"{""good"": []}",,,14.41927256,"{""good"": []}",213.2137271,"{""good"": []}",24.34570833,"{""good"": []}"
2026-09-30 02:29:00+00:00,Aberdaron Automatic Weather Station,-4.74,52.79,0.2,"{""good"": []}",990.775,"{""good"": []}",,,13.94467239,"{""good"": []}",,,,,100.0,"{""good"": []}",1400.0,"{""good"": []}",5300.0,"{""good"": []}",5.0,"{""good"": []}",3.0,"{""good"": []}",4.0,"{""good"": []}",8.0,"{""good"": []}",,,-0.6253076578,"{""good"": []}",,,0.0,"{""good"": []}",,,0.0,"{""good"": []}",,,13.76038031,"{""good"": []}",3836.5,"{""good"": []}",2.028169014,"{""good"": []}",RA,"{""good"": []}",97.1,"{""good"": []}",,,15.56820462,"{""good"": []}",,,14.41937254,"{""good"": []}",210.7370908,"{""good"": []}",21.63641667,"{""good"": []}"
2026-09-30 02:30:00+00:00,Aberdaron Automatic Weather Station,-4.74,52.79,0.0,"{""good"": []}",990.845,"{""good"": []}",,,14.07621659,"{""good"": []}",,,,,100.0,"{""good"": []}",1400.0,"{""good"": []}",5100.0,"{""good"": []}",5.0,"{""good"": []}",3.0,"{""good"": []}",4.0,"{""good"": []}",8.0,"{""good"": []}",,,-0.6055369721,"{""good"": []}",,,0.0,"{""good"": []}",,,0.0,"{""good"": []}",,,13.87762024,"{""good"": []}",4471.0,"{""good"": []}",2.028169014,"{""good"": []}",RA,"{""good"": []}",97.25,"{""good"": []}",,,15.56805218,"{""good"": []}",,,14.41983245,"{""good"": []}",206.0399812,"{""good"": []}",24.20554167,"{""good"": []}"
2026-09-30 02:31:00+00:00,Aberdaron Automatic Weather Station,-4.74,52.79,0.0,"{""good"": []}",990.875,"{""good"": []}",,,14.13434304,"{""good"": []}",,,,,100.0,"{""good"": []}",1400.0,"{""good"": []}",5100.0,"{""good"": []}",4.0,"{""good"": []}",1.0,"{""good"": []}",4.0,"{""good"": []}",8.0,"{""good"": []}",,,-0.58260969,"{""good"": []}",,,0.0,"{""good"": []}",,,0.0,"{""good"": []}",,,13.95904186,"{""good"": []}",5274.0,"{""good"": []}",2.028169014,"{""good"": []}",RA,"{""good"": []}",97.325,"{""good"": []}",,,15.56815214,"{""good"": []}",,,14.41983245,"{""good"": []}",207.2646227,"{""good"": []}",23.57454167,"{""good"": []}"
2026-09-30 02:32:00+00:00,Aberdaron Automatic Weather Station,-4.74,52.79,0.0,"{""good"": []}",990.905,"{""good"": []}",,,14.12273627,"{""good"": []}",,,,,100.0,"{""good"": []}",4800.0,"{""good"": []}",,"{""good"": []}",4.0,"{""good"": []}",3.0,"{""good"": []}",,"{""good"": []}",7.0,"{""good"": []}",,,-0.5117343654,"{""good"": []}",,,0.0,"{""good"": []}",,,0.0,"{""good"": []}",,,13.9853926,"{""good"": []}",5058.0,"{""good"": []}",2.028169014,"{""good"": []}",RA,"{""good"": []}",97.325,"{""good"": []}",,,15.56810216,"{""good"": []}",,,14.42038233,"{""good"": []}",210.4553265,"{""good"": []}",23.547875,"{""good"": []}"
2026-09-30 02:33:00+00:00,Aberdaron Automatic Weather Station,-4.74,52.79,0.0,"{""good"": []}",990.9,"{""good"": []}",,,14.11642852,"{""good"": []}",,,,,100.0,"{""good"": []}",4800.0,"{""good"": []}",,"{""good"": []}",4.0,"{""good"": []}",4.0,"{""good"": []}",,"{""good"": []}",8.0,"{""good"": []}",,,-0.4205249239,"{""good"": []}",,,0.0,"{""good"": []}",,,0.0,"{""good"": []}",,,13.96906679,"{""good"": []}",6782.0,"{""good"": []}",2.028169014,"{""good"": []}",RA,"{""good"": []}",97.3,"{""good"": []}",,,15.56800221,"{""good"": []}",,,14.4205323,"{""good"": []}",209.5495178,"{""good"": []}",23.29925,"{""good"": []}"
2026-09-30 02:34:00+00:00,Aberdaron Automatic Weather Station,-4.74,52.79,0.0,"{""good"": []}",990.885,"{""good"": []}",,,14.08787091,"{""good"": []}",,,,,100.0,"{""good"": []}",4800.0,"{""good"": []}",,"{""good"": []}",3.0,"{""good"": []}",4.0,"{""good"": []}",,"{""good"": []}",7.0,"{""good"": []}",,,-0.3466902955,"{""good"": []}",,,0.0,"{""good"": []}",,,0.0,"{""good"": []}",,,13.95919182,"{""good"": []}",6655.0,"{""good"": []}",2.028169014,"{""good"": []}",RA,"{""good"": []}",97.2,"{""good"": []}",,,15.56825459,"{""good"": []}",,,14.42073726,"{""good"": []}",211.1575105,"{""good"": []}",25.02783333,"{""good"": []}"
2026-09-30 02:35:00+00:00,Aberdaron Automatic Weather Station,-4.74,52.79,0.0,"{""good"": []}",990.89,"{""good"": []}",,,14.10265659,"{""good"": []}",,,,,100.0,"{""good"": []}",4800.0,"{""good"": []}",,"{""good"": []}",3.0,"{""good"": []}",4.0,"{""good"": []}",,"{""good"": []}",7.0,"{""good"": []}",,,-0.2938646017,"{""good"": []}",,,0.0,"{""good"": []}",,,0.0,"{""good"": []}",,,13.94941683,"{""good"": []}",5619.0,"{""good"": []}",2.028169014,"{""good"": []}",RA,"{""good"": []}",97.225,"{""good"": []}",,,15.56805219,"{""good"": []}",,,14.42119217,"{""good"": []}",207.5800253,"{""good"": []}",23.5715,"{""good"": []}"
2026-09-30 02:36:00+00:00,Aberdaron Automatic Weather Station,-4.74,52.79,0.0,"{""good"": []}",990.89,"{""good"": []}",,,14.16466782,"{""good"": []}",,,,,100.0,"{""good"": []}",4800.0,"{""good"": []}",,"{""good"": []}",3.0,"{""good"": []}",5.0,"{""good"": []}",,"{""good"": []}",8.0,"{""good"": []}",,,-0.2509445144,"{""good"": []}",,,0.0,"{""good"": []}",,,0.0,"{""good"": []}",,,13.97536518,"{""good"": []}",7153.0,"{""good"": []}",2.028169014,"{""good"": []}",RA,"{""good"": []}",97.225,"{""good"": []}",,,15.56805219,"{""good"": []}",,,14.42129215,"{""good"": []}",208.4155587,"{""good"": []}",20.285375,"{""good"": []}"
2026-09-30 02:37:00+00:00,Aberdaron Automatic Weather Station,-4.74,52.79,0.0,"{""good"": []}",990.93,"{""good"": []}",,,14.22421101,"{""good"": []}",,,,,100.0,"{""good"": []}",4800.0,"{""good"": []}",,"{""good"": []}",2.0,"{""good"": []}",5.0,"{""good"": []}",,"{""good"": []}",7.0,"{""good"": []}",,,-0.227398124,"{""good"": []}",,,0.0,"{""good"": []}",,,0.0,"{""good"": []}",,,14.03224808,"{""good"": []}",8387.0,"{""good"": []}",2.028169014,"{""good"": []}",RA,"{""good"": []}",97.275,"{""good"": []}",,,15.56805219,"{""good"": []}",,,14.42159209,"{""good"": []}",208.3989105,"{""good"": []}",19.98783333,"{""good"": []}"
2026-09-30 02:38:00+00:00,Aberdaron Automatic Weather Station,-4.74,52.79,0.0,"{""good"": []}",990.93,"{""good"": []}",,,14.23818819,"{""good"": []}",,,,,100.0,"{""good"": []}",4800.0,"{""good"": []}",,"{""good"": []}",2.0,"{""good"": []}",5.0,"{""good"": []}",,"{""good"": []}",7.0,"{""good"": []}",,,-0.2107022616,"{""good"": []}",,,0.0,"{""good"": []}",,,0.0,"{""good"": []}",,,14.06993342,"{""good"": []}",6269.5,"{""good"": []}",1.333333333,"{""good"": []}",RA,"{""good"": []}",97.3,"{""good"": []}",,,15.56795473,"{""good"": []}",,,14.42179455,"{""good"": []}",206.8855401,"{""good"": []}",22.08129167,"{""good"": []}"
2026-09-30 02:39:00+00:00,Aberdaron Automatic Weather Station,-4.74,52.79,0.0,"{""good"": []}",990.95,"{""good"": []}",,,14.24156734,"{""good"": []}",,,,,100.0,"{""good"": []}",4800.0,"{""good"": []}",,"{""good"": []}",2.0,"{""good"": []}",6.0,"{""good"": []}",,"{""good"": []}",8.0,"{""good"": []}",,,-0.2007240329,"{""good"": []}",,,0.0,"{""good"": []}",,,0.0,"{""good"": []}",,,14.067669,"{""good"": []}",7674.5,"{""good"": []}",1.2,"{""good"": []}",RA,"{""good"": []}",97.25,"{""good"": []}",,,15.56815714,"{""good"": []}",,,14.42209948,"{""good"": []}",207.7199888,"{""good"": []}",21.88020833,"{""good"": []}"
2026-09-30 02:40:00+00:00,Aberdaron Automatic Weather Station,-4.74,52.79,0.0,"{""good"": []}",990.99,"{""good"": []}",,,14.30453976,"{""good"": []}",,,,,100.0,"{""good"": []}",4800.0,"{""good"": []}",,"{""good"": []}",2.0,"{""good"": []}",6.0,"{""good"": []}",,"{""good"": []}",8.0,"{""good"": []}",,,-0.1893264344,"{""good"": []}",,,0.0,"{""good"": []}",,,0.0,"{""good"": []}",,,14.10721886,"{""good"": []}",8989.0,"{""good"": []}",1.090909091,"{""good"": []}",-RA,"{""good"": []}",97.3,"{""good"": []}",,,15.56810216,"{""good"": []}",,,14.42240192,"{""good"": []}",205.7894191,"{""good"": []}",21.67608333,"{""good"": []}"
2026-09-30 02:41:00+00:00,Aberdaron Automatic Weather Station,-4.74,52.79,0.0,"{""good"": []}",991.015,"{""good"": []}",,,14.35141487,"{""good"": []}",,,,,100.0,"{""good"": []}",4800.0,"{""good"": []}",,"{""good"": []}",2.0,"{""good"": []}",6.0,"{""good"": []}",,"{""good"": []}",8.0,"{""good"": []}",,,-0.1797300036,"{""good"": []}",,,0.0,"{""good"": []}",,,0.0,"{""good"": []}",,,14.15634376,"{""good"": []}",8816.0,"{""good"": []}",1.0,"{""good"": []}",-RA,"{""good"": []}",97.3,"{""good"": []}",,,15.56790226,"{""good"": []}",,,14.42275185,"{""good"": []}",205.5471007,"{""good"": []}",20.77483333,"{""good"": []}"
2026-09-30 02:42:00+00:00,Aberdaron Automatic Weather Station,-4.74,52.79,0.0,"{""good"": []}",990.965,"{""good"": []}",,,14.36660104,"{""good"": []}",,,,,100.0,"{""good"": []}",4800.0,"{""good"": []}",,"{""good"": []}",2.0,"{""good"": []}",6.0,"{""good"": []}",,"{""good"": []}",8.0,"{""good"": []}",,,-0.1694682411,"{""good"": []}",,,0.0,"{""good"": []}",,,0.0,"{""good"": []}",,,14.19191463,"{""good"": []}",7306.0,"{""good"": []}",0.9230769231,"{""good"": []}",-RA,"{""good"": []}",97.3,"{""good"": []}",,,15.56795223,"{""good"": []}",,,14.4230018,"{""good"": []}",201.1718313,"{""good"": []}",23.00241667,"{""good"": []}"
2026-09-30 02:43:00+00:00,Aberdaron Automatic Weather Station,-4.74,52.79,0.0,"{""good"": []}",990.985,"{""good"": []}",,,14.36372501,"{""good"": []}",,,,,100.0,"{""good"": []}",4800.0,"{""good"": []}",,"{""good"": []}",2.0,"{""good"": []}",6.0,"{""good"": []}",,"{""good"": []}",8.0,"{""good"": []}",,,-0.1635017801,"{""good"": []}",,,0.0,"{""good"": []}",,,0.0,"{""good"": []}",,,14.20632344,"{""good"": []}",5373.0,"{""good"": []}",0.8571428571,"{""good"": []}",-RA,"{""good"": []}",97.325,"{""good"": []}",,,15.56800221,"{""good"": []}",,,14.42315427,"{""good"": []}",200.9209486,"{""good"": []}",22.96020833,"{""good"": []}"
2026-09-30 02:44:00+00:00,Aberdaron Automatic Weather Station,-4.74,52.79,0.0,"{""good"": []}",991.01,"{""good"": []}",,,14.40535368,"{""good"": []}",,,,,100.0,"{""good"": []}",4800.0,"{""good"": []}",,"{""good"": []}",2.0,"{""good"": []}",6.0,"{""good"": []}",,"{""good"": []}",8.0,"{""good"": []}",,,-0.1552578667,"{""good"": []}",,,0.0,"{""good"": []}",,,0.0,"{""good"": []}",,,14.21690322,"{""good"": []}",5155.0,"{""good"": []}",0.0,"{""good"": []}",-RA,"{""good"": []}",97.325,"{""good"": []}",,,15.56810216,"{""good"": []}",,,14.42356168,"{""good"": []}",200.4505684,"{""good"": []}",21.59704167,"{""good"": []}"
2026-09-30 02:45:00+00:00,Aberdaron Automatic Weather Station,-4.74,52.79,0.0,"{""good"": []}",991.005,"{""good"": []}",,,14.44894727,"{""good"": []}",,,,,100.0,"{""good"": []}",4800.0,"{""good"": []}",,"{""good"": []}",2.0,"{""good"": []}",6.0,"{""good"": []}",,"{""good"": []}",8.0,"{""good"": []}",,,-0.148959577,"{""good"": []}",,,0.0,"{""good"": []}",,,0.0,"{""good"": []}",,,14.25665803,"{""good"": []}",7484.5,"{""good"": []}",0.0,"{""good"": []}",-RA,"{""good"": []}",97.3,"{""good"": []}",,,15.5678023,"{""good"": []}",,,14.42371165,"{""good"": []}",198.6590122,"{""good"": []}",20.34029167,"{""good"": []}"
2026-09-30 02:46:00+00:00,Aberdaron Automatic Weather Station,-4.74,52.79,0.0,"{""good"": []}",990.98,"{""good"": []}",,,14.45994829,"{""good"": []}",,,,,100.0,"{""good"": []}",1200.0,"{""good"": []}",4800.0,"{""good"": []}",2.0,"{""good"": []}",1.0,"{""good"": []}",6.0,"{""good"": []}",8.0,"{""good"": []}",,,-0.1459326021,"{""good"": []}",,,0.0,"{""good"": []}",,,0.0,"{""good"": []}",,,14.28351364,"{""good"": []}",7838.5,"{""good"": []}",0.0,"{""good"": []}",-RA,"{""good"": []}",97.3,"{""good"": []}",,,15.56795223,"{""good"": []}",,,14.42416156,"{""good"": []}",200.813245,"{""good"": []}",21.73170833,"{""good"": []}"
2026-09-30 02:47:00+00:00,Aberdaron Automatic Weather Station,-4.74,52.79,0.0,"{""good"": []}",990.965,"{""good"": []}",,,14.45722494,"{""good"": []}",,,,,100.0,"{""good"": []}",4800.0,"{""good"": []}",,"{""good"": []}",3.0,"{""good"": []}",6.0,"{""good"": []}",,"{""good"": []}",8.0,"{""good"": []}",,,-0.144653956,"{""good"": []}",,,0.0,"{""good"": []}",,,0.0,"{""good"": []}",,,14.30441828,"{""good"": []}",7861.5,"{""good"": []}",0.0,"{""good"": []}",-RA,"{""good"": []}",97.3,"{""good"": []}",,,15.5678023,"{""good"": []}",,,14.42441401,"{""good"": []}",200.2230614,"{""good"": []}",22.25729167,"{""good"": []}"
2026-09-30 02:48:00+00:00,Aberdaron Automatic Weather Station,-4.74,52.79,0.0,"{""good"": []}",990.965,"{""good"": []}",,,14.41842475,"{""good"": []}",,,,,100.0,"{""good"": []}",4800.0,"{""good"": []}",,"{""good"": []}",4.0,"{""good"": []}",6.0,"{""good"": []}",,"{""good"": []}",8.0,"{""good"": []}",,,-0.1496488347,"{""good"": []}",,,0.0,"{""good"": []}",,,0.0,"{""good"": []}",,,14.28376358,"{""good"": []}",6460.5,"{""good"": []}",0.0,"{""good"": []}",-RA,"{""good"": []}",97.25,"{""good"": []}",,,15.5678023,"{""good"": []}",,,14.42461646,"{""good"": []}",199.6962913,"{""good"": []}",22.84633333,"{""good"": []}"
2026-09-30 02:49:00+00:00,Aberdaron Automatic Weather Station,-4.74,52.79,0.0,"{""good"": []}",990.95,"{""good"": []}",,,14.40378676,"{""good"": []}",,,,,100.0,"{""good"": []}",4800.0,"{""good"": []}",,"{""good"": []}",4.0,"{""good"": []}",6.0,"{""good"": []}",,"{""good"": []}",8.0,"{""good"": []}",,,-0.1550110441,"{""good"": []}",,,0.0,"{""good"": []}",,,0.0,"{""good"": []}",,,14.23952742,"{""good"": []}",5756.0,"{""good"": []}",0.0,"{""good"": []}",-RA,"{""good"": []}",97.2,"{""good"": []}",,,15.56795223,"{""good"": []}",,,14.4249214,"{""good"": []}",203.4105853,"{""good"": []}",24.3875,"{""good"": []}"
2026-09-30 02:50:00+00:00,Aberdaron Automatic Weather Station,-4.74,52.79,0.2,"{""good"": []}",990.93,"{""good"": []}",,,14.41811937,"{""good"": []}",,,,,100.0,"{""good"": []}",4800.0,"{""good"": []}",,"{""good"": []}",4.0,"{""good"": []}",7.0,"{""good"": []}",,"{""good"": []}",8.0,"{""good"": []}",,,-0.1563354999,"{""good"": []}",,,0.0,"{""good"": []}",,,0.0,"{""good"": []}",,,14.22974993,"{""good"": []}",4738.5,"{""good"": []}",0.586797066,"{""good"": []}",-RA,"{""good"": []}",97.2,"{""good"": []}",,,15.56775233,"{""good"": []}",,,14.42507137,"{""good"": []}",206.8234452,"{""good"": []}",22.22558333,"{""good"": []}"
2026-09-30 02:51:00+00:00,Aberdaron Automatic Weather Station,-4.74,52.79,0.0,"{""good"": []}",990.865,"{""good"": []}",,,14.41413197,"{""good"": []}",,,,,400.0,"{""good"": []}",4800.0,"{""good"": []}",,"{""good"": []}",3.0,"{""good"": []}",7.0,"{""good"": []}",,"{""good"": []}",8.0,"{""good"": []}",,,-0.1603072215,"{""good"": []}",,,0.0,"{""good"": []}",,,0.0,"{""good"": []}",,,14.23549346,"{""good"": []}",4129.5,"{""good"": []}",0.586797066,"{""good"": []}",-RA,"{""good"": []}",97.225,"{""good"": []}",,,15.56770235,"{""good"": []}",,,14.42547129,"{""good"": []}",202.0821979,"{""good"": []}",22.73116667,"{""good"": []}"
2026-09-30 02:52:00+00:00,Aberdaron Automatic Weather Station,-4.74,52.79,0.0,"{""good"": []}",990.895,"{""good"": []}",,,14.35090926,"{""good"": []}",,,,,400.0,"{""good"": []}",4800.0,"{""good"": []}",,"{""good"": []}",4.0,"{""good"": []}",7.0,"{""good"": []}",,"{""good"": []}",8.0,"{""good"": []}",,,-0.1686303638,"{""good"": []}",,,0.0,"{""good"": []}",,,0.0,"{""good"": []}",,,14.19433401,"{""good"": []}",4987.0,"{""good"": []}",0.586797066,"{""good"": []}",-RA,"{""good"": []}",97.1,"{""good"": []}",,,15.5678023,"{""good"": []}",,,14.42582622,"{""good"": []}",202.4146494,"{""good"": []}",20.97545833,"{""good"": []}"
2026-09-30 02:53:00+00:00,Aberdaron Automatic Weather Station,-4.74,52.79,0.0,"{""good"": []}",990.935,"{""good"": []}",,,14.37604015,"{""good"": []}",,,,,400.0,"{""good"": []}",4800.0,"{""good"": []}",,"{""good"": []}",4.0,"{""good"": []}",7.0,"{""good"": []}",,"{""good"": []}",8.0,"{""good"": []}",,,-0.1726227167,"{""good"": []}",,,0.0,"{""good"": []}",,,0.0,"{""good"": []}",,,14.16662112,"{""good"": []}",5101.0,"{""good"": []}",0.586797066,"{""good"": []}",-RA,"{""good"": []}",97.1,"{""good"": []}",,,15.56760239,"{""good"": []}",,,14.42577623,"{""good"": []}",204.2992155,"{""good"": []}",21.666875,"{""good"": []}"
2026-09-30 02:54:00+00:00,Aberdaron Automatic Weather Station,-4.74,52.79,0.0,"{""good"": []}",990.915,"{""good"": []}",,,14.3504562,"{""good"": []}",,,,,400.0,"{""good"": []}",4800.0,"{""good"": []}",,"{""good"": []}",4.0,"{""good"": []}",7.0,"{""good"": []}",,"{""good"": []}",8.0,"{""good"": []}",,,-0.1732723467,"{""good"": []}",,,0.0,"{""good"": []}",,,0.0,"{""good"": []}",,,14.16278961,"{""good"": []}",5903.5,"{""good"": []}",0.586797066,"{""good"": []}",-RA,"{""good"": []}",97.1,"{""good"": []}",,,15.56745246,"{""good"": []}",,,14.42623113,"{""good"": []}",204.2490729,"{""good"": []}",23.04445833,"{""good"": []}"
2026-09-30 02:55:00+00:00,Aberdaron Automatic Weather Station,-4.74,52.79,0.0,"{""good"": []}",990.99,"{""good"": []}",,,14.26144678,"{""good"": []}",,,,,400.0,"{""good"": []}",4800.0,"{""good"": []}",,"{""good"": []}",4.0,"{""good"": []}",7.0,"{""good"": []}",,"{""good"": []}",8.0,"{""good"": []}",,,-0.1824931713,"{""good"": []}",,,0.0,"{""good"": []}",,,0.0,"{""good"": []}",,,14.09779877,"{""good"": []}",8688.5,"{""good"": []}",0.586797066,"{""good"": []}",-RA,"{""good"": []}",96.975,"{""good"": []}",,,15.56760239,"{""good"": []}",,,14.42653107,"{""good"": []}",204.1538182,"{""good"": []}",24.60654167,"{""good"": []}"
2026-09-30 02:56:00+00:00,Aberdaron Automatic Weather Station,-4.74,52.79,0.0,"{""good"": []}",991.055,"{""good"": []}",,,14.23505684,"{""good"": []}",,,,,400.0,"{""good"": []}",4800.0,"{""good"": []}",,"{""good"": []}",4.0,"{""good"": []}",7.0,"{""good"": []}",,"{""good"": []}",8.0,"{""good"": []}",,,-0.1878727067,"{""good"": []}",,,0.0,"{""good"": []}",,,0.0,"{""good"": []}",,,14.0185441,"{""good"": []}",11096.5,"{""good"": []}",0.586797066,"{""good"": []}",-RA,"{""good"": []}",96.9,"{""good"": []}",,,15.56755241,"{""good"": []}",,,14.42693599,"{""good"": []}",206.1636749,"{""good"": []}",23.579875,"{""good"": []}"
2026-09-30 02:57:00+00:00,Aberdaron Automatic Weather Station,-4.74,52.79,0.0,"{""good"": []}",991.11,"{""good"": []}",,,14.26331408,"{""good"": []}",,,,,400.0,"{""good"": []}",4800.0,"{""good"": []}",,"{""good"": []}",4.0,"{""good"": []}",7.0,"{""good"": []}",,"{""good"": []}",8.0,"{""good"": []}",,,-0.1810704654,"{""good"": []}",,,0.0,"{""good"": []}",,,0.0,"{""good"": []}",,,14.02096098,"{""good"": []}",7338.0,"{""good"": []}",0.586797066,"{""good"": []}",-RA,"{""good"": []}",96.9,"{""good"": []}",,,15.56745246,"{""good"": []}",,,14.42719094,"{""good"": []}",208.0334985,"{""good"": []}",23.94720833,"{""good"": []}"
2026-09-30 02:58:00+00:00,Aberdaron Automatic Weather Station,-4.74,52.79,0.0,"{""good"": []}",991.155,"{""good"": []}",,,14.20468201,"{""good"": []}",,,,,400.0,"{""good"": []}",4800.0,"{""good"": []}",,"{""good"": []}",4.0,"{""good"": []}",7.0,"{""good"": []}",,"{""good"": []}",8.0,"{""good"": []}",,,-0.17683045,"{""good"": []}",,,0.0,"{""good"": []}",,,0.0,"{""good"": []}",,,14.0021683,"{""good"": []}",4159.5,"{""good"": []}",0.586797066,"{""good"": []}",-RA,"{""good"": []}",96.925,"{""good"": []}",,,15.56735251,"{""good"": []}",,,14.42744089,"{""good"": []}",204.5846323,"{""good"": []}",25.43608333,"{""good"": []}"
2026-09-30 02:59:00+00:00,Aberdaron Automatic Weather Station,-4.74,52.79,0.0,"{""good"": []}",991.16,"{""good"": []}",,,14.20624392,"{""good"": []}",,,,,400.0,"{""good"": []}",4800.0,"{""good"": []}",,"{""good"": []}",4.0,"{""good"": []}",7.0,"{""good"": []}",,"{""good"": []}",8.0,"{""good"": []}",,,-0.1642454075,"{""good"": []}",,,0.0,"{""good"": []}",,,0.0,"{""good"": []}",,,13.95924181,"{""good"": []}",6266.0,"{""good"": []}",0.586797066,"{""good"": []}",-RA,"{""good"": []}",96.875,"{""good"": []}",,,15.56770235,"{""good"": []}",,,14.42759086,"{""good"": []}",206.1291082,"{""good"": []}",21.902,"{""good"": []}"
2026-09-30 03:00:00+00:00,Aberdaron Automatic Weather Station,-4.74,52.79,0.0,"{""good"": []}",991.17,"{""good"": []}",,,14.27804719,"{""good"": []}",,,,,400.0,"{""good"": []}",4800.0,"{""good"": []}",,"{""good"": []}",4.0,"{""good"": []}",8.0,"{""good"": []}",,"{""good"": []}",8.0,"{""good"": []}",,,-0.1516649231,"{""good"": []}",,,0.0,"{""good"": []}",,,0.0,"{""good"": []}",,,13.99899661,"{""good"": []}",8371.0,"{""good"": []}",0.586797066,"{""good"": []}",-RA,"{""good"": []}",96.95,"{""good"": []}",,,15.56750244,"{""good"": []}",,,14.42794078,"{""good"": []}",206.8638821,"{""good"": []}",20.04508333,"{""good"": []}"
2026-09-30 03:01:00+00:00,Aberdaron Automatic Weather Station,-4.74,52.79,0.0,"{""good"": []}",991.16,"{""good"": []}",,,14.29429466,"{""good"": []}",,,,,400.0,"{""good"": []}",4800.0,"{""good"": []}",,"{""good"": []}",4.0,"{""good"": []}",8.0,"{""good"": []}",,"{""good"": []}",8.0,"{""good"": []}",,,-0.1431717255,"{""good"": []}",,,0.0,"{""good"": []}",,,0.0,"{""good"": []}",,,14.0356747,"{""good"": []}",10271.5,"{""good"": []}",0.586797066,"{""good"": []}",-RA,"{""good"": []}",97.0,"{""good"": []}",,,15.56735251,"{""good"": []}",,,14.42829321,"{""good"": []}",205.8375594,"{""good"": []}",19.701875,"{""good"": []}"
2026-09-30 03:02:00+00:00,Aberdaron Automatic Weather Station,-4.74,52.79,0.0,"{""good"": []}",991.13,"{""good"": []}",,,14.26946915,"{""good"": []}",,,,,400.0,"{""good"": []}",4800.0,"{""good"": []}",,"{""good"": []}",3.0,"{""good"": []}",8.0,"{""good"": []}",,"{""good"": []}",8.0,"{""good"": []}",,,-0.1340197998,"{""good"": []}",,,0.0,"{""good"": []}",,,0.0,"{""good"": []}",,,14.05099078,"{""good"": []}",10463.0,"{""good"": []}",0.586797066,"{""good"": []}",-RA,"{""good"": []}",96.975,"{""good"": []}",,,15.56725256,"{""good"": []}",,,14.42855066,"{""good"": []}",208.1532599,"{""good"": []}",21.726875,"{""good"": []}"
2026-09-30 03:03:00+00:00,Aberdaron Automatic Weather Station,-4.74,52.79,0.0,"{""good"": []}",991.065,"{""good"": []}",,,14.24298158,"{""good"": []}",,,,,400.0,"{""good"": []}",4800.0,"{""good"": []}",,"{""good"": []}",3.0,"{""good"": []}",8.0,"{""good"": []}",,"{""good"": []}",8.0,"{""good"": []}",,,-0.1326726362,"{""good"": []}",,,0.0,"{""good"": []}",,,0.0,"{""good"": []}",,,14.0321981,"{""good"": []}",10515.0,"{""good"": []}",0.586797066,"{""good"": []}",-RA,"{""good"": []}",96.9,"{""good"": []}",,,15.56755241,"{""good"": []}",,,14.42905056,"{""good"": []}",206.2582921,"{""good"": []}",21.08175,"{""good"": []}"
2026-09-30 03:04:00+00:00,Aberdaron Automatic Weather Station,-4.74,52.79,0.0,"{""good"": []}",991.085,"{""good"": []}",,,14.27012745,"{""good"": []}",,,,,400.0,"{""good"": []}",4800.0,"{""good"": []}",,"{""good"": []}",3.0,"{""good"": []}",8.0,"{""good"": []}",,"{""good"": []}",8.0,"{""good"": []}",,,-0.1284933094,"{""good"": []}",,,0.0,"{""good"": []}",,,0.0,"{""good"": []}",,,14.03416259,"{""good"": []}",8966.5,"{""good"": []}",0.586797066,"{""good"": []}",-RA,"{""good"": []}",96.9,"{""good"": []}",,,15.56735251,"{""good"": []}",,,14.42920052,"{""good"": []}",204.6163483,"{""good"": []}",20.11720833,"{""good"": []}"
2026-09-30 03:05:00+00:00,Aberdaron Automatic Weather Station,-4.74,52.79,0.0,"{""good"": []}",991.085,"{""good"": []}",,,14.29611189,"{""good"": []}",,,,,400.0,"{""good"": []}",4800.0,"{""good"": []}",,"{""good"": []}",3.0,"{""good"": []}",8.0,"{""good"": []}",,"{""good"": []}",8.0,"{""good"": []}",,,-0.126513435,"{""good"": []}",,,0.0,"{""good"": []}",,,0.0,"{""good"": []}",,,14.04630448,"{""good"": []}",7176.5,"{""good"": []}",0.586797066,"{""good"": []}",-RA,"{""good"": []}",96.975,"{""good"": []}",,,15.56730253,"{""good"": []}",,,14.4293005,"{""good"": []}",203.9296891,"{""good"": []}",19.78029167,"{""good"": []}"
2026-09-30 03:06:00+00:00,Aberdaron Automatic Weather Station,-4.74,52.79,0.0,"{""good"": []}",991.105,"{""good"": []}",,,14.28788929,"{""good"": []}",,,,,400.0,"{""good"": []}",4800.0,"{""good"": []}",,"{""good"": []}",3.0,"{""good"": []}",8.0,"{""good"": []}",,"{""good"": []}",8.0,"{""good"": []}",,,-0.1218718455,"{""good"": []}",,,0.0,"{""good"": []}",,,0.0,"{""good"": []}",,,14.05184806,"{""good"": []}",6989.0,"{""good"": []}",0.586797066,"{""good"": []}",-RA,"{""good"": []}",96.925,"{""good"": []}",,,15.56740249,"{""good"": []}",,,14.42971042,"{""good"": []}",201.4247031,"{""good"": []}",20.87525,"{""good"": []}"
2026-09-30 03:07:00+00:00,Aberdaron Automatic Weather Station,-4.74,52.79,0.0,"{""good"": []}",991.12,"{""good"": []}",,,14.29772638,"{""good"": []}",,,,,400.0,"{""good"": []}",4800.0,"{""good"": []}",,"{""good"": []}",4.0,"{""good"": []}",8.0,"{""good"": []}",,"{""good"": []}",8.0,"{""good"": []}",,,-0.11634206,"{""good"": []}",,,0.0,"{""good"": []}",,,0.0,"{""good"": []}",,,14.04101583,"{""good"": []}",6221.0,"{""good"": []}",0.586797066,"{""good"": []}",-RA,"{""good"": []}",96.925,"{""good"": []}",,,15.56740249,"{""good"": []}",,,14.42991038,"{""good"": []}",204.8240019,"{""good"": []}",19.91204167,"{""good"": []}"
2026-09-30 03:08:00+00:00,Aberdaron Automatic Weather Station,-4.74,52.79,0.2,"{""good"": []}",991.115,"{""good"": []}",,,14.34833609,"{""good"": []}",,,,,400.0,"{""good"": []}",4800.0,"{""good"": []}",,"{""good"": []}",3.0,"{""good"": []}",8.0,"{""good"": []}",,"{""good"": []}",8.0,"{""good"": []}",,,-0.1115308464,"{""good"": []}",,,0.0,"{""good"": []}",,,0.0,"{""good"": []}",,,14.07023834,"{""good"": []}",6517.0,"{""good"": []}",0.6533575318,"{""good"": []}",-RA,"{""good"": []}",97.0,"{""good"": []}",,,15.56710013,"{""good"": []}",,,14.43011034,"{""good"": []}",205.8147252,"{""good"": []}",18.705,"{""good"": []}"
2026-09-30 03:09:00+00:00,Aberdaron Automatic Weather Station,-4.74,52.79,0.0,"{""good"": []}",991.145,"{""good"": []}",,,14.29712063,"{""good"": []}",,,,,400.0,"{""good"": []}",4800.0,"{""good"": []}",,"{""good"": []}",3.0,"{""good"": []}",8.0,"{""good"": []}",,"{""good"": []}",8.0,"{""good"": []}",,,-0.1134434424,"{""good"": []}",,,0.0,"{""good"": []}",,,0.0,"{""good"": []}",,,14.07638426,"{""good"": []}",7025.0,"{""good"": []}",0.6533575318,"{""good"": []}",-RA,"{""good"": []}",96.95,"{""good"": []}",,,15.5671501,"{""good"": []}",,,14.43046027,"{""good"": []}",205.7676547,"{""good"": []}",21.69183333,"{""good"": []}"
2026-09-30 03:10:00+00:00,Aberdaron Automatic Weather Station,-4.74,52.79,0.0,"{""good"": []}",991.165,"{""good"": []}",,,14.26871071,"{""good"": []}",,,,,400.0,"{""good"": []}",4800.0,"{""good"": []}",,"{""good"": []}",3.0,"{""good"": []}",8.0,"{""good"": []}",,"{""good"": []}",8.0,"{""good"": []}",,,-0.1180982257,"{""good"": []}",,,0.0,"{""good"": []}",,,0.0,"{""good"": []}",,,14.05386254,"{""good"": []}",8447.0,"{""good"": []}",0.6533575318,"{""good"": []}",-RA,"{""good"": []}",96.9,"{""good"": []}",,,15.56705265,"{""good"": []}",,,14.43066273,"{""good"": []}",205.8936341,"{""good"": []}",22.06454167,"{""good"": []}"
2026-09-30 03:11:00+00:00,Aberdaron Automatic Weather Station,-4.74,52.79,0.0,"{""good"": []}",991.195,"{""good"": []}",,,14.23581528,"{""good"": []}",,,,,400.0,"{""good"": []}",4800.0,"{""good"": []}",,"{""good"": []}",4.0,"{""good"": []}",8.0,"{""good"": []}",,"{""good"": []}",8.0,"{""good"": []}",,,-0.1228046012,"{""good"": []}",,,0.0,"{""good"": []}",,,0.0,"{""good"": []}",,,14.04827147,"{""good"": []}",11651.0,"{""good"": []}",0.6533575318,"{""good"": []}",-RA,"{""good"": []}",96.825,"{""good"": []}",,,15.56720258,"{""good"": []}",,,14.43102015,"{""good"": []}",204.8118537,"{""good"": []}",23.38883333,"{""good"": []}"
2026-09-30 03:12:00+00:00,Aberdaron Automatic Weather Station,-4.74,52.79,0.0,"{""good"": []}",991.22,"{""good"": []}",,,14.25514153,"{""good"": []}",,,,,400.0,"{""good"": []}",5000.0,"{""good"": []}",,"{""good"": []}",4.0,"{""good"": []}",7.0,"{""good"": []}",,"{""good"": []}",8.0,"{""good"": []}",,,-0.1273801468,"{""good"": []}",,,0.0,"{""good"": []}",,,0.0,"{""good"": []}",,,14.0532602,"{""good"": []}",16092.0,"{""good"": []}",0.6533575318,"{""good"": []}",-RA,"{""good"": []}",96.8,"{""good"": []}",,,15.56730253,"{""good"": []}",,,14.43122011,"{""good"": []}",203.7364912,"{""good"": []}",20.97345833,"{""good"": []}"
2026-09-30 03:13:00+00:00,Aberdaron Automatic Weather Station,-4.74,52.79,0.0,"{""good"": []}",991.235,"{""good"": []}",,,14.32512506,"{""good"": []}",,,,,500.0,"{""good"": []}",5000.0,"{""good"": []}",,"{""good"": []}",4.0,"{""good"": []}",7.0,"{""good"": []}",,"{""good"": []}",8.0,"{""good"": []}",,,-0.1232392158,"{""good"": []}",,,0.0,"{""good"": []}",,,0.0,"{""good"": []}",,,14.08817374,"{""good"": []}",13156.0,"{""good"": []}",0.6533575318,"{""good"": []}",-RA,"{""good"": []}",96.9,"{""good"": []}",,,15.56705015,"{""good"": []}",,,14.43147006,"{""good"": []}",205.392623,"{""good"": []}",16.95004167,"{""good"": []}"
2026-09-30 03:14:00+00:00,Aberdaron Automatic Weather Station,-4.74,52.79,0.0,"{""good"": []}",991.195,"{""good"": []}",,,14.39258548,"{""good"": []}",,,,,500.0,"{""good"": []}",5000.0,"{""good"": []}",,"{""good"": []}",5.0,"{""good"": []}",8.0,"{""good"": []}",,"{""good"": []}",8.0,"{""good"": []}",,,-0.1176611544,"{""good"": []}",,,0.0,"{""good"": []}",,,0.0,"{""good"": []}",,,14.15427929,"{""good"": []}",10312.5,"{""good"": []}",0.6533575318,"{""good"": []}",-RA,"{""good"": []}",97.0,"{""good"": []}",,,15.5671501,"{""good"": []}",,,14.43162003,"{""good"": []}",202.4576162,"{""good"": []}",17.71991667,"{""good"": []}"
2026-09-30 03:15:00+00:00,Aberdaron Automatic Weather Station,-4.74,52.79,0.0,"{""good"": []}",991.195,"{""good"": []}",,,14.40525606,"{""good"": []}",,,,,500.0,"{""good"": []}",5000.0,"{""good"": []}",,"{""good"": []}",5.0,"{""good"": []}",8.0,"{""good"": []}",,"{""good"": []}",8.0,"{""good"": []}",,,-0.115406406,"{""good"": []}",,,0.0,"{""good"": []}",,,0.0,"{""good"": []}",,,14.18743079,"{""good"": []}",10700.5,"{""good"": []}",0.6533575318,"{""good"": []}",-RA,"{""good"": []}",97.0,"{""good"": []}",,,15.5669477,"{""good"": []}",,,14.43202245,"{""good"": []}",203.2566459,"{""good"": []}",19.07583333,"{""good"": []}"
2026-09-30 03:16:00+00:00,Aberdaron Automatic Weather Station,-4.74,52.79,0.0,"{""good"": []}",991.255,"{""good"": []}",,,14.38174215,"{""good"": []}",,,,,500.0,"{""good"": []}",5000.0,"{""good"": []}",,"{""good"": []}",5.0,"{""good"": []}",8.0,"{""good"": []}",,"{""good"": []}",8.0,"{""good"": []}",,,-0.1143229884,"{""good"": []}",,,0.0,"{""good"": []}",,,0.0,"{""good"": []}",,,14.19609606,"{""good"": []}",13205.5,"{""good"": []}",0.6533575318,"{""good"": []}",-RA,"{""good"": []}",97.025,"{""good"": []}",,,15.56689522,"{""good"": []}",,,14.43227739,"{""good"": []}",202.4828223,"{""good"": []}",20.107375,"{""good"": []}"
2026-09-30 03:17:00+00:00,Aberdaron Automatic Weather Station,-4.74,52.79,0.0,"{""good"": []}",991.31,"{""good"": []}",,,14.41044994,"{""good"": []}",,,,,500.0,"{""good"": []}",5000.0,"{""good"": []}",,"{""good"": []}",5.0,"{""good"": []}",7.0,"{""good"": []}",,"{""good"": []}",8.0,"{""good"": []}",,,-0.09544670115,"{""good"": []}",,,0.0,"{""good"": []}",,,0.0,"{""good"": []}",,,14.2189702,"{""good"": []}",16704.5,"{""good"": []}",0.6533575318,"{""good"": []}",-RA,"{""good"": []}",97.0,"{""good"": []}",,,15.56679527,"{""good"": []}",,,14.43257983,"{""good"": []}",203.580509,"{""good"": []}",20.77104167,"{""good"": []}"
2026-09-30 03:18:00+00:00,Aberdaron Automatic Weather Station,-4.74,52.79,0.0,"{""good"": []}",991.36,"{""good"": []}",,,14.41039738,"{""good"": []}",,,,,500.0,"{""good"": []}",5000.0,"{""good"": []}",,"{""good"": []}",5.0,"{""good"": []}",7.0,"{""good"": []}",,"{""good"": []}",8.0,"{""good"": []}",,,-0.07632112549,"{""good"": []}",,,0.0,"{""good"": []}",,,0.0,"{""good"": []}",,,14.23514355,"{""good"": []}",17286.0,"{""good"": []}",0.6533575318,"{""good"": []}",-RA,"{""good"": []}",97.0,"{""good"": []}",,,15.56699768,"{""good"": []}",,,14.43247985,"{""good"": []}",200.764667,"{""good"": []}",20.73083333,"{""good"": []}"
2026-09-30 03:19:00+00:00,Aberdaron Automatic Weather Station,-4.74,52.79,0.0,"{""good"": []}",991.4,"{""good"": []}",,,14.44274214,"{""good"": []}",,,,,500.0,"{""good"": []}",5000.0,"{""good"": []}",,"{""good"": []}",5.0,"{""good"": []}",7.0,"{""good"": []}",,"{""good"": []}",8.0,"{""good"": []}",,,-0.06721213851,"{""good"": []}",,,0.0,"{""good"": []}",,,0.0,"{""good"": []}",,,14.25202172,"{""good"": []}",13392.5,"{""good"": []}",0.6533575318,"{""good"": []}",-RA,"{""good"": []}",97.0,"{""good"": []}",,,15.56679527,"{""good"": []}",,,14.43302974,"{""good"": []}",204.0742915,"{""good"": []}",19.03879167,"{""good"": []}"
2026-09-30 03:20:00+00:00,Aberdaron Automatic Weather Station,-4.74,52.79,0.0,"{""good"": []}",991.42,"{""good"": []}",,,14.48719429,"{""good"": []}",,,,,500.0,"{""good"": []}",5000.0,"{""good"": []}",,"{""good"": []}",5.0,"{""good"": []}",7.0,"{""good"": []}",,"{""good"": []}",8.0,"{""good"": []}",,,-0.06222675798,"{""good"": []}",,,0.0,"{""good"": []}",,,0.0,"{""good"": []}",,,14.27685785,"{""good"": []}",7739.0,"{""good"": []}",0.6533575318,"{""good"": []}",-RA,"{""good"": []}",97.0,"{""good"": []}",,,15.56674529,"{""good"": []}",,,14.43312972,"{""good"": []}",200.7487074,"{""good"": []}",19.58854167,"{""good"": []}"
2026-09-30 03:21:00+00:00,Aberdaron Automatic Weather Station,-4.74,52.79,0.0,"{""good"": []}",991.45,"{""good"": []}",,,14.49562214,"{""good"": []}",,,,,500.0,"{""good"": []}",5000.0,"{""good"": []}",,"{""good"": []}",6.0,"{""good"": []}",7.0,"{""good"": []}",,"{""good"": []}",8.0,"{""good"": []}",,,-0.05380414454,"{""good"": []}",,,0.0,"{""good"": []}",,,0.0,"{""good"": []}",,,14.29545058,"{""good"": []}",7966.0,"{""good"": []}",0.6533575318,"{""good"": []}",-RA,"{""good"": []}",97.0,"{""good"": []}",,,15.56659286,"{""good"": []}",,,14.43333218,"{""good"": []}",201.2532083,"{""good"": []}",19.44620833,"{""good"": []}"
2026-09-30 03:22:00+00:00,Aberdaron Automatic Weather Station,-4.74,52.79,0.0,"{""good"": []}",991.485,"{""good"": []}",,,14.47074657,"{""good"": []}",,,,,500.0,"{""good"": []}",5000.0,"{""good"": []}",,"{""good"": []}",6.0,"{""good"": []}",7.0,"{""good"": []}",,"{""good"": []}",8.0,"{""good"": []}",,,-0.04072302189,"{""good"": []}",,,0.0,"{""good"": []}",,,0.0,"{""good"": []}",,,14.27000711,"{""good"": []}",10482.5,"{""good"": []}",0.6533575318,"{""good"": []}",-RA,"{""good"": []}",97.0,"{""good"": []}",,,15.56664284,"{""good"": []}",,,14.4336896,"{""good"": []}",196.418382,"{""good"": []}",17.22608333,"{""good"": []}"
2026-09-30 03:23:00+00:00,Aberdaron Automatic Weather Station,-4.74,52.79,0.0,"{""good"": []}",991.505,"{""good"": []}",,,14.47114956,"{""good"": []}",,,,,500.0,"{""good"": []}",5000.0,"{""good"": []}",,"{""good"": []}",6.0,"{""good"": []}",7.0,"{""good"": []}",,"{""good"": []}",8.0,"{""good"": []}",,,-0.016639706,"{""good"": []}",,,0.0,"{""good"": []}",,,0.0,"{""good"": []}",,,14.25554831,"{""good"": []}",10244.5,"{""good"": []}",0.6533575318,"{""good"": []}",-RA,"{""good"": []}",97.0,"{""good"": []}",,,15.56639295,"{""good"": []}",,,14.43388956,"{""good"": []}",194.7853874,"{""good"": []}",18.79958333,"{""good"": []}"
2026-09-30 03:24:00+00:00,Aberdaron Automatic Weather Station,-4.74,52.79,0.0,"{""good"": []}",991.595,"{""good"": []}",,,14.44047185,"{""good"": []}",,,,,500.0,"{""good"": []}",5000.0,"{""good"": []}",,"{""good"": []}",6.0,"{""good"": []}",7.0,"{""good"": []}",,"{""good"": []}",8.0,"{""good"": []}",,,-0.0006925715761,"{""good"": []}",,,0.0,"{""good"": []}",,,0.0,"{""good"": []}",,,14.24058216,"{""good"": []}",11728.0,"{""good"": []}",0.6533575318,"{""good"": []}",-RA,"{""good"": []}",96.975,"{""good"": []}",,,15.56664534,"{""good"": []}",,,14.43413951,"{""good"": []}",197.6860502,"{""good"": []}",20.45333333,"{""good"": []}"
2026-09-30 03:25:00+00:00,Aberdaron Automatic Weather Station,-4.74,52.79,0.0,"{""good"": []}",991.67,"{""good"": []}",,,14.44702991,"{""good"": []}",,,,,500.0,"{""good"": []}",5000.0,"{""good"": []}",,"{""good"": []}",6.0,"{""good"": []}",6.0,"{""good"": []}",,"{""good"": []}",8.0,"{""good"": []}",,,0.01520709453,"{""good"": []}",,,0.0,"{""good"": []}",,,0.0,"{""good"": []}",,,14.24844264,"{""good"": []}",14242.5,"{""good"": []}",0.6533575318,"{""good"": []}",-RA,"{""good"": []}",96.9,"{""good"": []}",,,15.56664284,"{""good"": []}",,,14.43443945,"{""good"": []}",197.4462471,"{""good"": []}",20.185625,"{""good"": []}"
2026-09-30 03:26:00+00:00,Aberdaron Automatic Weather Station,-4.74,52.79,0.0,"{""good"": []}",991.81,"{""good"": []}",,,14.47821825,"{""good"": []}",,,,,500.0,"{""good"": []}",5000.0,"{""good"": []}",,"{""good"": []}",7.0,"{""good"": []}",6.0,"{""good"": []}",,"{""good"": []}",8.0,"{""good"": []}",,,0.03063128793,"{""good"": []}",,,0.0,"{""good"": []}",,,0.0,"{""good"": []}",,,14.26945225,"{""good"": []}",14411.5,"{""good"": []}",0.6533575318,"{""good"": []}",-RA,"{""good"": []}",96.95,"{""good"": []}",,,15.56684524,"{""good"": []}",,,14.43474689,"{""good"": []}",196.013494,"{""good"": []}",21.13204167,"{""good"": []}"
2026-09-30 03:27:00+00:00,Aberdaron Automatic Weather Station,-4.74,52.79,0.0,"{""good"": []}",991.895,"{""good"": []}",,,14.53402435,"{""good"": []}",,,,,500.0,"{""good"": []}",5000.0,"{""good"": []}",,"{""good"": []}",7.0,"{""good"": []}",6.0,"{""good"": []}",,"{""good"": []}",8.0,"{""good"": []}",,,0.04759992051,"{""good"": []}",,,0.0,"{""good"": []}",,,0.0,"{""good"": []}",,,14.30401339,"{""good"": []}",13808.0,"{""good"": []}",0.6533575318,"{""good"": []}",-RA,"{""good"": []}",97.0,"{""good"": []}",,,15.56664284,"{""good"": []}",,,14.43499934,"{""good"": []}",191.0565552,"{""good"": []}",20.59045833,"{""good"": []}"
2026-09-30 03:28:00+00:00,Aberdaron Automatic Weather Station,-4.74,52.79,0.0,"{""good"": []}",991.88,"{""good"": []}",,,14.54406169,"{""good"": []}",,,,,500.0,"{""good"": []}",,"{""good"": []}",,"{""good"": []}",8.0,"{""good"": []}",,"{""good"": []}",,"{""good"": []}",8.0,"{""good"": []}",,,0.05263565713,"{""good"": []}",,,0.0,"{""good"": []}",,,0.0,"{""good"": []}",,,14.31892956,"{""good"": []}",13629.5,"{""good"": []}",0.6533575318,"{""good"": []}",-RA,"{""good"": []}",97.0,"{""good"": []}",,,15.56649291,"{""good"": []}",,,14.43509932,"{""good"": []}",192.1904298,"{""good"": []}",21.680875,"{""good"": []}"
2026-09-30 03:29:00+00:00,Aberdaron Automatic Weather Station,-4.74,52.79,0.0,"{""good"": []}",991.955,"{""good"": []}",,,14.56112016,"{""good"": []}",,,,,500.0,"{""good"": []}",,"{""good"": []}",,"{""good"": []}",8.0,"{""good"": []}",,"{""good"": []}",,"{""good"": []}",8.0,"{""good"": []}",,,0.04411398578,"{""good"": []}",,,0.0,"{""good"": []}",,,0.0,"{""good"": []}",,,14.33993917,"{""good"": []}",18321.0,"{""good"": []}",0.6533575318,"{""good"": []}",-RA,"{""good"": []}",97.0,"{""good"": []}",,,15.56639295,"{""good"": []}",,,14.43534926,"{""good"": []}",192.9264801,"{""good"": []}",21.05029167,"{""good"": []}"
2026-09-30 03:30:00+00:00,Aberdaron Automatic Weather Station,-4.74,52.79,0.0,"{""good"": []}",991.97,"{""good"": []}",,,14.5928041,"{""good"": []}",,,,,500.0,"{""good"": []}",,"{""good"": []}",,"{""good"": []}",8.0,"{""good"": []}",,"{""good"": []}",,"{""good"": []}",8.0,"{""good"": []}",,,0.03165980804,"{""good"": []}",,,0.0,"{""good"": []}",,,0.0,"{""good"": []}",,,14.35827947,"{""good"": []}",17712.5,"{""good"": []}",0.6533575318,"{""good"": []}",-RA,"{""good"": []}",97.05,"{""good"": []}",,,15.56634297,"{""good"": []}",,,14.43549923,"{""good"": []}",191.6338032,"{""good"": []}",22.53904167,"{""good"": []}"
2026-09-30 03:31:00+00:00,Aberdaron Automatic Weather Station,-4.74,52.79,0.0,"{""good"": []}",991.925,"{""good"": []}",,,14.5472431,"{""good"": []}",,,,,500.0,"{""good"": []}",,"{""good"": []}",,"{""good"": []}",8.0,"{""good"": []}",,"{""good"": []}",,"{""good"": []}",8.0,"{""good"": []}",,,0.01652081527,"{""good"": []}",,,0.0,"{""good"": []}",,,0.0,"{""good"": []}",,,14.3437157,"{""good"": []}",8484.0,"{""good"": []}",0.6533575318,"{""good"": []}",-RA,"{""good"": []}",97.025,"{""good"": []}",,,15.56644293,"{""good"": []}",,,14.43585166,"{""good"": []}",190.145627,"{""good"": []}",23.921625,"{""good"": []}"
2026-09-30 03:32:00+00:00,Aberdaron Automatic Weather Station,-4.74,52.79,0.0,"{""good"": []}",991.86,"{""good"": []}",,,14.55349829,"{""good"": []}",,,,,500.0,"{""good"": []}",,"{""good"": []}",,"{""good"": []}",8.0,"{""good"": []}",,"{""good"": []}",,"{""good"": []}",8.0,"{""good"": []}",,,0.01072647787,"{""good"": []}",,,0.0,"{""good"": []}",,,0.0,"{""good"": []}",,,14.31746744,"{""good"": []}",5742.0,"{""good"": []}",0.6533575318,"{""good"": []}",-RA,"{""good"": []}",97.025,"{""good"": []}",,,15.56634297,"{""good"": []}",,,14.43610661,"{""good"": []}",190.1379096,"{""good"": []}",21.2685,"{""good"": []}"
2026-09-30 03:33:00+00:00,Aberdaron Automatic Weather Station,-4.74,52.79,0.2,"{""good"": []}",991.845,"{""good"": []}",,,14.57751781,"{""good"": []}",,,,,500.0,"{""good"": []}",,"{""good"": []}",,"{""good"": []}",8.0,"{""good"": []}",,"{""good"": []}",,"{""good"": []}",8.0,"{""good"": []}",,,0.009823421854,"{""good"": []}",,,0.0,"{""good"": []}",,,0.0,"{""good"": []}",,,14.32326095,"{""good"": []}",4806.5,"{""good"": []}",0.4874746107,"{""good"": []}",RA,"{""good"": []}",97.0,"{""good"": []}",,,15.566293,"{""good"": []}",,,14.43635906,"{""good"": []}",190.3411872,"{""good"": []}",20.81020833,"{""good"": []}"
2026-09-30 03:34:00+00:00,Aberdaron Automatic Weather Station,-4.74,52.79,0.0,"{""good"": []}",991.83,"{""good"": []}",,,14.6288334,"{""good"": []}",,,,,500.0,"{""good"": []}",,"{""good"": []}",,"{""good"": []}",8.0,"{""good"": []}",,"{""good"": []}",,"{""good"": []}",8.0,"{""good"": []}",,,0.01562725234,"{""good"": []}",,,0.0,"{""good"": []}",,,0.0,"{""good"": []}",,,14.35545769,"{""good"": []}",4579.0,"{""good"": []}",0.4874746107,"{""good"": []}",RA,"{""good"": []}",97.0,"{""good"": []}",,,15.56619304,"{""good"": []}",,,14.43640905,"{""good"": []}",189.5956437,"{""good"": []}",19.31529167,"{""good"": []}"
2026-09-30 03:35:00+00:00,Aberdaron Automatic Weather Station,-4.74,52.79,0.0,"{""good"": []}",991.89,"{""good"": []}",,,14.6219224,"{""good"": []}",,,,,500.0,"{""good"": []}",,"{""good"": []}",,"{""good"": []}",8.0,"{""good"": []}",,"{""good"": []}",,"{""good"": []}",8.0,"{""good"": []}",,,0.01591451381,"{""good"": []}",,,0.0,"{""good"": []}",,,0.0,"{""good"": []}",,,14.38322057,"{""good"": []}",3850.0,"{""good"": []}",0.4874746107,"{""good"": []}",RA,"{""good"": []}",97.0,"{""good"": []}",,,15.56609309,"{""good"": []}",,,14.43695893,"{""good"": []}",192.6878425,"{""good"": []}",22.33804167,"{""good"": []}"
2026-09-30 03:36:00+00:00,Aberdaron Automatic Weather Station,-4.74,52.79,0.0,"{""good"": []}",991.865,"{""good"": []}",,,14.61223048,"{""good"": []}",,,,,500.0,"{""good"": []}",,"{""good"": []}",,"{""good"": []}",8.0,"{""good"": []}",,"{""good"": []}",,"{""good"": []}",8.0,"{""good"": []}",,,0.01092087536,"{""good"": []}",,,0.0,"{""good"": []}",,,0.0,"{""good"": []}",,,14.38175844,"{""good"": []}",4171.0,"{""good"": []}",0.4874746107,"{""good"": []}",RA,"{""good"": []}",97.0,"{""good"": []}",,,15.56609059,"{""good"": []}",,,14.4371114,"{""good"": []}",194.3545445,"{""good"": []}",18.68266667,"{""good"": []}"
2026-09-30 03:37:00+00:00,Aberdaron Automatic Weather Station,-4.74,52.79,0.2,"{""good"": []}",991.775,"{""good"": []}",,,14.5862961,"{""good"": []}",,,,,500.0,"{""good"": []}",,"{""good"": []}",,"{""good"": []}",8.0,"{""good"": []}",,"{""good"": []}",,"{""good"": []}",8.0,"{""good"": []}",,,0.0003710466745,"{""good"": []}",,,0.0,"{""good"": []}",,,0.0,"{""good"": []}",,,14.36528267,"{""good"": []}",3482.5,"{""good"": []}",3.272727273,"{""good"": []}",RA,"{""good"": []}",96.95,"{""good"": []}",,,15.56634297,"{""good"": []}",,,14.43736885,"{""good"": []}",188.6449871,"{""good"": []}",19.90483333,"{""good"": []}"
2026-09-30 03:38:00+00:00,Aberdaron Automatic Weather Station,-4.74,52.79,0.0,"{""good"": []}",991.73,"{""good"": []}",,,14.59210074,"{""good"": []}",,,,,500.0,"{""good"": []}",,"{""good"": []}",,"{""good"": []}",8.0,"{""good"": []}",,"{""good"": []}",,"{""good"": []}",8.0,"{""good"": []}",,,-0.004732790535,"{""good"": []}",,,0.0,"{""good"": []}",,,0.0,"{""good"": []}",,,14.35953664,"{""good"": []}",4145.5,"{""good"": []}",3.272727273,"{""good"": []}",RA,"{""good"": []}",96.9,"{""good"": []}",,,15.56609309,"{""good"": []}",,,14.43756881,"{""good"": []}",188.2860254,"{""good"": []}",18.80245833,"{""good"": []}"
2026-09-30 03:39:00+00:00,Aberdaron Automatic Weather Station,-4.74,52.79,0.0,"{""good"": []}",991.795,"{""good"": []}",,,14.62328157,"{""good"": []}",,,,,500.0,"{""good"": []}",,"{""good"": []}",,"{""good"": []}",8.0,"{""good"": []}",,"{""good"": []}",,"{""good"": []}",8.0,"{""good"": []}",,,-0.006233894844,"{""good"": []}",,,0.0,"{""good"": []}",,,0.0,"{""good"": []}",,,14.37269077,"{""good"": []}",4253.5,"{""good"": []}",3.272727273,"{""good"": []}",RA,"{""good"": []}",96.95,"{""good"": []}",,,15.56594316,"{""good"": []}",,,14.43781876,"{""good"": []}",186.134737,"{""good"": []}",18.56208333,"{""good"": []}"
2026-09-30 03:40:00+00:00,Aberdaron Automatic Weather Station,-4.74,52.79,0.0,"{""good"": []}",991.84,"{""good"": []}",,,14.63741144,"{""good"": []}",,,,,400.0,"{""good"": []}",,"{""good"": []}",,"{""good"": []}",8.0,"{""good"": []}",,"{""good"": []}",,"{""good"": []}",8.0,"{""good"": []}",,,-0.01313435197,"{""good"": []}",,,0.0,"{""good"": []}",,,0.0,"{""good"": []}",,,14.37757702,"{""good"": []}",4340.0,"{""good"": []}",3.272727273,"{""good"": []}",RA,"{""good"": []}",97.025,"{""good"": []}",,,15.56604311,"{""good"": []}",,,14.4381187,"{""good"": []}",186.6817655,"{""good"": []}",18.41375,"{""good"": []}"
2026-09-30 03:41:00+00:00,Aberdaron Automatic Weather Station,-4.74,52.79,0.2,"{""good"": []}",991.905,"{""good"": []}",,,14.64119359,"{""good"": []}",,,,,400.0,"{""good"": []}",,"{""good"": []}",,"{""good"": []}",8.0,"{""good"": []}",,"{""good"": []}",,"{""good"": []}",8.0,"{""good"": []}",,,-0.02045373172,"{""good"": []}",,,0.0,"{""good"": []}",,,0.0,"{""good"": []}",,,14.38558746,"{""good"": []}",6150.5,"{""good"": []}",2.571428571,"{""good"": []}",RA,"{""good"": []}",97.0,"{""good"": []}",,,15.56604311,"{""good"": []}",,,14.43831865,"{""good"": []}",183.919909,"{""good"": []}",20.08366667,"{""good"": []}"
2026-09-30 03:42:00+00:00,Aberdaron Automatic Weather Station,-4.74,52.79,0.0,"{""good"": []}",991.92,"{""good"": []}",,,14.62605748,"{""good"": []}",,,,,400.0,"{""good"": []}",1300.0,"{""good"": []}",5400.0,"{""good"": []}",6.0,"{""good"": []}",4.0,"{""good"": []}",5.0,"{""good"": []}",8.0,"{""good"": []}",,,-0.02784286269,"{""good"": []}",,,0.0,"{""good"": []}",,,0.0,"{""good"": []}",,,14.38981888,"{""good"": []}",8099.0,"{""good"": []}",2.571428571,"{""good"": []}",RA,"{""good"": []}",96.9,"{""good"": []}",,,15.56589068,"{""good"": []}",,,14.43842113,"{""good"": []}",185.8440455,"{""good"": []}",21.65241667,"{""good"": []}"
2026-09-30 03:43:00+00:00,Aberdaron Automatic Weather Station,-4.74,52.79,0.0,"{""good"": []}",991.875,"{""good"": []}",,,14.63458296,"{""good"": []}",,,,,400.0,"{""good"": []}",1300.0,"{""good"": []}",5400.0,"{""good"": []}",6.0,"{""good"": []}",4.0,"{""good"": []}",5.0,"{""good"": []}",8.0,"{""good"": []}",,,-0.03073899925,"{""good"": []}",,,0.0,"{""good"": []}",,,0.0,"{""good"": []}",,,14.38825678,"{""good"": []}",10310.5,"{""good"": []}",2.571428571,"{""good"": []}",RA,"{""good"": []}",96.9,"{""good"": []}",,,15.56589319,"{""good"": []}",,,14.43872857,"{""good"": []}",182.4146467,"{""good"": []}",21.62270833,"{""good"": []}"
2026-09-30 03:44:00+00:00,Aberdaron Automatic Weather Station,-4.74,52.79,0.0,"{""good"": []}",991.815,"{""good"": []}",,,14.61954948,"{""good"": []}",,,,,400.0,"{""good"": []}",1300.0,"{""good"": []}",5400.0,"{""good"": []}",7.0,"{""good"": []}",3.0,"{""good"": []}",5.0,"{""good"": []}",8.0,"{""good"": []}",,,-0.0372085646,"{""good"": []}",,,0.0,"{""good"": []}",,,0.0,"{""good"": []}",,,14.38603984,"{""good"": []}",12264.5,"{""good"": []}",2.571428571,"{""good"": []}",RA,"{""good"": []}",96.9,"{""good"": []}",,,15.56584071,"{""good"": []}",,,14.43897852,"{""good"": []}",180.8787116,"{""good"": []}",20.52766667,"{""good"": []}"
2026-09-30 03:45:00+00:00,Aberdaron Automatic Weather Station,-4.74,52.79,0.0,"{""good"": []}",991.755,"{""good"": []}",,,14.61328929,"{""good"": []}",,,,,400.0,"{""good"": []}",5400.0,"{""good"": []}",7400.0,"{""good"": []}",6.0,"{""good"": []}",5.0,"{""good"": []}",4.0,"{""good"": []}",8.0,"{""good"": []}",,,-0.04440948945,"{""good"": []}",,,0.0,"{""good"": []}",,,0.0,"{""good"": []}",,,14.36719968,"{""good"": []}",13539.5,"{""good"": []}",2.571428571,"{""good"": []}",RA,"{""good"": []}",96.9,"{""good"": []}",,,15.56594316,"{""good"": []}",,,14.43912849,"{""good"": []}",179.2801324,"{""good"": []}",21.48958333,"{""good"": []}"
2026-09-30 03:46:00+00:00,Aberdaron Automatic Weather Station,-4.74,52.79,0.0,"{""good"": []}",991.67,"{""good"": []}",,,14.5719685,"{""good"": []}",,,,,400.0,"{""good"": []}",5400.0,"{""good"": []}",7400.0,"{""good"": []}",6.0,"{""good"": []}",5.0,"{""good"": []}",5.0,"{""good"": []}",8.0,"{""good"": []}",,,-0.05282797254,"{""good"": []}",,,0.0,"{""good"": []}",,,0.0,"{""good"": []}",,,14.34094891,"{""good"": []}",13225.0,"{""good"": []}",2.571428571,"{""good"": []}",RA,"{""good"": []}",96.85,"{""good"": []}",,,15.56599314,"{""good"": []}",,,14.43942843,"{""good"": []}",180.6845602,"{""good"": []}",20.4825,"{""good"": []}"
2026-09-30 03:47:00+00:00,Aberdaron Automatic Weather Station,-4.74,52.79,0.0,"{""good"": []}",991.585,"{""good"": []}",,,14.59780025,"{""good"": []}",,,,,400.0,"{""good"": []}",5400.0,"{""good"": []}",7400.0,"{""good"": []}",6.0,"{""good"": []}",4.0,"{""good"": []}",5.0,"{""good"": []}",8.0,"{""good"": []}",,,-0.05505672268,"{""good"": []}",,,0.0,"{""good"": []}",,,0.0,"{""good"": []}",,,14.32134894,"{""good"": []}",14965.5,"{""good"": []}",2.571428571,"{""good"": []}",RA,"{""good"": []}",96.875,"{""good"": []}",,,15.56573825,"{""good"": []}",,,14.43952841,"{""good"": []}",178.1702632,"{""good"": []}",18.6215,"{""good"": []}"
2026-09-30 03:48:00+00:00,Aberdaron Automatic Weather Station,-4.74,52.79,0.0,"{""good"": []}",991.62,"{""good"": []}",,,14.63130643,"{""good"": []}",,,,,400.0,"{""good"": []}",5400.0,"{""good"": []}",7400.0,"{""good"": []}",6.0,"{""good"": []}",4.0,"{""good"": []}",5.0,"{""good"": []}",8.0,"{""good"": []}",,,-0.05180852655,"{""good"": []}",,,0.0,"{""good"": []}",,,0.0,"{""good"": []}",,,14.34175371,"{""good"": []}",12977.5,"{""good"": []}",1.658986175,"{""good"": []}",RA,"{""good"": []}",96.9,"{""good"": []}",,,15.56573825,"{""good"": []}",,,14.43983334,"{""good"": []}",180.2444412,"{""good"": []}",18.57529167,"{""good"": []}"
2026-09-30 03:49:00+00:00,Aberdaron Automatic Weather Station,-4.74,52.79,0.0,"{""good"": []}",991.6,"{""good"": []}",,,14.62651304,"{""good"": []}",,,,,400.0,"{""good"": []}",5400.0,"{""good"": []}",7400.0,"{""good"": []}",6.0,"{""good"": []}",4.0,"{""good"": []}",6.0,"{""good"": []}",8.0,"{""good"": []}",,,-0.05008578623,"{""good"": []}",,,0.0,"{""good"": []}",,,0.0,"{""good"": []}",,,14.35052145,"{""good"": []}",12816.5,"{""good"": []}",1.457489879,"{""good"": []}",RA,"{""good"": []}",96.875,"{""good"": []}",,,15.56578823,"{""good"": []}",,,14.44018827,"{""good"": []}",181.8131027,"{""good"": []}",20.21729167,"{""good"": []}"
2026-09-30 03:50:00+00:00,Aberdaron Automatic Weather Station,-4.74,52.79,0.0,"{""good"": []}",991.57,"{""good"": []}",,,14.59754994,"{""good"": []}",,,,,400.0,"{""good"": []}",5400.0,"{""good"": []}",7400.0,"{""good"": []}",5.0,"{""good"": []}",4.0,"{""good"": []}",6.0,"{""good"": []}",8.0,"{""good"": []}",,,-0.054261804,"{""good"": []}",,,0.0,"{""good"": []}",,,0.0,"{""good"": []}",,,14.32497801,"{""good"": []}",13745.5,"{""good"": []}",1.299638989,"{""good"": []}",RA,"{""good"": []}",96.8,"{""good"": []}",,,15.56568828,"{""good"": []}",,,14.44043822,"{""good"": []}",182.7025189,"{""good"": []}",20.07733333,"{""good"": []}"
2026-09-30 03:51:00+00:00,Aberdaron Automatic Weather Station,-4.74,52.79,0.0,"{""good"": []}",991.55,"{""good"": []}",,,14.57479447,"{""good"": []}",,,,,400.0,"{""good"": []}",5400.0,"{""good"": []}",7400.0,"{""good"": []}",5.0,"{""good"": []}",4.0,"{""good"": []}",7.0,"{""good"": []}",8.0,"{""good"": []}",,,-0.05941021693,"{""good"": []}",,,0.0,"{""good"": []}",,,0.0,"{""good"": []}",,,14.29872724,"{""good"": []}",11987.0,"{""good"": []}",1.172638436,"{""good"": []}",RA,"{""good"": []}",96.775,"{""good"": []}",,,15.56558333,"{""good"": []}",,,14.44048821,"{""good"": []}",182.3187989,"{""good"": []}",17.65683333,"{""good"": []}"
2026-09-30 03:52:00+00:00,Aberdaron Automatic Weather Station,-4.74,52.79,0.0,"{""good"": []}",991.52,"{""good"": []}",,,14.5885664,"{""good"": []}",,,,,400.0,"{""good"": []}",5400.0,"{""good"": []}",7400.0,"{""good"": []}",5.0,"{""good"": []}",4.0,"{""good"": []}",7.0,"{""good"": []}",8.0,"{""good"": []}",,,-0.05515083044,"{""good"": []}",,,0.0,"{""good"": []}",,,0.0,"{""good"": []}",,,14.2813442,"{""good"": []}",13925.5,"{""good"": []}",1.068249258,"{""good"": []}",-RA,"{""good"": []}",96.75,"{""good"": []}",,,15.56553585,"{""good"": []}",,,14.44058819,"{""good"": []}",179.2542689,"{""good"": []}",16.43220833,"{""good"": []}"
2026-09-30 03:53:00+00:00,Aberdaron Automatic Weather Station,-4.74,52.79,0.0,"{""good"": []}",991.5,"{""good"": []}",,,14.50682341,"{""good"": []}",,,,,400.0,"{""good"": []}",5400.0,"{""good"": []}",7400.0,"{""good"": []}",4.0,"{""good"": []}",2.0,"{""good"": []}",7.0,"{""good"": []}",8.0,"{""good"": []}",,,-0.06075324858,"{""good"": []}",,,0.0,"{""good"": []}",,,0.0,"{""good"": []}",,,14.26134183,"{""good"": []}",14589.5,"{""good"": []}",0.0,"{""good"": []}",-RA,"{""good"": []}",96.7,"{""good"": []}",,,15.56584071,"{""good"": []}",,,14.44104809,"{""good"": []}",180.2307043,"{""good"": []}",17.625625,"{""good"": []}"
2026-09-30 03:54:00+00:00,Aberdaron Automatic Weather Station,-4.74,52.79,0.0,"{""good"": []}",991.52,"{""good"": []}",,,14.50637286,"{""good"": []}",,,,,400.0,"{""good"": []}",5400.0,"{""good"": []}",7400.0,"{""good"": []}",4.0,"{""good"": []}",2.0,"{""good"": []}",8.0,"{""good"": []}",8.0,"{""good"": []}",,,-0.06311820126,"{""good"": []}",,,0.0,"{""good"": []}",,,0.0,"{""good"": []}",,,14.21378152,"{""good"": []}",19288.5,"{""good"": []}",0.0,"{""good"": []}",-RA,"{""good"": []}",96.6,"{""good"": []}",,,15.56548337,"{""good"": []}",,,14.44124805,"{""good"": []}",182.7360888,"{""good"": []}",16.26716667,"{""good"": []}"
2026-09-30 03:55:00+00:00,Aberdaron Automatic Weather Station,-4.74,52.79,0.0,"{""good"": []}",991.525,"{""good"": []}",,,14.46999064,"{""good"": []}",,,,,400.0,"{""good"": []}",5500.0,"{""good"": []}",7400.0,"{""good"": []}",4.0,"{""good"": []}",1.0,"{""good"": []}",8.0,"{""good"": []}",8.0,"{""good"": []}",,,-0.05992077495,"{""good"": []}",,,0.0,"{""good"": []}",,,0.0,"{""good"": []}",,,14.18949775,"{""good"": []}",17658.0,"{""good"": []}",0.0,"{""good"": []}",-RA,"{""good"": []}",96.6,"{""good"": []}",,,15.56538342,"{""good"": []}",,,14.441498,"{""good"": []}",180.7781179,"{""good"": []}",17.60016667,"{""good"": []}"
2026-09-30 03:56:00+00:00,Aberdaron Automatic Weather Station,-4.74,52.79,0.0,"{""good"": []}",991.545,"{""good"": []}",,,14.48179765,"{""good"": []}",,,,,400.0,"{""good"": []}",5500.0,"{""good"": []}",7400.0,"{""good"": []}",4.0,"{""good"": []}",1.0,"{""good"": []}",8.0,"{""good"": []}",8.0,"{""good"": []}",,,-0.05813942851,"{""good"": []}",,,0.0,"{""good"": []}",,,0.0,"{""good"": []}",,,14.16173488,"{""good"": []}",19156.0,"{""good"": []}",0.0,"{""good"": []}",-RA,"{""good"": []}",96.6,"{""good"": []}",,,15.56538342,"{""good"": []}",,,14.44179794,"{""good"": []}",183.955093,"{""good"": []}",16.24783333,"{""good"": []}"
2026-09-30 03:57:00+00:00,Aberdaron Automatic Weather Station,-4.74,52.79,0.0,"{""good"": []}",991.5,"{""good"": []}",,,14.4696377,"{""good"": []}",,,,,400.0,"{""good"": []}",5500.0,"{""good"": []}",7400.0,"{""good"": []}",3.0,"{""good"": []}",1.0,"{""good"": []}",6.0,"{""good"": []}",8.0,"{""good"": []}",,,-0.06224445612,"{""good"": []}",,,0.0,"{""good"": []}",,,0.0,"{""good"": []}",,,14.15065022,"{""good"": []}",19508.5,"{""good"": []}",0.0,"{""good"": []}",-RA,"{""good"": []}",96.525,"{""good"": []}",,,15.56533345,"{""good"": []}",,,14.4420004,"{""good"": []}",179.4567952,"{""good"": []}",14.53133333,"{""good"": []}"
2026-09-30 03:58:00+00:00,Aberdaron Automatic Weather Station,-4.74,52.79,0.0,"{""good"": []}",991.43,"{""good"": []}",,,14.56379344,"{""good"": []}",,,,,400.0,"{""good"": []}",5500.0,"{""good"": []}",7400.0,"{""good"": []}",3.0,"{""good"": []}",1.0,"{""good"": []}",6.0,"{""good"": []}",8.0,"{""good"": []}",,,-0.05523957945,"{""good"": []}",,,0.0,"{""good"": []}",,,0.0,"{""good"": []}",,,14.17871302,"{""good"": []}",19230.5,"{""good"": []}",0.0,"{""good"": []}",-RA,"{""good"": []}",96.6,"{""good"": []}",,,15.56533345,"{""good"": []}",,,14.44225285,"{""good"": []}",173.533629,"{""good"": []}",12.635625,"{""good"": []}"
2026-09-30 03:59:00+00:00,Aberdaron Automatic Weather Station,-4.74,52.79,0.0,"{""good"": []}",991.445,"{""good"": []}",,,14.5468376,"{""good"": []}",,,,,400.0,"{""good"": []}",7400.0,"{""good"": []}",,"{""good"": []}",3.0,"{""good"": []}",6.0,"{""good"": []}",,"{""good"": []}",8.0,"{""good"": []}",,,-0.05484459695,"{""good"": []}",,,0.0,"{""good"": []}",,,0.0,"{""good"": []}",,,14.19569117,"{""good"": []}",16414.0,"{""good"": []}",0.0,"{""good"": []}",-RA,"{""good"": []}",96.65,"{""good"": []}",,,15.56538342,"{""good"": []}",,,14.44235283,"{""good"": []}",180.4356918,"{""good"": []}",14.27408333,"{""good"": []}"
2026-09-30 04:00:00+00:00,Aberdaron Automatic Weather Station,-4.74,52.79,0.0,"{""good"": []}",991.5,"{""good"": []}",,,14.44340045,"{""good"": []}",,,,,400.0,"{""good"": []}",7400.0,"{""good"": []}",,"{""good"": []}",3.0,"{""good"": []}",7.0,"{""good"": []}",,"{""good"": []}",8.0,"{""good"": []}",,,-0.06806521185,"{""good"": []}",,,0.0,"{""good"": []}",,,0.0,"{""good"": []}",,,14.16158241,"{""good"": []}",19923.0,"{""good"": []}",0.0,"{""good"": []}",-RA,"{""good"": []}",96.5,"{""good"": []}",,,15.56523349,"{""good"": []}",,,14.44325764,"{""good"": []}",180.5009663,"{""good"": []}",18.26470833,"{""good"": []}"
2026-09-30 04:01:00+00:00,Aberdaron Automatic Weather Station,-4.74,52.79,0.0,"{""good"": []}",991.545,"{""good"": []}",,,14.41342611,"{""good"": []}",,,,,400.0,"{""good"": []}",7400.0,"{""good"": []}",,"{""good"": []}",2.0,"{""good"": []}",7.0,"{""good"": []}",,"{""good"": []}",8.0,"{""good"": []}",,,-0.08279229798,"{""good"": []}",,,0.0,"{""good"": []}",,,0.0,"{""good"": []}",,,14.09482703,"{""good"": []}",24758.5,"{""good"": []}",0.0,"{""good"": []}",-RA,"{""good"": []}",96.4,"{""good"": []}",,,15.56528347,"{""good"": []}",,,14.44310767,"{""good"": []}",178.4836787,"{""good"": []}",18.44129167,"{""good"": []}"
2026-09-30 04:02:00+00:00,Aberdaron Automatic Weather Station,-4.74,52.79,0.0,"{""good"": []}",991.51,"{""good"": []}",,,14.33234393,"{""good"": []}",,,,,400.0,"{""good"": []}",7400.0,"{""good"": []}",,"{""good"": []}",2.0,"{""good"": []}",7.0,"{""good"": []}",,"{""good"": []}",8.0,"{""good"": []}",,,-0.09717021479,"{""good"": []}",,,0.0,"{""good"": []}",,,0.0,"{""good"": []}",,,13.9963273,"{""good"": []}",25339.5,"{""good"": []}",0.0,"{""good"": []}",-RA,"{""good"": []}",96.225,"{""good"": []}",,,15.56518351,"{""good"": []}",,,14.44300769,"{""good"": []}",181.6309715,"{""good"": []}",18.550125,"{""good"": []}"
2026-09-30 04:03:00+00:00,Aberdaron Automatic Weather Station,-4.74,52.79,0.0,"{""good"": []}",991.515,"{""good"": []}",,,14.337688,"{""good"": []}",,,,,400.0,"{""good"": []}",7400.0,"{""good"": []}",,"{""good"": []}",2.0,"{""good"": []}",7.0,"{""good"": []}",,"{""good"": []}",8.0,"{""good"": []}",,,-0.1065037279,"{""good"": []}",,,0.0,"{""good"": []}",,,0.0,"{""good"": []}",,,13.90553558,"{""good"": []}",28131.0,"{""good"": []}",0.0,"{""good"": []}",-RA,"{""good"": []}",96.125,"{""good"": []}",,,15.56523349,"{""good"": []}",,,14.44285772,"{""good"": []}",181.0181332,"{""good"": []}",16.789875,"{""good"": []}"
2026-09-30 04:04:00+00:00,Aberdaron Automatic Weather Station,-4.74,52.79,0.0,"{""good"": []}",991.545,"{""good"": []}",,,14.3819424,"{""good"": []}",,,,,400.0,"{""good"": []}",7400.0,"{""good"": []}",,"{""good"": []}",2.0,"{""good"": []}",7.0,"{""good"": []}",,"{""good"": []}",8.0,"{""good"": []}",,,-0.1141289436,"{""good"": []}",,,0.0,"{""good"": []}",,,0.0,"{""good"": []}",,,13.88266145,"{""good"": []}",24738.5,"{""good"": []}",0.0,"{""good"": []}",-RA,"{""good"": []}",96.125,"{""good"": []}",,,15.56518351,"{""good"": []}",,,14.4429577,"{""good"": []}",180.0587063,"{""good"": []}",16.18820833,"{""good"": []}"
2026-09-30 04:05:00+00:00,Aberdaron Automatic Weather Station,-4.74,52.79,0.0,"{""good"": []}",991.54,"{""good"": []}",,,14.390971,"{""good"": []}",,,,,400.0,"{""good"": []}",7400.0,"{""good"": []}",,"{""good"": []}",2.0,"{""good"": []}",7.0,"{""good"": []}",,"{""good"": []}",8.0,"{""good"": []}",,,-0.1221177758,"{""good"": []}",,,0.0,"{""good"": []}",,,0.0,"{""good"": []}",,,13.87071951,"{""good"": []}",23783.5,"{""good"": []}",0.0,"{""good"": []}",-RA,"{""good"": []}",96.025,"{""good"": []}",,,15.56533345,"{""good"": []}",,,14.44315766,"{""good"": []}",177.2284829,"{""good"": []}",15.734625,"{""good"": []}"
2026-09-30 04:06:00+00:00,Aberdaron Automatic Weather Station,-4.74,52.79,0.0,"{""good"": []}",991.525,"{""good"": []}",,,14.40954133,"{""good"": []}",,,,,400.0,"{""good"": []}",7400.0,"{""good"": []}",,"{""good"": []}",2.0,"{""good"": []}",7.0,"{""good"": []}",,"{""good"": []}",8.0,"{""good"": []}",,,-0.1257791183,"{""good"": []}",,,0.0,"{""good"": []}",,,0.0,"{""good"": []}",,,13.86895747,"{""good"": []}",23750.0,"{""good"": []}",0.0,"{""good"": []}",-RA,"{""good"": []}",95.95,"{""good"": []}",,,15.56508356,"{""good"": []}",,,14.44300769,"{""good"": []}",175.7925411,"{""good"": []}",14.06904167,"{""good"": []}"
2026-09-30 04:07:00+00:00,Aberdaron Automatic Weather Station,-4.74,52.79,0.0,"{""good"": []}",991.5,"{""good"": []}",,,14.45101982,"{""good"": []}",,,,,400.0,"{""good"": []}",7400.0,"{""good"": []}",,"{""good"": []}",2.0,"{""good"": []}",8.0,"{""good"": []}",,"{""good"": []}",8.0,"{""good"": []}",,,-0.1294433494,"{""good"": []}",,,0.0,"{""good"": []}",,,0.0,"{""good"": []}",,,13.87318638,"{""good"": []}",21775.5,"{""good"": []}",0.0,"{""good"": []}",-RA,"{""good"": []}",95.9,"{""good"": []}",,,15.56513354,"{""good"": []}",,,14.44325764,"{""good"": []}",179.7124392,"{""good"": []}",13.5305,"{""good"": []}"
2026-09-30 04:08:00+00:00,Aberdaron Automatic Weather Station,-4.74,52.79,0.0,"{""good"": []}",991.475,"{""good"": []}",,,14.48018567,"{""good"": []}",,,,,400.0,"{""good"": []}",7400.0,"{""good"": []}",,"{""good"": []}",1.0,"{""good"": []}",8.0,"{""good"": []}",,"{""good"": []}",8.0,"{""good"": []}",,,-0.1361155663,"{""good"": []}",,,0.0,"{""good"": []}",,,0.0,"{""good"": []}",,,13.89772509,"{""good"": []}",20296.5,"{""good"": []}",0.0,"{""good"": []}",RERA,"{""good"": []}",95.9,"{""good"": []}",,,15.56503358,"{""good"": []}",,,14.44330763,"{""good"": []}",174.3805642,"{""good"": []}",12.02707917,"{""good"": []}"
2026-09-30 04:09:00+00:00,Aberdaron Automatic Weather Station,-4.74,52.79,0.0,"{""good"": []}",991.51,"{""good"": []}",,,14.42362114,"{""good"": []}",,,,,400.0,"{""good"": []}",7400.0,"{""good"": []}",,"{""good"": []}",1.0,"{""good"": []}",8.0,"{""good"": []}",,"{""good"": []}",8.0,"{""good"": []}",,,-0.1418682206,"{""good"": []}",,,0.0,"{""good"": []}",,,0.0,"{""good"": []}",,,13.94009422,"{""good"": []}",18850.0,"{""good"": []}",0.0,"{""good"": []}",RERA,"{""good"": []}",95.825,"{""good"": []}",,,15.56523349,"{""good"": []}",,,14.44340761,"{""good"": []}",176.5491571,"{""good"": []}",17.33841667,"{""good"": []}"
2026-09-30 04:10:00+00:00,Aberdaron Automatic Weather Station,-4.74,52.79,0.0,"{""good"": []}",991.49,"{""good"": []}",,,14.37063851,"{""good"": []}",,,,,400.0,"{""good"": []}",7400.0,"{""good"": []}",,"{""good"": []}",1.0,"{""good"": []}",8.0,"{""good"": []}",,"{""good"": []}",8.0,"{""good"": []}",,,-0.1467268995,"{""good"": []}",,,0.0,"{""good"": []}",,,0.0,"{""good"": []}",,,13.91152905,"{""good"": []}",24122.0,"{""good"": []}",0.0,"{""good"": []}",RERA,"{""good"": []}",95.5,"{""good"": []}",,,15.5649836,"{""good"": []}",,,14.4434576,"{""good"": []}",174.7181609,"{""good"": []}",14.424,"{""good"": []}"
2026-09-30 04:11:00+00:00,Aberdaron Automatic Weather Station,-4.74,52.79,0.0,"{""good"": []}",991.52,"{""good"": []}",,,14.45096975,"{""good"": []}",,,,,500.0,"{""good"": []}",7500.0,"{""good"": []}",,"{""good"": []}",1.0,"{""good"": []}",8.0,"{""good"": []}",,"{""good"": []}",8.0,"{""good"": []}",,,-0.1459274407,"{""good"": []}",,,0.0,"{""good"": []}",,,0.0,"{""good"": []}",,,13.90825488,"{""good"": []}",23768.0,"{""good"": []}",0.0,"{""good"": []}",RERA,"{""good"": []}",95.625,"{""good"": []}",,,15.5649836,"{""good"": []}",,,14.44366256,"{""good"": []}",174.3582899,"{""good"": []}",14.648625,"{""good"": []}"
2026-09-30 04:12:00+00:00,Aberdaron Automatic Weather Station,-4.74,52.79,0.0,"{""good"": []}",991.52,"{""good"": []}",,,14.41231474,"{""good"": []}",,,,,600.0,"{""good"": []}",7500.0,"{""good"": []}",,"{""good"": []}",1.0,"{""good"": []}",8.0,"{""good"": []}",,"{""good"": []}",8.0,"{""good"": []}",,,-0.1517626395,"{""good"": []}",,,0.0,"{""good"": []}",,,0.0,"{""good"": []}",,,13.91107917,"{""good"": []}",23175.0,"{""good"": []}",0.0,"{""good"": []}",RERA,"{""good"": []}",95.475,"{""good"": []}",,,15.56483367,"{""good"": []}",,,14.44366256,"{""good"": []}",173.5670798,"{""good"": []}",16.04075,"{""good"": []}"
2026-09-30 04:13:00+00:00,Aberdaron Automatic Weather Station,-4.74,52.79,0.0,"{""good"": []}",991.575,"{""good"": []}",,,14.34677417,"{""good"": []}",,,,,600.0,"{""good"": []}",7500.0,"{""good"": []}",,"{""good"": []}",1.0,"{""good"": []}",8.0,"{""good"": []}",,"{""good"": []}",8.0,"{""good"": []}",,,-0.1674109388,"{""good"": []}",,,0.0,"{""good"": []}",,,0.0,"{""good"": []}",,,13.84945747,"{""good"": []}",25764.0,"{""good"": []}",0.0,"{""good"": []}",RERA,"{""good"": []}",95.225,"{""good"": []}",,,15.5647812,"{""good"": []}",,,14.44391501,"{""good"": []}",177.5059179,"{""good"": []}",16.404375,"{""good"": []}"
2026-09-30 04:14:00+00:00,Aberdaron Automatic Weather Station,-4.74,52.79,0.0,"{""good"": []}",991.65,"{""good"": []}",,,14.34071673,"{""good"": []}",,,,,600.0,"{""good"": []}",7500.0,"{""good"": []}",10000.0,"{""good"": []}",1.0,"{""good"": []}",7.0,"{""good"": []}",3.0,"{""good"": []}",8.0,"{""good"": []}",,,-0.1848752559,"{""good"": []}",,,0.0,"{""good"": []}",,,0.0,"{""good"": []}",,,13.79126739,"{""good"": []}",27814.0,"{""good"": []}",0.0,"{""good"": []}",RERA,"{""good"": []}",95.025,"{""good"": []}",,,15.56483367,"{""good"": []}",,,14.44386752,"{""good"": []}",178.9467211,"{""good"": []}",17.23179167,"{""good"": []}"
2026-09-30 04:15:00+00:00,Aberdaron Automatic Weather Station,-4.74,52.79,0.0,"{""good"": []}",991.805,"{""good"": []}",,,14.33330011,"{""good"": []}",,,,,600.0,"{""good"": []}",7700.0,"{""good"": []}",10000.0,"{""good"": []}",1.0,"{""good"": []}",7.0,"{""good"": []}",4.0,"{""good"": []}",8.0,"{""good"": []}",,,-0.1983463968,"{""good"": []}",,,0.0,"{""good"": []}",,,0.0,"{""good"": []}",,,13.77232225,"{""good"": []}",26884.5,"{""good"": []}",0.0,"{""good"": []}",RERA,"{""good"": []}",94.9,"{""good"": []}",,,15.56483367,"{""good"": []}",,,14.44426743,"{""good"": []}",178.5252992,"{""good"": []}",17.58066667,"{""good"": []}"
2026-09-30 04:16:00+00:00,Aberdaron Automatic Weather Station,-4.74,52.79,0.0,"{""good"": []}",991.86,"{""good"": []}",,,14.35131225,"{""good"": []}",,,,,7800.0,"{""good"": []}",10000.0,"{""good"": []}",,"{""good"": []}",7.0,"{""good"": []}",4.0,"{""good"": []}",,"{""good"": []}",8.0,"{""good"": []}",,,-0.2073488945,"{""good"": []}",,,0.0,"{""good"": []}",,,0.0,"{""good"": []}",,,13.76567146,"{""good"": []}",27316.5,"{""good"": []}",0.0,"{""good"": []}",RERA,"{""good"": []}",94.775,"{""good"": []}",,,15.56488365,"{""good"": []}",,,14.44431742,"{""good"": []}",177.6182858,"{""good"": []}",17.6985,"{""good"": []}"
2026-09-30 04:17:00+00:00,Aberdaron Automatic Weather Station,-4.74,52.79,0.0,"{""good"": []}",991.89,"{""good"": []}",,,14.33945518,"{""good"": []}",,,,,7800.0,"{""good"": []}",10000.0,"{""good"": []}",,"{""good"": []}",7.0,"{""good"": []}",5.0,"{""good"": []}",,"{""good"": []}",8.0,"{""good"": []}",,,-0.2172882921,"{""good"": []}",,,0.0,"{""good"": []}",,,0.0,"{""good"": []}",,,13.78678354,"{""good"": []}",26593.5,"{""good"": []}",0.0,"{""good"": []}",RERA,"{""good"": []}",94.55,"{""good"": []}",,,15.56493363,"{""good"": []}",,,14.44431742,"{""good"": []}",176.4743472,"{""good"": []}",17.21070833,"{""good"": []}"
2026-09-30 04:18:00+00:00,Aberdaron Automatic Weather Station,-4.74,52.79,0.0,"{""good"": []}",991.835,"{""good"": []}",,,14.31009158,"{""good"": []}",,,,,6900.0,"{""good"": []}",8100.0,"{""good"": []}",10000.0,"{""good"": []}",1.0,"{""good"": []}",5.0,"{""good"": []}",5.0,"{""good"": []}",8.0,"{""good"": []}",,,-0.229382973,"{""good"": []}",,,0.0,"{""good"": []}",,,0.0,"{""good"": []}",,,13.76148753,"{""good"": []}",27219.5,"{""good"": []}",0.0,"{""good"": []}",RERA,"{""good"": []}",94.275,"{""good"": []}",,,15.56462877,"{""good"": []}",,,14.44446739,"{""good"": []}",177.2224065,"{""good"": []}",18.30866667,"{""good"": []}"
2026-09-30 04:19:00+00:00,Aberdaron Automatic Weather Station,-4.74,52.79,0.0,"{""good"": []}",991.845,"{""good"": []}",,,14.31574102,"{""good"": []}",,,,,6900.0,"{""good"": []}",8100.0,"{""good"": []}",10000.0,"{""good"": []}",1.0,"{""good"": []}",5.0,"{""good"": []}",5.0,"{""good"": []}",8.0,"{""good"": []}",,,-0.2390961934,"{""good"": []}",,,0.0,"{""good"": []}",,,0.0,"{""good"": []}",,,13.73463442,"{""good"": []}",28429.5,"{""good"": []}",0.0,"{""good"": []}",RERA,"{""good"": []}",94.1,"{""good"": []}",,,15.5647837,"{""good"": []}",,,14.44451738,"{""good"": []}",176.863983,"{""good"": []}",17.03295833,"{""good"": []}"
2026-09-30 04:20:00+00:00,Aberdaron Automatic Weather Station,-4.74,52.79,0.0,"{""good"": []}",991.905,"{""good"": []}",,,14.38279845,"{""good"": []}",,,,,6900.0,"{""good"": []}",8100.0,"{""good"": []}",10000.0,"{""good"": []}",1.0,"{""good"": []}",5.0,"{""good"": []}",5.0,"{""good"": []}",8.0,"{""good"": []}",,,-0.2468650354,"{""good"": []}",,,0.0,"{""good"": []}",,,0.0,"{""good"": []}",,,13.74314973,"{""good"": []}",27143.0,"{""good"": []}",0.0,"{""good"": []}",RERA,"{""good"": []}",93.925,"{""good"": []}",,,15.56452881,"{""good"": []}",,,14.44476983,"{""good"": []}",176.0565539,"{""good"": []}",17.48595833,"{""good"": []}"
2026-09-30 04:21:00+00:00,Aberdaron Automatic Weather Station,-4.74,52.79,0.0,"{""good"": []}",991.895,"{""good"": []}",,,14.40550637,"{""good"": []}",,,,,6900.0,"{""good"": []}",8100.0,"{""good"": []}",10000.0,"{""good"": []}",1.0,"{""good"": []}",4.0,"{""good"": []}",6.0,"{""good"": []}",8.0,"{""good"": []}",,,-0.2520621481,"{""good"": []}",,,0.0,"{""good"": []}",,,0.0,"{""good"": []}",,,13.7584633,"{""good"": []}",25775.5,"{""good"": []}",0.0,"{""good"": []}",RERA,"{""good"": []}",93.75,"{""good"": []}",,,15.56453131,"{""good"": []}",,,14.44502728,"{""good"": []}",177.7611117,"{""good"": []}",17.96941667,"{""good"": []}"
2026-09-30 04:22:00+00:00,Aberdaron Automatic Weather Station,-4.74,52.79,0.0,"{""good"": []}",991.955,"{""good"": []}",,,14.41655495,"{""good"": []}",,,,,6900.0,"{""good"": []}",8100.0,"{""good"": []}",10000.0,"{""good"": []}",1.0,"{""good"": []}",4.0,"{""good"": []}",6.0,"{""good"": []}",8.0,"{""good"": []}",,,-0.2531220427,"{""good"": []}",,,0.0,"{""good"": []}",,,0.0,"{""good"": []}",,,13.77786083,"{""good"": []}",24918.0,"{""good"": []}",0.0,"{""good"": []}",RERA,"{""good"": []}",93.55,"{""good"": []}",,,15.56442636,"{""good"": []}",,,14.44512726,"{""good"": []}",178.4709047,"{""good"": []}",18.76525,"{""good"": []}"
2026-09-30 04:23:00+00:00,Aberdaron Automatic Weather Station,-4.74,52.79,0.0,"{""good"": []}",991.945,"{""good"": []}",,,14.4482414,"{""good"": []}",,,,,6900.0,"{""good"": []}",8100.0,"{""good"": []}",10000.0,"{""good"": []}",1.0,"{""good"": []}",4.0,"{""good"": []}",6.0,"{""good"": []}",8.0,"{""good"": []}",,,-0.2502155891,"{""good"": []}",,,0.0,"{""good"": []}",,,0.0,"{""good"": []}",,,13.78627617,"{""good"": []}",26498.5,"{""good"": []}",0.0,"{""good"": []}",RERA,"{""good"": []}",93.425,"{""good"": []}",,,15.56447634,"{""good"": []}",,,14.44537721,"{""good"": []}",179.4759696,"{""good"": []}",16.75741667,"{""good"": []}"
2026-09-30 04:24:00+00:00,Aberdaron Automatic Weather Station,-4.74,52.79,0.0,"{""good"": []}",991.935,"{""good"": []}",,,14.44723516,"{""good"": []}",,,,,6900.0,"{""good"": []}",8100.0,"{""good"": []}",10000.0,"{""good"": []}",1.0,"{""good"": []}",4.0,"{""good"": []}",7.0,"{""good"": []}",8.0,"{""good"": []}",,,-0.248363664,"{""good"": []}",,,0.0,"{""good"": []}",,,0.0,"{""good"": []}",,,13.81131975,"{""good"": []}",24577.0,"{""good"": []}",0.0,"{""good"": []}",RERA,"{""good"": []}",93.2,"{""good"": []}",,,15.56447884,"{""good"": []}",,,14.44557716,"{""good"": []}",176.5655741,"{""good"": []}",18.77729167,"{""good"": []}"
2026-09-30 04:25:00+00:00,Aberdaron Automatic Weather Station,-4.74,52.79,0.0,"{""good"": []}",991.945,"{""good"": []}",,,14.48301164,"{""good"": []}",,,,,6900.0,"{""good"": []}",8100.0,"{""good"": []}",9900.0,"{""good"": []}",1.0,"{""good"": []}",4.0,"{""good"": []}",7.0,"{""good"": []}",8.0,"{""good"": []}",,,-0.2470747038,"{""good"": []}",,,0.0,"{""good"": []}",,,0.0,"{""good"": []}",,,13.79408667,"{""good"": []}",26968.0,"{""good"": []}",0.0,"{""good"": []}",RERA,"{""good"": []}",92.8,"{""good"": []}",,,15.56453131,"{""good"": []}",,,14.44577712,"{""good"": []}",180.4088402,"{""good"": []}",17.66683333,"{""good"": []}"
2026-09-30 04:26:00+00:00,Aberdaron Automatic Weather Station,-4.74,52.79,0.0,"{""good"": []}",991.985,"{""good"": []}",,,14.50727897,"{""good"": []}",,,,,6900.0,"{""good"": []}",8100.0,"{""good"": []}",9900.0,"{""good"": []}",1.0,"{""good"": []}",3.0,"{""good"": []}",5.0,"{""good"": []}",8.0,"{""good"": []}",,,-0.2468683366,"{""good"": []}",,,0.0,"{""good"": []}",,,0.0,"{""good"": []}",,,13.81746567,"{""good"": []}",26783.5,"{""good"": []}",0.0,"{""good"": []}",RERA,"{""good"": []}",92.7,"{""good"": []}",,,15.56432391,"{""good"": []}",,,14.44577712,"{""good"": []}",178.236555,"{""good"": []}",16.67245833,"{""good"": []}"
2026-09-30 04:27:00+00:00,Aberdaron Automatic Weather Station,-4.74,52.79,0.0,"{""good"": []}",991.95,"{""good"": []}",,,14.52155903,"{""good"": []}",,,,,2700.0,"{""good"": []}",8000.0,"{""good"": []}",9900.0,"{""good"": []}",1.0,"{""good"": []}",4.0,"{""good"": []}",8.0,"{""good"": []}",8.0,"{""good"": []}",,,-0.24846024,"{""good"": []}",,,0.0,"{""good"": []}",,,0.0,"{""good"": []}",,,13.8411471,"{""good"": []}",26716.5,"{""good"": []}",0.0,"{""good"": []}",RERA,"{""good"": []}",92.7,"{""good"": []}",,,15.56442636,"{""good"": []}",,,14.44607956,"{""good"": []}",179.9840873,"{""good"": []}",18.55666667,"{""good"": []}"
2026-09-30 04:28:00+00:00,Aberdaron Automatic Weather Station,-4.74,52.79,0.0,"{""good"": []}",991.91,"{""good"": []}",,,14.50793478,"{""good"": []}",,,,,2700.0,"{""good"": []}",8000.0,"{""good"": []}",9900.0,"{""good"": []}",1.0,"{""good"": []}",3.0,"{""good"": []}",6.0,"{""good"": []}",8.0,"{""good"": []}",,,-0.2493831066,"{""good"": []}",,,0.0,"{""good"": []}",,,0.0,"{""good"": []}",,,13.8700147,"{""good"": []}",25819.0,"{""good"": []}",0.0,"{""good"": []}",RERA,"{""good"": []}",92.525,"{""good"": []}",,,15.56422395,"{""good"": []}",,,14.44628452,"{""good"": []}",180.016507,"{""good"": []}",20.10845833,"{""good"": []}"
2026-09-30 04:29:00+00:00,Aberdaron Automatic Weather Station,-4.74,52.79,0.0,"{""good"": []}",991.885,"{""good"": []}",,,14.52488812,"{""good"": []}",,,,,2700.0,"{""good"": []}",8000.0,"{""good"": []}",9900.0,"{""good"": []}",1.0,"{""good"": []}",3.0,"{""good"": []}",6.0,"{""good"": []}",8.0,"{""good"": []}",,,-0.2498849871,"{""good"": []}",,,0.0,"{""good"": []}",,,0.0,"{""good"": []}",,,13.87414614,"{""good"": []}",27559.5,"{""good"": []}",0.0,"{""good"": []}",RERA,"{""good"": []}",92.25,"{""good"": []}",,,15.56422395,"{""good"": []}",,,14.44618454,"{""good"": []}",180.892254,"{""good"": []}",21.01233333,"{""good"": []}"
2026-09-30 04:30:00+00:00,Aberdaron Automatic Weather Station,-4.74,52.79,0.0,"{""good"": []}",991.915,"{""good"": []}",,,14.57040407,"{""good"": []}",,,,,2700.0,"{""good"": []}",8000.0,"{""good"": []}",9900.0,"{""good"": []}",1.0,"{""good"": []}",3.0,"{""good"": []}",7.0,"{""good"": []}",8.0,"{""good"": []}",,,-0.2497917089,"{""good"": []}",,,0.0,"{""good"": []}",,,0.0,"{""good"": []}",,,13.8875477,"{""good"": []}",27232.0,"{""good"": []}",0.0,"{""good"": []}",RERA,"{""good"": []}",92.2,"{""good"": []}",,,15.56427393,"{""good"": []}",,,14.44648698,"{""good"": []}",181.3609675,"{""good"": []}",18.665625,"{""good"": []}"
2026-09-30 04:31:00+00:00,Aberdaron Automatic Weather Station,-4.74,52.79,0.0,"{""good"": []}",991.925,"{""good"": []}",,,14.58145516,"{""good"": []}",,,,,2700.0,"{""good"": []}",8000.0,"{""good"": []}",9900.0,"{""good"": []}",1.0,"{""good"": []}",3.0,"{""good"": []}",7.0,"{""good"": []}",8.0,"{""good"": []}",,,-0.2424723297,"{""good"": []}",,,0.0,"{""good"": []}",,,0.0,"{""good"": []}",,,13.91218638,"{""good"": []}",24241.0,"{""good"": []}",0.0,"{""good"": []}",RERA,"{""good"": []}",92.275,"{""good"": []}",,,15.56432391,"{""good"": []}",,,14.44673693,"{""good"": []}",182.0316072,"{""good"": []}",19.9195,"{""good"": []}"
2026-09-30 04:32:00+00:00,Aberdaron Automatic Weather Station,-4.74,52.79,0.0,"{""good"": []}",991.92,"{""good"": []}",,,14.53841224,"{""good"": []}",,,,,2700.0,"{""good"": []}",8000.0,"{""good"": []}",9900.0,"{""good"": []}",1.0,"{""good"": []}",2.0,"{""good"": []}",7.0,"{""good"": []}",8.0,"{""good"": []}",,,-0.2373565234,"{""good"": []}",,,0.0,"{""good"": []}",,,0.0,"{""good"": []}",,,13.94649758,"{""good"": []}",22033.0,"{""good"": []}",0.0,"{""good"": []}",RERA,"{""good"": []}",92.375,"{""good"": []}",,,15.56432391,"{""good"": []}",,,14.4468869,"{""good"": []}",183.791713,"{""good"": []}",20.97608333,"{""good"": []}"
2026-09-30 04:33:00+00:00,Aberdaron Automatic Weather Station,-4.74,52.79,0.0,"{""good"": []}",991.9,"{""good"": []}",,,14.5671751,"{""good"": []}",,,,,2700.0,"{""good"": []}",8000.0,"{""good"": []}",10000.0,"{""good"": []}",1.0,"{""good"": []}",2.0,"{""good"": []}",7.0,"{""good"": []}",8.0,"{""good"": []}",,,-0.2332725453,"{""good"": []}",,,0.0,"{""good"": []}",,,0.0,"{""good"": []}",,,13.95364825,"{""good"": []}",24496.5,"{""good"": []}",0.0,"{""good"": []}",RERA,"{""good"": []}",92.25,"{""good"": []}",,,15.56427393,"{""good"": []}",,,14.44713684,"{""good"": []}",183.6831223,"{""good"": []}",20.47616667,"{""good"": []}"
2026-09-30 04:34:00+00:00,Aberdaron Automatic Weather Station,-4.74,52.79,0.0,"{""good"": []}",991.88,"{""good"": []}",,,14.57837387,"{""good"": []}",,,,,2700.0,"{""good"": []}",8000.0,"{""good"": []}",10000.0,"{""good"": []}",1.0,"{""good"": []}",2.0,"{""good"": []}",7.0,"{""good"": []}",8.0,"{""good"": []}",,,-0.233917644,"{""good"": []}",,,0.0,"{""good"": []}",,,0.0,"{""good"": []}",,,13.9542056,"{""good"": []}",27769.0,"{""good"": []}",0.0,"{""good"": []}",RERA,"{""good"": []}",92.1,"{""good"": []}",,,15.56407403,"{""good"": []}",,,14.44729181,"{""good"": []}",185.5408255,"{""good"": []}",21.17075,"{""good"": []}"
2026-09-30 04:35:00+00:00,Aberdaron Automatic Weather Station,-4.74,52.79,0.0,"{""good"": []}",991.9,"{""good"": []}",,,14.60794522,"{""good"": []}",,,,,2700.0,"{""good"": []}",8000.0,"{""good"": []}",10000.0,"{""good"": []}",1.0,"{""good"": []}",2.0,"{""good"": []}",7.0,"{""good"": []}",8.0,"{""good"": []}",,,-0.230534897,"{""good"": []}",,,0.0,"{""good"": []}",,,0.0,"{""good"": []}",,,13.97843689,"{""good"": []}",26865.0,"{""good"": []}",0.0,"{""good"": []}",RERA,"{""good"": []}",92.025,"{""good"": []}",,,15.56397407,"{""good"": []}",,,14.44739179,"{""good"": []}",185.8899989,"{""good"": []}",21.69270833,"{""good"": []}"
2026-09-30 04:36:00+00:00,Aberdaron Automatic Weather Station,-4.74,52.79,0.0,"{""good"": []}",991.95,"{""good"": []}",,,14.62449306,"{""good"": []}",,,,,2700.0,"{""good"": []}",8000.0,"{""good"": []}",10000.0,"{""good"": []}",1.0,"{""good"": []}",2.0,"{""good"": []}",7.0,"{""good"": []}",8.0,"{""good"": []}",,,-0.2284052027,"{""good"": []}",,,0.0,"{""good"": []}",,,0.0,"{""good"": []}",,,14.00075866,"{""good"": []}",25543.0,"{""good"": []}",0.0,"{""good"": []}",RERA,"{""good"": []}",92.15,"{""good"": []}",,,15.5639241,"{""good"": []}",,,14.44749177,"{""good"": []}",184.1773087,"{""good"": []}",19.583375,"{""good"": []}"
2026-09-30 04:37:00+00:00,Aberdaron Automatic Weather Station,-4.74,52.79,0.0,"{""good"": []}",992.025,"{""good"": []}",,,14.62166708,"{""good"": []}",,,,,2700.0,"{""good"": []}",8000.0,"{""good"": []}",10000.0,"{""good"": []}",1.0,"{""good"": []}",2.0,"{""good"": []}",7.0,"{""good"": []}",8.0,"{""good"": []}",,,-0.2236596166,"{""good"": []}",,,0.0,"{""good"": []}",,,0.0,"{""good"": []}",,,14.03159325,"{""good"": []}",23575.5,"{""good"": []}",0.0,"{""good"": []}",RERA,"{""good"": []}",92.3,"{""good"": []}",,,15.56392409,"{""good"": []}",,,14.44769673,"{""good"": []}",183.8110364,"{""good"": []}",20.926,"{""good"": []}"
2026-09-30 04:38:00+00:00,Aberdaron Automatic Weather Station,-4.74,52.79,0.0,"{""good"": []}",992.01,"{""good"": []}",,,14.64139884,"{""good"": []}",,,,,2700.0,"{""good"": []}",10000.0,"{""good"": []}",,"{""good"": []}",1.0,"{""good"": []}",7.0,"{""good"": []}",,"{""good"": []}",8.0,"{""good"": []}",,,-0.2216281524,"{""good"": []}",,,0.0,"{""good"": []}",,,0.0,"{""good"": []}",,,14.04927622,"{""good"": []}",26035.0,"{""good"": []}",0.0,"{""good"": []}",RERA,"{""good"": []}",92.3,"{""good"": []}",,,15.5639241,"{""good"": []}",,,14.4478467,"{""good"": []}",185.5367098,"{""good"": []}",22.071,"{""good"": []}"
2026-09-30 04:39:00+00:00,Aberdaron Automatic Weather Station,-4.74,52.79,0.0,"{""good"": []}",992.03,"{""good"": []}",,,14.66077516,"{""good"": []}",,,,,2700.0,"{""good"": []}",10000.0,"{""good"": []}",,"{""good"": []}",1.0,"{""good"": []}",7.0,"{""good"": []}",,"{""good"": []}",8.0,"{""good"": []}",,,-0.2208930777,"{""good"": []}",,,0.0,"{""good"": []}",,,0.0,"{""good"": []}",,,14.07139804,"{""good"": []}",26395.0,"{""good"": []}",0.0,"{""good"": []}",RERA,"{""good"": []}",92.375,"{""good"": []}",,,15.56397407,"{""good"": []}",,,14.44799667,"{""good"": []}",186.6112759,"{""good"": []}",20.861875,"{""good"": []}"
2026-09-30 04:40:00+00:00,Aberdaron Automatic Weather Station,-4.74,52.79,0.0,"{""good"": []}",991.995,"{""good"": []}",,,14.65532596,"{""good"": []}",,,,,2700.0,"{""good"": []}",10000.0,"{""good"": []}",,"{""good"": []}",1.0,"{""good"": []}",8.0,"{""good"": []}",,"{""good"": []}",8.0,"{""good"": []}",,,-0.2208794576,"{""good"": []}",,,0.0,"{""good"": []}",,,0.0,"{""good"": []}",,,14.07476968,"{""good"": []}",27272.5,"{""good"": []}",0.0,"{""good"": []}",RERA,"{""good"": []}",92.35,"{""good"": []}",,,15.56372418,"{""good"": []}",,,14.44819663,"{""good"": []}",184.8050774,"{""good"": []}",17.47633333,"{""good"": []}"
2026-09-30 04:41:00+00:00,Aberdaron Automatic Weather Station,-4.74,52.79,0.0,"{""good"": []}",992.0,"{""good"": []}",,,14.64825977,"{""good"": []}",,,,,2700.0,"{""good"": []}",10000.0,"{""good"": []}",,"{""good"": []}",1.0,"{""good"": []}",8.0,"{""good"": []}",,"{""good"": []}",8.0,"{""good"": []}",,,-0.221968656,"{""good"": []}",,,0.0,"{""good"": []}",,,0.0,"{""good"": []}",,,14.08529948,"{""good"": []}",27392.5,"{""good"": []}",0.0,"{""good"": []}",RERA,"{""good"": []}",92.325,"{""good"": []}",,,15.56377416,"{""good"": []}",,,14.44814664,"{""good"": []}",185.5507946,"{""good"": []}",23.07995833,"{""good"": []}"
2026-09-30 04:42:00+00:00,Aberdaron Automatic Weather Station,-4.74,52.79,0.0,"{""good"": []}",992.015,"{""good"": []}",,,14.68978832,"{""good"": []}",,,,,2700.0,"{""good"": []}",10000.0,"{""good"": []}",,"{""good"": []}",1.0,"{""good"": []}",8.0,"{""good"": []}",,"{""good"": []}",8.0,"{""good"": []}",,,-0.2188129115,"{""good"": []}",,,0.0,"{""good"": []}",,,0.0,"{""good"": []}",,,14.09996322,"{""good"": []}",29093.5,"{""good"": []}",0.0,"{""good"": []}",RERA,"{""good"": []}",92.225,"{""good"": []}",,,15.56367421,"{""good"": []}",,,14.44824662,"{""good"": []}",184.9493214,"{""good"": []}",22.701875,"{""good"": []}"
2026-09-30 04:43:00+00:00,Aberdaron Automatic Weather Station,-4.74,52.79,0.0,"{""good"": []}",991.995,"{""good"": []}",,,14.74065085,"{""good"": []}",,,,,2700.0,"{""good"": []}",10000.0,"{""good"": []}",,"{""good"": []}",1.0,"{""good"": []}",8.0,"{""good"": []}",,"{""good"": []}",8.0,"{""good"": []}",,,-0.2163443648,"{""good"": []}",,,0.0,"{""good"": []}",,,0.0,"{""good"": []}",,,14.12349468,"{""good"": []}",29686.0,"{""good"": []}",0.0,"{""good"": []}",RERA,"{""good"": []}",92.125,"{""good"": []}",,,15.56357425,"{""good"": []}",,,14.44854656,"{""good"": []}",184.89167,"{""good"": []}",19.20029167,"{""good"": []}"
2026-09-30 04:44:00+00:00,Aberdaron Automatic Weather Station,-4.74,52.79,0.0,"{""good"": []}",992.025,"{""good"": []}",,,14.71057638,"{""good"": []}",,,,,2700.0,"{""good"": []}",10000.0,"{""good"": []}",,"{""good"": []}",1.0,"{""good"": []}",8.0,"{""good"": []}",,"{""good"": []}",8.0,"{""good"": []}",,,-0.2144342438,"{""good"": []}",,,0.0,"{""good"": []}",,,0.0,"{""good"": []}",,,14.13875827,"{""good"": []}",26195.0,"{""good"": []}",0.0,"{""good"": []}",RERA,"{""good"": []}",92.25,"{""good"": []}",,,15.56382414,"{""good"": []}",,,14.44885399,"{""good"": []}",183.092508,"{""good"": []}",21.41770833,"{""good"": []}"
2026-09-30 04:45:00+00:00,Aberdaron Automatic Weather Station,-4.74,52.79,0.0,"{""good"": []}",991.995,"{""good"": []}",,,14.72132459,"{""good"": []}",,,,,2700.0,"{""good"": []}",10000.0,"{""good"": []}",,"{""good"": []}",1.0,"{""good"": []}",8.0,"{""good"": []}",,"{""good"": []}",8.0,"{""good"": []}",,,-0.2118245433,"{""good"": []}",,,0.0,"{""good"": []}",,,0.0,"{""good"": []}",,,14.16636869,"{""good"": []}",27065.0,"{""good"": []}",0.0,"{""good"": []}",RERA,"{""good"": []}",92.325,"{""good"": []}",,,15.56362423,"{""good"": []}",,,14.44900646,"{""good"": []}",185.4021685,"{""good"": []}",21.159,"{""good"": []}"
2026-09-30 04:46:00+00:00,Aberdaron Automatic Weather Station,-4.74,52.79,0.0,"{""good"": []}",992.025,"{""good"": []}",,,14.7136051,"{""good"": []}",,,,,2700.0,"{""good"": []}",10000.0,"{""good"": []}",,"{""good"": []}",1.0,"{""good"": []}",8.0,"{""good"": []}",,"{""good"": []}",8.0,"{""good"": []}",,,-0.2073695206,"{""good"": []}",,,0.0,"{""good"": []}",,,0.0,"{""good"": []}",,,14.17866553,"{""good"": []}",28413.0,"{""good"": []}",0.0,"{""good"": []}",RERA,"{""good"": []}",92.375,"{""good"": []}",,,15.56372418,"{""good"": []}",,,14.44900646,"{""good"": []}",182.6425246,"{""good"": []}",21.40154167,"{""good"": []}"
2026-09-30 04:47:00+00:00,Aberdaron Automatic Weather Station,-4.74,52.79,0.0,"{""good"": []}",992.04,"{""good"": []}",,,14.72813546,"{""good"": []}",,,,,2700.0,"{""good"": []}",10000.0,"{""good"": []}",,"{""good"": []}",1.0,"{""good"": []}",8.0,"{""good"": []}",,"{""good"": []}",8.0,"{""good"": []}",,,-0.2076221125,"{""good"": []}",,,0.0,"{""good"": []}",,,0.0,"{""good"": []}",,,14.19508632,"{""good"": []}",28296.5,"{""good"": []}",0.0,"{""good"": []}",RERA,"{""good"": []}",92.475,"{""good"": []}",,,15.56357425,"{""good"": []}",,,14.44905645,"{""good"": []}",182.6309292,"{""good"": []}",20.91,"{""good"": []}"
2026-09-30 04:48:00+00:00,Aberdaron Automatic Weather Station,-4.74,52.79,0.0,"{""good"": []}",992.09,"{""good"": []}",,,14.72742709,"{""good"": []}",,,,,2700.0,"{""good"": []}",10000.0,"{""good"": []}",,"{""good"": []}",1.0,"{""good"": []}",8.0,"{""good"": []}",,"{""good"": []}",8.0,"{""good"": []}",,,-0.2099746826,"{""good"": []}",,,0.0,"{""good"": []}",,,0.0,"{""good"": []}",,,14.20048244,"{""good"": []}",27803.5,"{""good"": []}",0.0,"{""good"": []}",RERA,"{""good"": []}",92.525,"{""good"": []}",,,15.56367421,"{""good"": []}",,,14.44935639,"{""good"": []}",181.0007321,"{""good"": []}",20.99679167,"{""good"": []}"
2026-09-30 04:49:00+00:00,Aberdaron Automatic Weather Station,-4.74,52.79,0.0,"{""good"": []}",992.155,"{""good"": []}",,,14.73585495,"{""good"": []}",,,,,2700.0,"{""good"": []}",10000.0,"{""good"": []}",,"{""good"": []}",1.0,"{""good"": []}",8.0,"{""good"": []}",,"{""good"": []}",8.0,"{""good"": []}",,,-0.2121927025,"{""good"": []}",,,0.0,"{""good"": []}",,,0.0,"{""good"": []}",,,14.20405652,"{""good"": []}",26743.0,"{""good"": []}",0.0,"{""good"": []}",RERA,"{""good"": []}",92.625,"{""good"": []}",,,15.5634743,"{""good"": []}",,,14.44955635,"{""good"": []}",180.432181,"{""good"": []}",21.15879167,"{""good"": []}"
2026-09-30 04:50:00+00:00,Aberdaron Automatic Weather Station,-4.74,52.79,0.0,"{""good"": []}",992.185,"{""good"": []}",,,14.7259678,"{""good"": []}",,,,,2700.0,"{""good"": []}",10000.0,"{""good"": []}",,"{""good"": []}",1.0,"{""good"": []}",8.0,"{""good"": []}",,"{""good"": []}",8.0,"{""good"": []}",,,-0.2112475481,"{""good"": []}",,,0.0,"{""good"": []}",,,0.0,"{""good"": []}",,,14.2302548,"{""good"": []}",27302.5,"{""good"": []}",0.0,"{""good"": []}",RERA,"{""good"": []}",92.65,"{""good"": []}",,,15.56337435,"{""good"": []}",,,14.44965633,"{""good"": []}",179.7489366,"{""good"": []}",24.29925,"{""good"": []}"
2026-09-30 04:51:00+00:00,Aberdaron Automatic Weather Station,-4.74,52.79,0.0,"{""good"": []}",992.24,"{""good"": []}",,,14.79791874,"{""good"": []}",,,,,2700.0,"{""good"": []}",10000.0,"{""good"": []}",,"{""good"": []}",1.0,"{""good"": []}",8.0,"{""good"": []}",,"{""good"": []}",8.0,"{""good"": []}",,,-0.2078969948,"{""good"": []}",,,0.0,"{""good"": []}",,,0.0,"{""good"": []}",,,14.250912,"{""good"": []}",30739.0,"{""good"": []}",0.0,"{""good"": []}",RERA,"{""good"": []}",92.675,"{""good"": []}",,,15.56337434,"{""good"": []}",,,14.44985629,"{""good"": []}",184.3531352,"{""good"": []}",21.66054167,"{""good"": []}"
2026-09-30 04:52:00+00:00,Aberdaron Automatic Weather Station,-4.74,52.79,0.0,"{""good"": []}",992.265,"{""good"": []}",,,14.83641857,"{""good"": []}",,,,,2700.0,"{""good"": []}",10000.0,"{""good"": []}",,"{""good"": []}",1.0,"{""good"": []}",8.0,"{""good"": []}",,"{""good"": []}",8.0,"{""good"": []}",,,-0.2074120361,"{""good"": []}",,,0.0,"{""good"": []}",,,0.0,"{""good"": []}",,,14.26688541,"{""good"": []}",28349.0,"{""good"": []}",0.0,"{""good"": []}",RERA,"{""good"": []}",92.725,"{""good"": []}",,,15.56342182,"{""good"": []}",,,14.45006374,"{""good"": []}",181.885684,"{""good"": []}",21.503625,"{""good"": []}"
2026-09-30 04:53:00+00:00,Aberdaron Automatic Weather Station,-4.74,52.79,0.0,"{""good"": []}",992.24,"{""good"": []}",,,14.8063466,"{""good"": []}",,,,,2700.0,"{""good"": []}",10000.0,"{""good"": []}",,"{""good"": []}",1.0,"{""good"": []}",8.0,"{""good"": []}",,"{""good"": []}",8.0,"{""good"": []}",,,-0.2036900257,"{""good"": []}",,,0.0,"{""good"": []}",,,0.0,"{""good"": []}",,,14.28784253,"{""good"": []}",25737.0,"{""good"": []}",0.0,"{""good"": []}",RERA,"{""good"": []}",92.725,"{""good"": []}",,,15.56332437,"{""good"": []}",,,14.4502662,"{""good"": []}",183.3355147,"{""good"": []}",24.504375,"{""good"": []}"
2026-09-30 04:54:00+00:00,Aberdaron Automatic Weather Station,-4.74,52.79,0.0,"{""good"": []}",992.305,"{""good"": []}",,,14.80488481,"{""good"": []}",,,,,2700.0,"{""good"": []}",10000.0,"{""good"": []}",,"{""good"": []}",1.0,"{""good"": []}",8.0,"{""good"": []}",,"{""good"": []}",8.0,"{""good"": []}",,,-0.2012887559,"{""good"": []}",,,0.0,"{""good"": []}",,,0.0,"{""good"": []}",,,14.29479825,"{""good"": []}",30423.5,"{""good"": []}",0.0,"{""good"": []}",RERA,"{""good"": []}",92.6,"{""good"": []}",,,15.56327439,"{""good"": []}",,,14.45016622,"{""good"": []}",182.7422315,"{""good"": []}",21.988625,"{""good"": []}"
2026-09-30 04:55:00+00:00,Aberdaron Automatic Weather Station,-4.74,52.79,0.0,"{""good"": []}",992.36,"{""good"": []}",,,14.8375825,"{""good"": []}",,,,,2700.0,"{""good"": []}",10000.0,"{""good"": []}",,"{""good"": []}",1.0,"{""good"": []}",8.0,"{""good"": []}",,"{""good"": []}",8.0,"{""good"": []}",,,-0.1977000576,"{""good"": []}",,,0.0,"{""good"": []}",,,0.0,"{""good"": []}",,,14.30053928,"{""good"": []}",29284.0,"{""good"": []}",0.0,"{""good"": []}",RERA,"{""good"": []}",92.675,"{""good"": []}",,,15.56327189,"{""good"": []}",,,14.45031619,"{""good"": []}",180.9090885,"{""good"": []}",22.12458333,"{""good"": []}"
2026-09-30 04:56:00+00:00,Aberdaron Automatic Weather Station,-4.74,52.79,0.0,"{""good"": []}",992.36,"{""good"": []}",,,14.85559464,"{""good"": []}",,,,,2700.0,"{""good"": []}",10000.0,"{""good"": []}",,"{""good"": []}",1.0,"{""good"": []}",8.0,"{""good"": []}",,"{""good"": []}",8.0,"{""good"": []}",,,-0.1973092026,"{""good"": []}",,,0.0,"{""good"": []}",,,0.0,"{""good"": []}",,,14.31116905,"{""good"": []}",27575.5,"{""good"": []}",0.0,"{""good"": []}",RERA,"{""good"": []}",92.725,"{""good"": []}",,,15.56301701,"{""good"": []}",,,14.45041617,"{""good"": []}",180.8868636,"{""good"": []}",23.57758333,"{""good"": []}"
2026-09-30 04:57:00+00:00,Aberdaron Automatic Weather Station,-4.74,52.79,0.0,"{""good"": []}",992.395,"{""good"": []}",,,14.86356694,"{""good"": []}",,,,,2700.0,"{""good"": []}",10000.0,"{""good"": []}",,"{""good"": []}",1.0,"{""good"": []}",8.0,"{""good"": []}",,"{""good"": []}",8.0,"{""good"": []}",,,-0.1986501696,"{""good"": []}",,,0.0,"{""good"": []}",,,0.0,"{""good"": []}",,,14.30442078,"{""good"": []}",27821.0,"{""good"": []}",0.0,"{""good"": []}",RERA,"{""good"": []}",92.775,"{""good"": []}",,,15.56317194,"{""good"": []}",,,14.45066612,"{""good"": []}",177.8404502,"{""good"": []}",21.433875,"{""good"": []}"
2026-09-30 04:58:00+00:00,Aberdaron Automatic Weather Station,-4.74,52.79,0.0,"{""good"": []}",992.36,"{""good"": []}",,,14.86200252,"{""good"": []}",,,,,10000.0,"{""good"": []}",,"{""good"": []}",,"{""good"": []}",8.0,"{""good"": []}",,"{""good"": []}",,"{""good"": []}",8.0,"{""good"": []}",,,-0.2050388426,"{""good"": []}",,,0.0,"{""good"": []}",,,0.0,"{""good"": []}",,,14.31812226,"{""good"": []}",27830.0,"{""good"": []}",0.0,"{""good"": []}",RERA,"{""good"": []}",92.825,"{""good"": []}",,,15.56286708,"{""good"": []}",,,14.45071611,"{""good"": []}",178.7415917,"{""good"": []}",22.08029167,"{""good"": []}"
2026-09-30 04:59:00+00:00,Aberdaron Automatic Weather Station,-4.74,52.79,0.0,"{""good"": []}",992.34,"{""good"": []}",,,14.8719948,"{""good"": []}",,,,,10000.0,"{""good"": []}",,"{""good"": []}",,"{""good"": []}",8.0,"{""good"": []}",,"{""good"": []}",,"{""good"": []}",8.0,"{""good"": []}",,,-0.2071900014,"{""good"": []}",,,0.0,"{""good"": []}",,,0.0,"{""good"": []}",,,14.3144957,"{""good"": []}",27223.0,"{""good"": []}",0.0,"{""good"": []}",RERA,"{""good"": []}",92.8,"{""good"": []}",,,15.56286458,"{""good"": []}",,,14.4507661,"{""good"": []}",177.8296,"{""good"": []}",21.008375,"{""good"": []}"
2026-09-30 05:00:00+00:00,Aberdaron Automatic Weather Station,-4.74,52.79,0.0,"{""good"": []}",992.365,"{""good"": []}",,,14.87073075,"{""good"": []}",,,,,7600.0,"{""good"": []}",10000.0,"{""good"": []}",,"{""good"": []}",1.0,"{""good"": []}",8.0,"{""good"": []}",,"{""good"": []}",8.0,"{""good"": []}",,,-0.2056137813,"{""good"": []}",,,0.0,"{""good"": []}",,,0.0,"{""good"": []}",,,14.29519815,"{""good"": []}",27919.5,"{""good"": []}",0.0,"{""good"": []}",RERA,"{""good"": []}",92.9,"{""good"": []}",,,15.56291706,"{""good"": []}",,,14.45106854,"{""good"": []}",178.3584744,"{""good"": []}",21.40354167,"{""good"": []}"
2026-09-30 05:01:00+00:00,Aberdaron Automatic Weather Station,-4.74,52.79,0.0,"{""good"": []}",992.385,"{""good"": []}",,,14.83919699,"{""good"": []}",,,,,7500.0,"{""good"": []}",10000.0,"{""good"": []}",,"{""good"": []}",1.0,"{""good"": []}",8.0,"{""good"": []}",,"{""good"": []}",8.0,"{""good"": []}",,,-0.2043941621,"{""good"": []}",,,0.0,"{""good"": []}",,,0.0,"{""good"": []}",,,14.28084183,"{""good"": []}",27950.0,"{""good"": []}",0.0,"{""good"": []}",RERA,"{""good"": []}",92.85,"{""good"": []}",,,15.56286458,"{""good"": []}",,,14.45116852,"{""good"": []}",180.7465512,"{""good"": []}",24.60879167,"{""good"": []}"
2026-09-30 05:02:00+00:00,Aberdaron Automatic Weather Station,-4.74,52.79,0.0,"{""good"": []}",992.385,"{""good"": []}",,,14.85619789,"{""good"": []}",,,,,7500.0,"{""good"": []}",10000.0,"{""good"": []}",,"{""good"": []}",1.0,"{""good"": []}",8.0,"{""good"": []}",,"{""good"": []}",8.0,"{""good"": []}",,,-0.2003964472,"{""good"": []}",,,0.0,"{""good"": []}",,,0.0,"{""good"": []}",,,14.25307895,"{""good"": []}",32843.0,"{""good"": []}",0.0,"{""good"": []}",RERA,"{""good"": []}",92.75,"{""good"": []}",,,15.5626147,"{""good"": []}",,,14.4512735,"{""good"": []}",178.5960402,"{""good"": []}",23.56741667,"{""good"": []}"
2026-09-30 05:03:00+00:00,Aberdaron Automatic Weather Station,-4.74,52.79,0.0,"{""good"": []}",992.435,"{""good"": []}",,,14.86861064,"{""good"": []}",,,,,7500.0,"{""good"": []}",10000.0,"{""good"": []}",,"{""good"": []}",1.0,"{""good"": []}",8.0,"{""good"": []}",,"{""good"": []}",8.0,"{""good"": []}",,,-0.1974417035,"{""good"": []}",,,0.0,"{""good"": []}",,,0.0,"{""good"": []}",,,14.23604831,"{""good"": []}",31305.5,"{""good"": []}",0.0,"{""good"": []}",RERA,"{""good"": []}",92.7,"{""good"": []}",,,15.56276463,"{""good"": []}",,,14.45132348,"{""good"": []}",179.9527142,"{""good"": []}",20.85033333,"{""good"": []}"
2026-09-30 05:04:00+00:00,Aberdaron Automatic Weather Station,-4.74,52.79,0.0,"{""good"": []}",992.41,"{""good"": []}",,,14.87481577,"{""good"": []}",,,,,7500.0,"{""good"": []}",10000.0,"{""good"": []}",,"{""good"": []}",1.0,"{""good"": []}",8.0,"{""good"": []}",,"{""good"": []}",8.0,"{""good"": []}",,,-0.2024737307,"{""good"": []}",,,0.0,"{""good"": []}",,,0.0,"{""good"": []}",,,14.20319924,"{""good"": []}",28211.5,"{""good"": []}",0.0,"{""good"": []}",RERA,"{""good"": []}",92.8,"{""good"": []}",,,15.56276463,"{""good"": []}",,,14.45117102,"{""good"": []}",180.7462189,"{""good"": []}",20.10641667,"{""good"": []}"
2026-09-30 05:05:00+00:00,Aberdaron Automatic Weather Station,-4.74,52.79,0.0,"{""good"": []}",992.43,"{""good"": []}",,,14.84646342,"{""good"": []}",,,,,7500.0,"{""good"": []}",10000.0,"{""good"": []}",,"{""good"": []}",1.0,"{""good"": []}",8.0,"{""good"": []}",,"{""good"": []}",8.0,"{""good"": []}",,,-0.2106334385,"{""good"": []}",,,0.0,"{""good"": []}",,,0.0,"{""good"": []}",,,14.18632357,"{""good"": []}",25866.5,"{""good"": []}",0.0,"{""good"": []}",RERA,"{""good"": []}",92.7,"{""good"": []}",,,15.5626147,"{""good"": []}",,,14.45157593,"{""good"": []}",179.3945941,"{""good"": []}",19.79233333,"{""good"": []}"
2026-09-30 05:06:00+00:00,Aberdaron Automatic Weather Station,-4.74,52.79,0.0,"{""good"": []}",992.445,"{""good"": []}",,,14.86285857,"{""good"": []}",,,,,7500.0,"{""good"": []}",10000.0,"{""good"": []}",,"{""good"": []}",1.0,"{""good"": []}",8.0,"{""good"": []}",,"{""good"": []}",8.0,"{""good"": []}",,,-0.2195385372,"{""good"": []}",,,0.0,"{""good"": []}",,,0.0,"{""good"": []}",,,14.18627108,"{""good"": []}",27885.5,"{""good"": []}",0.0,"{""good"": []}",RERA,"{""good"": []}",92.725,"{""good"": []}",,,15.56286458,"{""good"": []}",,,14.45152594,"{""good"": []}",180.0227567,"{""good"": []}",21.32341667,"{""good"": []}"
2026-09-30 05:07:00+00:00,Aberdaron Automatic Weather Station,-4.74,52.79,0.0,"{""good"": []}",992.34,"{""good"": []}",,,14.82279432,"{""good"": []}",,,,,7500.0,"{""good"": []}",10000.0,"{""good"": []}",,"{""good"": []}",1.0,"{""good"": []}",8.0,"{""good"": []}",,"{""good"": []}",8.0,"{""good"": []}",,,-0.2310240334,"{""good"": []}",,,0.0,"{""good"": []}",,,0.0,"{""good"": []}",,,14.15337452,"{""good"": []}",27672.5,"{""good"": []}",0.0,"{""good"": []}",NSW,"{""good"": []}",92.575,"{""good"": []}",,,15.5626147,"{""good"": []}",,,14.45167591,"{""good"": []}",175.9033896,"{""good"": []}",20.779,"{""good"": []}"
2026-09-30 05:08:00+00:00,Aberdaron Automatic Weather Station,-4.74,52.79,0.0,"{""good"": []}",992.345,"{""good"": []}",,,14.80558817,"{""good"": []}",,,,,7500.0,"{""good"": []}",10000.0,"{""good"": []}",,"{""good"": []}",1.0,"{""good"": []}",8.0,"{""good"": []}",,"{""good"": []}",8.0,"{""good"": []}",,,-0.2427753286,"{""good"": []}",,,0.0,"{""good"": []}",,,0.0,"{""good"": []}",,,14.11749622,"{""good"": []}",29290.5,"{""good"": []}",0.0,"{""good"": []}",NSW,"{""good"": []}",92.5,"{""good"": []}",,,15.56251474,"{""good"": []}",,,14.45182588,"{""good"": []}",177.5451524,"{""good"": []}",19.40533333,"{""good"": []}"
2026-09-30 05:09:00+00:00,Aberdaron Automatic Weather Station,-4.74,52.79,0.0,"{""good"": []}",992.285,"{""good"": []}",,,14.79363097,"{""good"": []}",,,,,7500.0,"{""good"": []}",10000.0,"{""good"": []}",,"{""good"": []}",1.0,"{""good"": []}",8.0,"{""good"": []}",,"{""good"": []}",8.0,"{""good"": []}",,,-0.2526998755,"{""good"": []}",,,0.0,"{""good"": []}",,,0.0,"{""good"": []}",,,14.07678666,"{""good"": []}",28488.5,"{""good"": []}",0.0,"{""good"": []}",NSW,"{""good"": []}",92.45,"{""good"": []}",,,15.56241479,"{""good"": []}",,,14.45202584,"{""good"": []}",181.5593539,"{""good"": []}",20.90541667,"{""good"": []}"
2026-09-30 05:10:00+00:00,Aberdaron Automatic Weather Station,-4.74,52.79,0.0,"{""good"": []}",992.31,"{""good"": []}",,,14.80558817,"{""good"": []}",,,,,7500.0,"{""good"": []}",10000.0,"{""good"": []}",,"{""good"": []}",1.0,"{""good"": []}",8.0,"{""good"": []}",,"{""good"": []}",8.0,"{""good"": []}",,,-0.262199309,"{""good"": []}",,,0.0,"{""good"": []}",,,0.0,"{""good"": []}",,,14.04524725,"{""good"": []}",30207.0,"{""good"": []}",0.0,"{""good"": []}",NSW,"{""good"": []}",92.4,"{""good"": []}",,,15.56231484,"{""good"": []}",,,14.45217581,"{""good"": []}",178.7124995,"{""good"": []}",18.028875,"{""good"": []}"
2026-09-30 05:11:00+00:00,Aberdaron Automatic Weather Station,-4.74,52.79,0.0,"{""good"": []}",992.305,"{""good"": []}",,,14.81971804,"{""good"": []}",,,,,7500.0,"{""good"": []}",10000.0,"{""good"": []}",,"{""good"": []}",1.0,"{""good"": []}",8.0,"{""good"": []}",,"{""good"": []}",8.0,"{""good"": []}",,,-0.2780812246,"{""good"": []}",,,0.0,"{""good"": []}",,,0.0,"{""good"": []}",,,14.02665702,"{""good"": []}",27576.5,"{""good"": []}",0.0,"{""good"": []}",NSW,"{""good"": []}",92.525,"{""good"": []}",,,15.56241479,"{""good"": []}",,,14.45232578,"{""good"": []}",174.419685,"{""good"": []}",17.227,"{""good"": []}"
2026-09-30 05:12:00+00:00,Aberdaron Automatic Weather Station,-4.74,52.79,0.0,"{""good"": []}",992.31,"{""good"": []}",,,14.80750553,"{""good"": []}",,,,,7500.0,"{""good"": []}",10000.0,"{""good"": []}",,"{""good"": []}",1.0,"{""good"": []}",8.0,"{""good"": []}",,"{""good"": []}",8.0,"{""good"": []}",,,-0.2930646244,"{""good"": []}",,,0.0,"{""good"": []}",,,0.0,"{""good"": []}",,,13.9756701,"{""good"": []}",24379.5,"{""good"": []}",0.0,"{""good"": []}",NSW,"{""good"": []}",92.675,"{""good"": []}",,,15.56236481,"{""good"": []}",,,14.45232578,"{""good"": []}",177.4623206,"{""good"": []}",16.79479167,"{""good"": []}"
2026-09-30 05:13:00+00:00,Aberdaron Automatic Weather Station,-4.74,52.79,0.0,"{""good"": []}",992.31,"{""good"": []}",,,14.76173927,"{""good"": []}",,,,,7500.0,"{""good"": []}",10000.0,"{""good"": []}",,"{""good"": []}",1.0,"{""good"": []}",8.0,"{""good"": []}",,"{""good"": []}",8.0,"{""good"": []}",,,-0.3062489312,"{""good"": []}",,,0.0,"{""good"": []}",,,0.0,"{""good"": []}",,,13.9483621,"{""good"": []}",23616.0,"{""good"": []}",0.0,"{""good"": []}",NSW,"{""good"": []}",92.775,"{""good"": []}",,,15.56226486,"{""good"": []}",,,14.45232578,"{""good"": []}",176.7068698,"{""good"": []}",18.82933333,"{""good"": []}"
2026-09-30 05:14:00+00:00,Aberdaron Automatic Weather Station,-4.74,52.79,0.0,"{""good"": []}",992.34,"{""good"": []}",,,14.737925,"{""good"": []}",,,,,7500.0,"{""good"": []}",10000.0,"{""good"": []}",,"{""good"": []}",1.0,"{""good"": []}",8.0,"{""good"": []}",,"{""good"": []}",8.0,"{""good"": []}",,,-0.3197890134,"{""good"": []}",,,0.0,"{""good"": []}",,,0.0,"{""good"": []}",,,13.92598784,"{""good"": []}",28047.5,"{""good"": []}",0.0,"{""good"": []}",NSW,"{""good"": []}",92.725,"{""good"": []}",,,15.56201247,"{""good"": []}",,,14.45253074,"{""good"": []}",171.9305085,"{""good"": []}",16.19041667,"{""good"": []}"
2026-09-30 05:15:00+00:00,Aberdaron Automatic Weather Station,-4.74,52.79,0.0,"{""good"": []}",992.395,"{""good"": []}",,,14.7620922,"{""good"": []}",,,,,7500.0,"{""good"": []}",10000.0,"{""good"": []}",,"{""good"": []}",1.0,"{""good"": []}",8.0,"{""good"": []}",,"{""good"": []}",8.0,"{""good"": []}",,,-0.3337046787,"{""good"": []}",,,0.0,"{""good"": []}",,,0.0,"{""good"": []}",,,13.88745023,"{""good"": []}",26098.0,"{""good"": []}",0.0,"{""good"": []}",NSW,"{""good"": []}",92.85,"{""good"": []}",,,15.56221488,"{""good"": []}",,,14.45258073,"{""good"": []}",172.8032658,"{""good"": []}",16.00904167,"{""good"": []}"
2026-09-30 05:16:00+00:00,Aberdaron Automatic Weather Station,-4.74,52.79,0.0,"{""good"": []}",992.39,"{""good"": []}",,,14.78268251,"{""good"": []}",,,,,1400.0,"{""good"": []}",10000.0,"{""good"": []}",,"{""good"": []}",1.0,"{""good"": []}",7.0,"{""good"": []}",,"{""good"": []}",8.0,"{""good"": []}",,,-0.350464477,"{""good"": []}",,,0.0,"{""good"": []}",,,0.0,"{""good"": []}",,,13.88780013,"{""good"": []}",24062.5,"{""good"": []}",0.0,"{""good"": []}",NSW,"{""good"": []}",93.075,"{""good"": []}",,,15.56206245,"{""good"": []}",,,14.4527332,"{""good"": []}",172.4275734,"{""good"": []}",16.04958333,"{""good"": []}"
2026-09-30 05:17:00+00:00,Aberdaron Automatic Weather Station,-4.74,52.79,0.0,"{""good"": []}",992.425,"{""good"": []}",,,14.7763247,"{""good"": []}",,,,,1100.0,"{""good"": []}",10000.0,"{""good"": []}",,"{""good"": []}",1.0,"{""good"": []}",7.0,"{""good"": []}",,"{""good"": []}",8.0,"{""good"": []}",,,-0.3668251618,"{""good"": []}",,,0.0,"{""good"": []}",,,0.0,"{""good"": []}",,,13.90775252,"{""good"": []}",24064.0,"{""good"": []}",0.0,"{""good"": []}",NSW,"{""good"": []}",93.25,"{""good"": []}",,,15.56201247,"{""good"": []}",,,14.45278569,"{""good"": []}",167.9259978,"{""good"": []}",15.75841667,"{""good"": []}"
2026-09-30 05:18:00+00:00,Aberdaron Automatic Weather Station,-4.74,52.79,0.0,"{""good"": []}",992.395,"{""good"": []}",,,14.75528133,"{""good"": []}",,,,,1000.0,"{""good"": []}",10000.0,"{""good"": []}",,"{""good"": []}",1.0,"{""good"": []}",7.0,"{""good"": []}",,"{""good"": []}",8.0,"{""good"": []}",,,-0.3829410999,"{""good"": []}",,,0.0,"{""good"": []}",,,0.0,"{""good"": []}",,,13.91349354,"{""good"": []}",25420.0,"{""good"": []}",0.0,"{""good"": []}",NSW,"{""good"": []}",93.35,"{""good"": []}",,,15.56201247,"{""good"": []}",,,14.45293566,"{""good"": []}",172.4875288,"{""good"": []}",17.81954167,"{""good"": []}"
2026-09-30 05:19:00+00:00,Aberdaron Automatic Weather Station,-4.74,52.79,0.0,"{""good"": []}",992.375,"{""good"": []}",,,14.71501684,"{""good"": []}",,,,,800.0,"{""good"": []}",10000.0,"{""good"": []}",,"{""good"": []}",1.0,"{""good"": []}",6.0,"{""good"": []}",,"{""good"": []}",7.0,"{""good"": []}",,,-0.4024311163,"{""good"": []}",,,0.0,"{""good"": []}",,,0.0,"{""good"": []}",,,13.88628802,"{""good"": []}",28143.0,"{""good"": []}",0.0,"{""good"": []}",NSW,"{""good"": []}",93.35,"{""good"": []}",,,15.56175509,"{""good"": []}",,,14.45293566,"{""good"": []}",172.4878441,"{""good"": []}",17.52045833,"{""good"": []}"
2026-09-30 05:20:00+00:00,Aberdaron Automatic Weather Station,-4.74,52.79,0.0,"{""good"": []}",992.38,"{""good"": []}",,,14.68994101,"{""good"": []}",,,,,800.0,"{""good"": []}",10000.0,"{""good"": []}",,"{""good"": []}",2.0,"{""good"": []}",6.0,"{""good"": []}",,"{""good"": []}",8.0,"{""good"": []}",,,-0.4279338046,"{""good"": []}",,,0.0,"{""good"": []}",,,0.0,"{""good"": []}",,,13.85762037,"{""good"": []}",29470.0,"{""good"": []}",0.0,"{""good"": []}",NSW,"{""good"": []}",93.4,"{""good"": []}",,,15.56191002,"{""good"": []}",,,14.45313561,"{""good"": []}",173.544433,"{""good"": []}",18.62091667,"{""good"": []}"
2026-09-30 05:21:00+00:00,Aberdaron Automatic Weather Station,-4.74,52.79,0.0,"{""good"": []}",992.39,"{""good"": []}",,,14.70305964,"{""good"": []}",,,,,800.0,"{""good"": []}",10000.0,"{""good"": []}",,"{""good"": []}",2.0,"{""good"": []}",6.0,"{""good"": []}",,"{""good"": []}",8.0,"{""good"": []}",,,-0.4525383885,"{""good"": []}",,,0.0,"{""good"": []}",,,0.0,"{""good"": []}",,,13.84995984,"{""good"": []}",30542.5,"{""good"": []}",0.0,"{""good"": []}",NSW,"{""good"": []}",93.5,"{""good"": []}",,,15.56175759,"{""good"": []}",,,14.45303563,"{""good"": []}",174.9269998,"{""good"": []}",16.2375,"{""good"": []}"
2026-09-30 05:22:00+00:00,Aberdaron Automatic Weather Station,-4.74,52.79,0.0,"{""good"": []}",992.405,"{""good"": []}",,,14.67470228,"{""good"": []}",,,,,800.0,"{""good"": []}",10000.0,"{""good"": []}",,"{""good"": []}",2.0,"{""good"": []}",5.0,"{""good"": []}",,"{""good"": []}",7.0,"{""good"": []}",,,-0.4793271509,"{""good"": []}",,,0.0,"{""good"": []}",,,0.0,"{""good"": []}",,,13.80784314,"{""good"": []}",30518.5,"{""good"": []}",0.0,"{""good"": []}",NSW,"{""good"": []}",93.5,"{""good"": []}",,,15.56180757,"{""good"": []}",,,14.45333557,"{""good"": []}",171.5372522,"{""good"": []}",15.69666667,"{""good"": []}"
2026-09-30 05:23:00+00:00,Aberdaron Automatic Weather Station,-4.74,52.79,0.0,"{""good"": []}",992.38,"{""good"": []}",,,14.70073428,"{""good"": []}",,,,,800.0,"{""good"": []}",10000.0,"{""good"": []}",,"{""good"": []}",2.0,"{""good"": []}",5.0,"{""good"": []}",,"{""good"": []}",7.0,"{""good"": []}",,,-0.5063235179,"{""good"": []}",,,0.0,"{""good"": []}",,,0.0,"{""good"": []}",,,13.79423663,"{""good"": []}",29276.5,"{""good"": []}",0.0,"{""good"": []}",NSW,"{""good"": []}",93.625,"{""good"": []}",,,15.56191002,"{""good"": []}",,,14.45353553,"{""good"": []}",173.5106866,"{""good"": []}",16.11179167,"{""good"": []}"
2026-09-30 05:24:00+00:00,Aberdaron Automatic Weather Station,-4.74,52.79,0.0,"{""good"": []}",992.33,"{""good"": []}",,,14.6787873,"{""good"": []}",,,,,800.0,"{""good"": []}",10000.0,"{""good"": []}",,"{""good"": []}",2.0,"{""good"": []}",5.0,"{""good"": []}",,"{""good"": []}",7.0,"{""good"": []}",,,-0.5352353762,"{""good"": []}",,,0.0,"{""good"": []}",,,0.0,"{""good"": []}",,,13.80159224,"{""good"": []}",27396.0,"{""good"": []}",0.0,"{""good"": []}",NSW,"{""good"": []}",93.7,"{""good"": []}",,,15.56185755,"{""good"": []}",,,14.45348554,"{""good"": []}",171.7817563,"{""good"": []}",15.771,"{""good"": []}"
2026-09-30 05:25:00+00:00,Aberdaron Automatic Weather Station,-4.74,52.79,0.0,"{""good"": []}",992.305,"{""good"": []}",,,14.64755391,"{""good"": []}",,,,,800.0,"{""good"": []}",10000.0,"{""good"": []}",,"{""good"": []}",2.0,"{""good"": []}",4.0,"{""good"": []}",,"{""good"": []}",6.0,"{""good"": []}",,,-0.5639305478,"{""good"": []}",,,0.0,"{""good"": []}",,,0.0,"{""good"": []}",,,13.76405687,"{""good"": []}",28108.5,"{""good"": []}",0.0,"{""good"": []}",NSW,"{""good"": []}",93.7,"{""good"": []}",,,15.56180757,"{""good"": []}",,,14.45374049,"{""good"": []}",169.0506792,"{""good"": []}",18.395375,"{""good"": []}"
2026-09-30 05:26:00+00:00,Aberdaron Automatic Weather Station,-4.74,52.79,0.0,"{""good"": []}",992.33,"{""good"": []}",,,14.65290048,"{""good"": []}",,,,,800.0,"{""good"": []}",10000.0,"{""good"": []}",,"{""good"": []}",2.0,"{""good"": []}",4.0,"{""good"": []}",,"{""good"": []}",6.0,"{""good"": []}",,,-0.5944859,"{""good"": []}",,,0.0,"{""good"": []}",,,0.0,"{""good"": []}",,,13.76219235,"{""good"": []}",31642.5,"{""good"": []}",0.0,"{""good"": []}",NSW,"{""good"": []}",93.7,"{""good"": []}",,,15.56170761,"{""good"": []}",,,14.45364051,"{""good"": []}",172.5110643,"{""good"": []}",17.00254167,"{""good"": []}"
2026-09-30 05:27:00+00:00,Aberdaron Automatic Weather Station,-4.74,52.79,0.0,"{""good"": []}",992.305,"{""good"": []}",,,14.67197643,"{""good"": []}",,,,,800.0,"{""good"": []}",10000.0,"{""good"": []}",,"{""good"": []}",2.0,"{""good"": []}",4.0,"{""good"": []}",,"{""good"": []}",6.0,"{""good"": []}",,,-0.6258658879,"{""good"": []}",,,0.0,"{""good"": []}",,,0.0,"{""good"": []}",,,13.78058513,"{""good"": []}",29431.5,"{""good"": []}",0.0,"{""good"": []}",NSW,"{""good"": []}",93.775,"{""good"": []}",,,15.56160516,"{""good"": []}",,,14.45384047,"{""good"": []}",168.9621424,"{""good"": []}",18.84625,"{""good"": []}"
2026-09-30 05:28:00+00:00,Aberdaron Automatic Weather Station,-4.74,52.79,0.0,"{""good"": []}",992.31,"{""good"": []}",,,14.69306736,"{""good"": []}",,,,,800.0,"{""good"": []}",10000.0,"{""good"": []}",,"{""good"": []}",2.0,"{""good"": []}",3.0,"{""good"": []}",,"{""good"": []}",5.0,"{""good"": []}",,,-0.6538519844,"{""good"": []}",,,0.0,"{""good"": []}",,,0.0,"{""good"": []}",,,13.78834564,"{""good"": []}",29582.0,"{""good"": []}",0.0,"{""good"": []}",NSW,"{""good"": []}",93.825,"{""good"": []}",,,15.56140526,"{""good"": []}",,,14.45394545,"{""good"": []}",168.7473837,"{""good"": []}",18.54570833,"{""good"": []}"
2026-09-30 05:29:00+00:00,Aberdaron Automatic Weather Station,-4.74,52.79,0.0,"{""good"": []}",992.315,"{""good"": []}",,,14.71415828,"{""good"": []}",,,,,800.0,"{""good"": []}",10000.0,"{""good"": []}",,"{""good"": []}",2.0,"{""good"": []}",3.0,"{""good"": []}",,"{""good"": []}",5.0,"{""good"": []}",,,-0.6812148563,"{""good"": []}",,,0.0,"{""good"": []}",,,0.0,"{""good"": []}",,,13.82769305,"{""good"": []}",30339.0,"{""good"": []}",0.0,"{""good"": []}",NSW,"{""good"": []}",93.9,"{""good"": []}",,,15.56140526,"{""good"": []}",,,14.45399544,"{""good"": []}",171.0530275,"{""good"": []}",17.50908333,"{""good"": []}"
2026-09-30 05:30:00+00:00,Aberdaron Automatic Weather Station,-4.74,52.79,0.0,"{""good"": []}",992.285,"{""good"": []}",,,14.72334457,"{""good"": []}",,,,,800.0,"{""good"": []}",10000.0,"{""good"": []}",,"{""good"": []}",2.0,"{""good"": []}",3.0,"{""good"": []}",,"{""good"": []}",5.0,"{""good"": []}",,,-0.7101056588,"{""good"": []}",,,0.0,"{""good"": []}",,,0.0,"{""good"": []}",,,13.82456885,"{""good"": []}",29054.0,"{""good"": []}",0.0,"{""good"": []}",NSW,"{""good"": []}",93.95,"{""good"": []}",,,15.56135528,"{""good"": []}",,,14.45409542,"{""good"": []}",169.5808361,"{""good"": []}",19.21525,"{""good"": []}"
2026-09-30 05:31:00+00:00,Aberdaron Automatic Weather Station,-4.74,52.79,0.0,"{""good"": []}",992.31,"{""good"": []}",,,14.7154724,"{""good"": []}",,,,,800.0,"{""good"": []}",10000.0,"{""good"": []}",,"{""good"": []}",2.0,"{""good"": []}",2.0,"{""good"": []}",,"{""good"": []}",4.0,"{""good"": []}",,,-0.7383146288,"{""good"": []}",,,0.0,"{""good"": []}",,,0.0,"{""good"": []}",,,13.83893017,"{""good"": []}",29281.0,"{""good"": []}",0.0,"{""good"": []}",NSW,"{""good"": []}",93.9,"{""good"": []}",,,15.56145524,"{""good"": []}",,,14.45414541,"{""good"": []}",169.7076105,"{""good"": []}",17.08779167,"{""good"": []}"
2026-09-30 05:32:00+00:00,Aberdaron Automatic Weather Station,-4.74,52.79,0.0,"{""good"": []}",992.305,"{""good"": []}",,,14.737925,"{""good"": []}",,,,,800.0,"{""good"": []}",10000.0,"{""good"": []}",,"{""good"": []}",2.0,"{""good"": []}",2.0,"{""good"": []}",,"{""good"": []}",4.0,"{""good"": []}",,,-0.7666028408,"{""good"": []}",,,0.0,"{""good"": []}",,,0.0,"{""good"": []}",,,13.82179456,"{""good"": []}",29131.5,"{""good"": []}",0.0,"{""good"": []}",NSW,"{""good"": []}",93.95,"{""good"": []}",,,15.56150521,"{""good"": []}",,,14.45409542,"{""good"": []}",168.4597248,"{""good"": []}",17.17904167,"{""good"": []}"
2026-09-30 05:33:00+00:00,Aberdaron Automatic Weather Station,-4.74,52.79,0.0,"{""good"": []}",992.285,"{""good"": []}",,,14.74675585,"{""good"": []}",,,,,800.0,"{""good"": []}",10000.0,"{""good"": []}",,"{""good"": []}",2.0,"{""good"": []}",2.0,"{""good"": []}",,"{""good"": []}",4.0,"{""good"": []}",,,-0.7970219879,"{""good"": []}",,,0.0,"{""good"": []}",,,0.0,"{""good"": []}",,,13.84169695,"{""good"": []}",26067.0,"{""good"": []}",0.0,"{""good"": []}",NSW,"{""good"": []}",94.075,"{""good"": []}",,,15.56145523,"{""good"": []}",,,14.45439536,"{""good"": []}",170.8074458,"{""good"": []}",14.47679167,"{""good"": []}"
2026-09-30 05:34:00+00:00,Aberdaron Automatic Weather Station,-4.74,52.79,0.0,"{""good"": []}",992.285,"{""good"": []}",,,14.74579717,"{""good"": []}",,,,,800.0,"{""good"": []}",10000.0,"{""good"": []}",,"{""good"": []}",1.0,"{""good"": []}",2.0,"{""good"": []}",,"{""good"": []}",3.0,"{""good"": []}",,,-0.8264922659,"{""good"": []}",,,0.0,"{""good"": []}",,,0.0,"{""good"": []}",,,13.79529636,"{""good"": []}",24924.5,"{""good"": []}",0.0,"{""good"": []}",NSW,"{""good"": []}",94.125,"{""good"": []}",,,15.56125532,"{""good"": []}",,,14.45449534,"{""good"": []}",170.1019099,"{""good"": []}",15.66895833,"{""good"": []}"
2026-09-30 05:35:00+00:00,Aberdaron Automatic Weather Station,-4.74,52.79,0.0,"{""good"": []}",992.295,"{""good"": []}",,,14.6980635,"{""good"": []}",,,,,800.0,"{""good"": []}",10000.0,"{""good"": []}",,"{""good"": []}",1.0,"{""good"": []}",2.0,"{""good"": []}",,"{""good"": []}",3.0,"{""good"": []}",,,-0.8593263022,"{""good"": []}",,,0.0,"{""good"": []}",,,0.0,"{""good"": []}",,,13.81897778,"{""good"": []}",22699.5,"{""good"": []}",0.0,"{""good"": []}",NSW,"{""good"": []}",94.125,"{""good"": []}",,,15.56140526,"{""good"": []}",,,14.45459531,"{""good"": []}",172.8937648,"{""good"": []}",17.74870833,"{""good"": []}"
2026-09-30 05:36:00+00:00,Aberdaron Automatic Weather Station,-4.74,52.79,0.0,"{""good"": []}",992.31,"{""good"": []}",,,14.67969341,"{""good"": []}",,,,,1000.0,"{""good"": []}",10000.0,"{""good"": []}",,"{""good"": []}",1.0,"{""good"": []}",1.0,"{""good"": []}",,"{""good"": []}",2.0,"{""good"": []}",,,-0.8897400848,"{""good"": []}",,,0.0,"{""good"": []}",,,0.0,"{""good"": []}",,,13.81242697,"{""good"": []}",26426.0,"{""good"": []}",0.0,"{""good"": []}",NSW,"{""good"": []}",94.1,"{""good"": []}",,,15.56145524,"{""good"": []}",,,14.45459531,"{""good"": []}",176.0831311,"{""good"": []}",17.10979167,"{""good"": []}"
2026-09-30 05:37:00+00:00,Aberdaron Automatic Weather Station,-4.74,52.79,0.0,"{""good"": []}",992.325,"{""good"": []}",,,14.66506043,"{""good"": []}",,,,,1000.0,"{""good"": []}",10000.0,"{""good"": []}",,"{""good"": []}",1.0,"{""good"": []}",1.0,"{""good"": []}",,"{""good"": []}",2.0,"{""good"": []}",,,-0.9198191369,"{""good"": []}",,,0.0,"{""good"": []}",,,0.0,"{""good"": []}",,,13.816156,"{""good"": []}",27501.5,"{""good"": []}",0.0,"{""good"": []}",NSW,"{""good"": []}",94.125,"{""good"": []}",,,15.56120535,"{""good"": []}",,,14.45459531,"{""good"": []}",175.4569897,"{""good"": []}",18.75175,"{""good"": []}"
2026-09-30 05:38:00+00:00,Aberdaron Automatic Weather Station,-4.74,52.79,0.0,"{""good"": []}",992.31,"{""good"": []}",,,14.64134628,"{""good"": []}",,,,,1000.0,"{""good"": []}",10000.0,"{""good"": []}",,"{""good"": []}",1.0,"{""good"": []}",1.0,"{""good"": []}",,"{""good"": []}",2.0,"{""good"": []}",,,-0.9498631094,"{""good"": []}",,,0.0,"{""good"": []}",,,0.0,"{""good"": []}",,,13.79534884,"{""good"": []}",27714.0,"{""good"": []}",0.0,"{""good"": []}",NSW,"{""good"": []}",94.0,"{""good"": []}",,,15.56125533,"{""good"": []}",,,14.45474528,"{""good"": []}",173.9609197,"{""good"": []}",18.055125,"{""good"": []}"
2026-09-30 05:39:00+00:00,Aberdaron Automatic Weather Station,-4.74,52.79,0.0,"{""good"": []}",992.33,"{""good"": []}",,,14.65880774,"{""good"": []}",,,,,1000.0,"{""good"": []}",10000.0,"{""good"": []}",,"{""good"": []}",1.0,"{""good"": []}",1.0,"{""good"": []}",,"{""good"": []}",2.0,"{""good"": []}",,,-0.9795624549,"{""good"": []}",,,0.0,"{""good"": []}",,,0.0,"{""good"": []}",,,13.77423676,"{""good"": []}",29398.0,"{""good"": []}",0.0,"{""good"": []}",NSW,"{""good"": []}",94.0,"{""good"": []}",,,15.56130531,"{""good"": []}",,,14.45479777,"{""good"": []}",176.8778154,"{""good"": []}",17.527875,"{""good"": []}"
2026-09-30 05:40:00+00:00,Aberdaron Automatic Weather Station,-4.74,52.79,0.0,"{""good"": []}",992.345,"{""good"": []}",,,14.68983588,"{""good"": []}",,,,,1000.0,"{""good"": []}",,"{""good"": []}",,"{""good"": []}",1.0,"{""good"": []}",,"{""good"": []}",,"{""good"": []}",1.0,"{""good"": []}",,,-1.00823699,"{""good"": []}",,,0.0,"{""good"": []}",,,0.0,"{""good"": []}",,,13.76632379,"{""good"": []}",27817.0,"{""good"": []}",0.0,"{""good"": []}",NSW,"{""good"": []}",94.05,"{""good"": []}",,,15.56115537,"{""good"": []}",,,14.45500023,"{""good"": []}",176.9698997,"{""good"": []}",16.27204167,"{""good"": []}"
2026-09-30 05:41:00+00:00,Aberdaron Automatic Weather Station,-4.74,52.79,0.0,"{""good"": []}",992.34,"{""good"": []}",,,14.6867596,"{""good"": []}",,,,,1000.0,"{""good"": []}",,"{""good"": []}",,"{""good"": []}",1.0,"{""good"": []}",,"{""good"": []}",,"{""good"": []}",1.0,"{""good"": []}",,,-1.037176091,"{""good"": []}",,,0.0,"{""good"": []}",,,0.0,"{""good"": []}",,,13.72042556,"{""good"": []}",25199.0,"{""good"": []}",0.0,"{""good"": []}",NSW,"{""good"": []}",94.0,"{""good"": []}",,,15.5611054,"{""good"": []}",,,14.45500273,"{""good"": []}",175.4141781,"{""good"": []}",15.36345833,"{""good"": []}"
2026-09-30 05:42:00+00:00,Aberdaron Automatic Weather Station,-4.74,52.79,0.0,"{""good"": []}",992.325,"{""good"": []}",,,14.7081559,"{""good"": []}",,,,,1000.0,"{""good"": []}",,"{""good"": []}",,"{""good"": []}",1.0,"{""good"": []}",,"{""good"": []}",,"{""good"": []}",1.0,"{""good"": []}",,,-1.0666732,"{""good"": []}",,,0.0,"{""good"": []}",,,0.0,"{""good"": []}",,,13.73292236,"{""good"": []}",24588.5,"{""good"": []}",0.0,"{""good"": []}",NSW,"{""good"": []}",94.1,"{""good"": []}",,,15.5611054,"{""good"": []}",,,14.45500273,"{""good"": []}",175.3341505,"{""good"": []}",15.72479167,"{""good"": []}"
2026-09-30 05:43:00+00:00,Aberdaron Automatic Weather Station,-4.74,52.79,0.0,"{""good"": []}",992.405,"{""good"": []}",,,14.72152734,"{""good"": []}",,,,,1000.0,"{""good"": []}",,"{""good"": []}",,"{""good"": []}",1.0,"{""good"": []}",,"{""good"": []}",,"{""good"": []}",1.0,"{""good"": []}",,,-1.095731577,"{""good"": []}",,,0.0,"{""good"": []}",,,0.0,"{""good"": []}",,,13.75267229,"{""good"": []}",24564.0,"{""good"": []}",0.0,"{""good"": []}",NSW,"{""good"": []}",94.1,"{""good"": []}",,,15.56095546,"{""good"": []}",,,14.45510521,"{""good"": []}",175.6458733,"{""good"": []}",17.91091667,"{""good"": []}"
2026-09-30 05:44:00+00:00,Aberdaron Automatic Weather Station,-4.74,52.79,0.0,"{""good"": []}",992.42,"{""good"": []}",,,14.72571499,"{""good"": []}",,,,,1000.0,"{""good"": []}",,"{""good"": []}",,"{""good"": []}",1.0,"{""good"": []}",,"{""good"": []}",,"{""good"": []}",1.0,"{""good"": []}",,,-1.122284673,"{""good"": []}",,,0.0,"{""good"": []}",,,0.0,"{""good"": []}",,,13.79267703,"{""good"": []}",24555.0,"{""good"": []}",0.0,"{""good"": []}",NSW,"{""good"": []}",94.15,"{""good"": []}",,,15.56100544,"{""good"": []}",,,14.45510521,"{""good"": []}",176.6849488,"{""good"": []}",16.729875,"{""good"": []}"
2026-09-30 05:45:00+00:00,Aberdaron Automatic Weather Station,-4.74,52.79,0.0,"{""good"": []}",992.445,"{""good"": []}",,,14.71531971,"{""good"": []}",,,,,1000.0,"{""good"": []}",,"{""good"": []}",,"{""good"": []}",1.0,"{""good"": []}",,"{""good"": []}",,"{""good"": []}",1.0,"{""good"": []}",,,-1.149683452,"{""good"": []}",,,0.0,"{""good"": []}",,,0.0,"{""good"": []}",,,13.79978271,"{""good"": []}",23031.5,"{""good"": []}",0.0,"{""good"": []}",NSW,"{""good"": []}",94.125,"{""good"": []}",,,15.56075305,"{""good"": []}",,,14.45510271,"{""good"": []}",175.7656498,"{""good"": []}",20.04470833,"{""good"": []}"
2026-09-30 05:46:00+00:00,Aberdaron Automatic Weather Station,-4.74,52.79,0.0,"{""good"": []}",992.445,"{""good"": []}",,,14.72167502,"{""good"": []}",,,,,1000.0,"{""good"": []}",,"{""good"": []}",,"{""good"": []}",1.0,"{""good"": []}",,"{""good"": []}",,"{""good"": []}",1.0,"{""good"": []}",,,-1.172368011,"{""good"": []}",,,0.0,"{""good"": []}",,,0.0,"{""good"": []}",,,13.81126726,"{""good"": []}",26364.5,"{""good"": []}",0.0,"{""good"": []}",NSW,"{""good"": []}",94.025,"{""good"": []}",,,15.56080303,"{""good"": []}",,,14.45530517,"{""good"": []}",175.5036915,"{""good"": []}",19.36954167,"{""good"": []}"
2026-09-30 05:47:00+00:00,Aberdaron Automatic Weather Station,-4.74,52.79,0.0,"{""good"": []}",992.465,"{""good"": []}",,,14.74181227,"{""good"": []}",,,,,1000.0,"{""good"": []}",,"{""good"": []}",,"{""good"": []}",1.0,"{""good"": []}",,"{""good"": []}",,"{""good"": []}",1.0,"{""good"": []}",,,-1.193674046,"{""good"": []}",,,0.0,"{""good"": []}",,,0.0,"{""good"": []}",,,13.82492126,"{""good"": []}",27081.5,"{""good"": []}",0.0,"{""good"": []}",NSW,"{""good"": []}",94.0,"{""good"": []}",,,15.56090299,"{""good"": []}",,,14.45535516,"{""good"": []}",175.3377245,"{""good"": []}",17.984125,"{""good"": []}"
2026-09-30 05:48:00+00:00,Aberdaron Automatic Weather Station,-4.74,52.79,0.0,"{""good"": []}",992.48,"{""good"": []}",,,14.75689331,"{""good"": []}",,,,,1000.0,"{""good"": []}",,"{""good"": []}",,"{""good"": []}",1.0,"{""good"": []}",,"{""good"": []}",,"{""good"": []}",1.0,"{""good"": []}",,,-1.216663201,"{""good"": []}",,,0.0,"{""good"": []}",,,0.0,"{""good"": []}",,,13.83408891,"{""good"": []}",24364.0,"{""good"": []}",0.0,"{""good"": []}",NSW,"{""good"": []}",94.05,"{""good"": []}",,,15.56070308,"{""good"": []}",,,14.45530517,"{""good"": []}",176.0530218,"{""good"": []}",17.704625,"{""good"": []}"
2026-09-30 05:49:00+00:00,Aberdaron Automatic Weather Station,-4.74,52.79,0.0,"{""good"": []}",992.47,"{""good"": []}",,,14.73151712,"{""good"": []}",,,,,1000.0,"{""good"": []}",,"{""good"": []}",,"{""good"": []}",1.0,"{""good"": []}",,"{""good"": []}",,"{""good"": []}",1.0,"{""good"": []}",,,-1.236381041,"{""good"": []}",,,0.0,"{""good"": []}",,,0.0,"{""good"": []}",,,13.82431642,"{""good"": []}",24569.0,"{""good"": []}",0.0,"{""good"": []}",NSW,"{""good"": []}",93.925,"{""good"": []}",,,15.56085301,"{""good"": []}",,,14.45540515,"{""good"": []}",177.8155812,"{""good"": []}",21.60541667,"{""good"": []}"
2026-09-30 05:50:00+00:00,Aberdaron Automatic Weather Station,-4.74,52.79,0.0,"{""good"": []}",992.485,"{""good"": []}",,,14.75361679,"{""good"": []}",,,,,8900.0,"{""good"": []}",,"{""good"": []}",,"{""good"": []}",1.0,"{""good"": []}",,"{""good"": []}",,"{""good"": []}",1.0,"{""good"": []}",,,-1.258482406,"{""good"": []}",,,0.0,"{""good"": []}",,,0.0,"{""good"": []}",,,13.84421631,"{""good"": []}",29204.5,"{""good"": []}",0.0,"{""good"": []}",NSW,"{""good"": []}",93.825,"{""good"": []}",,,15.56070058,"{""good"": []}",,,14.45545514,"{""good"": []}",178.7971818,"{""good"": []}",20.80504167,"{""good"": []}"
2026-09-30 05:51:00+00:00,Aberdaron Automatic Weather Station,-4.74,52.79,0.0,"{""good"": []}",992.51,"{""good"": []}",,,14.78131834,"{""good"": []}",,,,,8900.0,"{""good"": []}",,"{""good"": []}",,"{""good"": []}",1.0,"{""good"": []}",,"{""good"": []}",,"{""good"": []}",1.0,"{""good"": []}",,,-1.281644493,"{""good"": []}",,,0.0,"{""good"": []}",,,0.0,"{""good"": []}",,,13.8458309,"{""good"": []}",28429.5,"{""good"": []}",0.0,"{""good"": []}",NSW,"{""good"": []}",93.8,"{""good"": []}",,,15.5604457,"{""good"": []}",,,14.45555512,"{""good"": []}",180.8019289,"{""good"": []}",22.05679167,"{""good"": []}"
2026-09-30 05:52:00+00:00,Aberdaron Automatic Weather Station,-4.74,52.79,0.0,"{""good"": []}",992.48,"{""good"": []}",,,14.78803159,"{""good"": []}",,,,,8900.0,"{""good"": []}",,"{""good"": []}",,"{""good"": []}",1.0,"{""good"": []}",,"{""good"": []}",,"{""good"": []}",1.0,"{""good"": []}",,,-1.303034723,"{""good"": []}",,,0.0,"{""good"": []}",,,0.0,"{""good"": []}",,,13.87616061,"{""good"": []}",26963.0,"{""good"": []}",0.0,"{""good"": []}",NSW,"{""good"": []}",93.75,"{""good"": []}",,,15.56059563,"{""good"": []}",,,14.45550513,"{""good"": []}",177.996271,"{""good"": []}",22.51770833,"{""good"": []}"
2026-09-30 05:53:00+00:00,Aberdaron Automatic Weather Station,-4.74,52.79,0.0,"{""good"": []}",992.5,"{""good"": []}",,,14.79963586,"{""good"": []}",,,,,8900.0,"{""good"": []}",,"{""good"": []}",,"{""good"": []}",1.0,"{""good"": []}",,"{""good"": []}",,"{""good"": []}",1.0,"{""good"": []}",,,-1.324032033,"{""good"": []}",,,0.0,"{""good"": []}",,,0.0,"{""good"": []}",,,13.87041709,"{""good"": []}",27031.5,"{""good"": []}",0.0,"{""good"": []}",NSW,"{""good"": []}",93.7,"{""good"": []}",,,15.56054815,"{""good"": []}",,,14.4556551,"{""good"": []}",179.1414018,"{""good"": []}",19.360375,"{""good"": []}"
2026-09-30 05:54:00+00:00,Aberdaron Automatic Weather Station,-4.74,52.79,0.0,"{""good"": []}",992.52,"{""good"": []}",,,14.79226679,"{""good"": []}",,,,,8900.0,"{""good"": []}",,"{""good"": []}",,"{""good"": []}",1.0,"{""good"": []}",,"{""good"": []}",,"{""good"": []}",1.0,"{""good"": []}",,,-1.344837837,"{""good"": []}",,,0.0,"{""good"": []}",,,0.0,"{""good"": []}",,,13.85273163,"{""good"": []}",22848.0,"{""good"": []}",0.0,"{""good"": []}",NSW,"{""good"": []}",93.7,"{""good"": []}",,,15.56049568,"{""good"": []}",,,14.45570509,"{""good"": []}",179.0087252,"{""good"": []}",22.67725,"{""good"": []}"
2026-09-30 05:55:00+00:00,Aberdaron Automatic Weather Station,-4.74,52.79,0.0,"{""good"": []}",992.54,"{""good"": []}",,,14.81113999,"{""good"": []}",,,,,8900.0,"{""good"": []}",,"{""good"": []}",,"{""good"": []}",1.0,"{""good"": []}",,"{""good"": []}",,"{""good"": []}",1.0,"{""good"": []}",,,-1.365581728,"{""good"": []}",,,0.0,"{""good"": []}",,,0.0,"{""good"": []}",,,13.86744035,"{""good"": []}",24043.0,"{""good"": []}",0.0,"{""good"": []}",NSW,"{""good"": []}",93.6,"{""good"": []}",,,15.5604457,"{""good"": []}",,,14.45560511,"{""good"": []}",180.3501461,"{""good"": []}",20.85283333,"{""good"": []}"
2026-09-30 05:56:00+00:00,Aberdaron Automatic Weather Station,-4.74,52.79,0.0,"{""good"": []}",992.55,"{""good"": []}",,,14.8031652,"{""good"": []}",,,,,8900.0,"{""good"": []}",,"{""good"": []}",,"{""good"": []}",1.0,"{""good"": []}",,"{""good"": []}",,"{""good"": []}",1.0,"{""good"": []}",,,-1.386191482,"{""good"": []}",,,0.0,"{""good"": []}",,,0.0,"{""good"": []}",,,13.86154937,"{""good"": []}",24379.5,"{""good"": []}",0.0,"{""good"": []}",NSW,"{""good"": []}",93.625,"{""good"": []}",,,15.56059813,"{""good"": []}",,,14.45580507,"{""good"": []}",180.7676794,"{""good"": []}",22.31025,"{""good"": []}"
2026-09-30 05:57:00+00:00,Aberdaron Automatic Weather Station,-4.74,52.79,0.0,"{""good"": []}",992.56,"{""good"": []}",,,14.7868176,"{""good"": []}",,,,,8900.0,"{""good"": []}",,"{""good"": []}",,"{""good"": []}",1.0,"{""good"": []}",,"{""good"": []}",,"{""good"": []}",1.0,"{""good"": []}",,,-1.404651729,"{""good"": []}",,,0.0,"{""good"": []}",,,0.0,"{""good"": []}",,,13.84749297,"{""good"": []}",26132.5,"{""good"": []}",0.0,"{""good"": []}",NSW,"{""good"": []}",93.5,"{""good"": []}",,,15.5604457,"{""good"": []}",,,14.45580507,"{""good"": []}",179.7139313,"{""good"": []}",24.15975,"{""good"": []}"
2026-09-30 05:58:00+00:00,Aberdaron Automatic Weather Station,-4.74,52.79,0.0,"{""good"": []}",992.55,"{""good"": []}",,,14.80548805,"{""good"": []}",,,,,8900.0,"{""good"": []}",,"{""good"": []}",,"{""good"": []}",1.0,"{""good"": []}",,"{""good"": []}",,"{""good"": []}",1.0,"{""good"": []}",,,-1.420854334,"{""good"": []}",,,0.0,"{""good"": []}",,,0.0,"{""good"": []}",,,13.86134942,"{""good"": []}",27842.0,"{""good"": []}",0.0,"{""good"": []}",NSW,"{""good"": []}",93.425,"{""good"": []}",,,15.56029577,"{""good"": []}",,,14.45585506,"{""good"": []}",180.6824311,"{""good"": []}",23.242625,"{""good"": []}"
2026-09-30 05:59:00+00:00,Aberdaron Automatic Weather Station,-4.74,52.79,0.0,"{""good"": []}",992.61,"{""good"": []}",,,14.82138259,"{""good"": []}",,,,,8900.0,"{""good"": []}",,"{""good"": []}",,"{""good"": []}",1.0,"{""good"": []}",,"{""good"": []}",,"{""good"": []}",1.0,"{""good"": []}",,,-1.437898911,"{""good"": []}",,,0.0,"{""good"": []}",,,0.0,"{""good"": []}",,,13.85414376,"{""good"": []}",27209.0,"{""good"": []}",0.0,"{""good"": []}",NSW,"{""good"": []}",93.4,"{""good"": []}",,,15.56029577,"{""good"": []}",,,14.45590505,"{""good"": []}",180.4904626,"{""good"": []}",22.76920833,"{""good"": []}"
2026-09-30 06:00:00+00:00,Aberdaron Automatic Weather Station,-4.74,52.79,0.0,"{""good"": []}",992.61,"{""good"": []}",,,14.83672395,"{""good"": []}",,,,,8900.0,"{""good"": []}",,"{""good"": []}",,"{""good"": []}",1.0,"{""good"": []}",,"{""good"": []}",,"{""good"": []}",1.0,"{""good"": []}",,,-1.450679558,"{""good"": []}",,,0.0,"{""good"": []}",,,0.0,"{""good"": []}",,,13.87409615,"{""good"": []}",26812.0,"{""good"": []}",0.0,"{""good"": []}",NSW,"{""good"": []}",93.325,"{""good"": []}",,,15.56019581,"{""good"": []}",,,14.45595504,"{""good"": []}",185.2645558,"{""good"": []}",21.9565,"{""good"": []}"
2026-09-30 06:01:00+00:00,Aberdaron Automatic Weather Station,-4.74,52.79,0.0,"{""good"": []}",992.63,"{""good"": []}",,,14.82067922,"{""good"": []}",,,,,8900.0,"{""good"": []}",,"{""good"": []}",,"{""good"": []}",1.0,"{""good"": []}",,"{""good"": []}",,"{""good"": []}",1.0,"{""good"": []}",,,-1.462801486,"{""good"": []}",,,0.0,"{""good"": []}",,,0.0,"{""good"": []}",,,13.85404379,"{""good"": []}",25180.5,"{""good"": []}",0.0,"{""good"": []}",NSW,"{""good"": []}",93.325,"{""good"": []}",,,15.56009586,"{""good"": []}",,,14.45585506,"{""good"": []}",181.4593825,"{""good"": []}",20.57875,"{""good"": []}"
2026-09-30 06:02:00+00:00,Aberdaron Automatic Weather Station,-4.74,52.79,0.0,"{""good"": []}",992.655,"{""good"": []}",,,14.8165892,"{""good"": []}",,,,,8900.0,"{""good"": []}",,"{""good"": []}",,"{""good"": []}",1.0,"{""good"": []}",,"{""good"": []}",,"{""good"": []}",1.0,"{""good"": []}",,,-1.471667787,"{""good"": []}",,,0.0,"{""good"": []}",,,0.0,"{""good"": []}",,,13.87838005,"{""good"": []}",23922.0,"{""good"": []}",0.0,"{""good"": []}",NSW,"{""good"": []}",93.4,"{""good"": []}",,,15.56014584,"{""good"": []}",,,14.45585506,"{""good"": []}",182.164904,"{""good"": []}",20.59454167,"{""good"": []}"
2026-09-30 06:03:00+00:00,Aberdaron Automatic Weather Station,-4.74,52.79,0.0,"{""good"": []}",992.66,"{""good"": []}",,,14.80160327,"{""good"": []}",,,,,8900.0,"{""good"": []}",,"{""good"": []}",,"{""good"": []}",1.0,"{""good"": []}",,"{""good"": []}",,"{""good"": []}",1.0,"{""good"": []}",,,-1.482461131,"{""good"": []}",,,0.0,"{""good"": []}",,,0.0,"{""good"": []}",,,13.89550816,"{""good"": []}",21895.0,"{""good"": []}",0.0,"{""good"": []}",NSW,"{""good"": []}",93.475,"{""good"": []}",,,15.56009586,"{""good"": []}",,,14.45600503,"{""good"": []}",183.7317201,"{""good"": []}",19.00925,"{""good"": []}"
2026-09-30 06:04:00+00:00,Aberdaron Automatic Weather Station,-4.74,52.79,0.0,"{""good"": []}",992.69,"{""good"": []}",,,14.80468206,"{""good"": []}",,,,,8900.0,"{""good"": []}",,"{""good"": []}",,"{""good"": []}",1.0,"{""good"": []}",,"{""good"": []}",,"{""good"": []}",1.0,"{""good"": []}",,,-1.485890515,"{""good"": []}",,,0.0,"{""good"": []}",,,0.0,"{""good"": []}",,,13.87611063,"{""good"": []}",20308.0,"{""good"": []}",0.0,"{""good"": []}",NSW,"{""good"": []}",93.55,"{""good"": []}",,,15.56024579,"{""good"": []}",,,14.45605502,"{""good"": []}",182.6525553,"{""good"": []}",22.11420833,"{""good"": []}"
2026-09-30 06:05:00+00:00,Aberdaron Automatic Weather Station,-4.74,52.79,0.0,"{""good"": []}",992.695,"{""good"": []}",,,14.81088969,"{""good"": []}",,,,,8900.0,"{""good"": []}",,"{""good"": []}",,"{""good"": []}",1.0,"{""good"": []}",,"{""good"": []}",,"{""good"": []}",1.0,"{""good"": []}",,,-1.482958465,"{""good"": []}",,,0.0,"{""good"": []}",,,0.0,"{""good"": []}",,,13.89555814,"{""good"": []}",23499.0,"{""good"": []}",0.0,"{""good"": []}",NSW,"{""good"": []}",93.575,"{""good"": []}",,,15.55999591,"{""good"": []}",,,14.45595504,"{""good"": []}",180.1159911,"{""good"": []}",24.52916667,"{""good"": []}"
2026-09-30 06:06:00+00:00,Aberdaron Automatic Weather Station,-4.74,52.79,0.0,"{""good"": []}",992.71,"{""good"": []}",,,14.84519937,"{""good"": []}",,,,,8900.0,"{""good"": []}",,"{""good"": []}",,"{""good"": []}",1.0,"{""good"": []}",,"{""good"": []}",,"{""good"": []}",1.0,"{""good"": []}",,,-1.477814177,"{""good"": []}",,,0.0,"{""good"": []}",,,0.0,"{""good"": []}",,,13.91052181,"{""good"": []}",25616.0,"{""good"": []}",0.0,"{""good"": []}",NSW,"{""good"": []}",93.5,"{""good"": []}",,,15.56009586,"{""good"": []}",,,14.4561575,"{""good"": []}",182.5029374,"{""good"": []}",19.89933333,"{""good"": []}"
2026-09-30 06:07:00+00:00,Aberdaron Automatic Weather Station,-4.74,52.79,0.0,"{""good"": []}",992.715,"{""good"": []}",,,14.85806518,"{""good"": []}",,,,,8900.0,"{""good"": []}",,"{""good"": []}",,"{""good"": []}",1.0,"{""good"": []}",,"{""good"": []}",,"{""good"": []}",1.0,"{""good"": []}",,,-1.470663188,"{""good"": []}",,,0.0,"{""good"": []}",,,0.0,"{""good"": []}",,,13.91646778,"{""good"": []}",22145.5,"{""good"": []}",0.0,"{""good"": []}",NSW,"{""good"": []}",93.525,"{""good"": []}",,,15.55984597,"{""good"": []}",,,14.45600503,"{""good"": []}",181.2298065,"{""good"": []}",23.72504167,"{""good"": []}"
2026-09-30 06:08:00+00:00,Aberdaron Automatic Weather Station,-4.74,52.79,0.0,"{""good"": []}",992.79,"{""good"": []}",,,14.8680049,"{""good"": []}",,,,,8900.0,"{""good"": []}",,"{""good"": []}",,"{""good"": []}",1.0,"{""good"": []}",,"{""good"": []}",,"{""good"": []}",1.0,"{""good"": []}",,,-1.46018971,"{""good"": []}",,,0.0,"{""good"": []}",,,0.0,"{""good"": []}",,,13.95350078,"{""good"": []}",21873.5,"{""good"": []}",0.0,"{""good"": []}",NSW,"{""good"": []}",93.5,"{""good"": []}",,,15.55984598,"{""good"": []}",,,14.45605502,"{""good"": []}",180.0171154,"{""good"": []}",21.74516667,"{""good"": []}"
2026-09-30 06:09:00+00:00,Aberdaron Automatic Weather Station,-4.74,52.79,0.0,"{""good"": []}",992.815,"{""good"": []}",,,14.86951926,"{""good"": []}",,,,,8900.0,"{""good"": []}",,"{""good"": []}",,"{""good"": []}",1.0,"{""good"": []}",,"{""good"": []}",,"{""good"": []}",1.0,"{""good"": []}",,,-1.445793629,"{""good"": []}",,,0.0,"{""good"": []}",,,0.0,"{""good"": []}",,,13.95667497,"{""good"": []}",22896.5,"{""good"": []}",0.0,"{""good"": []}",NSW,"{""good"": []}",93.45,"{""good"": []}",,,15.55994593,"{""good"": []}",,,14.456155,"{""good"": []}",182.2775519,"{""good"": []}",22.49670833,"{""good"": []}"
2026-09-30 06:10:00+00:00,Aberdaron Automatic Weather Station,-4.74,52.79,0.0,"{""good"": []}",992.84,"{""good"": []}",,,14.89363641,"{""good"": []}",,,,,8900.0,"{""good"": []}",,"{""good"": []}",,"{""good"": []}",1.0,"{""good"": []}",,"{""good"": []}",,"{""good"": []}",1.0,"{""good"": []}",,,-1.42767925,"{""good"": []}",,,0.0,"{""good"": []}",,,0.0,"{""good"": []}",,,13.93647015,"{""good"": []}",25157.5,"{""good"": []}",0.0,"{""good"": []}",NSW,"{""good"": []}",93.375,"{""good"": []}",,,15.55989595,"{""good"": []}",,,14.45620498,"{""good"": []}",180.5679543,"{""good"": []}",22.01666667,"{""good"": []}"
2026-09-30 06:11:00+00:00,Aberdaron Automatic Weather Station,-4.74,52.79,0.0,"{""good"": []}",992.88,"{""good"": []}",,,14.90443468,"{""good"": []}",,,,,8900.0,"{""good"": []}",,"{""good"": []}",,"{""good"": []}",1.0,"{""good"": []}",,"{""good"": []}",,"{""good"": []}",1.0,"{""good"": []}",,,-1.405243982,"{""good"": []}",,,0.0,"{""good"": []}",,,0.0,"{""good"": []}",,,13.91107666,"{""good"": []}",25203.0,"{""good"": []}",0.0,"{""good"": []}",NSW,"{""good"": []}",93.225,"{""good"": []}",,,15.559796,"{""good"": []}",,,14.45605502,"{""good"": []}",179.6306011,"{""good"": []}",19.18904167,"{""good"": []}"
2026-09-30 06:12:00+00:00,Aberdaron Automatic Weather Station,-4.74,52.79,0.0,"{""good"": []}",992.9,"{""good"": []}",,,14.89449746,"{""good"": []}",,,,,1000.0,"{""good"": []}",,"{""good"": []}",,"{""good"": []}",1.0,"{""good"": []}",,"{""good"": []}",,"{""good"": []}",1.0,"{""good"": []}",,,-1.377333004,"{""good"": []}",,,0.0,"{""good"": []}",,,0.0,"{""good"": []}",,,13.93662011,"{""good"": []}",23669.0,"{""good"": []}",0.0,"{""good"": []}",NSW,"{""good"": []}",93.25,"{""good"": []}",,,15.55974602,"{""good"": []}",,,14.45605502,"{""good"": []}",183.1096476,"{""good"": []}",22.19979167,"{""good"": []}"
2026-09-30 06:13:00+00:00,Aberdaron Automatic Weather Station,-4.74,52.79,0.0,"{""good"": []}",992.91,"{""good"": []}",,,14.89071281,"{""good"": []}",,,,,900.0,"{""good"": []}",,"{""good"": []}",,"{""good"": []}",1.0,"{""good"": []}",,"{""good"": []}",,"{""good"": []}",1.0,"{""good"": []}",,,-1.344106452,"{""good"": []}",,,0.0,"{""good"": []}",,,0.0,"{""good"": []}",,,13.97259338,"{""good"": []}",24934.0,"{""good"": []}",0.0,"{""good"": []}",NSW,"{""good"": []}",93.2,"{""good"": []}",,,15.55949613,"{""good"": []}",,,14.45605502,"{""good"": []}",180.2150032,"{""good"": []}",21.34966667,"{""good"": []}"
2026-09-30 06:14:00+00:00,Aberdaron Automatic Weather Station,-4.74,52.79,0.0,"{""good"": []}",992.945,"{""good"": []}",,,14.90756353,"{""good"": []}",,,,,900.0,"{""good"": []}",,"{""good"": []}",,"{""good"": []}",1.0,"{""good"": []}",,"{""good"": []}",,"{""good"": []}",1.0,"{""good"": []}",,,-1.306997748,"{""good"": []}",,,0.0,"{""good"": []}",,,0.0,"{""good"": []}",,,14.00388286,"{""good"": []}",22752.5,"{""good"": []}",0.0,"{""good"": []}",NSW,"{""good"": []}",93.225,"{""good"": []}",,,15.55959609,"{""good"": []}",,,14.45625497,"{""good"": []}",179.9123001,"{""good"": []}",21.61654167,"{""good"": []}"
2026-09-30 06:15:00+00:00,Aberdaron Automatic Weather Station,-4.74,52.79,0.0,"{""good"": []}",992.93,"{""good"": []}",,,14.93228892,"{""good"": []}",,,,,800.0,"{""good"": []}",,"{""good"": []}",,"{""good"": []}",2.0,"{""good"": []}",,"{""good"": []}",,"{""good"": []}",2.0,"{""good"": []}",,,-1.26662269,"{""good"": []}",,,0.0,"{""good"": []}",,,0.0,"{""good"": []}",,,13.98962402,"{""good"": []}",23015.5,"{""good"": []}",0.0,"{""good"": []}",NSW,"{""good"": []}",93.375,"{""good"": []}",,,15.55959609,"{""good"": []}",,,14.45610501,"{""good"": []}",175.9543202,"{""good"": []}",20.89816667,"{""good"": []}"
2026-09-30 06:16:00+00:00,Aberdaron Automatic Weather Station,-4.74,52.79,0.0,"{""good"": []}",992.975,"{""good"": []}",,,14.89470021,"{""good"": []}",,,,,800.0,"{""good"": []}",,"{""good"": []}",,"{""good"": []}",2.0,"{""good"": []}",,"{""good"": []}",,"{""good"": []}",2.0,"{""good"": []}",,,-1.22279348,"{""good"": []}",,,0.0,"{""good"": []}",,,0.0,"{""good"": []}",,,13.95062652,"{""good"": []}",23052.5,"{""good"": []}",0.0,"{""good"": []}",NSW,"{""good"": []}",93.275,"{""good"": []}",,,15.5593437,"{""good"": []}",,,14.45610501,"{""good"": []}",179.6559097,"{""good"": []}",22.34258333,"{""good"": []}"
2026-09-30 06:17:00+00:00,Aberdaron Automatic Weather Station,-4.74,52.79,0.0,"{""good"": []}",992.975,"{""good"": []}",,,14.87375947,"{""good"": []}",,,,,800.0,"{""good"": []}",,"{""good"": []}",,"{""good"": []}",2.0,"{""good"": []}",,"{""good"": []}",,"{""good"": []}",2.0,"{""good"": []}",,,-1.174051115,"{""good"": []}",,,0.0,"{""good"": []}",,,1.0,"{""good"": []}",,,13.9436758,"{""good"": []}",26170.5,"{""good"": []}",0.0,"{""good"": []}",NSW,"{""good"": []}",93.2,"{""good"": []}",,,15.55944366,"{""good"": []}",,,14.456155,"{""good"": []}",176.9940924,"{""good"": []}",21.34441667,"{""good"": []}"
2026-09-30 06:18:00+00:00,Aberdaron Automatic Weather Station,-4.74,52.79,0.0,"{""good"": []}",992.98,"{""good"": []}",,,14.88440506,"{""good"": []}",,,,,800.0,"{""good"": []}",,"{""good"": []}",,"{""good"": []}",2.0,"{""good"": []}",,"{""good"": []}",,"{""good"": []}",2.0,"{""good"": []}",,,-1.117945201,"{""good"": []}",,,0.0,"{""good"": []}",,,1.0,"{""good"": []}",,,13.95581769,"{""good"": []}",23419.0,"{""good"": []}",0.0,"{""good"": []}",NSW,"{""good"": []}",93.25,"{""good"": []}",,,15.55939368,"{""good"": []}",,,14.45610501,"{""good"": []}",178.9821586,"{""good"": []}",21.29445833,"{""good"": []}"
2026-09-30 06:19:00+00:00,Aberdaron Automatic Weather Station,-4.74,52.79,0.0,"{""good"": []}",992.985,"{""good"": []}",,,14.89520584,"{""good"": []}",,,,,800.0,"{""good"": []}",,"{""good"": []}",,"{""good"": []}",2.0,"{""good"": []}",,"{""good"": []}",,"{""good"": []}",2.0,"{""good"": []}",,,-1.054522796,"{""good"": []}",,,0.0,"{""good"": []}",,,1.0,"{""good"": []}",,,13.93107653,"{""good"": []}",21598.0,"{""good"": []}",0.0,"{""good"": []}",NSW,"{""good"": []}",93.35,"{""good"": []}",,,15.55949364,"{""good"": []}",,,14.4561575,"{""good"": []}",174.5573663,"{""good"": []}",18.07625,"{""good"": []}"
2026-09-30 06:20:00+00:00,Aberdaron Automatic Weather Station,-4.74,52.79,0.0,"{""good"": []}",992.985,"{""good"": []}",,,14.8749184,"{""good"": []}",,,,,800.0,"{""good"": []}",,"{""good"": []}",,"{""good"": []}",2.0,"{""good"": []}",,"{""good"": []}",,"{""good"": []}",2.0,"{""good"": []}",,,-0.9860353497,"{""good"": []}",,,0.0,"{""good"": []}",,,1.0,"{""good"": []}",,,13.91848226,"{""good"": []}",22082.0,"{""good"": []}",0.0,"{""good"": []}",NSW,"{""good"": []}",93.4,"{""good"": []}",,,15.55949613,"{""good"": []}",,,14.456155,"{""good"": []}",175.3663217,"{""good"": []}",16.82791667,"{""good"": []}"
2026-09-30 06:21:00+00:00,Aberdaron Automatic Weather Station,-4.74,52.79,0.0,"{""good"": []}",993.01,"{""good"": []}",,,14.83142744,"{""good"": []}",,,,,800.0,"{""good"": []}",,"{""good"": []}",,"{""good"": []}",2.0,"{""good"": []}",,"{""good"": []}",,"{""good"": []}",2.0,"{""good"": []}",,,-0.9128650521,"{""good"": []}",,,0.0,"{""good"": []}",,,1.0,"{""good"": []}",,,13.90528315,"{""good"": []}",21377.0,"{""good"": []}",0.0,"{""good"": []}",NSW,"{""good"": []}",93.4,"{""good"": []}",,,15.55944616,"{""good"": []}",,,14.45630746,"{""good"": []}",175.7187435,"{""good"": []}",16.96033333,"{""good"": []}"
2026-09-30 06:22:00+00:00,Aberdaron Automatic Weather Station,-4.74,52.79,0.0,"{""good"": []}",993.0,"{""good"": []}",,,14.82733741,"{""good"": []}",,,,,800.0,"{""good"": []}",,"{""good"": []}",,"{""good"": []}",2.0,"{""good"": []}",,"{""good"": []}",,"{""good"": []}",2.0,"{""good"": []}",,,-0.831001797,"{""good"": []}",,,0.0,"{""good"": []}",,,0.0,"{""good"": []}",,,13.88301386,"{""good"": []}",21346.5,"{""good"": []}",0.0,"{""good"": []}",NSW,"{""good"": []}",93.5,"{""good"": []}",,,15.55944366,"{""good"": []}",,,14.45640994,"{""good"": []}",172.9506726,"{""good"": []}",17.47745833,"{""good"": []}"
2026-09-30 06:23:00+00:00,Aberdaron Automatic Weather Station,-4.74,52.79,0.0,"{""good"": []}",993.04,"{""good"": []}",,,14.84141221,"{""good"": []}",,,,,800.0,"{""good"": []}",,"{""good"": []}",,"{""good"": []}",2.0,"{""good"": []}",,"{""good"": []}",,"{""good"": []}",2.0,"{""good"": []}",,,-0.7404823217,"{""good"": []}",,,0.0,"{""good"": []}",,,0.0,"{""good"": []}",,,13.88850745,"{""good"": []}",21845.5,"{""good"": []}",0.0,"{""good"": []}",NSW,"{""good"": []}",93.6,"{""good"": []}",,,15.55929123,"{""good"": []}",,,14.45610501,"{""good"": []}",173.8743329,"{""good"": []}",18.005875,"{""good"": []}"
2026-09-30 06:24:00+00:00,Aberdaron Automatic Weather Station,-4.74,52.79,0.0,"{""good"": []}",993.015,"{""good"": []}",,,14.80846671,"{""good"": []}",,,,,800.0,"{""good"": []}",,"{""good"": []}",,"{""good"": []}",2.0,"{""good"": []}",,"{""good"": []}",,"{""good"": []}",2.0,"{""good"": []}",,,-0.6412286164,"{""good"": []}",,,0.0,"{""good"": []}",,,0.0,"{""good"": []}",,,13.89273637,"{""good"": []}",21830.0,"{""good"": []}",0.0,"{""good"": []}",NSW,"{""good"": []}",93.625,"{""good"": []}",,,15.55908632,"{""good"": []}",,,14.45630996,"{""good"": []}",176.1929722,"{""good"": []}",19.60595833,"{""good"": []}"
2026-09-30 06:25:00+00:00,Aberdaron Automatic Weather Station,-4.74,52.79,0.0,"{""good"": []}",993.06,"{""good"": []}",,,14.81315998,"{""good"": []}",,,,,800.0,"{""good"": []}",,"{""good"": []}",,"{""good"": []}",2.0,"{""good"": []}",,"{""good"": []}",,"{""good"": []}",2.0,"{""good"": []}",,,-0.5356522714,"{""good"": []}",,,0.0,"{""good"": []}",,,0.0,"{""good"": []}",,,13.87434858,"{""good"": []}",24232.0,"{""good"": []}",0.0,"{""good"": []}",NSW,"{""good"": []}",93.55,"{""good"": []}",,,15.5591388,"{""good"": []}",,,14.45610501,"{""good"": []}",175.4420594,"{""good"": []}",19.07195833,"{""good"": []}"
2026-09-30 06:26:00+00:00,Aberdaron Automatic Weather Station,-4.74,52.79,0.0,"{""good"": []}",993.075,"{""good"": []}",,,14.81396347,"{""good"": []}",,,,,800.0,"{""good"": []}",,"{""good"": []}",,"{""good"": []}",2.0,"{""good"": []}",,"{""good"": []}",,"{""good"": []}",2.0,"{""good"": []}",,,-0.4253848188,"{""good"": []}",,,0.0,"{""good"": []}",,,0.0,"{""good"": []}",,,13.85792529,"{""good"": []}",26488.5,"{""good"": []}",0.0,"{""good"": []}",NSW,"{""good"": []}",93.4,"{""good"": []}",,,15.55908633,"{""good"": []}",,,14.45620749,"{""good"": []}",175.9311527,"{""good"": []}",18.235625,"{""good"": []}"
2026-09-30 06:27:00+00:00,Aberdaron Automatic Weather Station,-4.74,52.79,0.0,"{""good"": []}",993.1,"{""good"": []}",,,14.81194599,"{""good"": []}",,,,,800.0,"{""good"": []}",,"{""good"": []}",,"{""good"": []}",2.0,"{""good"": []}",,"{""good"": []}",,"{""good"": []}",2.0,"{""good"": []}",,,-0.3054784244,"{""good"": []}",,,0.0,"{""good"": []}",,,0.0,"{""good"": []}",,,13.83656078,"{""good"": []}",25984.0,"{""good"": []}",0.0,"{""good"": []}",NSW,"{""good"": []}",93.325,"{""good"": []}",,,15.55903635,"{""good"": []}",,,14.45620498,"{""good"": []}",173.3974311,"{""good"": []}",19.93191667,"{""good"": []}"
2026-09-30 06:28:00+00:00,Aberdaron Automatic Weather Station,-4.74,52.79,0.0,"{""good"": []}",993.135,"{""good"": []}",,,14.8386413,"{""good"": []}",,,,,800.0,"{""good"": []}",,"{""good"": []}",,"{""good"": []}",1.0,"{""good"": []}",,"{""good"": []}",,"{""good"": []}",1.0,"{""good"": []}",,,-0.177747057,"{""good"": []}",,,0.0,"{""good"": []}",,,0.0,"{""good"": []}",,,13.85610826,"{""good"": []}",27908.5,"{""good"": []}",0.0,"{""good"": []}",NSW,"{""good"": []}",93.2,"{""good"": []}",,,15.55898637,"{""good"": []}",,,14.45635745,"{""good"": []}",172.6126435,"{""good"": []}",17.20345833,"{""good"": []}"
2026-09-30 06:29:00+00:00,Aberdaron Automatic Weather Station,-4.74,52.79,0.0,"{""good"": []}",993.145,"{""good"": []}",,,14.8491342,"{""good"": []}",,,,,800.0,"{""good"": []}",,"{""good"": []}",,"{""good"": []}",1.0,"{""good"": []}",,"{""good"": []}",,"{""good"": []}",1.0,"{""good"": []}",,,-0.0431532103,"{""good"": []}",,,0.0,"{""good"": []}",,,0.0,"{""good"": []}",,,13.87384371,"{""good"": []}",24657.0,"{""good"": []}",0.0,"{""good"": []}",NSW,"{""good"": []}",93.2,"{""good"": []}",,,15.55908632,"{""good"": []}",,,14.456155,"{""good"": []}",174.2229023,"{""good"": []}",18.96166667,"{""good"": []}"
2026-09-30 06:30:00+00:00,Aberdaron Automatic Weather Station,-4.74,52.79,0.0,"{""good"": []}",993.21,"{""good"": []}",,,14.83339235,"{""good"": []}",,,,,800.0,"{""good"": []}",,"{""good"": []}",,"{""good"": []}",1.0,"{""good"": []}",,"{""good"": []}",,"{""good"": []}",1.0,"{""good"": []}",,,0.1023730815,"{""good"": []}",,,0.0,"{""good"": []}",,,0.0,"{""good"": []}",,,13.89873233,"{""good"": []}",24261.5,"{""good"": []}",0.0,"{""good"": []}",NSW,"{""good"": []}",93.2,"{""good"": []}",,,15.5589364,"{""good"": []}",,,14.45630496,"{""good"": []}",175.5055023,"{""good"": []}",20.298875,"{""good"": []}"
2026-09-30 06:31:00+00:00,Aberdaron Automatic Weather Station,-4.74,52.79,0.0,"{""good"": []}",993.155,"{""good"": []}",,,14.85130437,"{""good"": []}",,,,,800.0,"{""good"": []}",,"{""good"": []}",,"{""good"": []}",1.0,"{""good"": []}",,"{""good"": []}",,"{""good"": []}",1.0,"{""good"": []}",,,0.2572291734,"{""good"": []}",,,0.0,"{""good"": []}",,,0.0,"{""good"": []}",,,13.87600816,"{""good"": []}",27879.0,"{""good"": []}",0.0,"{""good"": []}",NSW,"{""good"": []}",93.2,"{""good"": []}",,,15.55893639,"{""good"": []}",,,14.45640994,"{""good"": []}",174.0145792,"{""good"": []}",18.69595833,"{""good"": []}"
2026-09-30 06:32:00+00:00,Aberdaron Automatic Weather Station,-4.74,52.79,0.0,"{""good"": []}",993.2,"{""good"": []}",,,14.88405463,"{""good"": []}",,,,,800.0,"{""good"": []}",,"{""good"": []}",,"{""good"": []}",1.0,"{""good"": []}",,"{""good"": []}",,"{""good"": []}",1.0,"{""good"": []}",,,0.4238006429,"{""good"": []}",,,0.0,"{""good"": []}",,,0.0,"{""good"": []}",,,13.91631782,"{""good"": []}",28104.0,"{""good"": []}",0.0,"{""good"": []}",NSW,"{""good"": []}",93.25,"{""good"": []}",,,15.55908882,"{""good"": []}",,,14.45630996,"{""good"": []}",170.4892528,"{""good"": []}",18.531375,"{""good"": []}"
2026-09-30 06:33:00+00:00,Aberdaron Automatic Weather Station,-4.74,52.79,0.0,"{""good"": []}",993.2,"{""good"": []}",,,14.86326157,"{""good"": []}",,,,,800.0,"{""good"": []}",,"{""good"": []}",,"{""good"": []}",1.0,"{""good"": []}",,"{""good"": []}",,"{""good"": []}",1.0,"{""good"": []}",,,0.6030966409,"{""good"": []}",,,0.0,"{""good"": []}",,,0.0,"{""good"": []}",,,13.99224584,"{""good"": []}",23711.0,"{""good"": []}",0.0,"{""good"": []}",NSW,"{""good"": []}",93.325,"{""good"": []}",,,15.5589364,"{""good"": []}",,,14.45600503,"{""good"": []}",176.7425656,"{""good"": []}",19.96816667,"{""good"": []}"
2026-09-30 06:34:00+00:00,Aberdaron Automatic Weather Station,-4.74,52.79,0.0,"{""good"": []}",993.24,"{""good"": []}",,,14.85125431,"{""good"": []}",,,,,800.0,"{""good"": []}",,"{""good"": []}",,"{""good"": []}",1.0,"{""good"": []}",,"{""good"": []}",,"{""good"": []}",1.0,"{""good"": []}",,,0.8074202666,"{""good"": []}",,,0.0,"{""good"": []}",,,0.0,"{""good"": []}",,,14.02509742,"{""good"": []}",26395.0,"{""good"": []}",0.0,"{""good"": []}",NSW,"{""good"": []}",93.275,"{""good"": []}",,,15.55883645,"{""good"": []}",,,14.45625748,"{""good"": []}",172.5390601,"{""good"": []}",17.23583333,"{""good"": []}"
2026-09-30 06:35:00+00:00,Aberdaron Automatic Weather Station,-4.74,52.79,0.0,"{""good"": []}",993.23,"{""good"": []}",,,14.86815759,"{""good"": []}",,,,,800.0,"{""good"": []}",,"{""good"": []}",,"{""good"": []}",1.0,"{""good"": []}",,"{""good"": []}",,"{""good"": []}",1.0,"{""good"": []}",,,1.033157651,"{""good"": []}",,,0.0,"{""good"": []}",,,0.0,"{""good"": []}",,,14.06313516,"{""good"": []}",27402.0,"{""good"": []}",0.0,"{""good"": []}",NSW,"{""good"": []}",93.4,"{""good"": []}",,,15.55883644,"{""good"": []}",,,14.45605502,"{""good"": []}",175.4948631,"{""good"": []}",19.72933333,"{""good"": []}"
2026-09-30 06:36:00+00:00,Aberdaron Automatic Weather Station,-4.74,52.79,0.0,"{""good"": []}",993.26,"{""good"": []}",,,14.85902386,"{""good"": []}",,,,,800.0,"{""good"": []}",,"{""good"": []}",,"{""good"": []}",1.0,"{""good"": []}",,"{""good"": []}",,"{""good"": []}",1.0,"{""good"": []}",,,1.276280958,"{""good"": []}",,,0.0,"{""good"": []}",,,0.0,"{""good"": []}",,,14.05214798,"{""good"": []}",26825.0,"{""good"": []}",0.0,"{""good"": []}",NSW,"{""good"": []}",93.4,"{""good"": []}",,,15.55873649,"{""good"": []}",,,14.45610501,"{""good"": []}",172.6354423,"{""good"": []}",17.38516667,"{""good"": []}"
2026-09-30 06:37:00+00:00,Aberdaron Automatic Weather Station,-4.74,52.79,0.0,"{""good"": []}",993.27,"{""good"": []}",,,14.85039576,"{""good"": []}",,,,,800.0,"{""good"": []}",1400.0,"{""good"": []}",,"{""good"": []}",1.0,"{""good"": []}",1.0,"{""good"": []}",,"{""good"": []}",2.0,"{""good"": []}",,,1.560800401,"{""good"": []}",,,0.0,"{""good"": []}",,,0.0,"{""good"": []}",,,14.02096348,"{""good"": []}",24852.0,"{""good"": []}",0.0,"{""good"": []}",NSW,"{""good"": []}",93.425,"{""good"": []}",,,15.55853658,"{""good"": []}",,,14.45600503,"{""good"": []}",174.7098089,"{""good"": []}",17.984875,"{""good"": []}"
2026-09-30 06:38:00+00:00,Aberdaron Automatic Weather Station,-4.74,52.79,0.0,"{""good"": []}",993.3,"{""good"": []}",,,14.84494405,"{""good"": []}",,,,,800.0,"{""good"": []}",1400.0,"{""good"": []}",,"{""good"": []}",1.0,"{""good"": []}",1.0,"{""good"": []}",,"{""good"": []}",2.0,"{""good"": []}",,,1.919458018,"{""good"": []}",,,0.0,"{""good"": []}",,,0.0,"{""good"": []}",,,14.00877161,"{""good"": []}",26876.0,"{""good"": []}",0.0,"{""good"": []}",NSW,"{""good"": []}",93.4,"{""good"": []}",,,15.55858656,"{""good"": []}",,,14.45595504,"{""good"": []}",175.5831025,"{""good"": []}",18.34154167,"{""good"": []}"
2026-09-30 06:39:00+00:00,Aberdaron Automatic Weather Station,-4.74,52.79,0.0,"{""good"": []}",993.295,"{""good"": []}",,,14.85377741,"{""good"": []}",,,,,800.0,"{""good"": []}",1400.0,"{""good"": []}",,"{""good"": []}",1.0,"{""good"": []}",2.0,"{""good"": []}",,"{""good"": []}",3.0,"{""good"": []}",,,2.358677539,"{""good"": []}",,,0.0,"{""good"": []}",,,0.0,"{""good"": []}",,,14.0470118,"{""good"": []}",26322.5,"{""good"": []}",0.0,"{""good"": []}",NSW,"{""good"": []}",93.4,"{""good"": []}",,,15.5584866,"{""good"": []}",,,14.45600503,"{""good"": []}",172.6366763,"{""good"": []}",17.91958333,"{""good"": []}"
2026-09-30 06:40:00+00:00,Aberdaron Automatic Weather Station,-4.74,52.79,0.0,"{""good"": []}",993.325,"{""good"": []}",,,14.86704872,"{""good"": []}",,,,,800.0,"{""good"": []}",1400.0,"{""good"": []}",,"{""good"": []}",1.0,"{""good"": []}",2.0,"{""good"": []}",,"{""good"": []}",3.0,"{""good"": []}",,,2.894939743,"{""good"": []}",,,0.0,"{""good"": []}",,,1.0,"{""good"": []}",,,14.09437215,"{""good"": []}",26436.5,"{""good"": []}",0.0,"{""good"": []}",NSW,"{""good"": []}",93.4,"{""good"": []}",,,15.55858656,"{""good"": []}",,,14.45605502,"{""good"": []}",172.978811,"{""good"": []}",18.18658333,"{""good"": []}"
2026-09-30 06:41:00+00:00,Aberdaron Automatic Weather Station,-4.74,52.79,0.0,"{""good"": []}",993.325,"{""good"": []}",,,14.89580907,"{""good"": []}",,,,,800.0,"{""good"": []}",1400.0,"{""good"": []}",,"{""good"": []}",1.0,"{""good"": []}",2.0,"{""good"": []}",,"{""good"": []}",3.0,"{""good"": []}",,,3.447803277,"{""good"": []}",,,0.0,"{""good"": []}",,,1.0,"{""good"": []}",,,14.12545918,"{""good"": []}",26246.0,"{""good"": []}",0.0,"{""good"": []}",NSW,"{""good"": []}",93.475,"{""good"": []}",,,15.5584866,"{""good"": []}",,,14.45595504,"{""good"": []}",174.4846548,"{""good"": []}",18.81941667,"{""good"": []}"
2026-09-30 06:42:00+00:00,Aberdaron Automatic Weather Station,-4.74,52.79,0.0,"{""good"": []}",993.325,"{""good"": []}",,,14.88203465,"{""good"": []}",,,,,800.0,"{""good"": []}",1400.0,"{""good"": []}",,"{""good"": []}",1.0,"{""good"": []}",3.0,"{""good"": []}",,"{""good"": []}",4.0,"{""good"": []}",,,4.026954961,"{""good"": []}",,,0.0,"{""good"": []}",,,1.0,"{""good"": []}",,,14.14485671,"{""good"": []}",26348.5,"{""good"": []}",0.0,"{""good"": []}",NSW,"{""good"": []}",93.4,"{""good"": []}",,,15.55863653,"{""good"": []}",,,14.45595504,"{""good"": []}",174.1961434,"{""good"": []}",19.11083333,"{""good"": []}"
2026-09-30 06:43:00+00:00,Aberdaron Automatic Weather Station,-4.74,52.79,0.0,"{""good"": []}",993.33,"{""good"": []}",,,14.90504293,"{""good"": []}",,,,,800.0,"{""good"": []}",1400.0,"{""good"": []}",,"{""good"": []}",1.0,"{""good"": []}",3.0,"{""good"": []}",,"{""good"": []}",4.0,"{""good"": []}",,,4.660037484,"{""good"": []}",,,0.0,"{""good"": []}",,,1.0,"{""good"": []}",,,14.14712612,"{""good"": []}",27551.0,"{""good"": []}",0.0,"{""good"": []}",NSW,"{""good"": []}",93.3,"{""good"": []}",,,15.5582817,"{""good"": []}",,,14.45595504,"{""good"": []}",174.5747257,"{""good"": []}",16.87483333,"{""good"": []}"
2026-09-30 06:44:00+00:00,Aberdaron Automatic Weather Station,-4.74,52.79,0.0,"{""good"": []}",993.34,"{""good"": []}",,,14.9313803,"{""good"": []}",,,,,800.0,"{""good"": []}",1400.0,"{""good"": []}",,"{""good"": []}",1.0,"{""good"": []}",3.0,"{""good"": []}",,"{""good"": []}",4.0,"{""good"": []}",,,5.352948347,"{""good"": []}",,,0.0,"{""good"": []}",,,1.0,"{""good"": []}",,,14.1764486,"{""good"": []}",26530.5,"{""good"": []}",0.0,"{""good"": []}",NSW,"{""good"": []}",93.35,"{""good"": []}",,,15.55833417,"{""good"": []}",,,14.45575508,"{""good"": []}",174.5251037,"{""good"": []}",16.250375,"{""good"": []}"
2026-09-30 06:45:00+00:00,Aberdaron Automatic Weather Station,-4.74,52.79,0.0,"{""good"": []}",993.36,"{""good"": []}",,,14.92199627,"{""good"": []}",,,,,1400.0,"{""good"": []}",,"{""good"": []}",,"{""good"": []}",3.0,"{""good"": []}",,"{""good"": []}",,"{""good"": []}",3.0,"{""good"": []}",,,6.19562715,"{""good"": []}",,,0.0,"{""good"": []}",,,1.0,"{""good"": []}",,,14.21131216,"{""good"": []}",24191.0,"{""good"": []}",0.0,"{""good"": []}",NSW,"{""good"": []}",93.325,"{""good"": []}",,,15.55823172,"{""good"": []}",,,14.45580507,"{""good"": []}",176.2225358,"{""good"": []}",18.12216667,"{""good"": []}"
2026-09-30 06:46:00+00:00,Aberdaron Automatic Weather Station,-4.74,52.79,0.0,"{""good"": []}",993.395,"{""good"": []}",,,14.93572064,"{""good"": []}",,,,,1400.0,"{""good"": []}",,"{""good"": []}",,"{""good"": []}",4.0,"{""good"": []}",,"{""good"": []}",,"{""good"": []}",4.0,"{""good"": []}",,,7.274196648,"{""good"": []}",,,0.0,"{""good"": []}",,,1.0,"{""good"": []}",,,14.33218116,"{""good"": []}",25168.5,"{""good"": []}",0.0,"{""good"": []}",NSW,"{""good"": []}",93.3,"{""good"": []}",,,15.55823172,"{""good"": []}",,,14.4556551,"{""good"": []}",176.940368,"{""good"": []}",20.41341667,"{""good"": []}"
2026-09-30 06:47:00+00:00,Aberdaron Automatic Weather Station,-4.74,52.79,0.0,"{""good"": []}",993.35,"{""good"": []}",,,15.00045771,"{""good"": []}",,,,,1400.0,"{""good"": []}",,"{""good"": []}",,"{""good"": []}",4.0,"{""good"": []}",,"{""good"": []}",,"{""good"": []}",4.0,"{""good"": []}",,,8.292266658,"{""good"": []}",,,0.0,"{""good"": []}",,,1.0,"{""good"": []}",,,14.47229772,"{""good"": []}",27768.5,"{""good"": []}",0.0,"{""good"": []}",NSW,"{""good"": []}",93.225,"{""good"": []}",,,15.55812677,"{""good"": []}",,,14.45585506,"{""good"": []}",171.0158174,"{""good"": []}",16.212875,"{""good"": []}"
2026-09-30 06:48:00+00:00,Aberdaron Automatic Weather Station,-4.74,52.79,0.0,"{""good"": []}",993.37,"{""good"": []}",,,15.04011647,"{""good"": []}",,,,,1400.0,"{""good"": []}",,"{""good"": []}",,"{""good"": []}",5.0,"{""good"": []}",,"{""good"": []}",,"{""good"": []}",5.0,"{""good"": []}",,,9.183046212,"{""good"": []}",,,0.0,"{""good"": []}",,,1.0,"{""good"": []}",,,14.50791859,"{""good"": []}",25467.5,"{""good"": []}",0.0,"{""good"": []}",NSW,"{""good"": []}",93.3,"{""good"": []}",,,15.55823172,"{""good"": []}",,,14.45555512,"{""good"": []}",172.7828262,"{""good"": []}",15.348625,"{""good"": []}"
2026-09-30 06:49:00+00:00,Aberdaron Automatic Weather Station,-4.74,52.79,0.0,"{""good"": []}",993.335,"{""good"": []}",,,15.01953367,"{""good"": []}",,,,,1400.0,"{""good"": []}",,"{""good"": []}",,"{""good"": []}",5.0,"{""good"": []}",,"{""good"": []}",,"{""good"": []}",5.0,"{""good"": []}",,,9.985080595,"{""good"": []}",,,0.0,"{""good"": []}",,,1.0,"{""good"": []}",,,14.46287514,"{""good"": []}",21116.0,"{""good"": []}",0.0,"{""good"": []}",NSW,"{""good"": []}",93.2,"{""good"": []}",,,15.55807679,"{""good"": []}",,,14.45585506,"{""suspect"": [""1 case(s) of \""qc persistence check failed: expected variation above 0.001\""""]}",172.9609443,"{""good"": []}",18.41904167,"{""good"": []}"
2026-09-30 06:50:00+00:00,Aberdaron Automatic Weather Station,-4.74,52.79,0.0,"{""good"": []}",993.37,"{""good"": []}",,,14.99682325,"{""good"": []}",,,,,1400.0,"{""good"": []}",,"{""good"": []}",,"{""good"": []}",5.0,"{""good"": []}",,"{""good"": []}",,"{""good"": []}",5.0,"{""good"": []}",,,10.80815884,"{""good"": []}",,,0.0,"{""good"": []}",,,1.0,"{""good"": []}",,,14.43022601,"{""good"": []}",22065.0,"{""good"": []}",0.0,"{""good"": []}",NSW,"{""good"": []}",92.975,"{""good"": []}",,,15.55792686,"{""good"": []}",,,14.45575508,"{""suspect"": [""1 case(s) of \""qc persistence check failed: expected variation above 0.001\""""]}",169.6314573,"{""good"": []}",21.20291667,"{""good"": []}"
2026-09-30 06:51:00+00:00,Aberdaron Automatic Weather Station,-4.74,52.79,0.0,"{""good"": []}",993.365,"{""good"": []}",,,15.00520355,"{""good"": []}",,,,,1400.0,"{""good"": []}",,"{""good"": []}",,"{""good"": []}",5.0,"{""good"": []}",,"{""good"": []}",,"{""good"": []}",5.0,"{""good"": []}",,,11.74100517,"{""good"": []}",,,0.0,"{""good"": []}",,,1.0,"{""good"": []}",,,14.46297511,"{""good"": []}",25306.5,"{""good"": []}",0.0,"{""good"": []}",NSW,"{""good"": []}",92.775,"{""good"": []}",,,15.55802682,"{""good"": []}",,,14.45575508,"{""suspect"": [""1 case(s) of \""qc persistence check failed: expected variation above 0.001\""""]}",171.2848235,"{""good"": []}",20.70458333,"{""good"": []}"
2026-09-30 06:52:00+00:00,Aberdaron Automatic Weather Station,-4.74,52.79,0.0,"{""good"": []}",993.385,"{""good"": []}",,,15.03345828,"{""good"": []}",,,,,1400.0,"{""good"": []}",,"{""good"": []}",,"{""good"": []}",5.0,"{""good"": []}",,"{""good"": []}",,"{""good"": []}",5.0,"{""good"": []}",,,12.77326456,"{""good"": []}",,,0.0,"{""good"": []}",,,1.0,"{""good"": []}",,,14.49104042,"{""good"": []}",27047.5,"{""good"": []}",0.0,"{""good"": []}",NSW,"{""good"": []}",92.6,"{""good"": []}",,,15.55782691,"{""good"": []}",,,14.45555512,"{""suspect"": [""1 case(s) of \""qc persistence check failed: expected variation above 0.001\""""]}",170.7694349,"{""good"": []}",18.79591667,"{""good"": []}"
2026-09-30 06:53:00+00:00,Aberdaron Automatic Weather Station,-4.74,52.79,0.0,"{""good"": []}",993.41,"{""good"": []}",,,15.06191576,"{""good"": []}",,,,,1400.0,"{""good"": []}",,"{""good"": []}",,"{""good"": []}",5.0,"{""good"": []}",,"{""good"": []}",,"{""good"": []}",5.0,"{""good"": []}",,,13.75136037,"{""good"": []}",,,0.01333333333,"{""good"": []}",,,1.0,"{""good"": []}",,,14.53547652,"{""good"": []}",24788.5,"{""good"": []}",0.0,"{""good"": []}",NSW,"{""good"": []}",92.525,"{""good"": []}",,,15.55772695,"{""good"": []}",,,14.45540515,"{""good"": []}",168.4076377,"{""good"": []}",19.89304167,"{""good"": []}"
2026-09-30 06:54:00+00:00,Aberdaron Automatic Weather Station,-4.74,52.79,0.0,"{""good"": []}",993.4,"{""good"": []}",,,15.11207492,"{""good"": []}",,,,,1400.0,"{""good"": []}",,"{""good"": []}",,"{""good"": []}",5.0,"{""good"": []}",,"{""good"": []}",,"{""good"": []}",5.0,"{""good"": []}",,,14.72585512,"{""good"": []}",,,0.025,"{""good"": []}",,,1.0,"{""good"": []}",,,14.55810072,"{""good"": []}",24748.0,"{""good"": []}",0.0,"{""good"": []}",NSW,"{""good"": []}",92.5,"{""good"": []}",,,15.55792686,"{""good"": []}",,,14.45550513,"{""good"": []}",171.2543606,"{""good"": []}",14.88925,"{""good"": []}"
2026-09-30 06:55:00+00:00,Aberdaron Automatic Weather Station,-4.74,52.79,0.0,"{""good"": []}",993.4,"{""good"": []}",,,15.07518708,"{""good"": []}",,,,,1400.0,"{""good"": []}",,"{""good"": []}",,"{""good"": []}",6.0,"{""good"": []}",,"{""good"": []}",,"{""good"": []}",6.0,"{""good"": []}",,,15.83947754,"{""good"": []}",,,0.02944444444,"{""good"": []}",,,1.0,"{""good"": []}",,,14.58424901,"{""good"": []}",22811.0,"{""good"": []}",0.0,"{""good"": []}",NSW,"{""good"": []}",92.45,"{""good"": []}",,,15.55782691,"{""good"": []}",,,14.45545514,"{""good"": []}",170.2136631,"{""good"": []}",16.2575,"{""good"": []}"
2026-09-30 06:56:00+00:00,Aberdaron Automatic Weather Station,-4.74,52.79,0.0,"{""good"": []}",993.41,"{""good"": []}",,,15.10177976,"{""good"": []}",,,,,1400.0,"{""good"": []}",,"{""good"": []}",,"{""good"": []}",6.0,"{""good"": []}",,"{""good"": []}",,"{""good"": []}",6.0,"{""good"": []}",,,16.97577374,"{""good"": []}",,,0.04611111111,"{""good"": []}",,,1.0,"{""good"": []}",,,14.64994966,"{""good"": []}",23251.0,"{""good"": []}",0.0,"{""good"": []}",NSW,"{""good"": []}",92.45,"{""good"": []}",,,15.55772695,"{""good"": []}",,,14.45535516,"{""good"": []}",171.5376184,"{""good"": []}",20.213125,"{""good"": []}"
2026-09-30 06:57:00+00:00,Aberdaron Automatic Weather Station,-4.74,52.79,0.0,"{""good"": []}",993.415,"{""good"": []}",,,15.1061176,"{""good"": []}",,,,,1400.0,"{""good"": []}",,"{""good"": []}",,"{""good"": []}",6.0,"{""good"": []}",,"{""good"": []}",,"{""good"": []}",6.0,"{""good"": []}",,,18.03137185,"{""good"": []}",,,0.06111111111,"{""good"": []}",,,1.0,"{""good"": []}",,,14.65181169,"{""good"": []}",23536.5,"{""good"": []}",0.0,"{""good"": []}",NSW,"{""good"": []}",92.325,"{""good"": []}",,,15.55772695,"{""good"": []}",,,14.45530517,"{""good"": []}",169.4535826,"{""good"": []}",17.50708333,"{""good"": []}"
2026-09-30 06:58:00+00:00,Aberdaron Automatic Weather Station,-4.74,52.79,0.0,"{""good"": []}",993.4,"{""good"": []}",,,15.10314144,"{""good"": []}",,,,,1300.0,"{""good"": []}",,"{""good"": []}",,"{""good"": []}",6.0,"{""good"": []}",,"{""good"": []}",,"{""good"": []}",6.0,"{""good"": []}",,,18.94060293,"{""good"": []}",,,0.06388888889,"{""good"": []}",,,0.0,"{""good"": []}",,,14.56399421,"{""good"": []}",23488.0,"{""good"": []}",0.0,"{""good"": []}",NSW,"{""good"": []}",92.25,"{""good"": []}",,,15.55787688,"{""good"": []}",,,14.45530267,"{""good"": []}",169.5464596,"{""good"": []}",15.83733333,"{""good"": []}"
2026-09-30 06:59:00+00:00,Aberdaron Automatic Weather Station,-4.74,52.79,0.0,"{""good"": []}",993.39,"{""good"": []}",,,15.10722646,"{""good"": []}",,,,,1300.0,"{""good"": []}",,"{""good"": []}",,"{""good"": []}",6.0,"{""good"": []}",,"{""good"": []}",,"{""good"": []}",6.0,"{""good"": []}",,,19.81690223,"{""good"": []}",,,0.06666666667,"{""good"": []}",,,0.0,"{""good"": []}",,,14.47723396,"{""good"": []}",21748.0,"{""good"": []}",0.0,"{""good"": []}",NSW,"{""good"": []}",92.275,"{""good"": []}",,,15.55772695,"{""good"": []}",,,14.45535516,"{""good"": []}",168.8442369,"{""good"": []}",17.29016667,"{""good"": []}"
2026-09-30 07:00:00+00:00,Aberdaron Automatic Weather Station,-4.74,52.79,0.0,"{""good"": []}",993.38,"{""good"": []}",,,15.08416812,"{""good"": []}",,,,,1300.0,"{""good"": []}",,"{""good"": []}",,"{""good"": []}",6.0,"{""good"": []}",,"{""good"": []}",,"{""good"": []}",6.0,"{""good"": []}",,,20.62918152,"{""good"": []}",,,0.07361111111,"{""good"": []}",,,0.0,"{""good"": []}",,,14.43717923,"{""good"": []}",20069.0,"{""good"": []}",0.0,"{""good"": []}",NSW,"{""good"": []}",92.275,"{""good"": []}",,,15.55757702,"{""good"": []}",,,14.45540515,"{""good"": []}",169.5419247,"{""good"": []}",18.90966667,"{""good"": []}"
2026-09-30 07:01:00+00:00,Aberdaron Automatic Weather Station,-4.74,52.79,0.0,"{""good"": []}",993.45,"{""good"": []}",,,15.06549767,"{""good"": []}",,,,,1300.0,"{""good"": []}",,"{""good"": []}",,"{""good"": []}",6.0,"{""good"": []}",,"{""good"": []}",,"{""good"": []}",6.0,"{""good"": []}",,,21.66149802,"{""good"": []}",,,0.09027777778,"{""good"": []}",,,0.0,"{""suspect"": [""1 case(s) of \""qc consistency check failed: expected radiation_sun_1_minute_mean to be above 0 if sunshine_1_minute_mean is above 0\""""]}",,,14.41606714,"{""good"": []}",22446.5,"{""good"": []}",0.0,"{""good"": []}",NSW,"{""good"": []}",92.175,"{""good"": []}",,,15.55757702,"{""good"": []}",,,14.45510271,"{""good"": []}",169.3798752,"{""good"": []}",18.39383333,"{""good"": []}"
2026-09-30 07:02:00+00:00,Aberdaron Automatic Weather Station,-4.74,52.79,0.0,"{""good"": []}",993.465,"{""good"": []}",,,15.0851293,"{""good"": []}",,,,,1300.0,"{""good"": []}",,"{""good"": []}",,"{""good"": []}",6.0,"{""good"": []}",,"{""good"": []}",,"{""good"": []}",6.0,"{""good"": []}",,,22.73760828,"{""good"": []}",,,0.1069444444,"{""good"": []}",,,0.0,"{""suspect"": [""1 case(s) of \""qc consistency check failed: expected radiation_sun_1_minute_mean to be above 0 if sunshine_1_minute_mean is above 0\""""]}",,,14.44166558,"{""good"": []}",23219.0,"{""good"": []}",0.0,"{""good"": []}",NSW,"{""good"": []}",92.15,"{""good"": []}",,,15.55737712,"{""good"": []}",,,14.45505022,"{""good"": []}",171.6645595,"{""good"": []}",20.97070833,"{""good"": []}"
2026-09-30 07:03:00+00:00,Aberdaron Automatic Weather Station,-4.74,52.79,0.0,"{""good"": []}",993.455,"{""good"": []}",,,15.09623044,"{""good"": []}",,,,,1300.0,"{""good"": []}",,"{""good"": []}",,"{""good"": []}",7.0,"{""good"": []}",,"{""good"": []}",,"{""good"": []}",7.0,"{""good"": []}",,,23.56935201,"{""good"": []}",,,0.1088888889,"{""good"": []}",,,0.0,"{""good"": []}",,,14.44111072,"{""good"": []}",23556.0,"{""good"": []}",0.0,"{""good"": []}",NSW,"{""good"": []}",92.05,"{""good"": []}",,,15.55767697,"{""good"": []}",,,14.45505272,"{""good"": []}",170.873854,"{""good"": []}",18.49279167,"{""good"": []}"
2026-09-30 07:04:00+00:00,Aberdaron Automatic Weather Station,-4.74,52.79,0.0,"{""good"": []}",993.48,"{""good"": []}",,,15.0872469,"{""good"": []}",,,,,1300.0,"{""good"": []}",,"{""good"": []}",,"{""good"": []}",7.0,"{""good"": []}",,"{""good"": []}",,"{""good"": []}",7.0,"{""good"": []}",,,24.65115006,"{""good"": []}",,,0.1216666667,"{""good"": []}",,,1.0,"{""good"": []}",,,14.41395269,"{""good"": []}",22227.0,"{""good"": []}",0.0,"{""good"": []}",NSW,"{""good"": []}",91.9,"{""good"": []}",,,15.55752705,"{""good"": []}",,,14.45500023,"{""good"": []}",172.6000611,"{""good"": []}",16.95091667,"{""good"": []}"
2026-09-30 07:05:00+00:00,Aberdaron Automatic Weather Station,-4.74,52.79,0.0,"{""good"": []}",993.5,"{""good"": []}",,,15.05172574,"{""good"": []}",,,,,1300.0,"{""good"": []}",,"{""good"": []}",,"{""good"": []}",7.0,"{""good"": []}",,"{""good"": []}",,"{""good"": []}",7.0,"{""good"": []}",,,25.9280709,"{""good"": []}",,,0.1383333333,"{""good"": []}",,,1.0,"{""good"": []}",,,14.43309528,"{""good"": []}",22392.0,"{""good"": []}",0.0,"{""good"": []}",NSW,"{""good"": []}",91.85,"{""good"": []}",,,15.55747707,"{""good"": []}",,,14.45494774,"{""good"": []}",170.6357652,"{""good"": []}",17.11183333,"{""good"": []}"
2026-09-30 07:06:00+00:00,Aberdaron Automatic Weather Station,-4.74,52.79,0.0,"{""good"": []}",993.505,"{""good"": []}",,,15.08881132,"{""good"": []}",,,,,1300.0,"{""good"": []}",,"{""good"": []}",,"{""good"": []}",7.0,"{""good"": []}",,"{""good"": []}",,"{""good"": []}",7.0,"{""good"": []}",,,27.38629356,"{""good"": []}",,,0.155,"{""good"": []}",,,1.0,"{""good"": []}",,,14.51270736,"{""good"": []}",24296.0,"{""good"": []}",0.0,"{""good"": []}",NSW,"{""good"": []}",91.8,"{""good"": []}",,,15.55742709,"{""good"": []}",,,14.45484776,"{""good"": []}",169.3224662,"{""good"": []}",18.735,"{""good"": []}"
2026-09-30 07:07:00+00:00,Aberdaron Automatic Weather Station,-4.74,52.79,0.0,"{""good"": []}",993.525,"{""good"": []}",,,15.15450959,"{""good"": []}",,,,,1300.0,"{""good"": []}",,"{""good"": []}",,"{""good"": []}",7.0,"{""good"": []}",,"{""good"": []}",,"{""good"": []}",7.0,"{""good"": []}",,,28.91009406,"{""good"": []}",,,0.1716666667,"{""good"": []}",,,1.0,"{""good"": []}",,,14.63180931,"{""good"": []}",23261.0,"{""good"": []}",0.0,"{""good"": []}",NSW,"{""good"": []}",91.95,"{""good"": []}",,,15.55722719,"{""good"": []}",,,14.45479527,"{""good"": []}",168.7457209,"{""good"": []}",16.6875,"{""good"": []}"
2026-09-30 07:08:00+00:00,Aberdaron Automatic Weather Station,-4.74,52.79,0.0,"{""good"": []}",993.5,"{""good"": []}",,,15.15925292,"{""good"": []}",,,,,1300.0,"{""good"": []}",,"{""good"": []}",,"{""good"": []}",7.0,"{""good"": []}",,"{""good"": []}",,"{""good"": []}",7.0,"{""good"": []}",,,30.37262833,"{""good"": []}",,,0.1883333333,"{""good"": []}",,,1.0,"{""good"": []}",,,14.67700272,"{""good"": []}",21133.5,"{""good"": []}",0.0,"{""good"": []}",NSW,"{""good"": []}",92.05,"{""good"": []}",,,15.55712723,"{""good"": []}",,,14.45469529,"{""good"": []}",170.9956553,"{""good"": []}",15.466125,"{""good"": []}"
2026-09-30 07:09:00+00:00,Aberdaron Automatic Weather Station,-4.74,52.79,0.0,"{""good"": []}",993.565,"{""good"": []}",,,15.15011669,"{""good"": []}",,,,,1300.0,"{""good"": []}",,"{""good"": []}",,"{""good"": []}",7.0,"{""good"": []}",,"{""good"": []}",,"{""good"": []}",7.0,"{""good"": []}",,,31.98095354,"{""good"": []}",,,0.205,"{""good"": []}",,,1.0,"{""good"": []}",,,14.69222132,"{""good"": []}",21930.0,"{""good"": []}",0.0,"{""good"": []}",NSW,"{""good"": []}",92.1,"{""good"": []}",,,15.55707725,"{""good"": []}",,,14.4546453,"{""good"": []}",170.6465552,"{""good"": []}",16.85608333,"{""good"": []}"
2026-09-30 07:10:00+00:00,Aberdaron Automatic Weather Station,-4.74,52.79,0.0,"{""good"": []}",993.57,"{""good"": []}",,,15.18851889,"{""good"": []}",,,,,1300.0,"{""good"": []}",,"{""good"": []}",,"{""good"": []}",7.0,"{""good"": []}",,"{""good"": []}",,"{""good"": []}",7.0,"{""good"": []}",,,33.59277674,"{""good"": []}",,,0.2216666667,"{""good"": []}",,,1.0,"{""good"": []}",,,14.74472036,"{""good"": []}",21591.5,"{""good"": []}",0.0,"{""good"": []}",NSW,"{""good"": []}",92.15,"{""good"": []}",,,15.55712473,"{""good"": []}",,,14.4546453,"{""good"": []}",168.8982647,"{""good"": []}",15.81641667,"{""good"": []}"
2026-09-30 07:11:00+00:00,Aberdaron Automatic Weather Station,-4.74,52.79,0.0,"{""good"": []}",993.575,"{""good"": []}",,,15.17943523,"{""good"": []}",,,,,1200.0,"{""good"": []}",,"{""good"": []}",,"{""good"": []}",7.0,"{""good"": []}",,"{""good"": []}",,"{""good"": []}",7.0,"{""good"": []}",,,35.2112545,"{""good"": []}",,,0.2383333333,"{""good"": []}",,,1.0,"{""good"": []}",,,14.77716703,"{""good"": []}",18699.5,"{""good"": []}",0.0,"{""good"": []}",NSW,"{""good"": []}",92.3,"{""good"": []}",,,15.55722719,"{""good"": []}",,,14.45449534,"{""good"": []}",170.8719318,"{""good"": []}",18.60270833,"{""good"": []}"
2026-09-30 07:12:00+00:00,Aberdaron Automatic Weather Station,-4.74,52.79,0.0,"{""good"": []}",993.59,"{""good"": []}",,,15.18564285,"{""good"": []}",,,,,1200.0,"{""good"": []}",,"{""good"": []}",,"{""good"": []}",7.0,"{""good"": []}",,"{""good"": []}",,"{""good"": []}",7.0,"{""good"": []}",,,36.83121939,"{""good"": []}",,,0.255,"{""good"": []}",,,1.0,"{""good"": []}",,,14.80180572,"{""good"": []}",19777.0,"{""good"": []}",0.0,"{""good"": []}",NSW,"{""good"": []}",92.2,"{""good"": []}",,,15.55717721,"{""good"": []}",,,14.45459532,"{""good"": []}",170.815311,"{""good"": []}",16.11029167,"{""good"": []}"
2026-09-30 07:13:00+00:00,Aberdaron Automatic Weather Station,-4.74,52.79,0.0,"{""good"": []}",993.58,"{""good"": []}",,,15.20663116,"{""good"": []}",,,,,1200.0,"{""good"": []}",,"{""good"": []}",,"{""good"": []}",7.0,"{""good"": []}",,"{""good"": []}",,"{""good"": []}",7.0,"{""good"": []}",,,38.32432952,"{""good"": []}",,,0.2716666667,"{""good"": []}",,,1.0,"{""good"": []}",,,14.79530238,"{""good"": []}",20842.5,"{""good"": []}",0.0,"{""good"": []}",NSW,"{""good"": []}",92.325,"{""good"": []}",,,15.55727716,"{""good"": []}",,,14.45439536,"{""good"": []}",173.7636713,"{""good"": []}",16.97670833,"{""good"": []}"
2026-09-30 07:14:00+00:00,Aberdaron Automatic Weather Station,-4.74,52.79,0.0,"{""good"": []}",993.61,"{""good"": []}",,,15.18473174,"{""good"": []}",,,,,1100.0,"{""good"": []}",,"{""good"": []}",,"{""good"": []}",7.0,"{""good"": []}",,"{""good"": []}",,"{""good"": []}",7.0,"{""good"": []}",,,39.91135343,"{""good"": []}",,,0.2883333333,"{""good"": []}",,,1.0,"{""good"": []}",,,14.76834929,"{""good"": []}",19637.5,"{""good"": []}",0.0,"{""good"": []}",NSW,"{""good"": []}",92.325,"{""good"": []}",,,15.55702478,"{""good"": []}",,,14.45434537,"{""good"": []}",170.643828,"{""good"": []}",17.575,"{""good"": []}"
2026-09-30 07:15:00+00:00,Aberdaron Automatic Weather Station,-4.74,52.79,0.0,"{""good"": []}",993.61,"{""good"": []}",,,15.19653875,"{""good"": []}",,,,,1100.0,"{""good"": []}",,"{""good"": []}",,"{""good"": []}",7.0,"{""good"": []}",,"{""good"": []}",,"{""good"": []}",7.0,"{""good"": []}",,,41.58091468,"{""good"": []}",,,0.305,"{""good"": []}",,,1.0,"{""good"": []}",,,14.78059115,"{""good"": []}",19913.5,"{""good"": []}",0.0,"{""good"": []}",NSW,"{""good"": []}",92.3,"{""good"": []}",,,15.55671742,"{""good"": []}",,,14.4541954,"{""good"": []}",170.5993484,"{""good"": []}",18.27408333,"{""good"": []}"
2026-09-30 07:16:00+00:00,Aberdaron Automatic Weather Station,-4.74,52.79,0.0,"{""good"": []}",993.61,"{""good"": []}",,,15.20209057,"{""good"": []}",,,,,1100.0,"{""good"": []}",,"{""good"": []}",,"{""good"": []}",8.0,"{""good"": []}",,"{""good"": []}",,"{""good"": []}",8.0,"{""good"": []}",,,43.11304702,"{""good"": []}",,,0.3191666667,"{""good"": []}",,,1.0,"{""good"": []}",,,14.80472497,"{""good"": []}",19842.0,"{""good"": []}",0.0,"{""good"": []}",NSW,"{""good"": []}",92.325,"{""good"": []}",,,15.55692233,"{""good"": []}",,,14.45404543,"{""good"": []}",172.1186158,"{""good"": []}",15.1325,"{""good"": []}"
2026-09-30 07:17:00+00:00,Aberdaron Automatic Weather Station,-4.74,52.79,0.0,"{""good"": []}",993.63,"{""good"": []}",,,15.20955725,"{""good"": []}",,,,,1000.0,"{""good"": []}",,"{""good"": []}",,"{""good"": []}",8.0,"{""good"": []}",,"{""good"": []}",,"{""good"": []}",8.0,"{""good"": []}",,,44.67288274,"{""good"": []}",,,0.335,"{""good"": []}",,,1.0,"{""good"": []}",,,14.75247836,"{""good"": []}",18625.5,"{""good"": []}",0.0,"{""good"": []}",NSW,"{""good"": []}",92.4,"{""good"": []}",,,15.55682237,"{""good"": []}",,,14.45404543,"{""good"": []}",170.5061569,"{""good"": []}",15.400875,"{""good"": []}"
2026-09-30 07:18:00+00:00,Aberdaron Automatic Weather Station,-4.74,52.79,0.0,"{""good"": []}",993.625,"{""good"": []}",,,15.21112167,"{""good"": []}",,,,,1000.0,"{""good"": []}",,"{""good"": []}",,"{""good"": []}",8.0,"{""good"": []}",,"{""good"": []}",,"{""good"": []}",8.0,"{""good"": []}",,,46.41457763,"{""good"": []}",,,0.3516666667,"{""good"": []}",,,1.0,"{""good"": []}",,,14.74416299,"{""good"": []}",17714.5,"{""good"": []}",0.0,"{""good"": []}",NSW,"{""good"": []}",92.525,"{""good"": []}",,,15.55692233,"{""good"": []}",,,14.45399294,"{""good"": []}",171.2009726,"{""good"": []}",15.727625,"{""good"": []}"
2026-09-30 07:19:00+00:00,Aberdaron Automatic Weather Station,-4.74,52.79,0.0,"{""good"": []}",993.66,"{""good"": []}",,,15.23604982,"{""good"": []}",,,,,1000.0,"{""good"": []}",,"{""good"": []}",,"{""good"": []}",7.0,"{""good"": []}",,"{""good"": []}",,"{""good"": []}",7.0,"{""good"": []}",,,48.08545565,"{""good"": []}",,,0.3683333333,"{""good"": []}",,,1.0,"{""good"": []}",,,14.7944476,"{""good"": []}",17026.5,"{""good"": []}",0.0,"{""good"": []}",NSW,"{""good"": []}",92.65,"{""good"": []}",,,15.55691983,"{""good"": []}",,,14.45384297,"{""good"": []}",173.4504452,"{""good"": []}",15.05208333,"{""good"": []}"
2026-09-30 07:20:00+00:00,Aberdaron Automatic Weather Station,-4.74,52.79,0.0,"{""good"": []}",993.67,"{""good"": []}",,,15.21763218,"{""good"": []}",,,,,1000.0,"{""good"": []}",,"{""good"": []}",,"{""good"": []}",7.0,"{""good"": []}",,"{""good"": []}",,"{""good"": []}",7.0,"{""good"": []}",,,49.87742211,"{""good"": []}",,,0.385,"{""good"": []}",,,1.0,"{""good"": []}",,,14.78830167,"{""good"": []}",16013.0,"{""good"": []}",0.0,"{""good"": []}",NSW,"{""good"": []}",92.7,"{""good"": []}",,,15.55666745,"{""good"": []}",,,14.45373799,"{""good"": []}",169.6336528,"{""good"": []}",14.896875,"{""good"": []}"
2026-09-30 07:21:00+00:00,Aberdaron Automatic Weather Station,-4.74,52.79,0.0,"{""good"": []}",993.685,"{""good"": []}",,,15.23090349,"{""good"": []}",,,,,1000.0,"{""good"": []}",,"{""good"": []}",,"{""good"": []}",7.0,"{""good"": []}",,"{""good"": []}",,"{""good"": []}",7.0,"{""good"": []}",,,51.73115279,"{""good"": []}",,,0.4016666667,"{""good"": []}",,,1.0,"{""good"": []}",,,14.80563223,"{""good"": []}",16481.5,"{""good"": []}",0.0,"{""good"": []}",NSW,"{""good"": []}",92.85,"{""good"": []}",,,15.55656999,"{""good"": []}",,,14.45373799,"{""good"": []}",173.5908635,"{""good"": []}",15.71258333,"{""good"": []}"
2026-09-30 07:22:00+00:00,Aberdaron Automatic Weather Station,-4.74,52.79,0.0,"{""good"": []}",993.69,"{""good"": []}",,,15.2412437,"{""good"": []}",,,,,1000.0,"{""good"": []}",,"{""good"": []}",,"{""good"": []}",7.0,"{""good"": []}",,"{""good"": []}",,"{""good"": []}",7.0,"{""good"": []}",,,53.46508806,"{""good"": []}",,,0.4183333333,"{""good"": []}",,,1.0,"{""good"": []}",,,14.81807904,"{""good"": []}",16916.5,"{""good"": []}",0.0,"{""good"": []}",NSW,"{""good"": []}",92.9,"{""good"": []}",,,15.55651751,"{""good"": []}",,,14.45374049,"{""good"": []}",171.1873187,"{""good"": []}",15.11391667,"{""good"": []}"
2026-09-30 07:23:00+00:00,Aberdaron Automatic Weather Station,-4.74,52.79,0.0,"{""good"": []}",993.695,"{""good"": []}",,,15.24326619,"{""good"": []}",,,,,1000.0,"{""good"": []}",,"{""good"": []}",,"{""good"": []}",7.0,"{""good"": []}",,"{""good"": []}",,"{""good"": []}",7.0,"{""good"": []}",,,55.21704502,"{""good"": []}",,,0.435,"{""good"": []}",,,1.0,"{""good"": []}",,,14.82684429,"{""good"": []}",16698.5,"{""good"": []}",0.0,"{""good"": []}",NSW,"{""good"": []}",93.0,"{""good"": []}",,,15.55661747,"{""good"": []}",,,14.453688,"{""good"": []}",172.3346725,"{""good"": []}",15.71091667,"{""good"": []}"
2026-09-30 07:24:00+00:00,Aberdaron Automatic Weather Station,-4.74,52.79,0.0,"{""good"": []}",993.695,"{""good"": []}",,,15.22353443,"{""good"": []}",,,,,1000.0,"{""good"": []}",2100.0,"{""good"": []}",,"{""good"": []}",7.0,"{""good"": []}",3.0,"{""good"": []}",,"{""good"": []}",8.0,"{""good"": []}",,,56.60102906,"{""good"": []}",,,0.4461111111,"{""good"": []}",,,0.0,"{""suspect"": [""1 case(s) of \""qc consistency check failed: expected radiation_sun_1_minute_mean to be above 0 if sunshine_1_minute_mean is above 0\""""]}",,,14.81228053,"{""good"": []}",16262.5,"{""good"": []}",0.0,"{""good"": []}",NSW,"{""good"": []}",93.0,"{""good"": []}",,,15.55646753,"{""good"": []}",,,14.45338556,"{""good"": []}",175.1951613,"{""good"": []}",13.749,"{""good"": []}"
2026-09-30 07:25:00+00:00,Aberdaron Automatic Weather Station,-4.74,52.79,0.0,"{""good"": []}",993.705,"{""good"": []}",,,15.22888601,"{""good"": []}",,,,,1000.0,"{""good"": []}",2100.0,"{""good"": []}",,"{""good"": []}",7.0,"{""good"": []}",3.0,"{""good"": []}",,"{""good"": []}",8.0,"{""good"": []}",,,58.46138444,"{""good"": []}",,,0.4627777778,"{""good"": []}",,,1.0,"{""good"": []}",,,14.80996862,"{""good"": []}",16630.0,"{""good"": []}",0.0,"{""good"": []}",NSW,"{""good"": []}",93.05,"{""good"": []}",,,15.55661996,"{""good"": []}",,,14.45343555,"{""good"": []}",174.8215164,"{""good"": []}",15.17895833,"{""good"": []}"
2026-09-30 07:26:00+00:00,Aberdaron Automatic Weather Station,-4.74,52.79,0.0,"{""good"": []}",993.7,"{""good"": []}",,,15.2076424,"{""good"": []}",,,,,1000.0,"{""good"": []}",2100.0,"{""good"": []}",,"{""good"": []}",6.0,"{""good"": []}",3.0,"{""good"": []}",,"{""good"": []}",8.0,"{""good"": []}",,,60.28071849,"{""good"": []}",,,0.4794444444,"{""good"": []}",,,1.0,"{""good"": []}",,,14.84463223,"{""good"": []}",14627.5,"{""good"": []}",0.0,"{""good"": []}",NSW,"{""good"": []}",93.075,"{""good"": []}",,,15.55651751,"{""good"": []}",,,14.45333557,"{""good"": []}",178.0368597,"{""good"": []}",16.84229167,"{""good"": []}"
2026-09-30 07:27:00+00:00,Aberdaron Automatic Weather Station,-4.74,52.79,0.0,"{""good"": []}",993.75,"{""good"": []}",,,15.20042352,"{""good"": []}",,,,,1000.0,"{""good"": []}",2100.0,"{""good"": []}",,"{""good"": []}",6.0,"{""good"": []}",3.0,"{""good"": []}",,"{""good"": []}",8.0,"{""good"": []}",,,62.16999331,"{""good"": []}",,,0.4961111111,"{""good"": []}",,,1.0,"{""good"": []}",,,14.85853616,"{""good"": []}",16334.0,"{""good"": []}",0.0,"{""good"": []}",NSW,"{""good"": []}",92.925,"{""good"": []}",,,15.55646754,"{""good"": []}",,,14.4531856,"{""good"": []}",177.6647244,"{""good"": []}",17.96129167,"{""good"": []}"
2026-09-30 07:28:00+00:00,Aberdaron Automatic Weather Station,-4.74,52.79,0.0,"{""good"": []}",993.75,"{""good"": []}",,,15.24366668,"{""good"": []}",,,,,1000.0,"{""good"": []}",2100.0,"{""good"": []}",,"{""good"": []}",6.0,"{""good"": []}",3.0,"{""good"": []}",,"{""good"": []}",8.0,"{""good"": []}",,,64.09073396,"{""good"": []}",,,0.5127777778,"{""good"": []}",,,1.0,"{""good"": []}",,,14.87642158,"{""good"": []}",17272.5,"{""good"": []}",0.0,"{""good"": []}",NSW,"{""good"": []}",92.8,"{""good"": []}",,,15.55651751,"{""good"": []}",,,14.45303563,"{""good"": []}",176.8125272,"{""good"": []}",14.56241667,"{""good"": []}"
2026-09-30 07:29:00+00:00,Aberdaron Automatic Weather Station,-4.74,52.79,0.0,"{""good"": []}",993.755,"{""good"": []}",,,15.28726277,"{""good"": []}",,,,,1000.0,"{""good"": []}",2100.0,"{""good"": []}",,"{""good"": []}",6.0,"{""good"": []}",3.0,"{""good"": []}",,"{""good"": []}",8.0,"{""good"": []}",,,66.03826006,"{""good"": []}",,,0.5294444444,"{""good"": []}",,,1.0,"{""good"": []}",,,14.8973812,"{""good"": []}",16237.5,"{""good"": []}",0.0,"{""good"": []}",NSW,"{""good"": []}",92.875,"{""good"": []}",,,15.55641756,"{""good"": []}",,,14.4531856,"{""good"": []}",177.7258635,"{""good"": []}",19.18145833,"{""good"": []}"
2026-09-30 07:30:00+00:00,Aberdaron Automatic Weather Station,-4.74,52.79,0.0,"{""good"": []}",993.795,"{""good"": []}",,,15.27505276,"{""good"": []}",,,,,1000.0,"{""good"": []}",2100.0,"{""good"": []}",,"{""good"": []}",6.0,"{""good"": []}",3.0,"{""good"": []}",,"{""good"": []}",8.0,"{""good"": []}",,,68.00205339,"{""good"": []}",,,0.5461111111,"{""good"": []}",,,1.0,"{""good"": []}",,,14.92468919,"{""good"": []}",16190.5,"{""good"": []}",0.0,"{""good"": []}",NSW,"{""good"": []}",92.8,"{""good"": []}",,,15.5563176,"{""good"": []}",,,14.45288567,"{""good"": []}",177.5877968,"{""good"": []}",16.65245833,"{""good"": []}"
2026-09-30 07:31:00+00:00,Aberdaron Automatic Weather Station,-4.74,52.79,0.0,"{""good"": []}",993.815,"{""good"": []}",,,15.29836642,"{""good"": []}",,,,,1000.0,"{""good"": []}",2100.0,"{""good"": []}",,"{""good"": []}",5.0,"{""good"": []}",3.0,"{""good"": []}",,"{""good"": []}",8.0,"{""good"": []}",,,69.98691948,"{""good"": []}",,,0.5627777778,"{""good"": []}",,,1.0,"{""good"": []}",,,14.92811582,"{""good"": []}",16382.0,"{""good"": []}",0.0,"{""good"": []}",NSW,"{""good"": []}",92.7,"{""good"": []}",,,15.55641756,"{""good"": []}",,,14.45283568,"{""good"": []}",176.6116624,"{""good"": []}",17.14316667,"{""good"": []}"
2026-09-30 07:32:00+00:00,Aberdaron Automatic Weather Station,-4.74,52.79,0.0,"{""good"": []}",993.8,"{""good"": []}",,,15.29564057,"{""good"": []}",,,,,1000.0,"{""good"": []}",,"{""good"": []}",,"{""good"": []}",5.0,"{""good"": []}",,"{""good"": []}",,"{""good"": []}",5.0,"{""good"": []}",,,71.98654068,"{""good"": []}",,,0.5794444444,"{""good"": []}",,,1.0,"{""good"": []}",,,14.95829308,"{""good"": []}",15993.0,"{""good"": []}",0.0,"{""good"": []}",NSW,"{""good"": []}",92.625,"{""good"": []}",,,15.55631761,"{""good"": []}",,,14.4527357,"{""good"": []}",178.5803727,"{""good"": []}",21.82725,"{""good"": []}"
2026-09-30 07:33:00+00:00,Aberdaron Automatic Weather Station,-4.74,52.79,0.0,"{""good"": []}",993.845,"{""good"": []}",,,15.32293913,"{""good"": []}",,,,,1000.0,"{""good"": []}",,"{""good"": []}",,"{""good"": []}",5.0,"{""good"": []}",,"{""good"": []}",,"{""good"": []}",5.0,"{""good"": []}",,,74.02052336,"{""good"": []}",,,0.5961111111,"{""good"": []}",,,1.0,"{""good"": []}",,,14.97426648,"{""good"": []}",17385.0,"{""good"": []}",0.0,"{""good"": []}",NSW,"{""good"": []}",92.425,"{""good"": []}",,,15.55626763,"{""good"": []}",,,14.45252824,"{""good"": []}",176.5786187,"{""good"": []}",18.17345833,"{""good"": []}"
2026-09-30 07:34:00+00:00,Aberdaron Automatic Weather Station,-4.74,52.79,0.0,"{""good"": []}",993.875,"{""good"": []}",,,15.34962944,"{""good"": []}",,,,,1000.0,"{""good"": []}",,"{""good"": []}",,"{""good"": []}",5.0,"{""good"": []}",,"{""good"": []}",,"{""good"": []}",5.0,"{""good"": []}",,,76.0720822,"{""good"": []}",,,0.6127777778,"{""good"": []}",,,1.0,"{""good"": []}",,,14.99860024,"{""good"": []}",16895.5,"{""good"": []}",0.0,"{""good"": []}",NSW,"{""good"": []}",92.35,"{""good"": []}",,,15.55626763,"{""good"": []}",,,14.45263322,"{""good"": []}",178.3981554,"{""good"": []}",21.135625,"{""good"": []}"
2026-09-30 07:35:00+00:00,Aberdaron Automatic Weather Station,-4.74,52.79,0.0,"{""good"": []}",993.845,"{""good"": []}",,,15.34872082,"{""good"": []}",,,,,1000.0,"{""good"": []}",,"{""good"": []}",,"{""good"": []}",4.0,"{""good"": []}",,"{""good"": []}",,"{""good"": []}",4.0,"{""good"": []}",,,78.15825603,"{""good"": []}",,,0.6294444444,"{""good"": []}",,,1.0,"{""good"": []}",,,15.020972,"{""good"": []}",17012.0,"{""good"": []}",0.0,"{""good"": []}",NSW,"{""good"": []}",92.2,"{""good"": []}",,,15.55606772,"{""good"": []}",,,14.45247575,"{""good"": []}",179.9037274,"{""good"": []}",20.61958333,"{""good"": []}"
2026-09-30 07:36:00+00:00,Aberdaron Automatic Weather Station,-4.74,52.79,0.0,"{""good"": []}",993.855,"{""good"": []}",,,15.38388906,"{""good"": []}",,,,,1000.0,"{""good"": []}",,"{""good"": []}",,"{""good"": []}",4.0,"{""good"": []}",,"{""good"": []}",,"{""good"": []}",4.0,"{""good"": []}",,,80.27688377,"{""good"": []}",,,0.6461111111,"{""good"": []}",,,1.0,"{""good"": []}",,,15.04223405,"{""good"": []}",16484.0,"{""good"": []}",0.0,"{""good"": []}",NSW,"{""good"": []}",92.15,"{""good"": []}",,,15.55616767,"{""good"": []}",,,14.45242826,"{""good"": []}",179.5058961,"{""good"": []}",20.49966667,"{""good"": []}"
2026-09-30 07:37:00+00:00,Aberdaron Automatic Weather Station,-4.74,52.79,0.0,"{""good"": []}",993.87,"{""good"": []}",,,15.38853476,"{""good"": []}",,,,,1000.0,"{""good"": []}",,"{""good"": []}",,"{""good"": []}",4.0,"{""good"": []}",,"{""good"": []}",,"{""good"": []}",4.0,"{""good"": []}",,,82.36075212,"{""good"": []}",,,0.6627777778,"{""good"": []}",,,1.0,"{""good"": []}",,,15.0716565,"{""good"": []}",15159.0,"{""good"": []}",0.0,"{""good"": []}",NSW,"{""good"": []}",92.1,"{""good"": []}",,,15.55556545,"{""good"": []}",,,14.4522258,"{""good"": []}",178.3780509,"{""good"": []}",21.01675,"{""good"": []}"
2026-09-30 07:38:00+00:00,Aberdaron Automatic Weather Station,-4.74,52.79,0.0,"{""good"": []}",993.885,"{""good"": []}",,,15.4058886,"{""good"": []}",,,,,1000.0,"{""good"": []}",,"{""good"": []}",,"{""good"": []}",4.0,"{""good"": []}",,"{""good"": []}",,"{""good"": []}",4.0,"{""good"": []}",,,84.42518515,"{""good"": []}",,,0.6794444444,"{""good"": []}",,,1.0,"{""good"": []}",,,15.10239112,"{""good"": []}",15855.0,"{""good"": []}",0.0,"{""good"": []}",NSW,"{""good"": []}",92.05,"{""good"": []}",,,15.55601774,"{""good"": []}",,,14.45202584,"{""good"": []}",178.4041116,"{""good"": []}",21.86729167,"{""good"": []}"
2026-09-30 07:39:00+00:00,Aberdaron Automatic Weather Station,-4.74,52.79,0.0,"{""good"": []}",993.895,"{""good"": []}",,,15.4312723,"{""good"": []}",,,,,1000.0,"{""good"": []}",,"{""good"": []}",,"{""good"": []}",3.0,"{""good"": []}",,"{""good"": []}",,"{""good"": []}",3.0,"{""good"": []}",,,86.45264684,"{""good"": []}",,,0.6961111111,"{""good"": []}",,,1.0,"{""good"": []}",,,15.12133376,"{""good"": []}",15455.5,"{""good"": []}",0.0,"{""good"": []}",NSW,"{""good"": []}",92.0,"{""good"": []}",,,15.55606772,"{""good"": []}",,,14.45197585,"{""good"": []}",178.4834466,"{""good"": []}",20.922875,"{""good"": []}"
2026-09-30 07:40:00+00:00,Aberdaron Automatic Weather Station,-4.74,52.79,0.0,"{""good"": []}",993.87,"{""good"": []}",,,15.44091165,"{""good"": []}",,,,,1000.0,"{""good"": []}",,"{""good"": []}",,"{""good"": []}",3.0,"{""good"": []}",,"{""good"": []}",,"{""good"": []}",3.0,"{""good"": []}",,,88.39391952,"{""good"": []}",,,0.7127777778,"{""good"": []}",,,1.0,"{""good"": []}",,,15.14249584,"{""good"": []}",15111.0,"{""good"": []}",0.0,"{""good"": []}",NSW,"{""good"": []}",92.0,"{""good"": []}",,,15.55591779,"{""good"": []}",,,14.45182588,"{""good"": []}",176.2603755,"{""good"": []}",19.31620833,"{""good"": []}"
2026-09-30 07:41:00+00:00,Aberdaron Automatic Weather Station,-4.74,52.79,0.0,"{""good"": []}",993.885,"{""good"": []}",,,15.43066655,"{""good"": []}",,,,,1000.0,"{""good"": []}",,"{""good"": []}",,"{""good"": []}",3.0,"{""good"": []}",,"{""good"": []}",,"{""good"": []}",3.0,"{""good"": []}",,,90.37480133,"{""good"": []}",,,0.7294444444,"{""good"": []}",,,1.0,"{""good"": []}",,,15.1597789,"{""good"": []}",15353.5,"{""good"": []}",0.0,"{""good"": []}",NSW,"{""good"": []}",91.925,"{""good"": []}",,,15.55591779,"{""good"": []}",,,14.45167591,"{""good"": []}",178.1415262,"{""good"": []}",19.96616667,"{""good"": []}"
2026-09-30 07:42:00+00:00,Aberdaron Automatic Weather Station,-4.74,52.79,0.0,"{""good"": []}",993.865,"{""good"": []}",,,15.46028546,"{""good"": []}",,,,,1000.0,"{""good"": []}",,"{""good"": []}",,"{""good"": []}",2.0,"{""good"": []}",,"{""good"": []}",,"{""good"": []}",2.0,"{""good"": []}",,,92.3591254,"{""good"": []}",,,0.7461111111,"{""good"": []}",,,1.0,"{""good"": []}",,,15.18144084,"{""good"": []}",15502.0,"{""good"": []}",0.0,"{""good"": []}",NSW,"{""good"": []}",91.825,"{""good"": []}",,,15.5556679,"{""good"": []}",,,14.45167591,"{""good"": []}",177.4591332,"{""good"": []}",19.58066667,"{""good"": []}"
2026-09-30 07:43:00+00:00,Aberdaron Automatic Weather Station,-4.74,52.79,0.0,"{""good"": []}",993.89,"{""good"": []}",,,15.47981447,"{""good"": []}",,,,,1000.0,"{""good"": []}",,"{""good"": []}",,"{""good"": []}",2.0,"{""good"": []}",,"{""good"": []}",,"{""good"": []}",2.0,"{""good"": []}",,,94.31937837,"{""good"": []}",,,0.7627777778,"{""good"": []}",,,1.0,"{""good"": []}",,,15.20245046,"{""good"": []}",14346.0,"{""good"": []}",0.0,"{""good"": []}",NSW,"{""good"": []}",91.9,"{""good"": []}",,,15.5556679,"{""good"": []}",,,14.45162592,"{""good"": []}",176.4953899,"{""good"": []}",17.68116667,"{""good"": []}"
2026-09-30 07:44:00+00:00,Aberdaron Automatic Weather Station,-4.74,52.79,0.0,"{""good"": []}",993.9,"{""good"": []}",,,15.50095546,"{""good"": []}",,,,,1000.0,"{""good"": []}",,"{""good"": []}",,"{""good"": []}",2.0,"{""good"": []}",,"{""good"": []}",,"{""good"": []}",2.0,"{""good"": []}",,,96.25354616,"{""good"": []}",,,0.7794444444,"{""good"": []}",,,1.0,"{""good"": []}",,,15.22194795,"{""good"": []}",14616.5,"{""good"": []}",0.0,"{""good"": []}",NSW,"{""good"": []}",92.0,"{""good"": []}",,,15.55581534,"{""good"": []}",,,14.45137598,"{""good"": []}",177.3298232,"{""good"": []}",18.72520833,"{""good"": []}"
2026-09-30 07:45:00+00:00,Aberdaron Automatic Weather Station,-4.74,52.79,0.0,"{""good"": []}",993.925,"{""good"": []}",,,15.47360684,"{""good"": []}",,,,,1000.0,"{""good"": []}",,"{""good"": []}",,"{""good"": []}",2.0,"{""good"": []}",,"{""good"": []}",,"{""good"": []}",2.0,"{""good"": []}",,,98.08787806,"{""good"": []}",,,0.7961111111,"{""good"": []}",,,1.0,"{""good"": []}",,,15.24230523,"{""good"": []}",14828.0,"{""good"": []}",0.0,"{""good"": []}",NSW,"{""good"": []}",91.9,"{""good"": []}",,,15.55566541,"{""good"": []}",,,14.45142597,"{""good"": []}",174.1620507,"{""good"": []}",18.41791667,"{""good"": []}"
2026-09-30 07:46:00+00:00,Aberdaron Automatic Weather Station,-4.74,52.79,0.0,"{""good"": []}",993.905,"{""good"": []}",,,15.52850432,"{""good"": []}",,,,,1000.0,"{""good"": []}",,"{""good"": []}",,"{""good"": []}",2.0,"{""good"": []}",,"{""good"": []}",,"{""good"": []}",2.0,"{""good"": []}",,,99.76873879,"{""good"": []}",,,0.8127777778,"{""good"": []}",,,1.0,"{""good"": []}",,,15.2837721,"{""good"": []}",15057.0,"{""good"": []}",0.0,"{""good"": []}",NSW,"{""good"": []}",91.825,"{""good"": []}",,,15.5556679,"{""good"": []}",,,14.45117102,"{""good"": []}",175.81379,"{""good"": []}",18.74470833,"{""good"": []}"
2026-09-30 07:47:00+00:00,Aberdaron Automatic Weather Station,-4.74,52.79,0.0,"{""good"": []}",993.94,"{""good"": []}",,,15.52628409,"{""good"": []}",,,,,1000.0,"{""good"": []}",,"{""good"": []}",,"{""good"": []}",1.0,"{""good"": []}",,"{""good"": []}",,"{""good"": []}",1.0,"{""good"": []}",,,101.6013579,"{""good"": []}",,,0.8294444444,"{""good"": []}",,,1.0,"{""good"": []}",,,15.32604125,"{""good"": []}",14305.5,"{""good"": []}",0.0,"{""good"": []}",NSW,"{""good"": []}",91.775,"{""good"": []}",,,15.5556679,"{""good"": []}",,,14.45122101,"{""good"": []}",179.1353462,"{""good"": []}",20.66933333,"{""good"": []}"
2026-09-30 07:48:00+00:00,Aberdaron Automatic Weather Station,-4.74,52.79,0.0,"{""good"": []}",993.945,"{""good"": []}",,,15.52068471,"{""good"": []}",,,,,1000.0,"{""good"": []}",,"{""good"": []}",,"{""good"": []}",1.0,"{""good"": []}",,"{""good"": []}",,"{""good"": []}",1.0,"{""good"": []}",,,103.6779777,"{""good"": []}",,,0.8461111111,"{""good"": []}",,,1.0,"{""good"": []}",,,15.36347666,"{""good"": []}",15145.5,"{""good"": []}",0.0,"{""good"": []}",NSW,"{""good"": []}",91.575,"{""good"": []}",,,15.55561793,"{""good"": []}",,,14.45091607,"{""good"": []}",178.5603026,"{""good"": []}",19.764625,"{""good"": []}"
2026-09-30 07:49:00+00:00,Aberdaron Automatic Weather Station,-4.74,52.79,0.0,"{""good"": []}",993.975,"{""good"": []}",,,15.56352237,"{""good"": []}",,,,,1000.0,"{""good"": []}",,"{""good"": []}",,"{""good"": []}",1.0,"{""good"": []}",,"{""good"": []}",,"{""good"": []}",1.0,"{""good"": []}",,,105.8293051,"{""good"": []}",,,0.8627777778,"{""good"": []}",,,1.0,"{""good"": []}",,,15.40605324,"{""good"": []}",15721.5,"{""good"": []}",0.0,"{""good"": []}",NSW,"{""good"": []}",91.5,"{""good"": []}",,,15.55556545,"{""good"": []}",,,14.45091607,"{""good"": []}",176.1095237,"{""good"": []}",20.096875,"{""good"": []}"
2026-09-30 07:50:00+00:00,Aberdaron Automatic Weather Station,-4.74,52.79,0.0,"{""good"": []}",994.02,"{""good"": []}",,,15.59849035,"{""good"": []}",,,,,1000.0,"{""good"": []}",,"{""good"": []}",,"{""good"": []}",1.0,"{""good"": []}",,"{""good"": []}",,"{""good"": []}",1.0,"{""good"": []}",,,108.3841434,"{""good"": []}",,,0.8794444444,"{""good"": []}",,,1.0,"{""good"": []}",,,15.48812719,"{""good"": []}",14552.5,"{""good"": []}",0.0,"{""good"": []}",NSW,"{""good"": []}",91.6,"{""good"": []}",,,15.55556795,"{""good"": []}",,,14.45086608,"{""good"": []}",176.8463297,"{""good"": []}",17.725125,"{""good"": []}"
2026-09-30 07:51:00+00:00,Aberdaron Automatic Weather Station,-4.74,52.79,0.0,"{""good"": []}",993.965,"{""good"": []}",,,15.59768686,"{""good"": []}",,,,,1000.0,"{""good"": []}",,"{""good"": []}",,"{""good"": []}",1.0,"{""good"": []}",,"{""good"": []}",,"{""good"": []}",1.0,"{""good"": []}",,,110.8053951,"{""good"": []}",,,0.8961111111,"{""good"": []}",,,1.0,"{""good"": []}",,,15.57987116,"{""good"": []}",14124.0,"{""good"": []}",0.0,"{""good"": []}",NSW,"{""good"": []}",91.525,"{""good"": []}",,,15.555463,"{""good"": []}",,,14.45061613,"{""good"": []}",179.2488214,"{""good"": []}",21.968375,"{""good"": []}"
2026-09-30 07:52:00+00:00,Aberdaron Automatic Weather Station,-4.74,52.79,0.0,"{""good"": []}",994.015,"{""good"": []}",,,15.62064259,"{""good"": []}",,,,,1000.0,"{""good"": []}",,"{""good"": []}",,"{""good"": []}",1.0,"{""good"": []}",,"{""good"": []}",,"{""good"": []}",1.0,"{""good"": []}",,,112.8455819,"{""good"": []}",,,0.9127777778,"{""good"": []}",,,1.0,"{""good"": []}",,,15.6054171,"{""good"": []}",15192.0,"{""good"": []}",0.0,"{""good"": []}",NSW,"{""good"": []}",91.25,"{""good"": []}",,,15.55536055,"{""good"": []}",,,14.45051615,"{""good"": []}",177.6216327,"{""good"": []}",21.57608333,"{""good"": []}"
2026-09-30 07:53:00+00:00,Aberdaron Automatic Weather Station,-4.74,52.79,0.0,"{""good"": []}",994.005,"{""good"": []}",,,15.63618168,"{""good"": []}",,,,,1100.0,"{""good"": []}",,"{""good"": []}",,"{""good"": []}",1.0,"{""good"": []}",,"{""good"": []}",,"{""good"": []}",1.0,"{""good"": []}",,,115.002038,"{""good"": []}",,,0.9161111111,"{""good"": []}",,,1.0,"{""good"": []}",,,15.58979861,"{""good"": []}",15411.5,"{""good"": []}",0.0,"{""good"": []}",NSW,"{""good"": []}",91.15,"{""good"": []}",,,15.55531057,"{""good"": []}",,,14.45031619,"{""good"": []}",178.1242457,"{""good"": []}",19.84716667,"{""good"": []}"
2026-09-30 07:54:00+00:00,Aberdaron Automatic Weather Station,-4.74,52.79,0.0,"{""good"": []}",994.01,"{""good"": []}",,,15.62992649,"{""good"": []}",,,,,1100.0,"{""good"": []}",,"{""good"": []}",,"{""good"": []}",1.0,"{""good"": []}",,"{""good"": []}",,"{""good"": []}",1.0,"{""good"": []}",,,116.4482028,"{""good"": []}",,,0.9211111111,"{""good"": []}",,,0.0,"{""suspect"": [""1 case(s) of \""qc consistency check failed: expected radiation_sun_1_minute_mean to be above 0 if sunshine_1_minute_mean is above 0\""""]}",,,15.54838423,"{""good"": []}",14911.5,"{""good"": []}",0.0,"{""good"": []}",NSW,"{""good"": []}",91.125,"{""good"": []}",,,15.55515814,"{""good"": []}",,,14.45041617,"{""good"": []}",178.0268777,"{""good"": []}",18.60420833,"{""good"": []}"
2026-09-30 07:55:00+00:00,Aberdaron Automatic Weather Station,-4.74,52.79,0.0,"{""good"": []}",994.055,"{""good"": []}",,,15.60389199,"{""good"": []}",,,,,1100.0,"{""good"": []}",,"{""good"": []}",,"{""good"": []}",1.0,"{""good"": []}",,"{""good"": []}",,"{""good"": []}",1.0,"{""good"": []}",,,117.9859205,"{""good"": []}",,,0.9330555556,"{""good"": []}",,,0.0,"{""suspect"": [""1 case(s) of \""qc consistency check failed: expected radiation_sun_1_minute_mean to be above 0 if sunshine_1_minute_mean is above 0\""""]}",,,15.51739718,"{""good"": []}",14573.0,"{""good"": []}",0.0,"{""good"": []}",NSW,"{""good"": []}",91.1,"{""good"": []}",,,15.55525809,"{""good"": []}",,,14.4502662,"{""good"": []}",174.80389,"{""good"": []}",18.88566667,"{""good"": []}"
2026-09-30 07:56:00+00:00,Aberdaron Automatic Weather Station,-4.74,52.79,0.0,"{""good"": []}",994.055,"{""good"": []}",,,15.59894591,"{""good"": []}",,,,,6300.0,"{""good"": []}",,"{""good"": []}",,"{""good"": []}",1.0,"{""good"": []}",,"{""good"": []}",,"{""good"": []}",1.0,"{""good"": []}",,,118.4199187,"{""good"": []}",,,0.9177777778,"{""good"": []}",,,0.0,"{""good"": []}",,,15.41638059,"{""good"": []}",14537.0,"{""good"": []}",0.0,"{""good"": []}",NSW,"{""good"": []}",91.05,"{""good"": []}",,,15.55526059,"{""good"": []}",,,14.45006374,"{""good"": []}",173.8228409,"{""good"": []}",18.66483333,"{""good"": []}"
2026-09-30 07:57:00+00:00,Aberdaron Automatic Weather Station,-4.74,52.79,0.0,"{""good"": []}",994.07,"{""good"": []}",,,15.54661658,"{""good"": []}",,,,,6300.0,"{""good"": []}",,"{""good"": []}",,"{""good"": []}",1.0,"{""good"": []}",,"{""good"": []}",,"{""good"": []}",1.0,"{""good"": []}",,,118.6878292,"{""good"": []}",,,0.9033333333,"{""good"": []}",,,0.0,"{""good"": []}",,,15.25464957,"{""good"": []}",14239.0,"{""good"": []}",0.0,"{""good"": []}",NSW,"{""good"": []}",90.925,"{""good"": []}",,,15.55505819,"{""good"": []}",,,14.44991127,"{""good"": []}",173.8307766,"{""good"": []}",17.06720833,"{""good"": []}"
2026-09-30 07:58:00+00:00,Aberdaron Automatic Weather Station,-4.74,52.79,0.0,"{""good"": []}",994.07,"{""good"": []}",,,15.48692571,"{""good"": []}",,,,,6300.0,"{""good"": []}",,"{""good"": []}",,"{""good"": []}",1.0,"{""good"": []}",,"{""good"": []}",,"{""good"": []}",1.0,"{""good"": []}",,,118.8363524,"{""good"": []}",,,0.9005555556,"{""good"": []}",,,0.0,"{""good"": []}",,,15.10536536,"{""good"": []}",14723.0,"{""good"": []}",0.0,"{""good"": []}",NSW,"{""good"": []}",90.8,"{""good"": []}",,,15.55510816,"{""good"": []}",,,14.44985879,"{""good"": []}",171.8497695,"{""good"": []}",17.712125,"{""good"": []}"
2026-09-30 07:59:00+00:00,Aberdaron Automatic Weather Station,-4.74,52.79,0.0,"{""good"": []}",994.07,"{""good"": []}",,,15.43646868,"{""good"": []}",,,,,6300.0,"{""good"": []}",,"{""good"": []}",,"{""good"": []}",1.0,"{""good"": []}",,"{""good"": []}",,"{""good"": []}",1.0,"{""good"": []}",,,119.0473765,"{""good"": []}",,,0.8977777778,"{""good"": []}",,,0.0,"{""good"": []}",,,14.99300917,"{""good"": []}",14496.5,"{""good"": []}",0.0,"{""good"": []}",NSW,"{""good"": []}",90.85,"{""good"": []}",,,15.55515814,"{""good"": []}",,,14.44970632,"{""good"": []}",174.4710349,"{""good"": []}",17.828375,"{""good"": []}"
2026-09-30 08:00:00+00:00,Aberdaron Automatic Weather Station,-4.74,52.79,0.0,"{""good"": []}",994.09,"{""good"": []}",,,15.41567813,"{""good"": []}",,,,,6300.0,"{""good"": []}",,"{""good"": []}",,"{""good"": []}",1.0,"{""good"": []}",,"{""good"": []}",,"{""good"": []}",1.0,"{""good"": []}",,,119.3650364,"{""good"": []}",,,0.8908333333,"{""good"": []}",,,0.0,"{""good"": []}",,,14.95401168,"{""good"": []}",14485.5,"{""good"": []}",0.0,"{""good"": []}",NSW,"{""good"": []}",90.975,"{""good"": []}",,,15.55490826,"{""good"": []}",,,14.44970632,"{""good"": []}",174.6088503,"{""good"": []}",16.77783333,"{""good"": []}"
2026-09-30 08:01:00+00:00,Aberdaron Automatic Weather Station,-4.74,52.79,0.0,"{""good"": []}",994.11,"{""good"": []}",,,15.40215651,"{""good"": []}",,,,,6300.0,"{""good"": []}",,"{""good"": []}",,"{""good"": []}",1.0,"{""good"": []}",,"{""good"": []}",,"{""good"": []}",1.0,"{""good"": []}",,,119.5001027,"{""good"": []}",,,0.8741666667,"{""good"": []}",,,0.0,"{""good"": []}",,,14.94927789,"{""good"": []}",13826.0,"{""good"": []}",0.0,"{""good"": []}",NSW,"{""good"": []}",91.2,"{""good"": []}",,,15.55505819,"{""good"": []}",,,14.44940638,"{""good"": []}",174.9254602,"{""good"": []}",17.51841667,"{""good"": []}"
2026-09-30 08:02:00+00:00,Aberdaron Automatic Weather Station,-4.74,52.79,0.0,"{""good"": []}",994.135,"{""good"": []}",,,15.39130817,"{""good"": []}",,,,,6300.0,"{""good"": []}",,"{""good"": []}",,"{""good"": []}",1.0,"{""good"": []}",,"{""good"": []}",,"{""good"": []}",1.0,"{""good"": []}",,,119.6531613,"{""good"": []}",,,0.8575,"{""good"": []}",,,0.0,"{""good"": []}",,,14.96806807,"{""good"": []}",12956.5,"{""good"": []}",0.0,"{""good"": []}",NSW,"{""good"": []}",91.35,"{""good"": []}",,,15.55515814,"{""good"": []}",,,14.44940638,"{""good"": []}",174.1289178,"{""good"": []}",16.30820833,"{""good"": []}"
2026-09-30 08:03:00+00:00,Aberdaron Automatic Weather Station,-4.74,52.79,0.0,"{""good"": []}",994.155,"{""good"": []}",,,15.38146858,"{""good"": []}",,,,,5900.0,"{""good"": []}",,"{""good"": []}",,"{""good"": []}",1.0,"{""good"": []}",,"{""good"": []}",,"{""good"": []}",1.0,"{""good"": []}",,,120.1671087,"{""good"": []}",,,0.8555555556,"{""good"": []}",,,0.0,"{""good"": []}",,,15.00414132,"{""good"": []}",13039.0,"{""good"": []}",0.0,"{""good"": []}",NSW,"{""good"": []}",91.475,"{""good"": []}",,,15.55490826,"{""good"": []}",,,14.44925641,"{""good"": []}",174.9945777,"{""good"": []}",19.20858333,"{""good"": []}"
2026-09-30 08:04:00+00:00,Aberdaron Automatic Weather Station,-4.74,52.79,0.0,"{""good"": []}",994.175,"{""good"": []}",,,15.39958334,"{""good"": []}",,,,,5700.0,"{""good"": []}",,"{""good"": []}",,"{""good"": []}",1.0,"{""good"": []}",,"{""good"": []}",,"{""good"": []}",1.0,"{""good"": []}",,,120.5803627,"{""good"": []}",,,0.8427777778,"{""good"": []}",,,0.0,"{""good"": []}",,,15.07513561,"{""good"": []}",13317.0,"{""good"": []}",0.0,"{""good"": []}",NSW,"{""good"": []}",91.575,"{""good"": []}",,,15.55485828,"{""good"": []}",,,14.44905645,"{""good"": []}",173.4506832,"{""good"": []}",19.01095833,"{""good"": []}"
2026-09-30 08:05:00+00:00,Aberdaron Automatic Weather Station,-4.74,52.79,0.0,"{""good"": []}",994.205,"{""good"": []}",,,15.41910985,"{""good"": []}",,,,,5500.0,"{""good"": []}",,"{""good"": []}",,"{""good"": []}",2.0,"{""good"": []}",,"{""good"": []}",,"{""good"": []}",2.0,"{""good"": []}",,,120.8706807,"{""good"": []}",,,0.8261111111,"{""good"": []}",,,0.0,"{""good"": []}",,,15.12833946,"{""good"": []}",13444.5,"{""good"": []}",0.0,"{""good"": []}",NSW,"{""good"": []}",91.675,"{""good"": []}",,,15.55485828,"{""good"": []}",,,14.44895397,"{""good"": []}",174.7517793,"{""good"": []}",15.55258333,"{""good"": []}"
2026-09-30 08:06:00+00:00,Aberdaron Automatic Weather Station,-4.74,52.79,0.0,"{""good"": []}",994.195,"{""good"": []}",,,15.42718477,"{""good"": []}",,,,,5500.0,"{""good"": []}",,"{""good"": []}",,"{""good"": []}",2.0,"{""good"": []}",,"{""good"": []}",,"{""good"": []}",2.0,"{""good"": []}",,,121.0670529,"{""good"": []}",,,0.8094444444,"{""good"": []}",,,0.0,"{""good"": []}",,,15.16824423,"{""good"": []}",13853.0,"{""good"": []}",0.0,"{""good"": []}",NSW,"{""good"": []}",91.8,"{""good"": []}",,,15.55495823,"{""good"": []}",,,14.44900396,"{""good"": []}",173.882258,"{""good"": []}",14.92720833,"{""good"": []}"
2026-09-30 08:07:00+00:00,Aberdaron Automatic Weather Station,-4.74,52.79,0.0,"{""good"": []}",994.205,"{""good"": []}",,,15.42218863,"{""good"": []}",,,,,5400.0,"{""good"": []}",,"{""good"": []}",,"{""good"": []}",2.0,"{""good"": []}",,"{""good"": []}",,"{""good"": []}",2.0,"{""good"": []}",,,121.9206826,"{""good"": []}",,,0.8013888889,"{""good"": []}",,,0.0,"{""suspect"": [""1 case(s) of \""qc consistency check failed: expected radiation_sun_1_minute_mean to be above 0 if sunshine_1_minute_mean is above 0\""""]}",,,15.23283266,"{""good"": []}",13699.0,"{""good"": []}",0.0,"{""good"": []}",NSW,"{""good"": []}",91.9,"{""good"": []}",,,15.55475833,"{""good"": []}",,,14.44865153,"{""good"": []}",175.330825,"{""good"": []}",19.287,"{""good"": []}"
2026-09-30 08:08:00+00:00,Aberdaron Automatic Weather Station,-4.74,52.79,0.0,"{""good"": []}",994.23,"{""good"": []}",,,15.51255972,"{""good"": []}",,,,,5300.0,"{""good"": []}",,"{""good"": []}",,"{""good"": []}",2.0,"{""good"": []}",,"{""good"": []}",,"{""good"": []}",2.0,"{""good"": []}",,,124.7778378,"{""good"": []}",,,0.8013888889,"{""good"": []}",,,1.0,"{""good"": []}",,,15.53432784,"{""good"": []}",13553.5,"{""good"": []}",0.0,"{""good"": []}",NSW,"{""good"": []}",92.025,"{""good"": []}",,,15.5548083,"{""good"": []}",,,14.44854656,"{""good"": []}",174.7965757,"{""good"": []}",18.57691667,"{""good"": []}"
2026-09-30 08:09:00+00:00,Aberdaron Automatic Weather Station,-4.74,52.79,0.0,"{""good"": []}",994.235,"{""good"": []}",,,15.66655903,"{""good"": []}",,,,,5300.0,"{""good"": []}",,"{""good"": []}",,"{""good"": []}",3.0,"{""good"": []}",,"{""good"": []}",,"{""good"": []}",3.0,"{""good"": []}",,,127.5688322,"{""good"": []}",,,0.8013888889,"{""good"": []}",,,1.0,"{""good"": []}",,,15.95110095,"{""good"": []}",13785.0,"{""good"": []}",0.0,"{""good"": []}",NSW,"{""good"": []}",92.375,"{""good"": []}",,,15.55485828,"{""good"": []}",,,14.4483466,"{""good"": []}",174.6761861,"{""good"": []}",17.61604167,"{""good"": []}"
2026-09-30 08:10:00+00:00,Aberdaron Automatic Weather Station,-4.74,52.79,0.0,"{""good"": []}",994.23,"{""good"": []}",,,15.78755777,"{""good"": []}",,,,,4900.0,"{""good"": []}",,"{""good"": []}",,"{""good"": []}",2.0,"{""good"": []}",,"{""good"": []}",,"{""good"": []}",2.0,"{""good"": []}",,,130.7634888,"{""good"": []}",,,0.8013888889,"{""good"": []}",,,1.0,"{""good"": []}",,,16.27894186,"{""good"": []}",14167.0,"{""good"": []}",0.0,"{""good"": []}",NSW,"{""good"": []}",92.5,"{""good"": []}",,,15.55470835,"{""good"": []}",,,14.44829661,"{""good"": []}",176.0413178,"{""good"": []}",16.84979167,"{""good"": []}"
2026-09-30 08:11:00+00:00,Aberdaron Automatic Weather Station,-4.74,52.79,0.0,"{""good"": []}",994.25,"{""good"": []}",,,15.84376686,"{""good"": []}",,,,,4900.0,"{""good"": []}",6200.0,"{""good"": []}",,"{""good"": []}",3.0,"{""good"": []}",1.0,"{""good"": []}",,"{""good"": []}",4.0,"{""good"": []}",,,132.8430328,"{""good"": []}",,,0.8013888889,"{""good"": []}",,,0.0,"{""suspect"": [""1 case(s) of \""qc consistency check failed: expected radiation_sun_1_minute_mean to be above 0 if sunshine_1_minute_mean is above 0\""""]}",,,16.53453631,"{""good"": []}",13769.0,"{""good"": []}",0.0,"{""good"": []}",NSW,"{""good"": []}",92.5,"{""good"": []}",,,15.55455592,"{""good"": []}",,,14.44824662,"{""good"": []}",174.7819483,"{""good"": []}",18.89479167,"{""good"": []}"
2026-09-30 08:12:00+00:00,Aberdaron Automatic Weather Station,-4.74,52.79,0.0,"{""good"": []}",994.22,"{""good"": []}",,,15.84664039,"{""good"": []}",,,,,4900.0,"{""good"": []}",6200.0,"{""good"": []}",,"{""good"": []}",3.0,"{""good"": []}",1.0,"{""good"": []}",,"{""good"": []}",4.0,"{""good"": []}",,,133.8486674,"{""good"": []}",,,0.7875,"{""good"": []}",,,0.0,"{""good"": []}",,,16.46253727,"{""good"": []}",14286.0,"{""good"": []}",0.0,"{""good"": []}",NSW,"{""good"": []}",92.125,"{""good"": []}",,,15.55455592,"{""good"": []}",,,14.44814664,"{""good"": []}",176.0157409,"{""good"": []}",17.16625,"{""good"": []}"
2026-09-30 08:13:00+00:00,Aberdaron Automatic Weather Station,-4.74,52.79,0.0,"{""good"": []}",994.205,"{""good"": []}",,,15.79517463,"{""good"": []}",,,,,4900.0,"{""good"": []}",6200.0,"{""good"": []}",,"{""good"": []}",3.0,"{""good"": []}",2.0,"{""good"": []}",,"{""good"": []}",5.0,"{""good"": []}",,,134.5887451,"{""good"": []}",,,0.7708333333,"{""good"": []}",,,0.0,"{""good"": []}",,,16.32076363,"{""good"": []}",12800.0,"{""good"": []}",0.0,"{""good"": []}",NSW,"{""good"": []}",91.9,"{""good"": []}",,,15.55455842,"{""good"": []}",,,14.44794668,"{""good"": []}",174.9023602,"{""good"": []}",17.748375,"{""good"": []}"
2026-09-30 08:14:00+00:00,Aberdaron Automatic Weather Station,-4.74,52.79,0.0,"{""good"": []}",994.225,"{""good"": []}",,,15.74396418,"{""good"": []}",,,,,4200.0,"{""good"": []}",5300.0,"{""good"": []}",,"{""good"": []}",1.0,"{""good"": []}",5.0,"{""good"": []}",,"{""good"": []}",6.0,"{""good"": []}",,,135.1005355,"{""good"": []}",,,0.7541666667,"{""good"": []}",,,0.0,"{""good"": []}",,,16.20029453,"{""good"": []}",13275.0,"{""good"": []}",0.0,"{""good"": []}",NSW,"{""good"": []}",91.55,"{""good"": []}",,,15.55465837,"{""good"": []}",,,14.44799667,"{""good"": []}",176.3631371,"{""good"": []}",16.94,"{""good"": []}"
2026-09-30 08:15:00+00:00,Aberdaron Automatic Weather Station,-4.74,52.79,0.0,"{""good"": []}",994.22,"{""good"": []}",,,15.71272828,"{""good"": []}",,,,,4200.0,"{""good"": []}",5300.0,"{""good"": []}",,"{""good"": []}",1.0,"{""good"": []}",5.0,"{""good"": []}",,"{""good"": []}",6.0,"{""good"": []}",,,135.5072237,"{""good"": []}",,,0.7375,"{""good"": []}",,,0.0,"{""good"": []}",,,16.12567617,"{""good"": []}",13158.5,"{""good"": []}",0.0,"{""good"": []}",NSW,"{""good"": []}",91.4,"{""good"": []}",,,15.55435101,"{""good"": []}",,,14.44774672,"{""good"": []}",176.8434711,"{""good"": []}",18.32970833,"{""good"": []}"
2026-09-30 08:16:00+00:00,Aberdaron Automatic Weather Station,-4.74,52.79,0.0,"{""good"": []}",994.21,"{""good"": []}",,,15.69148216,"{""good"": []}",,,,,4200.0,"{""good"": []}",4900.0,"{""good"": []}",,"{""good"": []}",1.0,"{""good"": []}",6.0,"{""good"": []}",,"{""good"": []}",7.0,"{""good"": []}",,,136.0767299,"{""good"": []}",,,0.7233333333,"{""good"": []}",,,0.0,"{""good"": []}",,,16.08053525,"{""good"": []}",13501.5,"{""good"": []}",0.0,"{""good"": []}",NSW,"{""good"": []}",91.225,"{""good"": []}",,,15.55430104,"{""good"": []}",,,14.44744178,"{""good"": []}",176.651025,"{""good"": []}",19.20416667,"{""good"": []}"
2026-09-30 08:17:00+00:00,Aberdaron Automatic Weather Station,-4.74,52.79,0.0,"{""good"": []}",994.17,"{""good"": []}",,,15.66559784,"{""good"": []}",,,,,4200.0,"{""good"": []}",4900.0,"{""good"": []}",,"{""good"": []}",1.0,"{""good"": []}",6.0,"{""good"": []}",,"{""good"": []}",7.0,"{""good"": []}",,,136.7657198,"{""good"": []}",,,0.7075,"{""good"": []}",,,0.0,"{""good"": []}",,,16.05181261,"{""good"": []}",13639.5,"{""good"": []}",0.0,"{""good"": []}",NSW,"{""good"": []}",90.975,"{""good"": []}",,,15.55445347,"{""good"": []}",,,14.44734181,"{""good"": []}",176.6906612,"{""good"": []}",20.64025,"{""good"": []}"
2026-09-30 08:18:00+00:00,Aberdaron Automatic Weather Station,-4.74,52.79,0.0,"{""good"": []}",994.225,"{""good"": []}",,,15.69294896,"{""good"": []}",,,,,4200.0,"{""good"": []}",4900.0,"{""good"": []}",,"{""good"": []}",1.0,"{""good"": []}",6.0,"{""good"": []}",,"{""good"": []}",7.0,"{""good"": []}",,,137.7946787,"{""good"": []}",,,0.6977777778,"{""good"": []}",,,0.0,"{""good"": []}",,,16.06017797,"{""good"": []}",14952.0,"{""good"": []}",0.0,"{""good"": []}",NSW,"{""good"": []}",90.75,"{""good"": []}",,,15.55425106,"{""good"": []}",,,14.44724182,"{""good"": []}",177.3296901,"{""good"": []}",20.036,"{""good"": []}"
2026-09-30 08:19:00+00:00,Aberdaron Automatic Weather Station,-4.74,52.79,0.0,"{""good"": []}",994.225,"{""good"": []}",,,15.75102536,"{""good"": []}",,,,,4200.0,"{""good"": []}",4900.0,"{""good"": []}",,"{""good"": []}",1.0,"{""good"": []}",6.0,"{""good"": []}",,"{""good"": []}",7.0,"{""good"": []}",,,139.7340879,"{""good"": []}",,,0.6977777778,"{""good"": []}",,,0.0,"{""suspect"": [""1 case(s) of \""qc consistency check failed: expected radiation_sun_1_minute_mean to be above 0 if sunshine_1_minute_mean is above 0\""""]}",,,16.20573563,"{""good"": []}",15213.5,"{""good"": []}",0.0,"{""good"": []}",NSW,"{""good"": []}",90.7,"{""good"": []}",,,15.55409863,"{""good"": []}",,,14.44723932,"{""good"": []}",174.4583158,"{""good"": []}",17.93591667,"{""good"": []}"
2026-09-30 08:20:00+00:00,Aberdaron Automatic Weather Station,-4.74,52.79,0.0,"{""good"": []}",994.22,"{""good"": []}",,,15.8682895,"{""good"": []}",,,,,4200.0,"{""good"": []}",4900.0,"{""good"": []}",,"{""good"": []}",1.0,"{""good"": []}",6.0,"{""good"": []}",,"{""good"": []}",7.0,"{""good"": []}",,,142.0301241,"{""good"": []}",,,0.6977777778,"{""good"": []}",,,1.0,"{""good"": []}",,,16.46158252,"{""good"": []}",14256.5,"{""good"": []}",0.0,"{""good"": []}",NSW,"{""good"": []}",90.975,"{""good"": []}",,,15.55440349,"{""good"": []}",,,14.44703687,"{""good"": []}",175.0679646,"{""good"": []}",15.805,"{""good"": []}"
2026-09-30 08:21:00+00:00,Aberdaron Automatic Weather Station,-4.74,52.79,0.0,"{""good"": []}",994.195,"{""good"": []}",,,15.9215725,"{""good"": []}",,,,,4200.0,"{""good"": []}",4900.0,"{""good"": []}",,"{""good"": []}",1.0,"{""good"": []}",6.0,"{""good"": []}",,"{""good"": []}",7.0,"{""good"": []}",,,145.1485891,"{""good"": []}",,,0.6977777778,"{""good"": []}",,,1.0,"{""good"": []}",,,16.73183821,"{""good"": []}",13023.5,"{""good"": []}",0.0,"{""good"": []}",NSW,"{""good"": []}",91.125,"{""good"": []}",,,15.5546034,"{""good"": []}",,,14.44693689,"{""good"": []}",176.0100971,"{""good"": []}",18.63545833,"{""good"": []}"
2026-09-30 08:22:00+00:00,Aberdaron Automatic Weather Station,-4.74,52.79,0.0,"{""good"": []}",994.2,"{""good"": []}",,,15.94362711,"{""good"": []}",,,,,4200.0,"{""good"": []}",4900.0,"{""good"": []}",,"{""good"": []}",1.0,"{""good"": []}",6.0,"{""good"": []}",,"{""good"": []}",7.0,"{""good"": []}",,,147.6460353,"{""good"": []}",,,0.6977777778,"{""good"": []}",,,1.0,"{""good"": []}",,,16.90686832,"{""good"": []}",13416.0,"{""good"": []}",0.0,"{""good"": []}",NSW,"{""good"": []}",90.825,"{""good"": []}",,,15.55404865,"{""good"": []}",,,14.44663695,"{""good"": []}",180.1544111,"{""good"": []}",19.92379167,"{""good"": []}"
2026-09-30 08:23:00+00:00,Aberdaron Automatic Weather Station,-4.74,52.79,0.0,"{""good"": []}",994.18,"{""good"": []}",,,15.97753379,"{""good"": []}",,,,,4200.0,"{""good"": []}",,"{""good"": []}",,"{""good"": []}",8.0,"{""good"": []}",,"{""good"": []}",,"{""good"": []}",8.0,"{""good"": []}",,,151.5372708,"{""good"": []}",,,0.6977777778,"{""good"": []}",,,1.0,"{""good"": []}",,,17.00158902,"{""good"": []}",14644.0,"{""good"": []}",0.0,"{""good"": []}",NSW,"{""good"": []}",90.45,"{""good"": []}",,,15.55405115,"{""good"": []}",,,14.44658696,"{""good"": []}",178.143804,"{""good"": []}",22.384875,"{""good"": []}"
2026-09-30 08:24:00+00:00,Aberdaron Automatic Weather Station,-4.74,52.79,0.0,"{""good"": []}",994.195,"{""good"": []}",,,16.03414588,"{""good"": []}",,,,,4200.0,"{""good"": []}",,"{""good"": []}",,"{""good"": []}",8.0,"{""good"": []}",,"{""good"": []}",,"{""good"": []}",8.0,"{""good"": []}",,,155.6790415,"{""good"": []}",,,0.7033333333,"{""good"": []}",,,1.0,"{""good"": []}",,,17.17707401,"{""good"": []}",15193.5,"{""good"": []}",0.0,"{""good"": []}",NSW,"{""good"": []}",90.05,"{""good"": []}",,,15.5541511,"{""good"": []}",,,14.44648698,"{""good"": []}",177.4533615,"{""good"": []}",21.592375,"{""good"": []}"
2026-09-30 08:25:00+00:00,Aberdaron Automatic Weather Station,-4.74,52.79,0.0,"{""good"": []}",994.19,"{""good"": []}",,,16.10256499,"{""good"": []}",,,,,4200.0,"{""good"": []}",,"{""good"": []}",,"{""good"": []}",8.0,"{""good"": []}",,"{""good"": []}",,"{""good"": []}",8.0,"{""good"": []}",,,159.1880903,"{""good"": []}",,,0.7033333333,"{""good"": []}",,,1.0,"{""good"": []}",,,17.22378203,"{""good"": []}",16447.5,"{""good"": []}",0.0,"{""good"": []}",NSW,"{""good"": []}",89.875,"{""good"": []}",,,15.55400118,"{""good"": []}",,,14.44613205,"{""good"": []}",177.5395708,"{""good"": []}",21.74225,"{""good"": []}"
2026-09-30 08:26:00+00:00,Aberdaron Automatic Weather Station,-4.74,52.79,0.0,"{""good"": []}",994.195,"{""good"": []}",,,16.09752129,"{""good"": []}",,,,,4200.0,"{""good"": []}",,"{""good"": []}",,"{""good"": []}",8.0,"{""good"": []}",,"{""good"": []}",,"{""good"": []}",8.0,"{""good"": []}",,,161.5193422,"{""good"": []}",,,0.7033333333,"{""good"": []}",,,1.0,"{""good"": []}",,,17.17420225,"{""good"": []}",14925.0,"{""good"": []}",0.0,"{""good"": []}",NSW,"{""good"": []}",89.65,"{""good"": []}",,,15.55415111,"{""good"": []}",,,14.44592709,"{""good"": []}",177.9976204,"{""good"": []}",21.074,"{""good"": []}"
2026-09-30 08:27:00+00:00,Aberdaron Automatic Weather Station,-4.74,52.79,0.0,"{""good"": []}",994.23,"{""good"": []}",,,16.0589739,"{""good"": []}",,,,,3400.0,"{""good"": []}",4200.0,"{""good"": []}",,"{""good"": []}",1.0,"{""good"": []}",8.0,"{""good"": []}",,"{""good"": []}",8.0,"{""good"": []}",,,164.8454485,"{""good"": []}",,,0.7033333333,"{""good"": []}",,,1.0,"{""good"": []}",,,16.99342861,"{""good"": []}",14775.5,"{""good"": []}",0.0,"{""good"": []}",NSW,"{""good"": []}",89.375,"{""good"": []}",,,15.55400118,"{""good"": []}",,,14.4458771,"{""good"": []}",177.4775557,"{""good"": []}",20.91295833,"{""good"": []}"
2026-09-30 08:28:00+00:00,Aberdaron Automatic Weather Station,-4.74,52.79,0.0,"{""good"": []}",994.24,"{""good"": []}",,,16.11356601,"{""good"": []}",,,,,3300.0,"{""good"": []}",4200.0,"{""good"": []}",,"{""good"": []}",1.0,"{""good"": []}",8.0,"{""good"": []}",,"{""good"": []}",8.0,"{""good"": []}",,,167.7693211,"{""good"": []}",,,0.7033333333,"{""good"": []}",,,1.0,"{""good"": []}",,,17.16291765,"{""good"": []}",14308.0,"{""good"": []}",0.0,"{""good"": []}",NSW,"{""good"": []}",89.525,"{""good"": []}",,,15.5539487,"{""good"": []}",,,14.4458771,"{""good"": []}",177.480575,"{""good"": []}",22.81975,"{""good"": []}"
2026-09-30 08:29:00+00:00,Aberdaron Automatic Weather Station,-4.74,52.79,0.0,"{""good"": []}",994.26,"{""good"": []}",,,16.09404201,"{""good"": []}",,,,,3300.0,"{""good"": []}",4200.0,"{""good"": []}",,"{""good"": []}",1.0,"{""good"": []}",8.0,"{""good"": []}",,"{""good"": []}",8.0,"{""good"": []}",,,170.0568656,"{""good"": []}",,,0.7033333333,"{""good"": []}",,,1.0,"{""good"": []}",,,17.09812426,"{""good"": []}",14932.0,"{""good"": []}",0.0,"{""good"": []}",NSW,"{""good"": []}",89.275,"{""good"": []}",,,15.55379877,"{""good"": []}",,,14.44567714,"{""good"": []}",178.3680607,"{""good"": []}",21.247125,"{""good"": []}"
2026-09-30 08:30:00+00:00,Aberdaron Automatic Weather Station,-4.74,52.79,0.0,"{""good"": []}",994.265,"{""good"": []}",,,16.07855047,"{""good"": []}",,,,,3300.0,"{""good"": []}",4200.0,"{""good"": []}",,"{""good"": []}",1.0,"{""good"": []}",8.0,"{""good"": []}",,"{""good"": []}",8.0,"{""good"": []}",,,172.0213046,"{""good"": []}",,,0.7033333333,"{""good"": []}",,,0.0,"{""suspect"": [""1 case(s) of \""qc consistency check failed: expected radiation_sun_1_minute_mean to be above 0 if sunshine_1_minute_mean is above 0\""""]}",,,17.00184146,"{""good"": []}",14512.5,"{""good"": []}",0.0,"{""good"": []}",NSW,"{""good"": []}",89.275,"{""good"": []}",,,15.55405115,"{""good"": []}",,,14.44572713,"{""good"": []}",177.6710747,"{""good"": []}",21.811625,"{""good"": []}"
2026-09-30 08:31:00+00:00,Aberdaron Automatic Weather Station,-4.74,52.79,0.0,"{""good"": []}",994.29,"{""good"": []}",,,16.0658849,"{""good"": []}",,,,,3300.0,"{""good"": []}",4100.0,"{""good"": []}",,"{""good"": []}",1.0,"{""good"": []}",8.0,"{""good"": []}",,"{""good"": []}",8.0,"{""good"": []}",,,175.8212304,"{""good"": []}",,,0.7033333333,"{""good"": []}",,,1.0,"{""good"": []}",,,17.07907665,"{""good"": []}",14293.0,"{""good"": []}",0.0,"{""good"": []}",NSW,"{""good"": []}",89.175,"{""good"": []}",,,15.55405115,"{""good"": []}",,,14.44562715,"{""good"": []}",177.7585911,"{""good"": []}",19.43233333,"{""good"": []}"
2026-09-30 08:32:00+00:00,Aberdaron Automatic Weather Station,-4.74,52.79,0.0,"{""good"": []}",994.275,"{""good"": []}",,,16.16624827,"{""good"": []}",,,,,3300.0,"{""good"": []}",4100.0,"{""good"": []}",,"{""good"": []}",1.0,"{""good"": []}",8.0,"{""good"": []}",,"{""good"": []}",8.0,"{""good"": []}",,,179.7176306,"{""good"": []}",,,0.7033333333,"{""good"": []}",,,1.0,"{""good"": []}",,,17.40490808,"{""good"": []}",13231.5,"{""good"": []}",0.0,"{""good"": []}",NSW,"{""good"": []}",89.5,"{""good"": []}",,,15.55415111,"{""good"": []}",,,14.44547718,"{""good"": []}",175.5310852,"{""good"": []}",16.68316667,"{""good"": []}"
2026-09-30 08:33:00+00:00,Aberdaron Automatic Weather Station,-4.74,52.79,0.0,"{""good"": []}",994.28,"{""good"": []}",,,16.27972777,"{""good"": []}",,,,,3100.0,"{""good"": []}",,"{""good"": []}",,"{""good"": []}",8.0,"{""good"": []}",,"{""good"": []}",,"{""good"": []}",8.0,"{""good"": []}",,,181.2431955,"{""good"": []}",,,0.6988888889,"{""good"": []}",,,0.0,"{""suspect"": [""1 case(s) of \""qc consistency check failed: expected radiation_sun_1_minute_mean to be above 0 if sunshine_1_minute_mean is above 0\""""]}",,,17.49106598,"{""good"": []}",12829.5,"{""good"": []}",0.0,"{""good"": []}",NSW,"{""good"": []}",90.075,"{""good"": []}",,,15.55379876,"{""good"": []}",,,14.44522724,"{""good"": []}",175.892015,"{""good"": []}",16.11795833,"{""good"": []}"
2026-09-30 08:34:00+00:00,Aberdaron Automatic Weather Station,-4.74,52.79,0.0,"{""good"": []}",994.315,"{""good"": []}",,,16.14626621,"{""good"": []}",,,,,2700.0,"{""good"": []}",3300.0,"{""good"": []}",,"{""good"": []}",1.0,"{""good"": []}",8.0,"{""good"": []}",,"{""good"": []}",8.0,"{""good"": []}",,,182.9628847,"{""good"": []}",,,0.6916666667,"{""good"": []}",,,0.0,"{""suspect"": [""1 case(s) of \""qc consistency check failed: expected radiation_sun_1_minute_mean to be above 0 if sunshine_1_minute_mean is above 0\""""]}",,,17.22841585,"{""good"": []}",12123.5,"{""good"": []}",0.0,"{""good"": []}",NSW,"{""good"": []}",89.725,"{""good"": []}",,,15.55354889,"{""good"": []}",,,14.4449223,"{""good"": []}",176.290326,"{""good"": []}",19.80658333,"{""good"": []}"
2026-09-30 08:35:00+00:00,Aberdaron Automatic Weather Station,-4.74,52.79,0.0,"{""good"": []}",994.31,"{""good"": []}",,,16.11089523,"{""good"": []}",,,,,2700.0,"{""good"": []}",3400.0,"{""good"": []}",,"{""good"": []}",1.0,"{""good"": []}",8.0,"{""good"": []}",,"{""good"": []}",8.0,"{""good"": []}",,,187.1035965,"{""good"": []}",,,0.6916666667,"{""good"": []}",,,1.0,"{""good"": []}",,,17.33281157,"{""good"": []}",13571.0,"{""good"": []}",0.0,"{""good"": []}",NSW,"{""good"": []}",89.025,"{""good"": []}",,,15.55360136,"{""good"": []}",,,14.44476733,"{""good"": []}",174.007359,"{""good"": []}",18.44883333,"{""good"": []}"
2026-09-30 08:36:00+00:00,Aberdaron Automatic Weather Station,-4.74,52.79,0.0,"{""good"": []}",994.285,"{""good"": []}",,,16.31333157,"{""good"": []}",,,,,2500.0,"{""good"": []}",3400.0,"{""good"": []}",,"{""good"": []}",1.0,"{""good"": []}",8.0,"{""good"": []}",,"{""good"": []}",8.0,"{""good"": []}",,,191.2418949,"{""good"": []}",,,0.6916666667,"{""good"": []}",,,1.0,"{""good"": []}",,,17.67294933,"{""good"": []}",13924.5,"{""good"": []}",0.0,"{""good"": []}",NSW,"{""good"": []}",89.575,"{""good"": []}",,,15.55354889,"{""good"": []}",,,14.44471984,"{""good"": []}",172.3028998,"{""good"": []}",17.98745833,"{""good"": []}"
2026-09-30 08:37:00+00:00,Aberdaron Automatic Weather Station,-4.74,52.79,0.0,"{""good"": []}",994.28,"{""good"": []}",,,16.31560186,"{""good"": []}",,,,,2500.0,"{""good"": []}",,"{""good"": []}",,"{""good"": []}",8.0,"{""good"": []}",,"{""good"": []}",,"{""good"": []}",8.0,"{""good"": []}",,,194.987519,"{""good"": []}",,,0.6916666667,"{""good"": []}",,,1.0,"{""good"": []}",,,17.84777949,"{""good"": []}",13505.0,"{""good"": []}",0.0,"{""good"": []}",NSW,"{""good"": []}",89.525,"{""good"": []}",,,15.5534989,"{""good"": []}",,,14.44451738,"{""good"": []}",173.6545006,"{""good"": []}",16.67758333,"{""good"": []}"
2026-09-30 08:38:00+00:00,Aberdaron Automatic Weather Station,-4.74,52.79,0.0,"{""good"": []}",994.27,"{""good"": []}",,,16.29173253,"{""good"": []}",,,,,2500.0,"{""good"": []}",,"{""good"": []}",,"{""good"": []}",8.0,"{""good"": []}",,"{""good"": []}",,"{""good"": []}",8.0,"{""good"": []}",,,197.125375,"{""good"": []}",,,0.6897222222,"{""good"": []}",,,1.0,"{""good"": []}",,,17.8317561,"{""good"": []}",13566.0,"{""good"": []}",0.0,"{""good"": []}",NSW,"{""good"": []}",89.0,"{""good"": []}",,,15.55359886,"{""good"": []}",,,14.44426743,"{""good"": []}",170.541164,"{""good"": []}",18.40883333,"{""good"": []}"
2026-09-30 08:39:00+00:00,Aberdaron Automatic Weather Station,-4.74,52.79,0.0,"{""good"": []}",994.265,"{""good"": []}",,,16.26938255,"{""good"": []}",,,,,2500.0,"{""good"": []}",,"{""good"": []}",,"{""good"": []}",8.0,"{""good"": []}",,"{""good"": []}",,"{""good"": []}",8.0,"{""good"": []}",,,200.1112661,"{""good"": []}",,,0.6897222222,"{""good"": []}",,,1.0,"{""good"": []}",,,17.55409481,"{""good"": []}",13849.0,"{""good"": []}",0.0,"{""good"": []}",NSW,"{""good"": []}",88.7,"{""good"": []}",,,15.55334648,"{""good"": []}",,,14.44431742,"{""good"": []}",171.6459459,"{""good"": []}",18.80770833,"{""good"": []}"
2026-09-30 08:40:00+00:00,Aberdaron Automatic Weather Station,-4.74,52.79,0.0,"{""good"": []}",994.3,"{""good"": []}",,,16.26151037,"{""good"": []}",,,,,2400.0,"{""good"": []}",,"{""good"": []}",,"{""good"": []}",8.0,"{""good"": []}",,"{""good"": []}",,"{""good"": []}",8.0,"{""good"": []}",,,203.5947454,"{""good"": []}",,,0.6897222222,"{""good"": []}",,,1.0,"{""good"": []}",,,17.56527945,"{""good"": []}",14690.5,"{""good"": []}",0.0,"{""good"": []}",NSW,"{""good"": []}",88.6,"{""good"": []}",,,15.55279424,"{""good"": []}",,,14.44391751,"{""good"": []}",172.1949753,"{""good"": []}",19.38516667,"{""good"": []}"
2026-09-30 08:41:00+00:00,Aberdaron Automatic Weather Station,-4.74,52.79,0.0,"{""good"": []}",994.31,"{""good"": []}",,,16.25045929,"{""good"": []}",,,,,2400.0,"{""good"": []}",,"{""good"": []}",,"{""good"": []}",8.0,"{""good"": []}",,"{""good"": []}",,"{""good"": []}",8.0,"{""good"": []}",,,206.3877782,"{""good"": []}",,,0.6897222222,"{""good"": []}",,,1.0,"{""good"": []}",,,17.51741673,"{""good"": []}",14604.0,"{""good"": []}",0.0,"{""good"": []}",NSW,"{""good"": []}",88.375,"{""good"": []}",,,15.55324902,"{""good"": []}",,,14.443965,"{""good"": []}",173.169069,"{""good"": []}",18.908125,"{""good"": []}"
2026-09-30 08:42:00+00:00,Aberdaron Automatic Weather Station,-4.74,52.79,0.0,"{""good"": []}",994.325,"{""good"": []}",,,16.19697604,"{""good"": []}",,,,,2400.0,"{""good"": []}",,"{""good"": []}",,"{""good"": []}",8.0,"{""good"": []}",,"{""good"": []}",,"{""good"": []}",8.0,"{""good"": []}",,,208.8982745,"{""good"": []}",,,0.6897222222,"{""good"": []}",,,1.0,"{""good"": []}",,,17.41478305,"{""good"": []}",14697.5,"{""good"": []}",0.0,"{""good"": []}",NSW,"{""good"": []}",88.275,"{""good"": []}",,,15.55334898,"{""good"": []}",,,14.44360757,"{""good"": []}",171.7745007,"{""good"": []}",21.228875,"{""good"": []}"
2026-09-30 08:43:00+00:00,Aberdaron Automatic Weather Station,-4.74,52.79,0.0,"{""good"": []}",994.365,"{""good"": []}",,,16.17976989,"{""good"": []}",,,,,2400.0,"{""good"": []}",,"{""good"": []}",,"{""good"": []}",8.0,"{""good"": []}",,"{""good"": []}",,"{""good"": []}",8.0,"{""good"": []}",,,211.2171245,"{""good"": []}",,,0.6897222222,"{""good"": []}",,,1.0,"{""good"": []}",,,17.23607388,"{""good"": []}",14492.0,"{""good"": []}",0.0,"{""good"": []}",NSW,"{""good"": []}",88.15,"{""good"": []}",,,15.55334898,"{""good"": []}",,,14.44350759,"{""good"": []}",169.5221398,"{""good"": []}",19.38129167,"{""good"": []}"
2026-09-30 08:44:00+00:00,Aberdaron Automatic Weather Station,-4.74,52.79,0.0,"{""good"": []}",994.32,"{""good"": []}",,,16.12845681,"{""good"": []}",,,,,2400.0,"{""good"": []}",,"{""good"": []}",,"{""good"": []}",8.0,"{""good"": []}",,"{""good"": []}",,"{""good"": []}",8.0,"{""good"": []}",,,213.6354161,"{""good"": []}",,,0.6897222222,"{""good"": []}",,,1.0,"{""good"": []}",,,17.1268419,"{""good"": []}",13330.0,"{""good"": []}",0.0,"{""good"": []}",NSW,"{""good"": []}",88.2,"{""good"": []}",,,15.55314657,"{""good"": []}",,,14.4434576,"{""good"": []}",169.516846,"{""good"": []}",20.97245833,"{""good"": []}"
2026-09-30 08:45:00+00:00,Aberdaron Automatic Weather Station,-4.74,52.79,0.0,"{""good"": []}",994.355,"{""good"": []}",,,16.13940027,"{""good"": []}",,,,,2400.0,"{""good"": []}",,"{""good"": []}",,"{""good"": []}",8.0,"{""good"": []}",,"{""good"": []}",,"{""good"": []}",8.0,"{""good"": []}",,,216.0662013,"{""good"": []}",,,0.6897222222,"{""good"": []}",,,1.0,"{""good"": []}",,,17.06381306,"{""good"": []}",14107.0,"{""good"": []}",0.0,"{""good"": []}",NSW,"{""good"": []}",88.25,"{""good"": []}",,,15.55314408,"{""good"": []}",,,14.44300769,"{""good"": []}",169.0977359,"{""good"": []}",22.03908333,"{""good"": []}"
2026-09-30 08:46:00+00:00,Aberdaron Automatic Weather Station,-4.74,52.79,0.0,"{""good"": []}",994.36,"{""good"": []}",,,16.08697332,"{""good"": []}",,,,,2400.0,"{""good"": []}",,"{""good"": []}",,"{""good"": []}",8.0,"{""good"": []}",,"{""good"": []}",,"{""good"": []}",8.0,"{""good"": []}",,,218.4613603,"{""good"": []}",,,0.6897222222,"{""good"": []}",,,1.0,"{""good"": []}",,,17.01700506,"{""good"": []}",14203.5,"{""good"": []}",0.0,"{""good"": []}",NSW,"{""good"": []}",88.0,"{""good"": []}",,,15.55324653,"{""good"": []}",,,14.44285772,"{""good"": []}",168.200975,"{""good"": []}",20.34745833,"{""good"": []}"
2026-09-30 08:47:00+00:00,Aberdaron Automatic Weather Station,-4.74,52.79,0.0,"{""good"": []}",994.395,"{""good"": []}",,,16.06669339,"{""good"": []}",,,,,2400.0,"{""good"": []}",,"{""good"": []}",,"{""good"": []}",8.0,"{""good"": []}",,"{""good"": []}",,"{""good"": []}",8.0,"{""good"": []}",,,220.7632206,"{""good"": []}",,,0.6897222222,"{""good"": []}",,,1.0,"{""good"": []}",,,16.9907593,"{""good"": []}",14313.0,"{""good"": []}",0.0,"{""good"": []}",NSW,"{""good"": []}",87.875,"{""good"": []}",,,15.55304412,"{""good"": []}",,,14.44305768,"{""good"": []}",169.0552585,"{""good"": []}",21.914125,"{""good"": []}"
2026-09-30 08:48:00+00:00,Aberdaron Automatic Weather Station,-4.74,52.79,0.0,"{""good"": []}",994.375,"{""good"": []}",,,16.11745329,"{""good"": []}",,,,,2400.0,"{""good"": []}",,"{""good"": []}",,"{""good"": []}",8.0,"{""good"": []}",,"{""good"": []}",,"{""good"": []}",8.0,"{""good"": []}",,,222.9999232,"{""good"": []}",,,0.6897222222,"{""good"": []}",,,1.0,"{""good"": []}",,,16.99100673,"{""good"": []}",14426.5,"{""good"": []}",0.0,"{""good"": []}",NSW,"{""good"": []}",87.825,"{""good"": []}",,,15.55314907,"{""good"": []}",,,14.44285772,"{""good"": []}",167.7122152,"{""good"": []}",20.39595833,"{""good"": []}"
2026-09-30 08:49:00+00:00,Aberdaron Automatic Weather Station,-4.74,52.79,0.0,"{""good"": []}",994.4,"{""good"": []}",,,16.09732104,"{""good"": []}",,,,,2400.0,"{""good"": []}",,"{""good"": []}",,"{""good"": []}",8.0,"{""good"": []}",,"{""good"": []}",,"{""good"": []}",8.0,"{""good"": []}",,,225.2574055,"{""good"": []}",,,0.6897222222,"{""good"": []}",,,1.0,"{""good"": []}",,,17.00532056,"{""good"": []}",15048.0,"{""good"": []}",0.0,"{""good"": []}",NSW,"{""good"": []}",87.8,"{""good"": []}",,,15.55299165,"{""good"": []}",,,14.44265776,"{""good"": []}",167.0466479,"{""good"": []}",21.98779167,"{""good"": []}"
2026-09-30 08:50:00+00:00,Aberdaron Automatic Weather Station,-4.74,52.79,0.0,"{""good"": []}",994.375,"{""good"": []}",,,16.10796663,"{""good"": []}",,,,,2400.0,"{""good"": []}",,"{""good"": []}",,"{""good"": []}",8.0,"{""good"": []}",,"{""good"": []}",,"{""good"": []}",8.0,"{""good"": []}",,,227.1501041,"{""good"": []}",,,0.6897222222,"{""good"": []}",,,1.0,"{""good"": []}",,,17.01393585,"{""good"": []}",14847.0,"{""good"": []}",0.0,"{""good"": []}",NSW,"{""good"": []}",87.75,"{""good"": []}",,,15.55304412,"{""good"": []}",,,14.44245781,"{""good"": []}",168.7835215,"{""good"": []}",21.88470833,"{""good"": []}"
2026-09-30 08:51:00+00:00,Aberdaron Automatic Weather Station,-4.74,52.79,0.0,"{""good"": []}",994.38,"{""good"": []}",,,16.11058985,"{""good"": []}",,,,,2400.0,"{""good"": []}",,"{""good"": []}",,"{""good"": []}",8.0,"{""good"": []}",,"{""good"": []}",,"{""good"": []}",8.0,"{""good"": []}",,,229.0861972,"{""good"": []}",,,0.6897222222,"{""good"": []}",,,1.0,"{""good"": []}",,,17.01776487,"{""good"": []}",14348.5,"{""good"": []}",0.0,"{""good"": []}",NSW,"{""good"": []}",87.8,"{""good"": []}",,,15.55278924,"{""good"": []}",,,14.44230284,"{""good"": []}",169.6782122,"{""good"": []}",21.81616667,"{""good"": []}"
2026-09-30 08:52:00+00:00,Aberdaron Automatic Weather Station,-4.74,52.79,0.0,"{""good"": []}",994.35,"{""good"": []}",,,16.09772404,"{""good"": []}",,,,,2400.0,"{""good"": []}",,"{""good"": []}",,"{""good"": []}",8.0,"{""good"": []}",,"{""good"": []}",,"{""good"": []}",8.0,"{""good"": []}",,,231.337578,"{""good"": []}",,,0.6897222222,"{""good"": []}",,,1.0,"{""good"": []}",,,17.02224622,"{""good"": []}",15162.5,"{""good"": []}",0.0,"{""good"": []}",NSW,"{""good"": []}",87.75,"{""good"": []}",,,15.5526393,"{""good"": []}",,,14.44204789,"{""good"": []}",168.5078283,"{""good"": []}",21.85445833,"{""good"": []}"
2026-09-30 08:53:00+00:00,Aberdaron Automatic Weather Station,-4.74,52.79,0.0,"{""good"": []}",994.34,"{""good"": []}",,,16.08965161,"{""good"": []}",,,,,2400.0,"{""good"": []}",,"{""good"": []}",,"{""good"": []}",8.0,"{""good"": []}",,"{""good"": []}",,"{""good"": []}",8.0,"{""good"": []}",,,233.5464527,"{""good"": []}",,,0.6897222222,"{""good"": []}",,,1.0,"{""good"": []}",,,17.0398792,"{""good"": []}",15043.0,"{""good"": []}",0.0,"{""good"": []}",NSW,"{""good"": []}",87.9,"{""good"": []}",,,15.55273926,"{""good"": []}",,,14.44174795,"{""good"": []}",167.1866901,"{""good"": []}",22.693875,"{""good"": []}"
2026-09-30 08:54:00+00:00,Aberdaron Automatic Weather Station,-4.74,52.79,0.0,"{""good"": []}",994.415,"{""good"": []}",,,16.08364673,"{""good"": []}",,,,,2400.0,"{""good"": []}",,"{""good"": []}",,"{""good"": []}",7.0,"{""good"": []}",,"{""good"": []}",,"{""good"": []}",7.0,"{""good"": []}",,,236.5233552,"{""good"": []}",,,0.6897222222,"{""good"": []}",,,1.0,"{""good"": []}",,,17.03388573,"{""good"": []}",15541.0,"{""good"": []}",0.0,"{""good"": []}",NSW,"{""good"": []}",87.9,"{""good"": []}",,,15.55294167,"{""good"": []}",,,14.44174795,"{""good"": []}",166.2128069,"{""good"": []}",21.02879167,"{""good"": []}"
2026-09-30 08:55:00+00:00,Aberdaron Automatic Weather Station,-4.74,52.79,0.0,"{""good"": []}",994.385,"{""good"": []}",,,16.12376104,"{""good"": []}",,,,,2400.0,"{""good"": []}",,"{""good"": []}",,"{""good"": []}",7.0,"{""good"": []}",,"{""good"": []}",,"{""good"": []}",7.0,"{""good"": []}",,,239.3048396,"{""good"": []}",,,0.69,"{""good"": []}",,,1.0,"{""good"": []}",,,17.05695982,"{""good"": []}",14498.5,"{""good"": []}",0.0,"{""good"": []}",NSW,"{""good"": []}",88.225,"{""good"": []}",,,15.55258933,"{""good"": []}",,,14.44159798,"{""good"": []}",167.1810344,"{""good"": []}",19.79929167,"{""good"": []}"
2026-09-30 08:56:00+00:00,Aberdaron Automatic Weather Station,-4.74,52.79,0.0,"{""good"": []}",994.355,"{""good"": []}",,,16.11962346,"{""good"": []}",,,,,2400.0,"{""good"": []}",,"{""good"": []}",,"{""good"": []}",6.0,"{""good"": []}",,"{""good"": []}",,"{""good"": []}",6.0,"{""good"": []}",,,243.2314459,"{""good"": []}",,,0.7052777778,"{""good"": []}",,,1.0,"{""good"": []}",,,17.12709683,"{""good"": []}",13822.5,"{""good"": []}",0.0,"{""good"": []}",NSW,"{""good"": []}",88.45,"{""good"": []}",,,15.55253935,"{""good"": []}",,,14.44139802,"{""good"": []}",164.0626551,"{""good"": []}",20.22404167,"{""good"": []}"
2026-09-30 08:57:00+00:00,Aberdaron Automatic Weather Station,-4.74,52.79,0.0,"{""good"": []}",994.39,"{""good"": []}",,,16.07623262,"{""good"": []}",,,,,2400.0,"{""good"": []}",,"{""good"": []}",,"{""good"": []}",6.0,"{""good"": []}",,"{""good"": []}",,"{""good"": []}",6.0,"{""good"": []}",,,247.3946567,"{""good"": []}",,,0.7213888889,"{""good"": []}",,,1.0,"{""good"": []}",,,17.13858139,"{""good"": []}",12883.0,"{""good"": []}",0.0,"{""good"": []}",NSW,"{""good"": []}",88.2,"{""good"": []}",,,15.55253935,"{""good"": []}",,,14.44124805,"{""good"": []}",166.0589806,"{""good"": []}",22.54525,"{""good"": []}"
2026-09-30 08:58:00+00:00,Aberdaron Automatic Weather Station,-4.74,52.79,0.0,"{""good"": []}",994.365,"{""good"": []}",,,16.08551153,"{""good"": []}",,,,,2400.0,"{""good"": []}",,"{""good"": []}",,"{""good"": []}",5.0,"{""good"": []}",,"{""good"": []}",,"{""good"": []}",5.0,"{""good"": []}",,,251.8465683,"{""good"": []}",,,0.7380555556,"{""good"": []}",,,1.0,"{""good"": []}",,,17.13485234,"{""good"": []}",13739.0,"{""good"": []}",0.0,"{""good"": []}",NSW,"{""good"": []}",88.15,"{""good"": []}",,,15.5526393,"{""good"": []}",,,14.4409956,"{""good"": []}",164.902888,"{""good"": []}",23.06825,"{""good"": []}"
2026-09-30 08:59:00+00:00,Aberdaron Automatic Weather Station,-4.74,52.79,0.0,"{""good"": []}",994.42,"{""good"": []}",,,16.07285096,"{""good"": []}",,,,,2400.0,"{""good"": []}",,"{""good"": []}",,"{""good"": []}",5.0,"{""good"": []}",,"{""good"": []}",,"{""good"": []}",5.0,"{""good"": []}",,,256.3336037,"{""good"": []}",,,0.7547222222,"{""good"": []}",,,1.0,"{""good"": []}",,,17.13717174,"{""good"": []}",14155.5,"{""good"": []}",0.0,"{""good"": []}",NSW,"{""good"": []}",88.1,"{""good"": []}",,,15.5524394,"{""good"": []}",,,14.44084064,"{""good"": []}",162.8463315,"{""good"": []}",19.84566667,"{""good"": []}"
2026-09-30 09:00:00+00:00,Aberdaron Automatic Weather Station,-4.74,52.79,0.0,"{""good"": []}",994.385,"{""good"": []}",,,16.07143672,"{""good"": []}",,,,,2400.0,"{""good"": []}",,"{""good"": []}",,"{""good"": []}",4.0,"{""good"": []}",,"{""good"": []}",,"{""good"": []}",4.0,"{""good"": []}",,,260.8344508,"{""good"": []}",,,0.7713888889,"{""good"": []}",,,1.0,"{""good"": []}",,,17.14921366,"{""good"": []}",13172.0,"{""good"": []}",0.0,"{""good"": []}",NSW,"{""good"": []}",87.925,"{""good"": []}",,,15.55238942,"{""good"": []}",,,14.44084313,"{""good"": []}",163.5420963,"{""good"": []}",22.86054167,"{""good"": []}"
2026-09-30 09:01:00+00:00,Aberdaron Automatic Weather Station,-4.74,52.79,0.0,"{""good"": []}",994.43,"{""good"": []}",,,16.11538575,"{""good"": []}",,,,,2400.0,"{""good"": []}",,"{""good"": []}",,"{""good"": []}",4.0,"{""good"": []}",,"{""good"": []}",,"{""good"": []}",4.0,"{""good"": []}",,,265.3506817,"{""good"": []}",,,0.7880555556,"{""good"": []}",,,1.0,"{""good"": []}",,,17.16523455,"{""good"": []}",13958.5,"{""good"": []}",0.0,"{""good"": []}",NSW,"{""good"": []}",87.925,"{""good"": []}",,,15.55233944,"{""good"": []}",,,14.44048821,"{""good"": []}",162.976167,"{""good"": []}",19.35833333,"{""good"": []}"
2026-09-30 09:02:00+00:00,Aberdaron Automatic Weather Station,-4.74,52.79,0.0,"{""good"": []}",994.455,"{""good"": []}",,,16.1539832,"{""good"": []}",,,,,2400.0,"{""good"": []}",,"{""good"": []}",,"{""good"": []}",4.0,"{""good"": []}",,"{""good"": []}",,"{""good"": []}",4.0,"{""good"": []}",,,269.8292553,"{""good"": []}",,,0.8047222222,"{""good"": []}",,,1.0,"{""good"": []}",,,17.21955062,"{""good"": []}",12511.5,"{""good"": []}",0.0,"{""good"": []}",NSW,"{""good"": []}",88.075,"{""good"": []}",,,15.55223949,"{""good"": []}",,,14.44038823,"{""good"": []}",160.5574062,"{""good"": []}",19.074375,"{""good"": []}"
2026-09-30 09:03:00+00:00,Aberdaron Automatic Weather Station,-4.74,52.79,0.0,"{""good"": []}",994.475,"{""good"": []}",,,16.16771257,"{""good"": []}",,,,,2400.0,"{""good"": []}",,"{""good"": []}",,"{""good"": []}",3.0,"{""good"": []}",,"{""good"": []}",,"{""good"": []}",3.0,"{""good"": []}",,,274.2409751,"{""good"": []}",,,0.8213888889,"{""good"": []}",,,1.0,"{""good"": []}",,,17.26892295,"{""good"": []}",12084.0,"{""good"": []}",0.0,"{""good"": []}",NSW,"{""good"": []}",88.25,"{""good"": []}",,,15.55228946,"{""good"": []}",,,14.44028825,"{""good"": []}",161.7862874,"{""good"": []}",18.52158333,"{""good"": []}"
2026-09-30 09:04:00+00:00,Aberdaron Automatic Weather Station,-4.74,52.79,0.0,"{""good"": []}",994.465,"{""good"": []}",,,16.17280634,"{""good"": []}",,,,,2400.0,"{""good"": []}",,"{""good"": []}",,"{""good"": []}",3.0,"{""good"": []}",,"{""good"": []}",,"{""good"": []}",3.0,"{""good"": []}",,,278.5507799,"{""good"": []}",,,0.8380555556,"{""good"": []}",,,1.0,"{""good"": []}",,,17.32963489,"{""good"": []}",11938.5,"{""good"": []}",0.0,"{""good"": []}",NSW,"{""good"": []}",88.475,"{""good"": []}",,,15.55213953,"{""good"": []}",,,14.44018827,"{""good"": []}",162.3566461,"{""good"": []}",19.01254167,"{""good"": []}"
2026-09-30 09:05:00+00:00,Aberdaron Automatic Weather Station,-4.74,52.79,0.0,"{""good"": []}",994.495,"{""good"": []}",,,16.1543887,"{""good"": []}",,,,,2400.0,"{""good"": []}",,"{""good"": []}",,"{""good"": []}",3.0,"{""good"": []}",,"{""good"": []}",,"{""good"": []}",3.0,"{""good"": []}",,,282.8078335,"{""good"": []}",,,0.8547222222,"{""good"": []}",,,1.0,"{""good"": []}",,,17.34414367,"{""good"": []}",12643.5,"{""good"": []}",0.0,"{""good"": []}",NSW,"{""good"": []}",88.425,"{""good"": []}",,,15.55223949,"{""good"": []}",,,14.43988333,"{""good"": []}",162.839586,"{""good"": []}",18.597875,"{""good"": []}"
2026-09-30 09:06:00+00:00,Aberdaron Automatic Weather Station,-4.74,52.79,0.0,"{""good"": []}",994.49,"{""good"": []}",,,16.12830162,"{""good"": []}",,,,,2400.0,"{""good"": []}",,"{""good"": []}",,"{""good"": []}",3.0,"{""good"": []}",,"{""good"": []}",,"{""good"": []}",3.0,"{""good"": []}",,,287.0226147,"{""good"": []}",,,0.8713888889,"{""good"": []}",,,1.0,"{""good"": []}",,,17.36646544,"{""good"": []}",12573.0,"{""good"": []}",0.0,"{""good"": []}",NSW,"{""good"": []}",88.5,"{""good"": []}",,,15.55213954,"{""good"": []}",,,14.43988333,"{""good"": []}",163.383701,"{""good"": []}",21.19870833,"{""good"": []}"
2026-09-30 09:07:00+00:00,Aberdaron Automatic Weather Station,-4.74,52.79,0.0,"{""good"": []}",994.515,"{""good"": []}",,,16.14793075,"{""good"": []}",,,,,2400.0,"{""good"": []}",,"{""good"": []}",,"{""good"": []}",1.0,"{""good"": []}",,"{""good"": []}",,"{""good"": []}",1.0,"{""good"": []}",,,290.537412,"{""good"": []}",,,0.8794444444,"{""good"": []}",,,1.0,"{""good"": []}",,,17.37488078,"{""good"": []}",13492.5,"{""good"": []}",0.0,"{""good"": []}",NSW,"{""good"": []}",88.475,"{""good"": []}",,,15.55223949,"{""good"": []}",,,14.43967837,"{""good"": []}",162.986617,"{""good"": []}",20.34945833,"{""good"": []}"
2026-09-30 09:08:00+00:00,Aberdaron Automatic Weather Station,-4.74,52.79,0.0,"{""good"": []}",994.5,"{""good"": []}",,,16.17552968,"{""good"": []}",,,,,2400.0,"{""good"": []}",,"{""good"": []}",,"{""good"": []}",1.0,"{""good"": []}",,"{""good"": []}",,"{""good"": []}",1.0,"{""good"": []}",,,292.1481734,"{""good"": []}",,,0.8794444444,"{""good"": []}",,,1.0,"{""good"": []}",,,17.41599274,"{""good"": []}",13319.0,"{""good"": []}",0.0,"{""good"": []}",NSW,"{""good"": []}",88.625,"{""good"": []}",,,15.55238942,"{""good"": []}",,,14.43953091,"{""good"": []}",165.4285945,"{""good"": []}",21.345625,"{""good"": []}"
2026-09-30 09:09:00+00:00,Aberdaron Automatic Weather Station,-4.74,52.79,0.0,"{""good"": []}",994.52,"{""good"": []}",,,16.1485365,"{""good"": []}",,,,,2400.0,"{""good"": []}",,"{""good"": []}",,"{""good"": []}",1.0,"{""good"": []}",,"{""good"": []}",,"{""good"": []}",1.0,"{""good"": []}",,,293.7175803,"{""good"": []}",,,0.8794444444,"{""good"": []}",,,1.0,"{""good"": []}",,,17.45624991,"{""good"": []}",12314.5,"{""good"": []}",0.0,"{""good"": []}",NSW,"{""good"": []}",88.425,"{""good"": []}",,,15.55238942,"{""good"": []}",,,14.43942843,"{""good"": []}",166.56124,"{""good"": []}",21.88216667,"{""good"": []}"
2026-09-30 09:10:00+00:00,Aberdaron Automatic Weather Station,-4.74,52.79,0.0,"{""good"": []}",994.49,"{""good"": []}",,,16.21140628,"{""good"": []}",,,,,2400.0,"{""good"": []}",,"{""good"": []}",,"{""good"": []}",1.0,"{""good"": []}",,"{""good"": []}",,"{""good"": []}",1.0,"{""good"": []}",,,294.896007,"{""good"": []}",,,0.8794444444,"{""good"": []}",,,1.0,"{""good"": []}",,,17.47010636,"{""good"": []}",14322.0,"{""good"": []}",0.0,"{""good"": []}",NSW,"{""good"": []}",88.425,"{""good"": []}",,,15.55218951,"{""good"": []}",,,14.43922847,"{""good"": []}",164.931173,"{""good"": []}",19.99783333,"{""good"": []}"
2026-09-30 09:11:00+00:00,Aberdaron Automatic Weather Station,-4.74,52.79,0.0,"{""good"": []}",994.495,"{""good"": []}",,,16.20747144,"{""good"": []}",,,,,3100.0,"{""good"": []}",,"{""good"": []}",,"{""good"": []}",1.0,"{""good"": []}",,"{""good"": []}",,"{""good"": []}",1.0,"{""good"": []}",,,297.2101417,"{""good"": []}",,,0.8794444444,"{""good"": []}",,,1.0,"{""good"": []}",,,17.49459008,"{""good"": []}",14051.5,"{""good"": []}",0.0,"{""good"": []}",NSW,"{""good"": []}",88.375,"{""good"": []}",,,15.5519896,"{""good"": []}",,,14.43892853,"{""good"": []}",164.5845803,"{""good"": []}",21.911125,"{""good"": []}"
2026-09-30 09:12:00+00:00,Aberdaron Automatic Weather Station,-4.74,52.79,0.0,"{""good"": []}",994.515,"{""good"": []}",,,16.19631773,"{""good"": []}",,,,,3200.0,"{""good"": []}",,"{""good"": []}",,"{""good"": []}",1.0,"{""good"": []}",,"{""good"": []}",,"{""good"": []}",1.0,"{""good"": []}",,,300.612209,"{""good"": []}",,,0.8933333333,"{""good"": []}",,,1.0,"{""good"": []}",,,17.51549721,"{""good"": []}",14555.0,"{""good"": []}",0.0,"{""good"": []}",NSW,"{""good"": []}",88.075,"{""good"": []}",,,15.55218951,"{""good"": []}",,,14.43882855,"{""good"": []}",165.7689612,"{""good"": []}",22.36933333,"{""good"": []}"
2026-09-30 09:13:00+00:00,Aberdaron Automatic Weather Station,-4.74,52.79,0.0,"{""good"": []}",994.52,"{""good"": []}",,,16.26670926,"{""good"": []}",,,,,3200.0,"{""good"": []}",,"{""good"": []}",,"{""good"": []}",1.0,"{""good"": []}",,"{""good"": []}",,"{""good"": []}",1.0,"{""good"": []}",,,304.4331831,"{""good"": []}",,,0.91,"{""good"": []}",,,1.0,"{""good"": []}",,,17.52713923,"{""good"": []}",14320.0,"{""good"": []}",0.0,"{""good"": []}",NSW,"{""good"": []}",88.2,"{""good"": []}",,,15.55173472,"{""good"": []}",,,14.43872857,"{""good"": []}",164.2701206,"{""good"": []}",19.908375,"{""good"": []}"
2026-09-30 09:14:00+00:00,Aberdaron Automatic Weather Station,-4.74,52.79,0.0,"{""good"": []}",994.525,"{""good"": []}",,,16.23684005,"{""good"": []}",,,,,3200.0,"{""good"": []}",,"{""good"": []}",,"{""good"": []}",1.0,"{""good"": []}",,"{""good"": []}",,"{""good"": []}",1.0,"{""good"": []}",,,308.421914,"{""good"": []}",,,0.9266666667,"{""good"": []}",,,1.0,"{""good"": []}",,,17.57021818,"{""good"": []}",13151.0,"{""good"": []}",0.0,"{""good"": []}",NSW,"{""good"": []}",87.725,"{""good"": []}",,,15.55183218,"{""good"": []}",,,14.43847362,"{""good"": []}",165.7273944,"{""good"": []}",22.22266667,"{""good"": []}"
2026-09-30 09:15:00+00:00,Aberdaron Automatic Weather Station,-4.74,52.79,0.0,"{""good"": []}",994.53,"{""good"": []}",,,16.25500237,"{""good"": []}",,,,,0.0,"{""good"": []}",,"{""good"": []}",,"{""good"": []}",0.0,"{""good"": []}",,"{""good"": []}",,"{""good"": []}",0.0,"{""good"": []}",,,312.4709278,"{""good"": []}",,,0.9433333333,"{""good"": []}",,,1.0,"{""good"": []}",,,17.59984059,"{""good"": []}",14820.0,"{""good"": []}",0.0,"{""good"": []}",NSW,"{""good"": []}",87.475,"{""good"": []}",,,15.55193463,"{""good"": []}",,,14.43852361,"{""good"": []}",168.039537,"{""good"": []}",21.58045833,"{""good"": []}"
2026-09-30 09:16:00+00:00,Aberdaron Automatic Weather Station,-4.74,52.79,0.0,"{""good"": []}",994.535,"{""good"": []}",,,16.27796059,"{""good"": []}",,,,,0.0,"{""good"": []}",,"{""good"": []}",,"{""good"": []}",0.0,"{""good"": []}",,"{""good"": []}",,"{""good"": []}",0.0,"{""good"": []}",,,316.5019638,"{""good"": []}",,,0.96,"{""good"": []}",,,1.0,"{""good"": []}",,,17.65828559,"{""good"": []}",15147.0,"{""good"": []}",0.0,"{""good"": []}",NSW,"{""good"": []}",87.5,"{""good"": []}",,,15.55123246,"{""good"": []}",,,14.43837114,"{""good"": []}",165.6249689,"{""good"": []}",21.52508333,"{""good"": []}"
2026-09-30 09:17:00+00:00,Aberdaron Automatic Weather Station,-4.74,52.79,0.0,"{""good"": []}",994.59,"{""good"": []}",,,16.27069416,"{""good"": []}",,,,,0.0,"{""good"": []}",,"{""good"": []}",,"{""good"": []}",0.0,"{""good"": []}",,"{""good"": []}",,"{""good"": []}",0.0,"{""good"": []}",,,320.3878993,"{""good"": []}",,,0.9766666667,"{""good"": []}",,,1.0,"{""good"": []}",,,17.66146228,"{""good"": []}",14514.5,"{""good"": []}",0.0,"{""good"": []}",NSW,"{""good"": []}",87.275,"{""good"": []}",,,15.55188465,"{""good"": []}",,,14.43816869,"{""good"": []}",165.6182627,"{""good"": []}",24.033,"{""good"": []}"
2026-09-30 09:18:00+00:00,Aberdaron Automatic Weather Station,-4.74,52.79,0.0,"{""good"": []}",994.565,"{""good"": []}",,,16.26882937,"{""good"": []}",,,,,0.0,"{""good"": []}",,"{""good"": []}",,"{""good"": []}",0.0,"{""good"": []}",,"{""good"": []}",,"{""good"": []}",0.0,"{""good"": []}",,,323.8157477,"{""good"": []}",,,0.9863888889,"{""good"": []}",,,1.0,"{""good"": []}",,,17.67375412,"{""good"": []}",15578.5,"{""good"": []}",0.0,"{""good"": []}",NSW,"{""good"": []}",87.075,"{""good"": []}",,,15.5517822,"{""good"": []}",,,14.43791874,"{""good"": []}",166.7655926,"{""good"": []}",21.747125,"{""good"": []}"
2026-09-30 09:19:00+00:00,Aberdaron Automatic Weather Station,-4.74,52.79,0.0,"{""good"": []}",994.545,"{""good"": []}",,,16.34562627,"{""good"": []}",,,,,0.0,"{""good"": []}",,"{""good"": []}",,"{""good"": []}",0.0,"{""good"": []}",,"{""good"": []}",,"{""good"": []}",0.0,"{""good"": []}",,,326.4111992,"{""good"": []}",,,0.9863888889,"{""good"": []}",,,1.0,"{""good"": []}",,,17.71753789,"{""good"": []}",14512.5,"{""good"": []}",0.0,"{""good"": []}",NSW,"{""good"": []}",87.325,"{""good"": []}",,,15.55158229,"{""good"": []}",,,14.43766879,"{""good"": []}",167.5436267,"{""good"": []}",21.084125,"{""good"": []}"
2026-09-30 09:20:00+00:00,Aberdaron Automatic Weather Station,-4.74,52.79,0.0,"{""good"": []}",994.56,"{""good"": []}",,,16.33149891,"{""good"": []}",,,,,0.0,"{""good"": []}",,"{""good"": []}",,"{""good"": []}",0.0,"{""good"": []}",,"{""good"": []}",,"{""good"": []}",0.0,"{""good"": []}",,,328.5787314,"{""good"": []}",,,0.9863888889,"{""good"": []}",,,1.0,"{""good"": []}",,,17.75990953,"{""good"": []}",14849.5,"{""good"": []}",0.0,"{""good"": []}",NSW,"{""good"": []}",87.225,"{""good"": []}",,,15.55102755,"{""good"": []}",,,14.43756631,"{""good"": []}",166.3479485,"{""good"": []}",22.37475,"{""good"": []}"
2026-09-30 09:21:00+00:00,Aberdaron Automatic Weather Station,-4.74,52.79,0.0,"{""good"": []}",994.57,"{""good"": []}",,,16.31681586,"{""good"": []}",,,,,0.0,"{""good"": []}",,"{""good"": []}",,"{""good"": []}",0.0,"{""good"": []}",,"{""good"": []}",,"{""good"": []}",0.0,"{""good"": []}",,,329.8822645,"{""good"": []}",,,0.9863888889,"{""good"": []}",,,1.0,"{""good"": []}",,,17.79502302,"{""good"": []}",15807.0,"{""good"": []}",0.0,"{""good"": []}",NSW,"{""good"": []}",86.95,"{""good"": []}",,,15.55162977,"{""good"": []}",,,14.43736635,"{""good"": []}",168.2231733,"{""good"": []}",23.49508333,"{""good"": []}"
2026-09-30 09:22:00+00:00,Aberdaron Automatic Weather Station,-4.74,52.79,0.0,"{""good"": []}",994.56,"{""good"": []}",,,16.3312461,"{""good"": []}",,,,,0.0,"{""good"": []}",,"{""good"": []}",,"{""good"": []}",0.0,"{""good"": []}",,"{""good"": []}",,"{""good"": []}",0.0,"{""good"": []}",,,331.9591082,"{""good"": []}",,,0.9863888889,"{""good"": []}",,,1.0,"{""good"": []}",,,17.73914986,"{""good"": []}",16066.5,"{""good"": []}",0.0,"{""good"": []}",NSW,"{""good"": []}",87.075,"{""good"": []}",,,15.55173222,"{""good"": []}",,,14.43726387,"{""good"": []}",166.276845,"{""good"": []}",22.13808333,"{""good"": []}"
2026-09-30 09:23:00+00:00,Aberdaron Automatic Weather Station,-4.74,52.79,0.0,"{""good"": []}",994.595,"{""good"": []}",,,16.32614983,"{""good"": []}",,,,,0.0,"{""good"": []}",,"{""good"": []}",,"{""good"": []}",0.0,"{""good"": []}",,"{""good"": []}",,"{""good"": []}",0.0,"{""good"": []}",,,332.6514087,"{""good"": []}",,,0.9863888889,"{""good"": []}",,,1.0,"{""good"": []}",,,17.73486595,"{""good"": []}",14164.5,"{""good"": []}",0.0,"{""good"": []}",NSW,"{""good"": []}",87.0,"{""good"": []}",,,15.55137989,"{""good"": []}",,,14.43721638,"{""good"": []}",167.8808019,"{""good"": []}",23.317625,"{""good"": []}"
2026-09-30 09:24:00+00:00,Aberdaron Automatic Weather Station,-4.74,52.79,0.0,"{""good"": []}",994.61,"{""good"": []}",,,16.37913246,"{""good"": []}",,,,,0.0,"{""good"": []}",,"{""good"": []}",,"{""good"": []}",0.0,"{""good"": []}",,"{""good"": []}",,"{""good"": []}",0.0,"{""good"": []}",,,333.4799938,"{""good"": []}",,,0.9863888889,"{""good"": []}",,,1.0,"{""good"": []}",,,17.740512,"{""good"": []}",15646.5,"{""good"": []}",0.0,"{""good"": []}",NSW,"{""good"": []}",87.2,"{""good"": []}",,,15.55173222,"{""good"": []}",,,14.43690894,"{""good"": []}",165.708894,"{""good"": []}",20.26025,"{""good"": []}"
2026-09-30 09:25:00+00:00,Aberdaron Automatic Weather Station,-4.74,52.79,0.0,"{""good"": []}",994.585,"{""good"": []}",,,16.38256167,"{""good"": []}",,,,,0.0,"{""good"": []}",,"{""good"": []}",,"{""good"": []}",0.0,"{""good"": []}",,"{""good"": []}",,"{""good"": []}",0.0,"{""good"": []}",,,334.499197,"{""good"": []}",,,0.9863888889,"{""good"": []}",,,1.0,"{""good"": []}",,,17.82772713,"{""good"": []}",14620.5,"{""good"": []}",0.0,"{""good"": []}",NSW,"{""good"": []}",87.4,"{""good"": []}",,,15.55142987,"{""good"": []}",,,14.43675897,"{""good"": []}",167.8922684,"{""good"": []}",20.872125,"{""good"": []}"
2026-09-30 09:26:00+00:00,Aberdaron Automatic Weather Station,-4.74,52.79,0.0,"{""good"": []}",994.6,"{""good"": []}",,,16.40339979,"{""good"": []}",,,,,0.0,"{""good"": []}",,"{""good"": []}",,"{""good"": []}",0.0,"{""good"": []}",,"{""good"": []}",,"{""good"": []}",0.0,"{""good"": []}",,,336.7508064,"{""good"": []}",,,0.9863888889,"{""good"": []}",,,1.0,"{""good"": []}",,,17.93594938,"{""good"": []}",15146.5,"{""good"": []}",0.0,"{""good"": []}",NSW,"{""good"": []}",87.45,"{""good"": []}",,,15.55152982,"{""good"": []}",,,14.436609,"{""good"": []}",166.5424646,"{""good"": []}",21.29066667,"{""good"": []}"
2026-09-30 09:27:00+00:00,Aberdaron Automatic Weather Station,-4.74,52.79,0.0,"{""good"": []}",994.595,"{""good"": []}",,,16.37650673,"{""good"": []}",,,,,0.0,"{""good"": []}",,"{""good"": []}",,"{""good"": []}",0.0,"{""good"": []}",,"{""good"": []}",,"{""good"": []}",0.0,"{""good"": []}",,,337.9474314,"{""good"": []}",,,0.9863888889,"{""good"": []}",,,1.0,"{""good"": []}",,,17.95066061,"{""good"": []}",15044.5,"{""good"": []}",0.0,"{""good"": []}",NSW,"{""good"": []}",87.15,"{""good"": []}",,,15.55152982,"{""good"": []}",,,14.43630907,"{""good"": []}",165.2387966,"{""good"": []}",22.710375,"{""good"": []}"
2026-09-30 09:28:00+00:00,Aberdaron Automatic Weather Station,-4.74,52.79,0.0,"{""good"": []}",994.56,"{""good"": []}",,,16.37817128,"{""good"": []}",,,,,0.0,"{""good"": []}",,"{""good"": []}",,"{""good"": []}",0.0,"{""good"": []}",,"{""good"": []}",,"{""good"": []}",0.0,"{""good"": []}",,,339.5613691,"{""good"": []}",,,0.9863888889,"{""good"": []}",,,1.0,"{""good"": []}",,,17.91453738,"{""good"": []}",15097.0,"{""good"": []}",0.0,"{""good"": []}",NSW,"{""good"": []}",87.0,"{""good"": []}",,,15.55117998,"{""good"": []}",,,14.43610411,"{""good"": []}",166.7620049,"{""good"": []}",22.82745833,"{""good"": []}"
2026-09-30 09:29:00+00:00,Aberdaron Automatic Weather Station,-4.74,52.79,0.0,"{""good"": []}",994.575,"{""good"": []}",,,16.42237311,"{""good"": []}",,,,,0.0,"{""good"": []}",,"{""good"": []}",,"{""good"": []}",0.0,"{""good"": []}",,"{""good"": []}",,"{""good"": []}",0.0,"{""good"": []}",,,341.7919407,"{""good"": []}",,,0.9863888889,"{""good"": []}",,,1.0,"{""good"": []}",,,17.94511453,"{""good"": []}",15793.0,"{""good"": []}",0.0,"{""good"": []}",NSW,"{""good"": []}",87.075,"{""good"": []}",,,15.55117998,"{""good"": []}",,,14.43595414,"{""good"": []}",166.4206485,"{""good"": []}",19.84558333,"{""good"": []}"
2026-09-30 09:30:00+00:00,Aberdaron Automatic Weather Station,-4.74,52.79,0.0,"{""good"": []}",994.585,"{""good"": []}",,,16.43493606,"{""good"": []}",,,,,0.0,"{""good"": []}",,"{""good"": []}",,"{""good"": []}",0.0,"{""good"": []}",,"{""good"": []}",,"{""good"": []}",0.0,"{""good"": []}",,,344.3449721,"{""good"": []}",,,0.9863888889,"{""good"": []}",,,1.0,"{""good"": []}",,,17.99257736,"{""good"": []}",16276.5,"{""good"": []}",0.0,"{""good"": []}",NSW,"{""good"": []}",87.175,"{""good"": []}",,,15.55122996,"{""good"": []}",,,14.43600163,"{""good"": []}",167.0247841,"{""good"": []}",21.79075,"{""good"": []}"
2026-09-30 09:31:00+00:00,Aberdaron Automatic Weather Station,-4.74,52.79,0.0,"{""good"": []}",994.595,"{""good"": []}",,,16.45214471,"{""good"": []}",,,,,0.0,"{""good"": []}",,"{""good"": []}",,"{""good"": []}",0.0,"{""good"": []}",,"{""good"": []}",,"{""good"": []}",0.0,"{""good"": []}",,,345.069771,"{""good"": []}",,,0.9863888889,"{""good"": []}",,,1.0,"{""good"": []}",,,18.00416688,"{""good"": []}",14955.0,"{""good"": []}",0.0,"{""good"": []}",NSW,"{""good"": []}",87.25,"{""good"": []}",,,15.55113,"{""good"": []}",,,14.43585166,"{""good"": []}",167.1062171,"{""good"": []}",22.34766667,"{""good"": []}"
2026-09-30 09:32:00+00:00,Aberdaron Automatic Weather Station,-4.74,52.79,0.0,"{""good"": []}",994.58,"{""good"": []}",,,16.4439196,"{""good"": []}",,,,,0.0,"{""good"": []}",,"{""good"": []}",,"{""good"": []}",0.0,"{""good"": []}",,"{""good"": []}",,"{""good"": []}",0.0,"{""good"": []}",,,345.7303487,"{""good"": []}",,,0.9863888889,"{""good"": []}",,,1.0,"{""good"": []}",,,17.99811844,"{""good"": []}",14298.5,"{""good"": []}",0.0,"{""good"": []}",NSW,"{""good"": []}",86.825,"{""good"": []}",,,15.55113,"{""good"": []}",,,14.43554922,"{""good"": []}",166.4053164,"{""good"": []}",22.09975,"{""good"": []}"
2026-09-30 09:33:00+00:00,Aberdaron Automatic Weather Station,-4.74,52.79,0.0,"{""good"": []}",994.595,"{""good"": []}",,,16.47343588,"{""good"": []}",,,,,0.0,"{""good"": []}",,"{""good"": []}",,"{""good"": []}",0.0,"{""good"": []}",,"{""good"": []}",,"{""good"": []}",0.0,"{""good"": []}",,,348.730757,"{""good"": []}",,,0.9908333333,"{""good"": []}",,,1.0,"{""good"": []}",,,18.05112484,"{""good"": []}",16111.0,"{""good"": []}",0.0,"{""good"": []}",NSW,"{""good"": []}",86.825,"{""good"": []}",,,15.55103005,"{""good"": []}",,,14.43549923,"{""good"": []}",165.4196877,"{""good"": []}",21.07391667,"{""good"": []}"
2026-09-30 09:34:00+00:00,Aberdaron Automatic Weather Station,-4.74,52.79,0.0,"{""good"": []}",994.645,"{""good"": []}",,,16.4269162,"{""good"": []}",,,,,0.0,"{""good"": []}",,"{""good"": []}",,"{""good"": []}",0.0,"{""good"": []}",,"{""good"": []}",,"{""good"": []}",0.0,"{""good"": []}",,,351.5072122,"{""good"": []}",,,0.9980555556,"{""good"": []}",,,1.0,"{""good"": []}",,,18.07011747,"{""good"": []}",14827.5,"{""good"": []}",0.0,"{""good"": []}",NSW,"{""good"": []}",86.325,"{""good"": []}",,,15.55113,"{""good"": []}",,,14.43529927,"{""good"": []}",166.0320194,"{""good"": []}",24.68029167,"{""good"": []}"
2026-09-30 09:35:00+00:00,Aberdaron Automatic Weather Station,-4.74,52.79,0.0,"{""good"": []}",994.635,"{""good"": []}",,,16.44210237,"{""good"": []}",,,,,0.0,"{""good"": []}",,"{""good"": []}",,"{""good"": []}",0.0,"{""good"": []}",,"{""good"": []}",,"{""good"": []}",0.0,"{""good"": []}",,,351.8441846,"{""good"": []}",,,0.9980555556,"{""good"": []}",,,1.0,"{""good"": []}",,,18.05071994,"{""good"": []}",16852.5,"{""good"": []}",0.0,"{""good"": []}",NSW,"{""good"": []}",86.225,"{""good"": []}",,,15.55098007,"{""good"": []}",,,14.4351493,"{""good"": []}",164.6629083,"{""good"": []}",23.27691667,"{""good"": []}"
2026-09-30 09:36:00+00:00,Aberdaron Automatic Weather Station,-4.74,52.79,0.0,"{""good"": []}",994.625,"{""good"": []}",,,16.46203187,"{""good"": []}",,,,,0.0,"{""good"": []}",,"{""good"": []}",,"{""good"": []}",0.0,"{""good"": []}",,"{""good"": []}",,"{""good"": []}",0.0,"{""good"": []}",,,352.1743477,"{""good"": []}",,,0.9980555556,"{""good"": []}",,,1.0,"{""good"": []}",,,18.06719572,"{""good"": []}",14638.5,"{""good"": []}",0.0,"{""good"": []}",NSW,"{""good"": []}",86.5,"{""good"": []}",,,15.55098007,"{""good"": []}",,,14.43499934,"{""good"": []}",163.5755001,"{""good"": []}",21.29079167,"{""good"": []}"
2026-09-30 09:37:00+00:00,Aberdaron Automatic Weather Station,-4.74,52.79,0.0,"{""good"": []}",994.625,"{""good"": []}",,,16.48928036,"{""good"": []}",,,,,0.0,"{""good"": []}",,"{""good"": []}",,"{""good"": []}",0.0,"{""good"": []}",,"{""good"": []}",,"{""good"": []}",0.0,"{""good"": []}",,,352.9179307,"{""good"": []}",,,0.9980555556,"{""good"": []}",,,1.0,"{""good"": []}",,,18.13677537,"{""good"": []}",14868.5,"{""good"": []}",0.0,"{""good"": []}",NSW,"{""good"": []}",86.8,"{""good"": []}",,,15.55103005,"{""good"": []}",,,14.43489936,"{""good"": []}",164.7429017,"{""good"": []}",20.194,"{""good"": []}"
2026-09-30 09:38:00+00:00,Aberdaron Automatic Weather Station,-4.74,52.79,0.0,"{""good"": []}",994.625,"{""good"": []}",,,16.49008885,"{""good"": []}",,,,,0.0,"{""good"": []}",,"{""good"": []}",,"{""good"": []}",0.0,"{""good"": []}",,"{""good"": []}",,"{""good"": []}",0.0,"{""good"": []}",,,355.2357946,"{""good"": []}",,,1.0,"{""good"": []}",,,1.0,"{""good"": []}",,,18.17748493,"{""good"": []}",12756.5,"{""good"": []}",0.0,"{""good"": []}",NSW,"{""good"": []}",86.75,"{""good"": []}",,,15.55108003,"{""good"": []}",,,14.43459192,"{""good"": []}",165.5692631,"{""good"": []}",22.66666667,"{""good"": []}"
2026-09-30 09:39:00+00:00,Aberdaron Automatic Weather Station,-4.74,52.79,0.0,"{""good"": []}",994.595,"{""good"": []}",,,16.50648901,"{""good"": []}",,,,,0.0,"{""good"": []}",,"{""good"": []}",,"{""good"": []}",0.0,"{""good"": []}",,"{""good"": []}",,"{""good"": []}",0.0,"{""good"": []}",,,356.6797669,"{""good"": []}",,,1.0,"{""good"": []}",,,1.0,"{""good"": []}",,,18.17899455,"{""good"": []}",14562.5,"{""good"": []}",0.0,"{""good"": []}",NSW,"{""good"": []}",86.65,"{""good"": []}",,,15.55098007,"{""good"": []}",,,14.4346944,"{""good"": []}",165.2268878,"{""good"": []}",22.29758333,"{""good"": []}"
2026-09-30 09:40:00+00:00,Aberdaron Automatic Weather Station,-4.74,52.79,0.0,"{""good"": []}",994.62,"{""good"": []}",,,16.50643645,"{""good"": []}",,,,,0.0,"{""good"": []}",,"{""good"": []}",,"{""good"": []}",0.0,"{""good"": []}",,"{""good"": []}",,"{""good"": []}",0.0,"{""good"": []}",,,357.6537112,"{""good"": []}",,,1.0,"{""good"": []}",,,1.0,"{""good"": []}",,,18.19512041,"{""good"": []}",14542.0,"{""good"": []}",0.0,"{""good"": []}",NSW,"{""good"": []}",86.475,"{""good"": []}",,,15.55078016,"{""good"": []}",,,14.43433947,"{""good"": []}",166.1611824,"{""good"": []}",23.03883333,"{""good"": []}"
2026-09-30 09:41:00+00:00,Aberdaron Automatic Weather Station,-4.74,52.79,0.0,"{""good"": []}",994.64,"{""good"": []}",,,16.55260821,"{""good"": []}",,,,,0.0,"{""good"": []}",,"{""good"": []}",,"{""good"": []}",0.0,"{""good"": []}",,"{""good"": []}",,"{""good"": []}",0.0,"{""good"": []}",,,359.3241509,"{""good"": []}",,,1.0,"{""good"": []}",,,1.0,"{""good"": []}",,,18.23577748,"{""good"": []}",14743.0,"{""good"": []}",0.0,"{""good"": []}",NSW,"{""good"": []}",86.575,"{""good"": []}",,,15.55093009,"{""good"": []}",,,14.43413951,"{""good"": []}",165.8875355,"{""good"": []}",23.13141667,"{""good"": []}"
2026-09-30 09:42:00+00:00,Aberdaron Automatic Weather Station,-4.74,52.79,0.0,"{""good"": []}",994.67,"{""good"": []}",,,16.55341169,"{""good"": []}",,,,,0.0,"{""good"": []}",,"{""good"": []}",,"{""good"": []}",0.0,"{""good"": []}",,"{""good"": []}",,"{""good"": []}",0.0,"{""good"": []}",,,361.2613522,"{""good"": []}",,,1.0,"{""good"": []}",,,1.0,"{""good"": []}",,,18.28369519,"{""good"": []}",15146.0,"{""good"": []}",0.0,"{""good"": []}",NSW,"{""good"": []}",86.175,"{""good"": []}",,,15.55083014,"{""good"": []}",,,14.43393955,"{""good"": []}",166.31793,"{""good"": []}",23.417625,"{""good"": []}"
2026-09-30 09:43:00+00:00,Aberdaron Automatic Weather Station,-4.74,52.79,0.0,"{""good"": []}",994.685,"{""good"": []}",,,16.55164702,"{""good"": []}",,,,,0.0,"{""good"": []}",,"{""good"": []}",,"{""good"": []}",0.0,"{""good"": []}",,"{""good"": []}",,"{""good"": []}",0.0,"{""good"": []}",,,363.3853179,"{""good"": []}",,,1.0,"{""good"": []}",,,1.0,"{""good"": []}",,,18.31317013,"{""good"": []}",16466.0,"{""good"": []}",0.0,"{""good"": []}",NSW,"{""good"": []}",86.025,"{""good"": []}",,,15.55083014,"{""good"": []}",,,14.43403953,"{""good"": []}",167.939155,"{""good"": []}",24.217125,"{""good"": []}"
2026-09-30 09:44:00+00:00,Aberdaron Automatic Weather Station,-4.74,52.79,0.0,"{""good"": []}",994.67,"{""good"": []}",,,16.54781231,"{""good"": []}",,,,,0.0,"{""good"": []}",,"{""good"": []}",,"{""good"": []}",0.0,"{""good"": []}",,"{""good"": []}",,"{""good"": []}",0.0,"{""good"": []}",,,365.4016834,"{""good"": []}",,,1.0,"{""good"": []}",,,1.0,"{""good"": []}",,,18.34113046,"{""good"": []}",17090.5,"{""good"": []}",0.0,"{""good"": []}",NSW,"{""good"": []}",85.725,"{""good"": []}",,,15.55078016,"{""good"": []}",,,14.43373959,"{""good"": []}",163.1952395,"{""good"": []}",22.77483333,"{""good"": []}"
2026-09-30 09:45:00+00:00,Aberdaron Automatic Weather Station,-4.74,52.79,0.0,"{""good"": []}",994.67,"{""good"": []}",,,16.58595921,"{""good"": []}",,,,,0.0,"{""good"": []}",,"{""good"": []}",,"{""good"": []}",0.0,"{""good"": []}",,"{""good"": []}",,"{""good"": []}",0.0,"{""good"": []}",,,367.3768021,"{""good"": []}",,,1.0,"{""good"": []}",,,1.0,"{""good"": []}",,,18.39367948,"{""good"": []}",14917.0,"{""good"": []}",0.0,"{""good"": []}",NSW,"{""good"": []}",86.175,"{""good"": []}",,,15.55063023,"{""good"": []}",,,14.43363711,"{""good"": []}",165.8701649,"{""good"": []}",22.16516667,"{""good"": []}"
2026-09-30 09:46:00+00:00,Aberdaron Automatic Weather Station,-4.74,52.79,0.0,"{""good"": []}",994.675,"{""good"": []}",,,16.60477984,"{""good"": []}",,,,,0.0,"{""good"": []}",,"{""good"": []}",,"{""good"": []}",0.0,"{""good"": []}",,"{""good"": []}",,"{""good"": []}",0.0,"{""good"": []}",,,369.3187013,"{""good"": []}",,,1.0,"{""good"": []}",,,1.0,"{""good"": []}",,,18.4119173,"{""good"": []}",15142.5,"{""good"": []}",0.0,"{""good"": []}",NSW,"{""good"": []}",85.775,"{""good"": []}",,,15.55063023,"{""good"": []}",,,14.43343465,"{""good"": []}",166.8578765,"{""good"": []}",22.40908333,"{""good"": []}"
2026-09-30 09:47:00+00:00,Aberdaron Automatic Weather Station,-4.74,52.79,0.0,"{""good"": []}",994.68,"{""good"": []}",,,16.66008282,"{""good"": []}",,,,,0.0,"{""good"": []}",,"{""good"": []}",,"{""good"": []}",0.0,"{""good"": []}",,"{""good"": []}",,"{""good"": []}",0.0,"{""good"": []}",,,371.2951139,"{""good"": []}",,,1.0,"{""good"": []}",,,1.0,"{""good"": []}",,,18.44164718,"{""good"": []}",14440.0,"{""good"": []}",0.0,"{""good"": []}",NSW,"{""good"": []}",85.9,"{""good"": []}",,,15.55063023,"{""good"": []}",,,14.43317971,"{""good"": []}",165.495242,"{""good"": []}",19.70991667,"{""good"": []}"
2026-09-30 09:48:00+00:00,Aberdaron Automatic Weather Station,-4.74,52.79,0.0,"{""good"": []}",994.71,"{""good"": []}",,,16.66518159,"{""good"": []}",,,,,0.0,"{""good"": []}",,"{""good"": []}",,"{""good"": []}",0.0,"{""good"": []}",,"{""good"": []}",,"{""good"": []}",0.0,"{""good"": []}",,,373.2687255,"{""good"": []}",,,1.0,"{""good"": []}",,,1.0,"{""good"": []}",,,18.4961632,"{""good"": []}",14164.5,"{""good"": []}",0.0,"{""good"": []}",NSW,"{""good"": []}",85.825,"{""good"": []}",,,15.55058026,"{""good"": []}",,,14.43302974,"{""good"": []}",166.7293226,"{""good"": []}",21.282375,"{""good"": []}"
2026-09-30 09:49:00+00:00,Aberdaron Automatic Weather Station,-4.74,52.79,0.0,"{""good"": []}",994.725,"{""good"": []}",,,16.67673078,"{""good"": []}",,,,,0.0,"{""good"": []}",,"{""good"": []}",,"{""good"": []}",0.0,"{""good"": []}",,"{""good"": []}",,"{""good"": []}",0.0,"{""good"": []}",,,375.283755,"{""good"": []}",,,1.0,"{""good"": []}",,,1.0,"{""good"": []}",,,18.50795018,"{""good"": []}",14505.5,"{""good"": []}",0.0,"{""good"": []}",NSW,"{""good"": []}",85.675,"{""good"": []}",,,15.5504753,"{""good"": []}",,,14.43292976,"{""good"": []}",165.1929608,"{""good"": []}",20.67341667,"{""good"": []}"
2026-09-30 09:50:00+00:00,Aberdaron Automatic Weather Station,-4.74,52.79,0.0,"{""good"": []}",994.755,"{""good"": []}",,,16.6763328,"{""good"": []}",,,,,0.0,"{""good"": []}",,"{""good"": []}",,"{""good"": []}",0.0,"{""good"": []}",,"{""good"": []}",,"{""good"": []}",0.0,"{""good"": []}",,,377.2927781,"{""good"": []}",,,1.0,"{""good"": []}",,,1.0,"{""good"": []}",,,18.56170889,"{""good"": []}",14122.0,"{""good"": []}",0.0,"{""good"": []}",NSW,"{""good"": []}",85.225,"{""good"": []}",,,15.55042532,"{""good"": []}",,,14.43287977,"{""good"": []}",166.6051955,"{""good"": []}",24.38808333,"{""good"": []}"
2026-09-30 09:51:00+00:00,Aberdaron Automatic Weather Station,-4.74,52.79,0.0,"{""good"": []}",994.765,"{""good"": []}",,,16.70534346,"{""good"": []}",,,,,0.0,"{""good"": []}",,"{""good"": []}",,"{""good"": []}",0.0,"{""good"": []}",,"{""good"": []}",,"{""good"": []}",0.0,"{""good"": []}",,,379.2893975,"{""good"": []}",,,1.0,"{""good"": []}",,,1.0,"{""good"": []}",,,18.54624286,"{""good"": []}",15788.0,"{""good"": []}",0.0,"{""good"": []}",NSW,"{""good"": []}",84.9,"{""good"": []}",,,15.5502729,"{""good"": []}",,,14.43262982,"{""good"": []}",166.4428089,"{""good"": []}",22.03654167,"{""good"": []}"
2026-09-30 09:52:00+00:00,Aberdaron Automatic Weather Station,-4.74,52.79,0.0,"{""good"": []}",994.765,"{""good"": []}",,,16.74545777,"{""good"": []}",,,,,0.0,"{""good"": []}",,"{""good"": []}",,"{""good"": []}",0.0,"{""good"": []}",,"{""good"": []}",,"{""good"": []}",0.0,"{""good"": []}",,,381.2879579,"{""good"": []}",,,1.0,"{""good"": []}",,,1.0,"{""good"": []}",,,18.60574509,"{""good"": []}",15760.0,"{""good"": []}",0.0,"{""good"": []}",NSW,"{""good"": []}",85.075,"{""good"": []}",,,15.55037535,"{""good"": []}",,,14.43247985,"{""good"": []}",167.6241098,"{""good"": []}",19.16870833,"{""good"": []}"
2026-09-30 09:53:00+00:00,Aberdaron Automatic Weather Station,-4.74,52.79,0.0,"{""good"": []}",994.765,"{""good"": []}",,,16.77739703,"{""good"": []}",,,,,0.0,"{""good"": []}",,"{""good"": []}",,"{""good"": []}",0.0,"{""good"": []}",,"{""good"": []}",,"{""good"": []}",0.0,"{""good"": []}",,,383.2550213,"{""good"": []}",,,1.0,"{""good"": []}",,,1.0,"{""good"": []}",,,18.68806898,"{""good"": []}",15256.0,"{""good"": []}",0.0,"{""good"": []}",NSW,"{""good"": []}",85.075,"{""good"": []}",,,15.55032287,"{""good"": []}",,,14.43232988,"{""good"": []}",168.5597629,"{""good"": []}",23.027375,"{""good"": []}"
2026-09-30 09:54:00+00:00,Aberdaron Automatic Weather Station,-4.74,52.79,0.0,"{""good"": []}",994.795,"{""good"": []}",,,16.79132165,"{""good"": []}",,,,,0.0,"{""good"": []}",,"{""good"": []}",,"{""good"": []}",0.0,"{""good"": []}",,"{""good"": []}",,"{""good"": []}",0.0,"{""good"": []}",,,385.17849,"{""good"": []}",,,1.0,"{""good"": []}",,,1.0,"{""good"": []}",,,18.68454239,"{""good"": []}",16576.5,"{""good"": []}",0.0,"{""good"": []}",NSW,"{""good"": []}",84.275,"{""good"": []}",,,15.55032787,"{""good"": []}",,,14.43211993,"{""good"": []}",167.1320546,"{""good"": []}",22.461125,"{""good"": []}"
2026-09-30 09:55:00+00:00,Aberdaron Automatic Weather Station,-4.74,52.79,0.0,"{""good"": []}",994.8,"{""good"": []}",,,16.78128431,"{""good"": []}",,,,,0.0,"{""good"": []}",,"{""good"": []}",,"{""good"": []}",0.0,"{""good"": []}",,"{""good"": []}",,"{""good"": []}",0.0,"{""good"": []}",,,387.0637007,"{""good"": []}",,,1.0,"{""good"": []}",,,1.0,"{""good"": []}",,,18.72223021,"{""good"": []}",16885.5,"{""good"": []}",0.0,"{""good"": []}",NSW,"{""good"": []}",84.475,"{""good"": []}",,,15.55017044,"{""good"": []}",,,14.43196996,"{""good"": []}",167.3038873,"{""good"": []}",22.470125,"{""good"": []}"
2026-09-30 09:56:00+00:00,Aberdaron Automatic Weather Station,-4.74,52.79,0.0,"{""good"": []}",994.835,"{""good"": []}",,,16.7497981,"{""good"": []}",,,,,0.0,"{""good"": []}",,"{""good"": []}",,"{""good"": []}",0.0,"{""good"": []}",,"{""good"": []}",,"{""good"": []}",0.0,"{""good"": []}",,,388.8625695,"{""good"": []}",,,1.0,"{""good"": []}",,,1.0,"{""good"": []}",,,18.73971073,"{""good"": []}",15811.0,"{""good"": []}",0.0,"{""good"": []}",NSW,"{""good"": []}",84.65,"{""good"": []}",,,15.55017044,"{""good"": []}",,,14.43186998,"{""good"": []}",169.0784805,"{""good"": []}",21.98416667,"{""good"": []}"
2026-09-30 09:57:00+00:00,Aberdaron Automatic Weather Station,-4.74,52.79,0.0,"{""good"": []}",994.78,"{""good"": []}",,,16.76887155,"{""good"": []}",,,,,0.0,"{""good"": []}",,"{""good"": []}",,"{""good"": []}",0.0,"{""good"": []}",,"{""good"": []}",,"{""good"": []}",0.0,"{""good"": []}",,,390.740183,"{""good"": []}",,,1.0,"{""good"": []}",,,1.0,"{""good"": []}",,,18.78379693,"{""good"": []}",15683.5,"{""good"": []}",0.0,"{""good"": []}",NSW,"{""good"": []}",84.325,"{""good"": []}",,,15.5502729,"{""good"": []}",,,14.43162003,"{""good"": []}",169.6017795,"{""good"": []}",24.06370833,"{""good"": []}"
2026-09-30 09:58:00+00:00,Aberdaron Automatic Weather Station,-4.74,52.79,0.0,"{""good"": []}",994.775,"{""good"": []}",,,16.86842393,"{""good"": []}",,,,,0.0,"{""good"": []}",,"{""good"": []}",,"{""good"": []}",0.0,"{""good"": []}",,"{""good"": []}",,"{""good"": []}",0.0,"{""good"": []}",,,392.6133394,"{""good"": []}",,,1.0,"{""good"": []}",,,1.0,"{""good"": []}",,,18.81327436,"{""good"": []}",17381.0,"{""good"": []}",0.0,"{""good"": []}",NSW,"{""good"": []}",84.225,"{""good"": []}",,,15.54997304,"{""good"": []}",,,14.43162003,"{""good"": []}",170.6456849,"{""good"": []}",21.05966667,"{""good"": []}"
2026-09-30 09:59:00+00:00,Aberdaron Automatic Weather Station,-4.74,52.79,0.0,"{""good"": []}",994.78,"{""good"": []}",,,16.91651054,"{""good"": []}",,,,,0.0,"{""good"": []}",,"{""good"": []}",,"{""good"": []}",0.0,"{""good"": []}",,"{""good"": []}",,"{""good"": []}",0.0,"{""good"": []}",,,394.5065644,"{""good"": []}",,,1.0,"{""good"": []}",,,1.0,"{""good"": []}",,,18.90738773,"{""good"": []}",16356.5,"{""good"": []}",0.0,"{""good"": []}",NSW,"{""good"": []}",84.7,"{""good"": []}",,,15.55007299,"{""good"": []}",,,14.43137008,"{""good"": []}",169.4396292,"{""good"": []}",21.02158333,"{""good"": []}"
2026-09-30 10:00:00+00:00,Aberdaron Automatic Weather Station,-4.74,52.79,0.0,"{""good"": []}",994.83,"{""good"": []}",,,16.93820721,"{""good"": []}",,,,,0.0,"{""good"": []}",,"{""good"": []}",,"{""good"": []}",0.0,"{""good"": []}",,"{""good"": []}",,"{""good"": []}",0.0,"{""good"": []}",,,396.3599747,"{""good"": []}",,,1.0,"{""good"": []}",,,1.0,"{""good"": []}",,,18.94190138,"{""good"": []}",16233.0,"{""good"": []}",0.0,"{""good"": []}",NSW,"{""good"": []}",84.55,"{""good"": []}",,,15.55007299,"{""good"": []}",,,14.43122011,"{""good"": []}",172.4119115,"{""good"": []}",21.045375,"{""good"": []}"
2026-09-30 10:01:00+00:00,Aberdaron Automatic Weather Station,-4.74,52.79,0.0,"{""good"": []}",994.785,"{""good"": []}",,,17.00193555,"{""good"": []}",,,,,0.0,"{""good"": []}",,"{""good"": []}",,"{""good"": []}",0.0,"{""good"": []}",,"{""good"": []}",,"{""good"": []}",0.0,"{""good"": []}",,,398.236269,"{""good"": []}",,,1.0,"{""good"": []}",,,1.0,"{""good"": []}",,,19.02609228,"{""good"": []}",16749.0,"{""good"": []}",0.0,"{""good"": []}",NSW,"{""good"": []}",84.85,"{""good"": []}",,,15.54967067,"{""good"": []}",,,14.43117012,"{""good"": []}",172.9289144,"{""good"": []}",20.22741667,"{""good"": []}"
2026-09-30 10:02:00+00:00,Aberdaron Automatic Weather Station,-4.74,52.79,0.0,"{""good"": []}",994.785,"{""good"": []}",,,17.03453061,"{""good"": []}",,,,,0.0,"{""good"": []}",,"{""good"": []}",,"{""good"": []}",0.0,"{""good"": []}",,"{""good"": []}",,"{""good"": []}",0.0,"{""good"": []}",,,400.0885548,"{""good"": []}",,,1.0,"{""good"": []}",,,1.0,"{""good"": []}",,,19.13114034,"{""good"": []}",15526.5,"{""good"": []}",0.0,"{""good"": []}",NSW,"{""good"": []}",84.725,"{""good"": []}",,,15.54992306,"{""good"": []}",,,14.4308152,"{""good"": []}",173.8528032,"{""good"": []}",20.00345833,"{""good"": []}"
2026-09-30 10:03:00+00:00,Aberdaron Automatic Weather Station,-4.74,52.79,0.0,"{""good"": []}",994.785,"{""good"": []}",,,17.05572166,"{""good"": []}",,,,,0.0,"{""good"": []}",,"{""good"": []}",,"{""good"": []}",0.0,"{""good"": []}",,"{""good"": []}",,"{""good"": []}",0.0,"{""good"": []}",,,401.9290519,"{""good"": []}",,,1.0,"{""good"": []}",,,1.0,"{""good"": []}",,,19.22152966,"{""good"": []}",16995.5,"{""good"": []}",0.0,"{""good"": []}",NSW,"{""good"": []}",83.95,"{""good"": []}",,,15.5498231,"{""good"": []}",,,14.43076271,"{""good"": []}",173.7932394,"{""good"": []}",20.397875,"{""good"": []}"
2026-09-30 10:04:00+00:00,Aberdaron Automatic Weather Station,-4.74,52.79,0.0,"{""good"": []}",994.795,"{""good"": []}",,,17.0908949,"{""good"": []}",,,,,0.0,"{""good"": []}",,"{""good"": []}",,"{""good"": []}",0.0,"{""good"": []}",,"{""good"": []}",,"{""good"": []}",0.0,"{""good"": []}",,,403.7456845,"{""good"": []}",,,1.0,"{""good"": []}",,,1.0,"{""good"": []}",,,19.24198441,"{""good"": []}",15730.5,"{""good"": []}",0.0,"{""good"": []}",NSW,"{""good"": []}",83.7,"{""good"": []}",,,15.54982061,"{""good"": []}",,,14.43071272,"{""good"": []}",174.8773433,"{""good"": []}",20.20029167,"{""good"": []}"
2026-09-30 10:05:00+00:00,Aberdaron Automatic Weather Station,-4.74,52.79,0.0,"{""good"": []}",994.82,"{""good"": []}",,,17.07812921,"{""good"": []}",,,,,0.0,"{""good"": []}",,"{""good"": []}",,"{""good"": []}",0.0,"{""good"": []}",,"{""good"": []}",,"{""good"": []}",0.0,"{""good"": []}",,,405.5908698,"{""good"": []}",,,1.0,"{""good"": []}",,,1.0,"{""good"": []}",,,19.27584323,"{""good"": []}",16218.0,"{""good"": []}",0.0,"{""good"": []}",NSW,"{""good"": []}",82.75,"{""good"": []}",,,15.54971815,"{""good"": []}",,,14.43056275,"{""good"": []}",175.1079111,"{""good"": []}",21.06595833,"{""good"": []}"
2026-09-30 10:06:00+00:00,Aberdaron Automatic Weather Station,-4.74,52.79,0.0,"{""good"": []}",994.845,"{""good"": []}",,,17.09962313,"{""good"": []}",,,,,0.0,"{""good"": []}",,"{""good"": []}",,"{""good"": []}",0.0,"{""good"": []}",,"{""good"": []}",,"{""good"": []}",0.0,"{""good"": []}",,,407.3604152,"{""good"": []}",,,1.0,"{""good"": []}",,,1.0,"{""good"": []}",,,19.29917225,"{""good"": []}",16970.5,"{""good"": []}",0.0,"{""good"": []}",NSW,"{""good"": []}",82.425,"{""good"": []}",,,15.54977063,"{""good"": []}",,,14.43061024,"{""good"": []}",177.3226986,"{""good"": []}",21.30958333,"{""good"": []}"
2026-09-30 10:07:00+00:00,Aberdaron Automatic Weather Station,-4.74,52.79,0.0,"{""good"": []}",994.86,"{""good"": []}",,,17.0520897,"{""good"": []}",,,,,0.0,"{""good"": []}",,"{""good"": []}",,"{""good"": []}",0.0,"{""good"": []}",,"{""good"": []}",,"{""good"": []}",0.0,"{""good"": []}",,,409.1387471,"{""good"": []}",,,1.0,"{""good"": []}",,,1.0,"{""good"": []}",,,19.23896269,"{""good"": []}",17322.0,"{""good"": []}",0.0,"{""good"": []}",NSW,"{""good"": []}",81.875,"{""good"": []}",,,15.54972065,"{""good"": []}",,,14.43026031,"{""good"": []}",177.4034716,"{""good"": []}",25.30408333,"{""good"": []}"
2026-09-30 10:08:00+00:00,Aberdaron Automatic Weather Station,-4.74,52.79,0.0,"{""good"": []}",994.805,"{""good"": []}",,,17.06808936,"{""good"": []}",,,,,0.0,"{""good"": []}",,"{""good"": []}",,"{""good"": []}",0.0,"{""good"": []}",,"{""good"": []}",,"{""good"": []}",0.0,"{""good"": []}",,,410.9520775,"{""good"": []}",,,1.0,"{""good"": []}",,,1.0,"{""good"": []}",,,19.16474673,"{""good"": []}",17097.5,"{""good"": []}",0.0,"{""good"": []}",NSW,"{""good"": []}",81.975,"{""good"": []}",,,15.5498206,"{""good"": []}",,,14.43021032,"{""good"": []}",176.064258,"{""good"": []}",24.71220833,"{""good"": []}"
2026-09-30 10:09:00+00:00,Aberdaron Automatic Weather Station,-4.74,52.79,0.0,"{""good"": []}",994.825,"{""good"": []}",,,17.10890704,"{""good"": []}",,,,,0.0,"{""good"": []}",,"{""good"": []}",,"{""good"": []}",0.0,"{""good"": []}",,"{""good"": []}",,"{""good"": []}",0.0,"{""good"": []}",,,412.8128085,"{""good"": []}",,,1.0,"{""good"": []}",,,1.0,"{""good"": []}",,,19.19996519,"{""good"": []}",16840.5,"{""good"": []}",0.0,"{""good"": []}",NSW,"{""good"": []}",82.05,"{""good"": []}",,,15.54951824,"{""good"": []}",,,14.43001036,"{""good"": []}",178.443083,"{""good"": []}",25.27054167,"{""good"": []}"
2026-09-30 10:10:00+00:00,Aberdaron Automatic Weather Station,-4.74,52.79,0.0,"{""good"": []}",994.825,"{""good"": []}",,,17.0969974,"{""good"": []}",,,,,0.0,"{""good"": []}",,"{""good"": []}",,"{""good"": []}",0.0,"{""good"": []}",,"{""good"": []}",,"{""good"": []}",0.0,"{""good"": []}",,,414.7054405,"{""good"": []}",,,1.0,"{""good"": []}",,,1.0,"{""good"": []}",,,19.20989015,"{""good"": []}",17730.0,"{""good"": []}",0.0,"{""good"": []}",NSW,"{""good"": []}",81.7,"{""good"": []}",,,15.54992056,"{""good"": []}",,,14.42986039,"{""good"": []}",178.5319157,"{""good"": []}",23.66391667,"{""good"": []}"
2026-09-30 10:11:00+00:00,Aberdaron Automatic Weather Station,-4.74,52.79,0.0,"{""good"": []}",994.86,"{""good"": []}",,,17.11133002,"{""good"": []}",,,,,0.0,"{""good"": []}",,"{""good"": []}",,"{""good"": []}",0.0,"{""good"": []}",,"{""good"": []}",,"{""good"": []}",0.0,"{""good"": []}",,,416.5886608,"{""good"": []}",,,1.0,"{""good"": []}",,,1.0,"{""good"": []}",,,19.23049736,"{""good"": []}",17073.5,"{""good"": []}",0.0,"{""good"": []}",NSW,"{""good"": []}",81.75,"{""good"": []}",,,15.54987058,"{""good"": []}",,,14.42991038,"{""good"": []}",180.014762,"{""good"": []}",24.7165,"{""good"": []}"
2026-09-30 10:12:00+00:00,Aberdaron Automatic Weather Station,-4.74,52.79,0.0,"{""good"": []}",994.835,"{""good"": []}",,,17.10229892,"{""good"": []}",,,,,0.0,"{""good"": []}",,"{""good"": []}",,"{""good"": []}",0.0,"{""good"": []}",,"{""good"": []}",,"{""good"": []}",0.0,"{""good"": []}",,,418.4185207,"{""good"": []}",,,1.0,"{""good"": []}",,,1.0,"{""good"": []}",,,19.21800306,"{""good"": []}",16799.0,"{""good"": []}",0.0,"{""good"": []}",NSW,"{""good"": []}",81.575,"{""good"": []}",,,15.54956822,"{""good"": []}",,,14.42945297,"{""good"": []}",177.3797257,"{""good"": []}",23.46945833,"{""good"": []}"
2026-09-30 10:13:00+00:00,Aberdaron Automatic Weather Station,-4.74,52.79,0.0,"{""good"": []}",994.85,"{""good"": []}",,,17.09346806,"{""good"": []}",,,,,0.0,"{""good"": []}",,"{""good"": []}",,"{""good"": []}",0.0,"{""good"": []}",,"{""good"": []}",,"{""good"": []}",0.0,"{""good"": []}",,,420.2500979,"{""good"": []}",,,1.0,"{""good"": []}",,,1.0,"{""good"": []}",,,19.21311682,"{""good"": []}",17878.0,"{""good"": []}",0.0,"{""good"": []}",NSW,"{""good"": []}",81.275,"{""good"": []}",,,15.54992056,"{""good"": []}",,,14.42970792,"{""good"": []}",180.038832,"{""good"": []}",25.7045,"{""good"": []}"
2026-09-30 10:14:00+00:00,Aberdaron Automatic Weather Station,-4.74,52.79,0.0,"{""good"": []}",994.83,"{""good"": []}",,,17.08171111,"{""good"": []}",,,,,0.0,"{""good"": []}",,"{""good"": []}",,"{""good"": []}",0.0,"{""good"": []}",,"{""good"": []}",,"{""good"": []}",0.0,"{""good"": []}",,,422.05364,"{""good"": []}",,,1.0,"{""good"": []}",,,1.0,"{""good"": []}",,,19.19270955,"{""good"": []}",17569.5,"{""good"": []}",0.0,"{""good"": []}",NSW,"{""good"": []}",81.075,"{""good"": []}",,,15.54977063,"{""good"": []}",,,14.42925051,"{""good"": []}",179.2071483,"{""good"": []}",23.83433333,"{""good"": []}"
2026-09-30 10:15:00+00:00,Aberdaron Automatic Weather Station,-4.74,52.79,0.0,"{""good"": []}",994.855,"{""good"": []}",,,17.10548033,"{""good"": []}",,,,,0.0,"{""good"": []}",,"{""good"": []}",,"{""good"": []}",0.0,"{""good"": []}",,"{""good"": []}",,"{""good"": []}",0.0,"{""good"": []}",,,423.8672594,"{""good"": []}",,,1.0,"{""good"": []}",,,1.0,"{""good"": []}",,,19.19301447,"{""good"": []}",17838.5,"{""good"": []}",0.0,"{""good"": []}",NSW,"{""good"": []}",81.05,"{""good"": []}",,,15.54957072,"{""good"": []}",,,14.42935299,"{""good"": []}",180.1195342,"{""good"": []}",23.17745833,"{""good"": []}"
2026-09-30 10:16:00+00:00,Aberdaron Automatic Weather Station,-4.74,52.79,0.0,"{""good"": []}",994.895,"{""good"": []}",,,17.1108269,"{""good"": []}",,,,,0.0,"{""good"": []}",,"{""good"": []}",,"{""good"": []}",0.0,"{""good"": []}",,"{""good"": []}",,"{""good"": []}",0.0,"{""good"": []}",,,425.7157792,"{""good"": []}",,,1.0,"{""good"": []}",,,1.0,"{""good"": []}",,,19.2595674,"{""good"": []}",17315.0,"{""good"": []}",0.0,"{""good"": []}",NSW,"{""good"": []}",81.2,"{""good"": []}",,,15.54937081,"{""good"": []}",,,14.42915054,"{""good"": []}",180.813837,"{""good"": []}",26.23229167,"{""good"": []}"
2026-09-30 10:17:00+00:00,Aberdaron Automatic Weather Station,-4.74,52.79,0.0,"{""good"": []}",994.87,"{""good"": []}",,,17.15270588,"{""good"": []}",,,,,0.0,"{""good"": []}",,"{""good"": []}",,"{""good"": []}",0.0,"{""good"": []}",,"{""good"": []}",,"{""good"": []}",0.0,"{""good"": []}",,,427.5572402,"{""good"": []}",,,1.0,"{""good"": []}",,,1.0,"{""good"": []}",,,19.27684797,"{""good"": []}",17133.0,"{""good"": []}",0.0,"{""good"": []}",NSW,"{""good"": []}",81.375,"{""good"": []}",,,15.54936831,"{""good"": []}",,,14.42905056,"{""good"": []}",179.0631669,"{""good"": []}",23.46575,"{""good"": []}"
2026-09-30 10:18:00+00:00,Aberdaron Automatic Weather Station,-4.74,52.79,0.0,"{""good"": []}",994.885,"{""good"": []}",,,17.16168692,"{""good"": []}",,,,,0.0,"{""good"": []}",,"{""good"": []}",,"{""good"": []}",0.0,"{""good"": []}",,"{""good"": []}",,"{""good"": []}",0.0,"{""good"": []}",,,429.3409107,"{""good"": []}",,,1.0,"{""good"": []}",,,1.0,"{""good"": []}",,,19.39505015,"{""good"": []}",16875.0,"{""good"": []}",0.0,"{""good"": []}",NSW,"{""good"": []}",81.225,"{""good"": []}",,,15.54901598,"{""good"": []}",,,14.42890059,"{""good"": []}",179.6643876,"{""good"": []}",26.25970833,"{""good"": []}"
2026-09-30 10:19:00+00:00,Aberdaron Automatic Weather Station,-4.74,52.79,0.0,"{""good"": []}",994.875,"{""good"": []}",,,17.14134942,"{""good"": []}",,,,,0.0,"{""good"": []}",,"{""good"": []}",,"{""good"": []}",0.0,"{""good"": []}",,"{""good"": []}",,"{""good"": []}",0.0,"{""good"": []}",,,431.1521994,"{""good"": []}",,,1.0,"{""good"": []}",,,1.0,"{""good"": []}",,,19.39902663,"{""good"": []}",17840.5,"{""good"": []}",0.0,"{""good"": []}",NSW,"{""good"": []}",80.65,"{""good"": []}",,,15.54947077,"{""good"": []}",,,14.42875062,"{""good"": []}",178.3405357,"{""good"": []}",26.4975,"{""good"": []}"
2026-09-30 10:20:00+00:00,Aberdaron Automatic Weather Station,-4.74,52.79,0.0,"{""good"": []}",994.96,"{""good"": []}",,,17.12338984,"{""good"": []}",,,,,0.0,"{""good"": []}",,"{""good"": []}",,"{""good"": []}",0.0,"{""good"": []}",,"{""good"": []}",,"{""good"": []}",0.0,"{""good"": []}",,,432.9382617,"{""good"": []}",,,1.0,"{""good"": []}",,,1.0,"{""good"": []}",,,19.37635745,"{""good"": []}",17424.5,"{""good"": []}",0.0,"{""good"": []}",NSW,"{""good"": []}",80.2,"{""good"": []}",,,15.54946826,"{""good"": []}",,,14.42859815,"{""good"": []}",180.2586137,"{""good"": []}",26.010375,"{""good"": []}"
2026-09-30 10:21:00+00:00,Aberdaron Automatic Weather Station,-4.74,52.79,0.0,"{""good"": []}",994.975,"{""good"": []}",,,17.14221048,"{""good"": []}",,,,,0.0,"{""good"": []}",,"{""good"": []}",,"{""good"": []}",0.0,"{""good"": []}",,"{""good"": []}",,"{""good"": []}",0.0,"{""good"": []}",,,434.7124182,"{""good"": []}",,,1.0,"{""good"": []}",,,1.0,"{""good"": []}",,,19.40331304,"{""good"": []}",18284.5,"{""good"": []}",0.0,"{""good"": []}",NSW,"{""good"": []}",80.65,"{""good"": []}",,,15.54921588,"{""good"": []}",,,14.42839319,"{""good"": []}",179.8979348,"{""good"": []}",26.16383333,"{""good"": []}"
2026-09-30 10:22:00+00:00,Aberdaron Automatic Weather Station,-4.74,52.79,0.0,"{""good"": []}",995.065,"{""good"": []}",,,17.18782405,"{""good"": []}",,,,,0.0,"{""good"": []}",,"{""good"": []}",,"{""good"": []}",0.0,"{""good"": []}",,"{""good"": []}",,"{""good"": []}",0.0,"{""good"": []}",,,436.4508994,"{""good"": []}",,,1.0,"{""good"": []}",,,1.0,"{""good"": []}",,,19.42467505,"{""good"": []}",18151.5,"{""good"": []}",0.0,"{""good"": []}",NSW,"{""good"": []}",80.95,"{""good"": []}",,,15.54942079,"{""good"": []}",,,14.42819073,"{""good"": []}",179.8191752,"{""good"": []}",25.211375,"{""good"": []}"
2026-09-30 10:23:00+00:00,Aberdaron Automatic Weather Station,-4.74,52.79,0.0,"{""good"": []}",995.09,"{""good"": []}",,,17.14977978,"{""good"": []}",,,,,0.0,"{""good"": []}",,"{""good"": []}",,"{""good"": []}",0.0,"{""good"": []}",,"{""good"": []}",,"{""good"": []}",0.0,"{""good"": []}",,,438.1439778,"{""good"": []}",,,1.0,"{""good"": []}",,,1.0,"{""good"": []}",,,19.46039589,"{""good"": []}",17123.0,"{""good"": []}",0.0,"{""good"": []}",NSW,"{""good"": []}",80.85,"{""good"": []}",,,15.54916341,"{""good"": []}",,,14.42819073,"{""good"": []}",180.4722318,"{""good"": []}",26.04191667,"{""good"": []}"
2026-09-30 10:24:00+00:00,Aberdaron Automatic Weather Station,-4.74,52.79,0.0,"{""good"": []}",995.055,"{""good"": []}",,,17.14120174,"{""good"": []}",,,,,0.0,"{""good"": []}",,"{""good"": []}",,"{""good"": []}",0.0,"{""good"": []}",,"{""good"": []}",,"{""good"": []}",0.0,"{""good"": []}",,,439.8625829,"{""good"": []}",,,1.0,"{""good"": []}",,,1.0,"{""good"": []}",,,19.46628938,"{""good"": []}",16869.0,"{""good"": []}",0.0,"{""good"": []}",NSW,"{""good"": []}",80.75,"{""good"": []}",,,15.54921588,"{""good"": []}",,,14.42819323,"{""good"": []}",179.604439,"{""good"": []}",25.38183333,"{""good"": []}"
2026-09-30 10:25:00+00:00,Aberdaron Automatic Weather Station,-4.74,52.79,0.0,"{""good"": []}",995.065,"{""good"": []}",,,17.16244285,"{""good"": []}",,,,,0.0,"{""good"": []}",,"{""good"": []}",,"{""good"": []}",0.0,"{""good"": []}",,"{""good"": []}",,"{""good"": []}",0.0,"{""good"": []}",,,441.5739777,"{""good"": []}",,,1.0,"{""good"": []}",,,1.0,"{""good"": []}",,,19.4584314,"{""good"": []}",17429.0,"{""good"": []}",0.0,"{""good"": []}",NSW,"{""good"": []}",80.7,"{""good"": []}",,,15.54921588,"{""good"": []}",,,14.42794078,"{""good"": []}",179.8142219,"{""good"": []}",25.52658333,"{""good"": []}"
2026-09-30 10:26:00+00:00,Aberdaron Automatic Weather Station,-4.74,52.79,0.0,"{""good"": []}",995.055,"{""good"": []}",,,17.15754933,"{""good"": []}",,,,,0.0,"{""good"": []}",,"{""good"": []}",,"{""good"": []}",0.0,"{""good"": []}",,"{""good"": []}",,"{""good"": []}",0.0,"{""good"": []}",,,443.3008915,"{""good"": []}",,,1.0,"{""good"": []}",,,1.0,"{""good"": []}",,,19.48790384,"{""good"": []}",17420.5,"{""good"": []}",0.0,"{""good"": []}",NSW,"{""good"": []}",80.55,"{""good"": []}",,,15.54901348,"{""good"": []}",,,14.4278408,"{""good"": []}",180.6031499,"{""good"": []}",25.00375,"{""good"": []}"
2026-09-30 10:27:00+00:00,Aberdaron Automatic Weather Station,-4.74,52.79,0.0,"{""good"": []}",995.095,"{""good"": []}",,,17.17854014,"{""good"": []}",,,,,0.0,"{""good"": []}",,"{""good"": []}",,"{""good"": []}",0.0,"{""good"": []}",,"{""good"": []}",,"{""good"": []}",0.0,"{""good"": []}",,,445.0259978,"{""good"": []}",,,1.0,"{""good"": []}",,,1.0,"{""good"": []}",,,19.54247235,"{""good"": []}",17422.5,"{""good"": []}",0.0,"{""good"": []}",NSW,"{""good"": []}",80.85,"{""good"": []}",,,15.54906095,"{""good"": []}",,,14.42774082,"{""good"": []}",181.8111773,"{""good"": []}",24.93545833,"{""good"": []}"
2026-09-30 10:28:00+00:00,Aberdaron Automatic Weather Station,-4.74,52.79,0.0,"{""good"": []}",995.105,"{""good"": []}",,,17.18348372,"{""good"": []}",,,,,0.0,"{""good"": []}",,"{""good"": []}",,"{""good"": []}",0.0,"{""good"": []}",,"{""good"": []}",,"{""good"": []}",0.0,"{""good"": []}",,,446.7207028,"{""good"": []}",,,1.0,"{""good"": []}",,,1.0,"{""good"": []}",,,19.55033283,"{""good"": []}",16791.5,"{""good"": []}",0.0,"{""good"": []}",NSW,"{""good"": []}",81.0,"{""good"": []}",,,15.54921338,"{""good"": []}",,,14.42754087,"{""good"": []}",181.4319221,"{""good"": []}",27.79720833,"{""good"": []}"
2026-09-30 10:29:00+00:00,Aberdaron Automatic Weather Station,-4.74,52.79,0.0,"{""good"": []}",995.17,"{""good"": []}",,,17.17182939,"{""good"": []}",,,,,0.0,"{""good"": []}",,"{""good"": []}",,"{""good"": []}",0.0,"{""good"": []}",,"{""good"": []}",,"{""good"": []}",0.0,"{""good"": []}",,,448.342456,"{""good"": []}",,,1.0,"{""good"": []}",,,1.0,"{""good"": []}",,,19.4993434,"{""good"": []}",16521.0,"{""good"": []}",0.0,"{""good"": []}",NSW,"{""good"": []}",80.75,"{""good"": []}",,,15.54891103,"{""good"": []}",,,14.42759086,"{""good"": []}",181.8029615,"{""good"": []}",25.259875,"{""good"": []}"
2026-09-30 10:30:00+00:00,Aberdaron Automatic Weather Station,-4.74,52.79,0.0,"{""good"": []}",995.125,"{""good"": []}",,,17.19594904,"{""good"": []}",,,,,0.0,"{""good"": []}",,"{""good"": []}",,"{""good"": []}",0.0,"{""good"": []}",,"{""good"": []}",,"{""good"": []}",0.0,"{""good"": []}",,,449.9803806,"{""good"": []}",,,1.0,"{""good"": []}",,,1.0,"{""good"": []}",,,19.54398446,"{""good"": []}",16394.5,"{""good"": []}",0.0,"{""good"": []}",NSW,"{""good"": []}",80.975,"{""good"": []}",,,15.54906095,"{""good"": []}",,,14.42719094,"{""good"": []}",181.6394466,"{""good"": []}",25.98833333,"{""good"": []}"
2026-09-30 10:31:00+00:00,Aberdaron Automatic Weather Station,-4.74,52.79,0.0,"{""good"": []}",995.165,"{""good"": []}",,,17.22218629,"{""good"": []}",,,,,0.0,"{""good"": []}",,"{""good"": []}",,"{""good"": []}",0.0,"{""good"": []}",,"{""good"": []}",,"{""good"": []}",0.0,"{""good"": []}",,,451.5598558,"{""good"": []}",,,1.0,"{""good"": []}",,,1.0,"{""good"": []}",,,19.54776099,"{""good"": []}",16874.5,"{""good"": []}",0.0,"{""good"": []}",NSW,"{""good"": []}",81.125,"{""good"": []}",,,15.5489635,"{""good"": []}",,,14.42719094,"{""good"": []}",181.3187217,"{""good"": []}",23.59783333,"{""good"": []}"
2026-09-30 10:32:00+00:00,Aberdaron Automatic Weather Station,-4.74,52.79,0.0,"{""good"": []}",995.17,"{""good"": []}",,,17.20447702,"{""good"": []}",,,,,0.0,"{""good"": []}",,"{""good"": []}",,"{""good"": []}",0.0,"{""good"": []}",,"{""good"": []}",,"{""good"": []}",0.0,"{""good"": []}",,,453.1662869,"{""good"": []}",,,1.0,"{""good"": []}",,,1.0,"{""good"": []}",,,19.62202445,"{""good"": []}",16776.0,"{""good"": []}",0.0,"{""good"": []}",NSW,"{""good"": []}",80.9,"{""good"": []}",,,15.548961,"{""good"": []}",,,14.4273909,"{""good"": []}",181.119987,"{""good"": []}",27.45870833,"{""good"": []}"
2026-09-30 10:33:00+00:00,Aberdaron Automatic Weather Station,-4.74,52.79,0.0,"{""good"": []}",995.175,"{""good"": []}",,,17.20603894,"{""good"": []}",,,,,0.0,"{""good"": []}",,"{""good"": []}",,"{""good"": []}",0.0,"{""good"": []}",,"{""good"": []}",,"{""good"": []}",0.0,"{""good"": []}",,,454.8331995,"{""good"": []}",,,1.0,"{""good"": []}",,,1.0,"{""good"": []}",,,19.60953015,"{""good"": []}",17397.5,"{""good"": []}",0.0,"{""good"": []}",NSW,"{""good"": []}",80.45,"{""good"": []}",,,15.54921588,"{""good"": []}",,,14.42714095,"{""good"": []}",183.494787,"{""good"": []}",25.495375,"{""good"": []}"
2026-09-30 10:34:00+00:00,Aberdaron Automatic Weather Station,-4.74,52.79,0.0,"{""good"": []}",995.14,"{""good"": []}",,,17.25957475,"{""good"": []}",,,,,0.0,"{""good"": []}",,"{""good"": []}",,"{""good"": []}",0.0,"{""good"": []}",,"{""good"": []}",,"{""good"": []}",0.0,"{""good"": []}",,,456.512318,"{""good"": []}",,,1.0,"{""good"": []}",,,1.0,"{""good"": []}",,,19.64308404,"{""good"": []}",17012.5,"{""good"": []}",0.0,"{""good"": []}",NSW,"{""good"": []}",80.5,"{""good"": []}",,,15.548961,"{""good"": []}",,,14.42703847,"{""good"": []}",182.5824595,"{""good"": []}",26.09041667,"{""good"": []}"
2026-09-30 10:35:00+00:00,Aberdaron Automatic Weather Station,-4.74,52.79,0.0,"{""good"": []}",995.155,"{""good"": []}",,,17.30009706,"{""good"": []}",,,,,0.0,"{""good"": []}",,"{""good"": []}",,"{""good"": []}",0.0,"{""good"": []}",,"{""good"": []}",,"{""good"": []}",0.0,"{""good"": []}",,,458.1466895,"{""good"": []}",,,1.0,"{""good"": []}",,,1.0,"{""good"": []}",,,19.63850272,"{""good"": []}",17341.5,"{""good"": []}",0.0,"{""good"": []}",NSW,"{""good"": []}",80.775,"{""good"": []}",,,15.5487611,"{""good"": []}",,,14.42678102,"{""good"": []}",182.8964977,"{""good"": []}",26.74370833,"{""good"": []}"
2026-09-30 10:36:00+00:00,Aberdaron Automatic Weather Station,-4.74,52.79,0.0,"{""good"": []}",995.185,"{""good"": []}",,,17.30251754,"{""good"": []}",,,,,0.0,"{""good"": []}",,"{""good"": []}",,"{""good"": []}",0.0,"{""good"": []}",,"{""good"": []}",,"{""good"": []}",0.0,"{""good"": []}",,,459.7666802,"{""good"": []}",,,1.0,"{""good"": []}",,,1.0,"{""good"": []}",,,19.67528078,"{""good"": []}",17786.5,"{""good"": []}",0.0,"{""good"": []}",NSW,"{""good"": []}",80.105,"{""good"": []}",,,15.548961,"{""good"": []}",,,14.4268835,"{""good"": []}",183.6492261,"{""good"": []}",23.25975,"{""good"": []}"
2026-09-30 10:37:00+00:00,Aberdaron Automatic Weather Station,-4.74,52.79,0.0,"{""good"": []}",995.2,"{""good"": []}",,,17.2902024,"{""good"": []}",,,,,0.0,"{""good"": []}",,"{""good"": []}",,"{""good"": []}",0.0,"{""good"": []}",,"{""good"": []}",,"{""good"": []}",0.0,"{""good"": []}",,,461.3932175,"{""good"": []}",,,1.0,"{""good"": []}",,,1.0,"{""good"": []}",,,19.68410102,"{""good"": []}",17492.0,"{""good"": []}",0.0,"{""good"": []}",NSW,"{""good"": []}",80.16,"{""good"": []}",,,15.54866114,"{""good"": []}",,,14.42658106,"{""good"": []}",183.9006969,"{""good"": []}",25.65958333,"{""good"": []}"
2026-09-30 10:38:00+00:00,Aberdaron Automatic Weather Station,-4.74,52.79,0.0,"{""good"": []}",995.205,"{""good"": []}",,,17.29096083,"{""good"": []}",,,,,0.0,"{""good"": []}",,"{""good"": []}",,"{""good"": []}",0.0,"{""good"": []}",,"{""good"": []}",,"{""good"": []}",0.0,"{""good"": []}",,,463.0076156,"{""good"": []}",,,1.0,"{""good"": []}",,,1.0,"{""good"": []}",,,19.68450342,"{""good"": []}",18154.5,"{""good"": []}",0.0,"{""good"": []}",NSW,"{""good"": []}",80.175,"{""good"": []}",,,15.54871112,"{""good"": []}",,,14.42663105,"{""good"": []}",184.4255825,"{""good"": []}",25.15491667,"{""good"": []}"
2026-09-30 10:39:00+00:00,Aberdaron Automatic Weather Station,-4.74,52.79,0.0,"{""good"": []}",995.225,"{""good"": []}",,,17.29843001,"{""good"": []}",,,,,0.0,"{""good"": []}",,"{""good"": []}",,"{""good"": []}",0.0,"{""good"": []}",,"{""good"": []}",,"{""good"": []}",0.0,"{""good"": []}",,,464.6089794,"{""good"": []}",,,1.0,"{""good"": []}",,,1.0,"{""good"": []}",,,19.73911691,"{""good"": []}",16979.0,"{""good"": []}",0.0,"{""good"": []}",NSW,"{""good"": []}",80.225,"{""good"": []}",,,15.54871112,"{""good"": []}",,,14.4263811,"{""good"": []}",185.1082102,"{""good"": []}",23.92666667,"{""good"": []}"
2026-09-30 10:40:00+00:00,Aberdaron Automatic Weather Station,-4.74,52.79,0.0,"{""good"": []}",995.225,"{""good"": []}",,,17.3281991,"{""good"": []}",,,,,0.0,"{""good"": []}",,"{""good"": []}",,"{""good"": []}",0.0,"{""good"": []}",,"{""good"": []}",,"{""good"": []}",0.0,"{""good"": []}",,,466.214594,"{""good"": []}",,,1.0,"{""good"": []}",,,1.0,"{""good"": []}",,,19.83605705,"{""good"": []}",17961.0,"{""good"": []}",0.0,"{""good"": []}",NSW,"{""good"": []}",79.845,"{""good"": []}",,,15.54871112,"{""good"": []}",,,14.42648108,"{""good"": []}",180.8100032,"{""good"": []}",24.19516667,"{""good"": []}"
2026-09-30 10:41:00+00:00,Aberdaron Automatic Weather Station,-4.74,52.79,0.0,"{""good"": []}",995.285,"{""good"": []}",,,17.36503439,"{""good"": []}",,,,,0.0,"{""good"": []}",,"{""good"": []}",,"{""good"": []}",0.0,"{""good"": []}",,"{""good"": []}",,"{""good"": []}",0.0,"{""good"": []}",,,467.7748496,"{""good"": []}",,,1.0,"{""good"": []}",,,1.0,"{""good"": []}",,,19.98277192,"{""good"": []}",18239.5,"{""good"": []}",0.0,"{""good"": []}",NSW,"{""good"": []}",79.8525,"{""good"": []}",,,15.54856119,"{""good"": []}",,,14.42628112,"{""good"": []}",185.4882516,"{""good"": []}",23.38145833,"{""good"": []}"
2026-09-30 10:42:00+00:00,Aberdaron Automatic Weather Station,-4.74,52.79,0.0,"{""good"": []}",995.28,"{""good"": []}",,,17.32406152,"{""good"": []}",,,,,0.0,"{""good"": []}",,"{""good"": []}",,"{""good"": []}",0.0,"{""good"": []}",,"{""good"": []}",,"{""good"": []}",0.0,"{""good"": []}",,,469.3404393,"{""good"": []}",,,1.0,"{""good"": []}",,,1.0,"{""good"": []}",,,20.01561849,"{""good"": []}",16294.5,"{""good"": []}",0.0,"{""good"": []}",NSW,"{""good"": []}",79.6,"{""good"": []}",,,15.54866114,"{""good"": []}",,,14.42603118,"{""good"": []}",183.5044317,"{""good"": []}",24.081625,"{""good"": []}"
2026-09-30 10:43:00+00:00,Aberdaron Automatic Weather Station,-4.74,52.79,0.0,"{""good"": []}",995.28,"{""good"": []}",,,17.33597116,"{""good"": []}",,,,,0.0,"{""good"": []}",,"{""good"": []}",,"{""good"": []}",0.0,"{""good"": []}",,"{""good"": []}",,"{""good"": []}",0.0,"{""good"": []}",,,470.9547742,"{""good"": []}",,,1.0,"{""good"": []}",,,1.0,"{""good"": []}",,,19.91918823,"{""good"": []}",16377.5,"{""good"": []}",0.0,"{""good"": []}",NSW,"{""good"": []}",79.63,"{""good"": []}",,,15.54851121,"{""good"": []}",,,14.42598119,"{""good"": []}",184.8108136,"{""good"": []}",22.58329167,"{""good"": []}"
2026-09-30 10:44:00+00:00,Aberdaron Automatic Weather Station,-4.74,52.79,0.0,"{""good"": []}",995.3,"{""good"": []}",,,17.32037699,"{""good"": []}",,,,,0.0,"{""good"": []}",,"{""good"": []}",,"{""good"": []}",0.0,"{""good"": []}",,"{""good"": []}",,"{""good"": []}",0.0,"{""good"": []}",,,472.5410262,"{""good"": []}",,,1.0,"{""good"": []}",,,1.0,"{""good"": []}",,,19.90744624,"{""good"": []}",16888.5,"{""good"": []}",0.0,"{""good"": []}",NSW,"{""good"": []}",79.68,"{""good"": []}",,,15.54856119,"{""good"": []}",,,14.4259287,"{""good"": []}",185.9928215,"{""good"": []}",24.32179167,"{""good"": []}"
2026-09-30 10:45:00+00:00,Aberdaron Automatic Weather Station,-4.74,52.79,0.0,"{""good"": []}",995.305,"{""good"": []}",,,17.36004075,"{""good"": []}",,,,,0.0,"{""good"": []}",,"{""good"": []}",,"{""good"": []}",0.0,"{""good"": []}",,"{""good"": []}",,"{""good"": []}",0.0,"{""good"": []}",,,474.103119,"{""good"": []}",,,1.0,"{""good"": []}",,,1.0,"{""good"": []}",,,19.87147297,"{""good"": []}",16575.0,"{""good"": []}",0.0,"{""good"": []}",NSW,"{""good"": []}",79.42,"{""good"": []}",,,15.54846123,"{""good"": []}",,,14.42572374,"{""good"": []}",183.8907305,"{""good"": []}",25.72866667,"{""good"": []}"
2026-09-30 10:46:00+00:00,Aberdaron Automatic Weather Station,-4.74,52.79,0.0,"{""good"": []}",995.3,"{""good"": []}",,,17.36024099,"{""good"": []}",,,,,0.0,"{""good"": []}",,"{""good"": []}",,"{""good"": []}",0.0,"{""good"": []}",,"{""good"": []}",,"{""good"": []}",0.0,"{""good"": []}",,,475.6874191,"{""good"": []}",,,1.0,"{""good"": []}",,,1.0,"{""good"": []}",,,19.8701633,"{""good"": []}",16680.5,"{""good"": []}",0.0,"{""good"": []}",NSW,"{""good"": []}",79.015,"{""good"": []}",,,15.54846123,"{""good"": []}",,,14.42562126,"{""good"": []}",183.4099409,"{""good"": []}",22.40945833,"{""good"": []}"
2026-09-30 10:47:00+00:00,Aberdaron Automatic Weather Station,-4.74,52.79,0.0,"{""good"": []}",995.3,"{""good"": []}",,,17.36453127,"{""good"": []}",,,,,0.0,"{""good"": []}",,"{""good"": []}",,"{""good"": []}",0.0,"{""good"": []}",,"{""good"": []}",,"{""good"": []}",0.0,"{""good"": []}",,,477.2282536,"{""good"": []}",,,1.0,"{""good"": []}",,,1.0,"{""good"": []}",,,19.94246225,"{""good"": []}",16788.5,"{""good"": []}",0.0,"{""good"": []}",NSW,"{""good"": []}",79.205,"{""good"": []}",,,15.54846123,"{""good"": []}",,,14.42562126,"{""good"": []}",183.3399778,"{""good"": []}",24.01008333,"{""good"": []}"
2026-09-30 10:48:00+00:00,Aberdaron Automatic Weather Station,-4.74,52.79,0.0,"{""good"": []}",995.285,"{""good"": []}",,,17.39727402,"{""good"": []}",,,,,0.0,"{""good"": []}",,"{""good"": []}",,"{""good"": []}",0.0,"{""good"": []}",,"{""good"": []}",,"{""good"": []}",0.0,"{""good"": []}",,,478.7045882,"{""good"": []}",,,1.0,"{""good"": []}",,,1.0,"{""good"": []}",,,19.98977512,"{""good"": []}",16792.0,"{""good"": []}",0.0,"{""good"": []}",NSW,"{""good"": []}",79.88,"{""good"": []}",,,15.54841125,"{""good"": []}",,,14.42557127,"{""good"": []}",182.9249045,"{""good"": []}",22.875125,"{""good"": []}"
2026-09-30 10:49:00+00:00,Aberdaron Automatic Weather Station,-4.74,52.79,0.0,"{""good"": []}",995.3,"{""good"": []}",,,17.37401543,"{""good"": []}",,,,,0.0,"{""good"": []}",,"{""good"": []}",,"{""good"": []}",0.0,"{""good"": []}",,"{""good"": []}",,"{""good"": []}",0.0,"{""good"": []}",,,480.1373676,"{""good"": []}",,,1.0,"{""good"": []}",,,1.0,"{""good"": []}",,,20.00368156,"{""good"": []}",16207.5,"{""good"": []}",0.0,"{""good"": []}",NSW,"{""good"": []}",79.2425,"{""good"": []}",,,15.54841125,"{""good"": []}",,,14.42537131,"{""good"": []}",181.5847595,"{""good"": []}",24.642125,"{""good"": []}"
2026-09-30 10:50:00+00:00,Aberdaron Automatic Weather Station,-4.74,52.79,0.0,"{""good"": []}",995.33,"{""good"": []}",,,17.40252297,"{""good"": []}",,,,,0.0,"{""good"": []}",,"{""good"": []}",,"{""good"": []}",0.0,"{""good"": []}",,"{""good"": []}",,"{""good"": []}",0.0,"{""good"": []}",,,481.595023,"{""good"": []}",,,1.0,"{""good"": []}",,,1.0,"{""good"": []}",,,20.02620078,"{""good"": []}",16724.0,"{""good"": []}",0.0,"{""good"": []}",NSW,"{""good"": []}",79.2,"{""good"": []}",,,15.54836128,"{""good"": []}",,,14.42532132,"{""good"": []}",180.2062143,"{""good"": []}",24.10945833,"{""good"": []}"
2026-09-30 10:51:00+00:00,Aberdaron Automatic Weather Station,-4.74,52.79,0.0,"{""good"": []}",995.365,"{""good"": []}",,,17.39293869,"{""good"": []}",,,,,0.0,"{""good"": []}",,"{""good"": []}",,"{""good"": []}",0.0,"{""good"": []}",,"{""good"": []}",,"{""good"": []}",0.0,"{""good"": []}",,,483.0830809,"{""good"": []}",,,1.0,"{""good"": []}",,,1.0,"{""good"": []}",,,20.09386593,"{""good"": []}",16957.5,"{""good"": []}",0.0,"{""good"": []}",NSW,"{""good"": []}",78.67,"{""good"": []}",,,15.5483088,"{""good"": []}",,,14.42537131,"{""good"": []}",181.4803881,"{""good"": []}",25.26454167,"{""good"": []}"
2026-09-30 10:52:00+00:00,Aberdaron Automatic Weather Station,-4.74,52.79,0.0,"{""good"": []}",995.34,"{""good"": []}",,,17.42674274,"{""good"": []}",,,,,0.0,"{""good"": []}",,"{""good"": []}",,"{""good"": []}",0.0,"{""good"": []}",,"{""good"": []}",,"{""good"": []}",0.0,"{""good"": []}",,,484.524481,"{""good"": []}",,,1.0,"{""good"": []}",,,1.0,"{""good"": []}",,,20.10908202,"{""good"": []}",18049.0,"{""good"": []}",0.0,"{""good"": []}",NSW,"{""good"": []}",79.2825,"{""good"": []}",,,15.54841125,"{""good"": []}",,,14.42532132,"{""good"": []}",180.1640581,"{""good"": []}",23.01345833,"{""good"": []}"
2026-09-30 10:53:00+00:00,Aberdaron Automatic Weather Station,-4.74,52.79,0.0,"{""good"": []}",995.385,"{""good"": []}",,,17.43285025,"{""good"": []}",,,,,0.0,"{""good"": []}",,"{""good"": []}",,"{""good"": []}",0.0,"{""good"": []}",,"{""good"": []}",,"{""good"": []}",0.0,"{""good"": []}",,,485.9814747,"{""good"": []}",,,1.0,"{""good"": []}",,,1.0,"{""good"": []}",,,20.12737233,"{""good"": []}",17162.5,"{""good"": []}",0.0,"{""good"": []}",NSW,"{""good"": []}",79.7625,"{""good"": []}",,,15.54821135,"{""good"": []}",,,14.42522134,"{""good"": []}",178.9982072,"{""good"": []}",22.784375,"{""good"": []}"
2026-09-30 10:54:00+00:00,Aberdaron Automatic Weather Station,-4.74,52.79,0.0,"{""good"": []}",995.33,"{""good"": []}",,,17.41836745,"{""good"": []}",,,,,0.0,"{""good"": []}",,"{""good"": []}",,"{""good"": []}",0.0,"{""good"": []}",,"{""good"": []}",,"{""good"": []}",0.0,"{""good"": []}",,,487.5048514,"{""good"": []}",,,1.0,"{""good"": []}",,,1.0,"{""good"": []}",,,20.17140604,"{""good"": []}",16839.0,"{""good"": []}",0.0,"{""good"": []}",NSW,"{""good"": []}",79.855,"{""good"": []}",,,15.54826132,"{""good"": []}",,,14.42487141,"{""good"": []}",179.0592877,"{""good"": []}",20.994875,"{""good"": []}"
2026-09-30 10:55:00+00:00,Aberdaron Automatic Weather Station,-4.74,52.79,0.0,"{""good"": []}",995.33,"{""good"": []}",,,17.42381665,"{""good"": []}",,,,,0.0,"{""good"": []}",,"{""good"": []}",,"{""good"": []}",0.0,"{""good"": []}",,"{""good"": []}",,"{""good"": []}",0.0,"{""good"": []}",,,489.0792551,"{""good"": []}",,,1.0,"{""good"": []}",,,1.0,"{""good"": []}",,,20.23957355,"{""good"": []}",16327.5,"{""good"": []}",0.0,"{""good"": []}",NSW,"{""good"": []}",80.275,"{""good"": []}",,,15.54810889,"{""good"": []}",,,14.42497139,"{""good"": []}",179.3495928,"{""good"": []}",20.47145833,"{""good"": []}"
2026-09-30 10:56:00+00:00,Aberdaron Automatic Weather Station,-4.74,52.79,0.0,"{""good"": []}",995.37,"{""good"": []}",,,17.48335984,"{""good"": []}",,,,,0.0,"{""good"": []}",,"{""good"": []}",,"{""good"": []}",0.0,"{""good"": []}",,"{""good"": []}",,"{""good"": []}",0.0,"{""good"": []}",,,490.6987648,"{""good"": []}",,,1.0,"{""good"": []}",,,1.0,"{""good"": []}",,,20.34069512,"{""good"": []}",15658.5,"{""good"": []}",0.0,"{""good"": []}",NSW,"{""good"": []}",80.875,"{""good"": []}",,,15.54805892,"{""good"": []}",,,14.42512136,"{""good"": []}",178.338276,"{""good"": []}",20.33783333,"{""good"": []}"
2026-09-30 10:57:00+00:00,Aberdaron Automatic Weather Station,-4.74,52.79,0.0,"{""good"": []}",995.325,"{""good"": []}",,,17.59320737,"{""good"": []}",,,,,0.0,"{""good"": []}",,"{""good"": []}",,"{""good"": []}",0.0,"{""good"": []}",,"{""good"": []}",,"{""good"": []}",0.0,"{""good"": []}",,,492.2554953,"{""good"": []}",,,1.0,"{""good"": []}",,,1.0,"{""good"": []}",,,20.50151887,"{""good"": []}",15840.0,"{""good"": []}",0.0,"{""good"": []}",NSW,"{""good"": []}",81.625,"{""good"": []}",,,15.54805892,"{""good"": []}",,,14.42512136,"{""good"": []}",178.7171709,"{""good"": []}",18.90366667,"{""good"": []}"
2026-09-30 10:58:00+00:00,Aberdaron Automatic Weather Station,-4.74,52.79,0.0,"{""good"": []}",995.3,"{""good"": []}",,,17.54849991,"{""good"": []}",,,,,0.0,"{""good"": []}",,"{""good"": []}",,"{""good"": []}",0.0,"{""good"": []}",,"{""good"": []}",,"{""good"": []}",0.0,"{""good"": []}",,,493.8215341,"{""good"": []}",,,1.0,"{""good"": []}",,,1.0,"{""good"": []}",,,20.56746696,"{""good"": []}",15554.0,"{""good"": []}",0.0,"{""good"": []}",NSW,"{""good"": []}",80.975,"{""good"": []}",,,15.54800644,"{""good"": []}",,,14.42487141,"{""good"": []}",178.5072253,"{""good"": []}",20.80495833,"{""good"": []}"
2026-09-30 10:59:00+00:00,Aberdaron Automatic Weather Station,-4.74,52.79,0.0,"{""good"": []}",995.29,"{""good"": []}",,,17.5152991,"{""good"": []}",,,,,0.0,"{""good"": []}",,"{""good"": []}",,"{""good"": []}",0.0,"{""good"": []}",,"{""good"": []}",,"{""good"": []}",0.0,"{""good"": []}",,,495.3100907,"{""good"": []}",,,1.0,"{""good"": []}",,,1.0,"{""good"": []}",,,20.56444773,"{""good"": []}",16599.5,"{""good"": []}",0.0,"{""good"": []}",NSW,"{""good"": []}",79.735,"{""good"": []}",,,15.54790399,"{""good"": []}",,,14.42472144,"{""good"": []}",178.6137536,"{""good"": []}",22.55341667,"{""good"": []}"
2026-09-30 11:00:00+00:00,Aberdaron Automatic Weather Station,-4.74,52.79,0.0,"{""good"": []}",995.31,"{""good"": []}",,,17.55672502,"{""good"": []}",,,,,0.0,"{""good"": []}",,"{""good"": []}",,"{""good"": []}",0.0,"{""good"": []}",,"{""good"": []}",,"{""good"": []}",0.0,"{""good"": []}",,,496.8067396,"{""good"": []}",,,1.0,"{""good"": []}",,,1.0,"{""good"": []}",,,20.50040916,"{""good"": []}",17381.0,"{""good"": []}",0.0,"{""good"": []}",NSW,"{""good"": []}",80.155,"{""good"": []}",,,15.54790399,"{""good"": []}",,,14.42472144,"{""good"": []}",176.7860559,"{""good"": []}",19.54691667,"{""good"": []}"
2026-09-30 11:01:00+00:00,Aberdaron Automatic Weather Station,-4.74,52.79,0.0,"{""good"": []}",995.3,"{""good"": []}",,,17.56636187,"{""good"": []}",,,,,0.0,"{""good"": []}",,"{""good"": []}",,"{""good"": []}",0.0,"{""good"": []}",,"{""good"": []}",,"{""good"": []}",0.0,"{""good"": []}",,,498.2060811,"{""good"": []}",,,1.0,"{""good"": []}",,,1.0,"{""good"": []}",,,20.5431332,"{""good"": []}",15714.0,"{""good"": []}",0.0,"{""good"": []}",NSW,"{""good"": []}",80.2125,"{""good"": []}",,,15.54805642,"{""good"": []}",,,14.42461646,"{""good"": []}",178.140144,"{""good"": []}",20.436875,"{""good"": []}"
2026-09-30 11:02:00+00:00,Aberdaron Automatic Weather Station,-4.74,52.79,0.0,"{""good"": []}",995.305,"{""good"": []}",,,17.64669312,"{""good"": []}",,,,,0.0,"{""good"": []}",,"{""good"": []}",,"{""good"": []}",0.0,"{""good"": []}",,"{""good"": []}",,"{""good"": []}",0.0,"{""good"": []}",,,499.550806,"{""good"": []}",,,1.0,"{""good"": []}",,,1.0,"{""good"": []}",,,20.62470478,"{""good"": []}",15885.5,"{""good"": []}",0.0,"{""good"": []}",NSW,"{""good"": []}",80.65,"{""good"": []}",,,15.54785151,"{""good"": []}",,,14.42441401,"{""good"": []}",177.1826934,"{""good"": []}",19.76329167,"{""good"": []}"
2026-09-30 11:03:00+00:00,Aberdaron Automatic Weather Station,-4.74,52.79,0.0,"{""good"": []}",995.315,"{""good"": []}",,,17.6483076,"{""good"": []}",,,,,0.0,"{""good"": []}",,"{""good"": []}",,"{""good"": []}",0.0,"{""good"": []}",,"{""good"": []}",,"{""good"": []}",0.0,"{""good"": []}",,,500.8569488,"{""good"": []}",,,1.0,"{""good"": []}",,,1.0,"{""good"": []}",,,20.75595361,"{""good"": []}",16263.0,"{""good"": []}",0.0,"{""good"": []}",NSW,"{""good"": []}",80.85,"{""good"": []}",,,15.54775156,"{""good"": []}",,,14.42456647,"{""good"": []}",175.9516025,"{""good"": []}",19.819375,"{""good"": []}"
2026-09-30 11:04:00+00:00,Aberdaron Automatic Weather Station,-4.74,52.79,0.0,"{""good"": []}",995.36,"{""good"": []}",,,17.65845007,"{""good"": []}",,,,,0.0,"{""good"": []}",,"{""good"": []}",,"{""good"": []}",0.0,"{""good"": []}",,"{""good"": []}",,"{""good"": []}",0.0,"{""good"": []}",,,502.1865486,"{""good"": []}",,,1.0,"{""good"": []}",,,1.0,"{""good"": []}",,,20.78830032,"{""good"": []}",15896.0,"{""good"": []}",0.0,"{""good"": []}",NSW,"{""good"": []}",80.675,"{""good"": []}",,,15.54770158,"{""good"": []}",,,14.42451648,"{""good"": []}",175.4814119,"{""good"": []}",19.387,"{""good"": []}"
2026-09-30 11:05:00+00:00,Aberdaron Automatic Weather Station,-4.74,52.79,0.0,"{""good"": []}",995.385,"{""good"": []}",,,17.70441657,"{""good"": []}",,,,,0.0,"{""good"": []}",,"{""good"": []}",,"{""good"": []}",0.0,"{""good"": []}",,"{""good"": []}",,"{""good"": []}",0.0,"{""good"": []}",,,503.4666758,"{""good"": []}",,,1.0,"{""good"": []}",,,1.0,"{""good"": []}",,,20.80356391,"{""good"": []}",16334.0,"{""good"": []}",0.0,"{""good"": []}",NSW,"{""good"": []}",81.125,"{""good"": []}",,,15.54770158,"{""good"": []}",,,14.42426154,"{""good"": []}",173.8698501,"{""good"": []}",16.83508333,"{""good"": []}"
2026-09-30 11:06:00+00:00,Aberdaron Automatic Weather Station,-4.74,52.79,0.0,"{""good"": []}",995.44,"{""good"": []}",,,17.76774192,"{""good"": []}",,,,,0.0,"{""good"": []}",,"{""good"": []}",,"{""good"": []}",0.0,"{""good"": []}",,"{""good"": []}",,"{""good"": []}",0.0,"{""good"": []}",,,504.7851902,"{""good"": []}",,,1.0,"{""good"": []}",,,1.0,"{""good"": []}",,,20.88795726,"{""good"": []}",15356.0,"{""good"": []}",0.0,"{""good"": []}",NSW,"{""good"": []}",81.775,"{""good"": []}",,,15.54770158,"{""good"": []}",,,14.424464,"{""good"": []}",172.4862196,"{""good"": []}",17.772125,"{""good"": []}"
2026-09-30 11:07:00+00:00,Aberdaron Automatic Weather Station,-4.74,52.79,0.0,"{""good"": []}",995.455,"{""good"": []}",,,17.76239535,"{""good"": []}",,,,,0.0,"{""good"": []}",,"{""good"": []}",,"{""good"": []}",0.0,"{""good"": []}",,"{""good"": []}",,"{""good"": []}",0.0,"{""good"": []}",,,506.1711649,"{""good"": []}",,,1.0,"{""good"": []}",,,1.0,"{""good"": []}",,,20.92130871,"{""good"": []}",15143.5,"{""good"": []}",0.0,"{""good"": []}",NSW,"{""good"": []}",81.9,"{""good"": []}",,,15.54785401,"{""good"": []}",,,14.42436402,"{""good"": []}",173.0512401,"{""good"": []}",18.518,"{""good"": []}"
2026-09-30 11:08:00+00:00,Aberdaron Automatic Weather Station,-4.74,52.79,0.0,"{""good"": []}",995.475,"{""good"": []}",,,17.74872104,"{""good"": []}",,,,,0.0,"{""good"": []}",,"{""good"": []}",,"{""good"": []}",0.0,"{""good"": []}",,"{""good"": []}",,"{""good"": []}",0.0,"{""good"": []}",,,507.5235848,"{""good"": []}",,,1.0,"{""good"": []}",,,1.0,"{""good"": []}",,,20.95043123,"{""good"": []}",14927.5,"{""good"": []}",0.0,"{""good"": []}",NSW,"{""good"": []}",81.75,"{""good"": []}",,,15.54765161,"{""good"": []}",,,14.42426154,"{""good"": []}",173.4550378,"{""good"": []}",16.42141667,"{""good"": []}"
2026-09-30 11:09:00+00:00,Aberdaron Automatic Weather Station,-4.74,52.79,0.0,"{""good"": []}",995.465,"{""good"": []}",,,17.74917409,"{""good"": []}",,,,,0.0,"{""good"": []}",,"{""good"": []}",,"{""good"": []}",0.0,"{""good"": []}",,"{""good"": []}",,"{""good"": []}",0.0,"{""good"": []}",,,508.913015,"{""good"": []}",,,1.0,"{""good"": []}",,,1.0,"{""good"": []}",,,21.09382696,"{""good"": []}",15048.5,"{""good"": []}",0.0,"{""good"": []}",NSW,"{""good"": []}",81.575,"{""good"": []}",,,15.54770408,"{""good"": []}",,,14.42416156,"{""good"": []}",173.9864045,"{""good"": []}",15.2765,"{""good"": []}"
2026-09-30 11:10:00+00:00,Aberdaron Automatic Weather Station,-4.74,52.79,0.0,"{""good"": []}",995.485,"{""good"": []}",,,17.82652418,"{""good"": []}",,,,,0.0,"{""good"": []}",,"{""good"": []}",,"{""good"": []}",0.0,"{""good"": []}",,"{""good"": []}",,"{""good"": []}",0.0,"{""good"": []}",,,510.0871796,"{""good"": []}",,,1.0,"{""good"": []}",,,1.0,"{""good"": []}",,,21.21474345,"{""good"": []}",14881.0,"{""good"": []}",0.0,"{""good"": []}",NSW,"{""good"": []}",82.025,"{""good"": []}",,,15.54780153,"{""good"": []}",,,14.42426154,"{""good"": []}",174.8809064,"{""good"": []}",16.187375,"{""good"": []}"
2026-09-30 11:11:00+00:00,Aberdaron Automatic Weather Station,-4.74,52.79,0.0,"{""good"": []}",995.505,"{""good"": []}",,,17.70754542,"{""good"": []}",,,,,0.0,"{""good"": []}",,"{""good"": []}",,"{""good"": []}",0.0,"{""good"": []}",,"{""good"": []}",,"{""good"": []}",0.0,"{""good"": []}",,,507.5555003,"{""good"": []}",,,0.9911111111,"{""good"": []}",,,0.0,"{""good"": []}",,,20.7626544,"{""good"": []}",14394.5,"{""good"": []}",0.0,"{""good"": []}",NSW,"{""good"": []}",81.3,"{""good"": []}",,,15.54770158,"{""good"": []}",,,14.42431153,"{""good"": []}",174.5274713,"{""good"": []}",16.97116667,"{""good"": []}"
2026-09-30 11:12:00+00:00,Aberdaron Automatic Weather Station,-4.74,52.79,0.0,"{""good"": []}",995.54,"{""good"": []}",,,17.53512848,"{""good"": []}",,,,,0.0,"{""good"": []}",,"{""good"": []}",,"{""good"": []}",0.0,"{""good"": []}",,"{""good"": []}",,"{""good"": []}",0.0,"{""good"": []}",,,508.7448637,"{""good"": []}",,,0.9911111111,"{""good"": []}",,,1.0,"{""good"": []}",,,20.5271623,"{""good"": []}",14839.0,"{""good"": []}",0.0,"{""good"": []}",NSW,"{""good"": []}",81.0,"{""good"": []}",,,15.54740172,"{""good"": []}",,,14.42421155,"{""good"": []}",176.2798078,"{""good"": []}",17.5825,"{""good"": []}"
2026-09-30 11:13:00+00:00,Aberdaron Automatic Weather Station,-4.74,52.79,0.0,"{""good"": []}",995.53,"{""good"": []}",,,17.63604253,"{""good"": []}",,,,,3100.0,"{""good"": []}",,"{""good"": []}",,"{""good"": []}",1.0,"{""good"": []}",,"{""good"": []}",,"{""good"": []}",1.0,"{""good"": []}",,,509.6296212,"{""good"": []}",,,0.9911111111,"{""good"": []}",,,1.0,"{""good"": []}",,,20.78814786,"{""good"": []}",15053.5,"{""good"": []}",0.0,"{""good"": []}",NSW,"{""good"": []}",81.75,"{""good"": []}",,,15.54750168,"{""good"": []}",,,14.42421155,"{""good"": []}",173.2411537,"{""good"": []}",17.82325,"{""good"": []}"
2026-09-30 11:14:00+00:00,Aberdaron Automatic Weather Station,-4.74,52.79,0.0,"{""good"": []}",995.54,"{""good"": []}",,,17.58043918,"{""good"": []}",,,,,2800.0,"{""good"": []}",,"{""good"": []}",,"{""good"": []}",1.0,"{""good"": []}",,"{""good"": []}",,"{""good"": []}",1.0,"{""good"": []}",,,506.6288032,"{""good"": []}",,,0.9911111111,"{""good"": []}",,,0.0,"{""suspect"": [""1 case(s) of \""qc consistency check failed: expected radiation_sun_1_minute_mean to be above 0 if sunshine_1_minute_mean is above 0\""""]}",,,20.37072242,"{""good"": []}",15076.5,"{""good"": []}",0.0,"{""good"": []}",NSW,"{""good"": []}",81.25,"{""good"": []}",,,15.54750167,"{""good"": []}",,,14.42406158,"{""good"": []}",173.3064791,"{""good"": []}",17.74158333,"{""good"": []}"
2026-09-30 11:15:00+00:00,Aberdaron Automatic Weather Station,-4.74,52.79,0.0,"{""good"": []}",995.56,"{""good"": []}",,,17.38854829,"{""good"": []}",,,,,2500.0,"{""good"": []}",,"{""good"": []}",,"{""good"": []}",1.0,"{""good"": []}",,"{""good"": []}",,"{""good"": []}",1.0,"{""good"": []}",,,506.9554505,"{""good"": []}",,,0.9911111111,"{""good"": []}",,,1.0,"{""good"": []}",,,19.86003589,"{""good"": []}",15531.5,"{""good"": []}",0.0,"{""good"": []}",NSW,"{""good"": []}",80.875,"{""good"": []}",,,15.54730177,"{""good"": []}",,,14.42406158,"{""good"": []}",174.2614509,"{""good"": []}",16.56695833,"{""good"": []}"
2026-09-30 11:16:00+00:00,Aberdaron Automatic Weather Station,-4.74,52.79,0.0,"{""good"": []}",995.54,"{""good"": []}",,,17.46696218,"{""good"": []}",,,,,2100.0,"{""good"": []}",,"{""good"": []}",,"{""good"": []}",1.0,"{""good"": []}",,"{""good"": []}",,"{""good"": []}",1.0,"{""good"": []}",,,509.0838584,"{""good"": []}",,,0.9911111111,"{""good"": []}",,,1.0,"{""good"": []}",,,20.44685289,"{""good"": []}",15587.0,"{""good"": []}",0.0,"{""good"": []}",NSW,"{""good"": []}",81.7,"{""good"": []}",,,15.54750168,"{""good"": []}",,,14.42386162,"{""good"": []}",174.101106,"{""good"": []}",17.51129167,"{""good"": []}"
2026-09-30 11:17:00+00:00,Aberdaron Automatic Weather Station,-4.74,52.79,0.0,"{""good"": []}",995.545,"{""good"": []}",,,17.69957062,"{""good"": []}",,,,,2100.0,"{""good"": []}",2700.0,"{""good"": []}",,"{""good"": []}",1.0,"{""good"": []}",2.0,"{""good"": []}",,"{""good"": []}",3.0,"{""good"": []}",,,510.5745659,"{""good"": []}",,,0.9911111111,"{""good"": []}",,,1.0,"{""good"": []}",,,20.92690227,"{""good"": []}",16379.5,"{""good"": []}",0.0,"{""good"": []}",NSW,"{""good"": []}",81.925,"{""good"": []}",,,15.54735175,"{""good"": []}",,,14.42401159,"{""good"": []}",179.025177,"{""good"": []}",19.27870833,"{""good"": []}"
2026-09-30 11:18:00+00:00,Aberdaron Automatic Weather Station,-4.74,52.79,0.0,"{""good"": []}",995.555,"{""good"": []}",,,17.71456155,"{""good"": []}",,,,,2100.0,"{""good"": []}",2700.0,"{""good"": []}",,"{""good"": []}",1.0,"{""good"": []}",2.0,"{""good"": []}",,"{""good"": []}",3.0,"{""good"": []}",,,511.9920467,"{""good"": []}",,,0.9911111111,"{""good"": []}",,,1.0,"{""good"": []}",,,21.08803094,"{""good"": []}",16641.0,"{""good"": []}",0.0,"{""good"": []}",NSW,"{""good"": []}",81.275,"{""good"": []}",,,15.54750168,"{""good"": []}",,,14.42381163,"{""good"": []}",178.171316,"{""good"": []}",20.150375,"{""good"": []}"
2026-09-30 11:19:00+00:00,Aberdaron Automatic Weather Station,-4.74,52.79,0.0,"{""good"": []}",995.565,"{""good"": []}",,,17.70421633,"{""good"": []}",,,,,2100.0,"{""good"": []}",2700.0,"{""good"": []}",,"{""good"": []}",1.0,"{""good"": []}",2.0,"{""good"": []}",,"{""good"": []}",3.0,"{""good"": []}",,,513.3086005,"{""good"": []}",,,0.9911111111,"{""good"": []}",,,1.0,"{""good"": []}",,,21.07427447,"{""good"": []}",15511.0,"{""good"": []}",0.0,"{""good"": []}",NSW,"{""good"": []}",80.95,"{""good"": []}",,,15.54730177,"{""good"": []}",,,14.42401159,"{""good"": []}",180.9938243,"{""good"": []}",22.12233333,"{""good"": []}"
2026-09-30 11:20:00+00:00,Aberdaron Automatic Weather Station,-4.74,52.79,0.0,"{""good"": []}",995.54,"{""good"": []}",,,17.68080255,"{""good"": []}",,,,,2100.0,"{""good"": []}",2700.0,"{""good"": []}",,"{""good"": []}",1.0,"{""good"": []}",2.0,"{""good"": []}",,"{""good"": []}",3.0,"{""good"": []}",,,513.1218461,"{""good"": []}",,,0.9911111111,"{""good"": []}",,,1.0,"{""good"": []}",,,21.00273032,"{""good"": []}",15692.5,"{""good"": []}",0.0,"{""good"": []}",NSW,"{""good"": []}",80.675,"{""good"": []}",,,15.54730177,"{""good"": []}",,,14.4239616,"{""good"": []}",176.9828407,"{""good"": []}",18.91883333,"{""good"": []}"
2026-09-30 11:21:00+00:00,Aberdaron Automatic Weather Station,-4.74,52.79,0.0,"{""good"": []}",995.51,"{""good"": []}",,,17.57842169,"{""good"": []}",,,,,2100.0,"{""good"": []}",2700.0,"{""good"": []}",,"{""good"": []}",1.0,"{""good"": []}",2.0,"{""good"": []}",,"{""good"": []}",3.0,"{""good"": []}",,,513.2091795,"{""good"": []}",,,0.9891666667,"{""good"": []}",,,1.0,"{""good"": []}",,,20.50957931,"{""good"": []}",16502.5,"{""good"": []}",0.0,"{""good"": []}",NSW,"{""good"": []}",79.8925,"{""good"": []}",,,15.54725179,"{""good"": []}",,,14.4239616,"{""good"": []}",180.2064625,"{""good"": []}",25.70620833,"{""good"": []}"
2026-09-30 11:22:00+00:00,Aberdaron Automatic Weather Station,-4.74,52.79,0.0,"{""good"": []}",995.575,"{""good"": []}",,,17.40524882,"{""good"": []}",,,,,2100.0,"{""good"": []}",2700.0,"{""good"": []}",,"{""good"": []}",1.0,"{""good"": []}",2.0,"{""good"": []}",,"{""good"": []}",3.0,"{""good"": []}",,,514.6651427,"{""good"": []}",,,0.9891666667,"{""good"": []}",,,1.0,"{""good"": []}",,,20.44433354,"{""good"": []}",17751.5,"{""good"": []}",0.0,"{""good"": []}",NSW,"{""good"": []}",78.05,"{""good"": []}",,,15.54715184,"{""good"": []}",,,14.4239616,"{""good"": []}",179.5791572,"{""good"": []}",27.41070833,"{""good"": []}"
2026-09-30 11:23:00+00:00,Aberdaron Automatic Weather Station,-4.74,52.79,0.0,"{""good"": []}",995.52,"{""good"": []}",,,17.45580847,"{""good"": []}",,,,,2100.0,"{""good"": []}",2700.0,"{""good"": []}",,"{""good"": []}",1.0,"{""good"": []}",2.0,"{""good"": []}",,"{""good"": []}",3.0,"{""good"": []}",,,515.9830709,"{""good"": []}",,,0.9891666667,"{""good"": []}",,,1.0,"{""good"": []}",,,20.49813974,"{""good"": []}",19745.5,"{""good"": []}",0.0,"{""good"": []}",NSW,"{""good"": []}",77.85,"{""good"": []}",,,15.54725179,"{""good"": []}",,,14.42381163,"{""good"": []}",180.6648336,"{""good"": []}",24.40175,"{""good"": []}"
2026-09-30 11:24:00+00:00,Aberdaron Automatic Weather Station,-4.74,52.79,0.0,"{""good"": []}",995.555,"{""good"": []}",,,17.49824313,"{""good"": []}",,,,,2100.0,"{""good"": []}",2700.0,"{""good"": []}",,"{""good"": []}",1.0,"{""good"": []}",2.0,"{""good"": []}",,"{""good"": []}",3.0,"{""good"": []}",,,515.1760353,"{""good"": []}",,,0.9863888889,"{""good"": []}",,,1.0,"{""good"": []}",,,20.48595037,"{""good"": []}",19552.5,"{""good"": []}",0.0,"{""good"": []}",NSW,"{""good"": []}",78.14,"{""good"": []}",,,15.54715184,"{""good"": []}",,,14.42371165,"{""good"": []}",179.0234303,"{""good"": []}",25.13070833,"{""good"": []}"
2026-09-30 11:25:00+00:00,Aberdaron Automatic Weather Station,-4.74,52.79,0.0,"{""good"": []}",995.56,"{""good"": []}",,,17.41453524,"{""good"": []}",,,,,2100.0,"{""good"": []}",2700.0,"{""good"": []}",,"{""good"": []}",1.0,"{""good"": []}",2.0,"{""good"": []}",,"{""good"": []}",3.0,"{""good"": []}",,,515.6485773,"{""good"": []}",,,0.9863888889,"{""good"": []}",,,1.0,"{""good"": []}",,,20.07900224,"{""good"": []}",18989.0,"{""good"": []}",0.0,"{""good"": []}",NSW,"{""good"": []}",78.0925,"{""good"": []}",,,15.54725179,"{""good"": []}",,,14.42360917,"{""good"": []}",178.6514537,"{""good"": []}",22.58791667,"{""good"": []}"
2026-09-30 11:26:00+00:00,Aberdaron Automatic Weather Station,-4.74,52.79,0.0,"{""good"": []}",995.595,"{""good"": []}",,,17.48881154,"{""good"": []}",,,,,2100.0,"{""good"": []}",2700.0,"{""good"": []}",,"{""good"": []}",1.0,"{""good"": []}",2.0,"{""good"": []}",,"{""good"": []}",3.0,"{""good"": []}",,,516.8890706,"{""good"": []}",,,0.9863888889,"{""good"": []}",,,1.0,"{""good"": []}",,,20.35222966,"{""good"": []}",18313.5,"{""good"": []}",0.0,"{""good"": []}",NSW,"{""good"": []}",78.455,"{""good"": []}",,,15.54705188,"{""good"": []}",,,14.42360917,"{""good"": []}",177.1680358,"{""good"": []}",21.02491667,"{""good"": []}"
2026-09-30 11:27:00+00:00,Aberdaron Automatic Weather Station,-4.74,52.79,0.0,"{""good"": []}",995.615,"{""good"": []}",,,17.55314312,"{""good"": []}",,,,,2100.0,"{""good"": []}",2700.0,"{""good"": []}",,"{""good"": []}",1.0,"{""good"": []}",2.0,"{""good"": []}",,"{""good"": []}",3.0,"{""good"": []}",,,515.0796658,"{""good"": []}",,,0.985,"{""good"": []}",,,0.0,"{""suspect"": [""1 case(s) of \""qc consistency check failed: expected radiation_sun_1_minute_mean to be above 0 if sunshine_1_minute_mean is above 0\""""]}",,,20.33152497,"{""good"": []}",18592.5,"{""good"": []}",0.0,"{""good"": []}",NSW,"{""good"": []}",78.5775,"{""good"": []}",,,15.54685198,"{""good"": []}",,,14.42361167,"{""good"": []}",173.9238482,"{""good"": []}",19.15225,"{""good"": []}"
2026-09-30 11:28:00+00:00,Aberdaron Automatic Weather Station,-4.74,52.79,0.0,"{""good"": []}",995.625,"{""good"": []}",,,17.46332521,"{""good"": []}",,,,,2100.0,"{""good"": []}",2700.0,"{""good"": []}",,"{""good"": []}",1.0,"{""good"": []}",3.0,"{""good"": []}",,"{""good"": []}",4.0,"{""good"": []}",,,516.4101561,"{""good"": []}",,,0.985,"{""good"": []}",,,1.0,"{""good"": []}",,,20.20057855,"{""good"": []}",19087.0,"{""good"": []}",0.0,"{""good"": []}",NSW,"{""good"": []}",78.15,"{""good"": []}",,,15.54710186,"{""good"": []}",,,14.42391161,"{""good"": []}",176.5837575,"{""good"": []}",20.77883333,"{""good"": []}"
2026-09-30 11:29:00+00:00,Aberdaron Automatic Weather Station,-4.74,52.79,0.0,"{""good"": []}",995.655,"{""good"": []}",,,17.49985762,"{""good"": []}",,,,,2100.0,"{""good"": []}",2700.0,"{""good"": []}",,"{""good"": []}",1.0,"{""good"": []}",3.0,"{""good"": []}",,"{""good"": []}",4.0,"{""good"": []}",,,517.4892699,"{""good"": []}",,,0.985,"{""good"": []}",,,1.0,"{""good"": []}",,,20.60439999,"{""good"": []}",19732.5,"{""good"": []}",0.0,"{""good"": []}",NSW,"{""good"": []}",77.855,"{""good"": []}",,,15.54705188,"{""good"": []}",,,14.42371165,"{""good"": []}",177.5259209,"{""good"": []}",20.58133333,"{""good"": []}"
2026-09-30 11:30:00+00:00,Aberdaron Automatic Weather Station,-4.74,52.79,0.0,"{""good"": []}",995.615,"{""good"": []}",,,17.51832782,"{""good"": []}",,,,,2100.0,"{""good"": []}",2700.0,"{""good"": []}",,"{""good"": []}",1.0,"{""good"": []}",3.0,"{""good"": []}",,"{""good"": []}",4.0,"{""good"": []}",,,518.5775874,"{""good"": []}",,,0.985,"{""good"": []}",,,1.0,"{""good"": []}",,,20.78850527,"{""good"": []}",20354.0,"{""good"": []}",0.0,"{""good"": []}",NSW,"{""good"": []}",77.735,"{""good"": []}",,,15.54700191,"{""good"": []}",,,14.42381163,"{""good"": []}",177.0831208,"{""good"": []}",21.50529167,"{""good"": []}"
2026-09-30 11:31:00+00:00,Aberdaron Automatic Weather Station,-4.74,52.79,0.0,"{""good"": []}",995.635,"{""good"": []}",,,17.46620375,"{""good"": []}",,,,,2100.0,"{""good"": []}",2700.0,"{""good"": []}",,"{""good"": []}",1.0,"{""good"": []}",3.0,"{""good"": []}",,"{""good"": []}",4.0,"{""good"": []}",,,519.7274994,"{""good"": []}",,,0.985,"{""good"": []}",,,1.0,"{""good"": []}",,,20.81162684,"{""good"": []}",19955.5,"{""good"": []}",0.0,"{""good"": []}",NSW,"{""good"": []}",77.6675,"{""good"": []}",,,15.54700191,"{""good"": []}",,,14.42371165,"{""good"": []}",177.7360351,"{""good"": []}",22.335125,"{""good"": []}"
2026-09-30 11:32:00+00:00,Aberdaron Automatic Weather Station,-4.74,52.79,0.0,"{""good"": []}",995.675,"{""good"": []}",,,17.48572775,"{""good"": []}",,,,,2100.0,"{""good"": []}",2700.0,"{""good"": []}",,"{""good"": []}",1.0,"{""good"": []}",3.0,"{""good"": []}",,"{""good"": []}",4.0,"{""good"": []}",,,520.7708745,"{""good"": []}",,,0.985,"{""good"": []}",,,1.0,"{""good"": []}",,,20.71216984,"{""good"": []}",18481.5,"{""good"": []}",0.0,"{""good"": []}",NSW,"{""good"": []}",77.965,"{""good"": []}",,,15.54654462,"{""good"": []}",,,14.42386162,"{""good"": []}",177.1795467,"{""good"": []}",24.50779167,"{""good"": []}"
2026-09-30 11:33:00+00:00,Aberdaron Automatic Weather Station,-4.74,52.79,0.0,"{""good"": []}",995.645,"{""good"": []}",,,17.49910169,"{""good"": []}",,,,,2100.0,"{""good"": []}",2700.0,"{""good"": []}",,"{""good"": []}",1.0,"{""good"": []}",3.0,"{""good"": []}",,"{""good"": []}",4.0,"{""good"": []}",,,521.7067713,"{""good"": []}",,,0.985,"{""good"": []}",,,1.0,"{""good"": []}",,,20.57054117,"{""good"": []}",18928.0,"{""good"": []}",0.0,"{""good"": []}",NSW,"{""good"": []}",78.0325,"{""good"": []}",,,15.546802,"{""good"": []}",,,14.42366166,"{""good"": []}",178.1468612,"{""good"": []}",24.14391667,"{""good"": []}"
2026-09-30 11:34:00+00:00,Aberdaron Automatic Weather Station,-4.74,52.79,0.0,"{""good"": []}",995.715,"{""good"": []}",,,17.48930965,"{""good"": []}",,,,,2100.0,"{""good"": []}",2700.0,"{""good"": []}",,"{""good"": []}",1.0,"{""good"": []}",3.0,"{""good"": []}",,"{""good"": []}",4.0,"{""good"": []}",,,522.724696,"{""good"": []}",,,0.985,"{""good"": []}",,,1.0,"{""good"": []}",,,20.56565742,"{""good"": []}",18749.5,"{""good"": []}",0.0,"{""good"": []}",NSW,"{""good"": []}",78.1625,"{""good"": []}",,,15.54695193,"{""good"": []}",,,14.42376164,"{""good"": []}",176.7093766,"{""good"": []}",21.906,"{""good"": []}"
2026-09-30 11:35:00+00:00,Aberdaron Automatic Weather Station,-4.74,52.79,0.0,"{""good"": []}",995.715,"{""good"": []}",,,17.49183526,"{""good"": []}",,,,,2100.0,"{""good"": []}",2700.0,"{""good"": []}",,"{""good"": []}",1.0,"{""good"": []}",5.0,"{""good"": []}",,"{""good"": []}",6.0,"{""good"": []}",,,523.7237021,"{""good"": []}",,,0.985,"{""good"": []}",,,1.0,"{""good"": []}",,,20.66183526,"{""good"": []}",18431.0,"{""good"": []}",0.0,"{""good"": []}",NSW,"{""good"": []}",78.3525,"{""good"": []}",,,15.54659959,"{""good"": []}",,,14.42381163,"{""good"": []}",177.247567,"{""good"": []}",22.43304167,"{""good"": []}"
2026-09-30 11:36:00+00:00,Aberdaron Automatic Weather Station,-4.74,52.79,0.0,"{""good"": []}",995.71,"{""good"": []}",,,17.47281437,"{""good"": []}",,,,,2100.0,"{""good"": []}",2700.0,"{""good"": []}",,"{""good"": []}",1.0,"{""good"": []}",5.0,"{""good"": []}",,"{""good"": []}",6.0,"{""good"": []}",,,524.472664,"{""good"": []}",,,0.985,"{""good"": []}",,,1.0,"{""good"": []}",,,20.65019574,"{""good"": []}",18576.5,"{""good"": []}",0.0,"{""good"": []}",NSW,"{""good"": []}",78.4525,"{""good"": []}",,,15.546802,"{""good"": []}",,,14.42381163,"{""good"": []}",177.3955844,"{""good"": []}",21.54429167,"{""good"": []}"
2026-09-30 11:37:00+00:00,Aberdaron Automatic Weather Station,-4.74,52.79,0.0,"{""good"": []}",995.735,"{""good"": []}",,,17.48648618,"{""good"": []}",,,,,2100.0,"{""good"": []}",2700.0,"{""good"": []}",,"{""good"": []}",1.0,"{""good"": []}",6.0,"{""good"": []}",,"{""good"": []}",7.0,"{""good"": []}",,,525.4568185,"{""good"": []}",,,0.985,"{""good"": []}",,,1.0,"{""good"": []}",,,20.70461429,"{""good"": []}",17374.5,"{""good"": []}",0.0,"{""good"": []}",NSW,"{""good"": []}",78.3525,"{""good"": []}",,,15.54669705,"{""good"": []}",,,14.42391161,"{""good"": []}",178.1931409,"{""good"": []}",23.823625,"{""good"": []}"
2026-09-30 11:38:00+00:00,Aberdaron Automatic Weather Station,-4.74,52.79,0.0,"{""good"": []}",995.795,"{""good"": []}",,,17.44944815,"{""good"": []}",,,,,2100.0,"{""good"": []}",2700.0,"{""good"": []}",,"{""good"": []}",1.0,"{""good"": []}",6.0,"{""good"": []}",,"{""good"": []}",7.0,"{""good"": []}",,,526.6116747,"{""good"": []}",,,0.985,"{""good"": []}",,,1.0,"{""good"": []}",,,20.6561942,"{""good"": []}",17612.5,"{""good"": []}",0.0,"{""good"": []}",NSW,"{""good"": []}",78.1075,"{""good"": []}",,,15.5467995,"{""good"": []}",,,14.42381163,"{""good"": []}",172.7844324,"{""good"": []}",21.53983333,"{""good"": []}"
2026-09-30 11:39:00+00:00,Aberdaron Automatic Weather Station,-4.74,52.79,0.0,"{""good"": []}",995.705,"{""good"": []}",,,17.51893107,"{""good"": []}",,,,,2100.0,"{""good"": []}",2700.0,"{""good"": []}",,"{""good"": []}",1.0,"{""good"": []}",6.0,"{""good"": []}",,"{""good"": []}",7.0,"{""good"": []}",,,527.9596819,"{""good"": []}",,,0.985,"{""good"": []}",,,1.0,"{""good"": []}",,,20.807093,"{""good"": []}",17297.0,"{""good"": []}",0.0,"{""good"": []}",NSW,"{""good"": []}",78.235,"{""good"": []}",,,15.54659709,"{""good"": []}",,,14.42411157,"{""good"": []}",173.08842,"{""good"": []}",21.04891667,"{""good"": []}"
2026-09-30 11:40:00+00:00,Aberdaron Automatic Weather Station,-4.74,52.79,0.0,"{""good"": []}",995.715,"{""good"": []}",,,17.50026062,"{""good"": []}",,,,,2100.0,"{""good"": []}",2700.0,"{""good"": []}",,"{""good"": []}",1.0,"{""good"": []}",6.0,"{""good"": []}",,"{""good"": []}",7.0,"{""good"": []}",,,529.0529982,"{""good"": []}",,,0.985,"{""good"": []}",,,1.0,"{""good"": []}",,,20.9096192,"{""good"": []}",19018.0,"{""good"": []}",0.0,"{""good"": []}",NSW,"{""good"": []}",77.3075,"{""good"": []}",,,15.54659709,"{""good"": []}",,,14.42401159,"{""good"": []}",174.6000246,"{""good"": []}",19.94529167,"{""good"": []}"
2026-09-30 11:41:00+00:00,Aberdaron Automatic Weather Station,-4.74,52.79,0.0,"{""good"": []}",995.725,"{""good"": []}",,,17.49324949,"{""good"": []}",,,,,2100.0,"{""good"": []}",2700.0,"{""good"": []}",,"{""good"": []}",1.0,"{""good"": []}",6.0,"{""good"": []}",,"{""good"": []}",7.0,"{""good"": []}",,,530.149048,"{""good"": []}",,,0.985,"{""good"": []}",,,1.0,"{""good"": []}",,,20.90498789,"{""good"": []}",22491.5,"{""good"": []}",0.0,"{""good"": []}",NSW,"{""good"": []}",76.5875,"{""good"": []}",,,15.54669455,"{""good"": []}",,,14.42406158,"{""good"": []}",178.0375092,"{""good"": []}",21.98554167,"{""good"": []}"
2026-09-30 11:42:00+00:00,Aberdaron Automatic Weather Station,-4.74,52.79,0.0,"{""good"": []}",995.72,"{""good"": []}",,,17.41912588,"{""good"": []}",,,,,2100.0,"{""good"": []}",2700.0,"{""good"": []}",,"{""good"": []}",1.0,"{""good"": []}",6.0,"{""good"": []}",,"{""good"": []}",7.0,"{""good"": []}",,,528.5560021,"{""good"": []}",,,0.9811111111,"{""good"": []}",,,0.0,"{""suspect"": [""1 case(s) of \""qc consistency check failed: expected radiation_sun_1_minute_mean to be above 0 if sunshine_1_minute_mean is above 0\""""]}",,,20.74491895,"{""good"": []}",21585.5,"{""good"": []}",0.0,"{""good"": []}",NSW,"{""good"": []}",75.8825,"{""good"": []}",,,15.54649464,"{""good"": []}",,,14.42411157,"{""good"": []}",178.104122,"{""good"": []}",23.53795833,"{""good"": []}"
2026-09-30 11:43:00+00:00,Aberdaron Automatic Weather Station,-4.74,52.79,0.0,"{""good"": []}",995.76,"{""good"": []}",,,17.21214395,"{""good"": []}",,,,,2100.0,"{""good"": []}",2700.0,"{""good"": []}",,"{""good"": []}",1.0,"{""good"": []}",6.0,"{""good"": []}",,"{""good"": []}",7.0,"{""good"": []}",,,528.5338628,"{""good"": []}",,,0.9811111111,"{""good"": []}",,,1.0,"{""good"": []}",,,19.87968585,"{""good"": []}",22402.0,"{""good"": []}",0.0,"{""good"": []}",NSW,"{""good"": []}",75.1425,"{""good"": []}",,,15.54659709,"{""good"": []}",,,14.42411157,"{""good"": []}",179.0424215,"{""good"": []}",23.91908333,"{""good"": []}"
2026-09-30 11:44:00+00:00,Aberdaron Automatic Weather Station,-4.74,52.79,0.0,"{""good"": []}",995.745,"{""good"": []}",,,17.31144601,"{""good"": []}",,,,,2100.0,"{""good"": []}",2700.0,"{""good"": []}",,"{""good"": []}",1.0,"{""good"": []}",6.0,"{""good"": []}",,"{""good"": []}",7.0,"{""good"": []}",,,530.25491,"{""good"": []}",,,0.9811111111,"{""good"": []}",,,1.0,"{""good"": []}",,,20.25589937,"{""good"": []}",22445.0,"{""good"": []}",0.0,"{""good"": []}",NSW,"{""good"": []}",76.085,"{""good"": []}",,,15.54598988,"{""good"": []}",,,14.42416156,"{""good"": []}",179.3452627,"{""good"": []}",24.41729167,"{""good"": []}"
2026-09-30 11:45:00+00:00,Aberdaron Automatic Weather Station,-4.74,52.79,0.0,"{""good"": []}",995.785,"{""good"": []}",,,17.46756542,"{""good"": []}",,,,,2100.0,"{""good"": []}",2700.0,"{""good"": []}",,"{""good"": []}",1.0,"{""good"": []}",6.0,"{""good"": []}",,"{""good"": []}",7.0,"{""good"": []}",,,531.9309074,"{""good"": []}",,,0.9811111111,"{""good"": []}",,,1.0,"{""good"": []}",,,20.62067581,"{""good"": []}",21292.0,"{""good"": []}",0.0,"{""good"": []}",NSW,"{""good"": []}",76.42,"{""good"": []}",,,15.54659709,"{""good"": []}",,,14.42401159,"{""good"": []}",179.8103381,"{""good"": []}",23.67883333,"{""good"": []}"
2026-09-30 11:46:00+00:00,Aberdaron Automatic Weather Station,-4.74,52.79,0.0,"{""good"": []}",995.785,"{""good"": []}",,,17.50561219,"{""good"": []}",,,,,2100.0,"{""good"": []}",2700.0,"{""good"": []}",,"{""good"": []}",1.0,"{""good"": []}",6.0,"{""good"": []}",,"{""good"": []}",7.0,"{""good"": []}",,,533.0069739,"{""good"": []}",,,0.9811111111,"{""good"": []}",,,1.0,"{""good"": []}",,,20.79338901,"{""good"": []}",21445.5,"{""good"": []}",0.0,"{""good"": []}",NSW,"{""good"": []}",76.14,"{""good"": []}",,,15.54649464,"{""good"": []}",,,14.42411157,"{""good"": []}",180.7484396,"{""good"": []}",24.017375,"{""good"": []}"
2026-09-30 11:47:00+00:00,Aberdaron Automatic Weather Station,-4.74,52.79,0.0,"{""good"": []}",995.765,"{""good"": []}",,,17.50450083,"{""good"": []}",,,,,2500.0,"{""good"": []}",,"{""good"": []}",,"{""good"": []}",6.0,"{""good"": []}",,"{""good"": []}",,"{""good"": []}",6.0,"{""good"": []}",,,534.240101,"{""good"": []}",,,0.9811111111,"{""good"": []}",,,1.0,"{""good"": []}",,,20.7638116,"{""good"": []}",22980.0,"{""good"": []}",0.0,"{""good"": []}",NSW,"{""good"": []}",76.0325,"{""good"": []}",,,15.54639219,"{""good"": []}",,,14.42421155,"{""good"": []}",183.5379612,"{""good"": []}",25.64616667,"{""good"": []}"
2026-09-30 11:48:00+00:00,Aberdaron Automatic Weather Station,-4.74,52.79,0.0,"{""good"": []}",995.82,"{""good"": []}",,,17.47573797,"{""good"": []}",,,,,2500.0,"{""good"": []}",,"{""good"": []}",,"{""good"": []}",5.0,"{""good"": []}",,"{""good"": []}",,"{""good"": []}",5.0,"{""good"": []}",,,535.4319812,"{""good"": []}",,,0.9811111111,"{""good"": []}",,,1.0,"{""good"": []}",,,20.70023041,"{""good"": []}",21753.0,"{""good"": []}",0.0,"{""good"": []}",NSW,"{""good"": []}",76.1875,"{""good"": []}",,,15.54664957,"{""good"": []}",,,14.42431403,"{""good"": []}",181.801472,"{""good"": []}",24.00570833,"{""good"": []}"
2026-09-30 11:49:00+00:00,Aberdaron Automatic Weather Station,-4.74,52.79,0.0,"{""good"": []}",995.755,"{""good"": []}",,,17.3986407,"{""good"": []}",,,,,2500.0,"{""good"": []}",,"{""good"": []}",,"{""good"": []}",6.0,"{""good"": []}",,"{""good"": []}",,"{""good"": []}",6.0,"{""good"": []}",,,536.3294359,"{""good"": []}",,,0.9811111111,"{""good"": []}",,,1.0,"{""good"": []}",,,20.7337818,"{""good"": []}",21135.0,"{""good"": []}",0.0,"{""good"": []}",NSW,"{""good"": []}",76.0675,"{""good"": []}",,,15.54644216,"{""good"": []}",,,14.42441151,"{""good"": []}",182.8456446,"{""good"": []}",24.87641667,"{""good"": []}"
2026-09-30 11:50:00+00:00,Aberdaron Automatic Weather Station,-4.74,52.79,0.0,"{""good"": []}",995.825,"{""good"": []}",,,17.42437483,"{""good"": []}",,,,,2500.0,"{""good"": []}",,"{""good"": []}",,"{""good"": []}",6.0,"{""good"": []}",,"{""good"": []}",,"{""good"": []}",6.0,"{""good"": []}",,,536.9745763,"{""good"": []}",,,0.9811111111,"{""good"": []}",,,1.0,"{""good"": []}",,,20.59014115,"{""good"": []}",22149.5,"{""good"": []}",0.0,"{""good"": []}",NSW,"{""good"": []}",77.28,"{""good"": []}",,,15.54654712,"{""good"": []}",,,14.42436152,"{""good"": []}",181.0992943,"{""good"": []}",22.26170833,"{""good"": []}"
2026-09-30 11:51:00+00:00,Aberdaron Automatic Weather Station,-4.74,52.79,0.0,"{""good"": []}",995.825,"{""good"": []}",,,17.46473945,"{""good"": []}",,,,,2500.0,"{""good"": []}",,"{""good"": []}",,"{""good"": []}",6.0,"{""good"": []}",,"{""good"": []}",,"{""good"": []}",6.0,"{""good"": []}",,,538.2836085,"{""good"": []}",,,0.9811111111,"{""good"": []}",,,1.0,"{""good"": []}",,,20.72804328,"{""good"": []}",20150.5,"{""good"": []}",0.0,"{""good"": []}",NSW,"{""good"": []}",78.1425,"{""good"": []}",,,15.54644466,"{""good"": []}",,,14.4244615,"{""good"": []}",182.8157083,"{""good"": []}",21.69416667,"{""good"": []}"
2026-09-30 11:52:00+00:00,Aberdaron Automatic Weather Station,-4.74,52.79,0.0,"{""good"": []}",995.83,"{""good"": []}",,,17.59976543,"{""good"": []}",,,,,2500.0,"{""good"": []}",,"{""good"": []}",,"{""good"": []}",5.0,"{""good"": []}",,"{""good"": []}",,"{""good"": []}",5.0,"{""good"": []}",,,539.7052487,"{""good"": []}",,,0.9811111111,"{""good"": []}",,,1.0,"{""good"": []}",,,20.98197315,"{""good"": []}",18946.5,"{""good"": []}",0.0,"{""good"": []}",NSW,"{""good"": []}",78.385,"{""good"": []}",,,15.54644216,"{""good"": []}",,,14.4244665,"{""good"": []}",184.8139389,"{""good"": []}",21.85825,"{""good"": []}"
2026-09-30 11:53:00+00:00,Aberdaron Automatic Weather Station,-4.74,52.79,0.0,"{""good"": []}",995.83,"{""good"": []}",,,17.6747476,"{""good"": []}",,,,,2500.0,"{""good"": []}",,"{""good"": []}",,"{""good"": []}",5.0,"{""good"": []}",,"{""good"": []}",,"{""good"": []}",5.0,"{""good"": []}",,,540.1054069,"{""good"": []}",,,0.9811111111,"{""good"": []}",,,1.0,"{""good"": []}",,,21.04399224,"{""good"": []}",18294.0,"{""good"": []}",0.0,"{""good"": []}",NSW,"{""good"": []}",77.9975,"{""good"": []}",,,15.54634471,"{""good"": []}",,,14.42456897,"{""good"": []}",180.8624894,"{""good"": []}",22.64016667,"{""good"": []}"
2026-09-30 11:54:00+00:00,Aberdaron Automatic Weather Station,-4.74,52.79,0.0,"{""good"": []}",995.845,"{""good"": []}",,,17.62842566,"{""good"": []}",,,,,2500.0,"{""good"": []}",,"{""good"": []}",,"{""good"": []}",5.0,"{""good"": []}",,"{""good"": []}",,"{""good"": []}",5.0,"{""good"": []}",,,541.3862708,"{""good"": []}",,,0.9805555556,"{""good"": []}",,,1.0,"{""good"": []}",,,21.1396727,"{""good"": []}",19196.5,"{""good"": []}",0.0,"{""good"": []}",NSW,"{""good"": []}",77.455,"{""good"": []}",,,15.54639219,"{""good"": []}",,,14.42477143,"{""good"": []}",182.5991547,"{""good"": []}",24.28575,"{""good"": []}"
2026-09-30 11:55:00+00:00,Aberdaron Automatic Weather Station,-4.74,52.79,0.0,"{""good"": []}",995.855,"{""good"": []}",,,17.64265565,"{""good"": []}",,,,,2500.0,"{""good"": []}",,"{""good"": []}",,"{""good"": []}",5.0,"{""good"": []}",,"{""good"": []}",,"{""good"": []}",5.0,"{""good"": []}",,,542.9110354,"{""good"": []}",,,0.9805555556,"{""good"": []}",,,1.0,"{""good"": []}",,,21.13362675,"{""good"": []}",18148.5,"{""good"": []}",0.0,"{""good"": []}",NSW,"{""good"": []}",77.7775,"{""good"": []}",,,15.54624225,"{""good"": []}",,,14.42466646,"{""good"": []}",180.5169133,"{""good"": []}",22.18545833,"{""good"": []}"
2026-09-30 11:56:00+00:00,Aberdaron Automatic Weather Station,-4.74,52.79,0.0,"{""good"": []}",995.865,"{""good"": []}",,,17.6892279,"{""good"": []}",,,,,2500.0,"{""good"": []}",,"{""good"": []}",,"{""good"": []}",5.0,"{""good"": []}",,"{""good"": []}",,"{""good"": []}",5.0,"{""good"": []}",,,543.9910609,"{""good"": []}",,,0.9805555556,"{""good"": []}",,,1.0,"{""good"": []}",,,21.29429804,"{""good"": []}",17805.0,"{""good"": []}",0.0,"{""good"": []}",NSW,"{""good"": []}",77.7575,"{""good"": []}",,,15.54624226,"{""good"": []}",,,14.42466895,"{""good"": []}",182.2132291,"{""good"": []}",22.13166667,"{""good"": []}"
2026-09-30 11:57:00+00:00,Aberdaron Automatic Weather Station,-4.74,52.79,0.0,"{""good"": []}",995.86,"{""good"": []}",,,17.73156245,"{""good"": []}",,,,,2500.0,"{""good"": []}",,"{""good"": []}",,"{""good"": []}",5.0,"{""good"": []}",,"{""good"": []}",,"{""good"": []}",5.0,"{""good"": []}",,,545.974286,"{""good"": []}",,,0.9805555556,"{""good"": []}",,,1.0,"{""good"": []}",,,21.38796152,"{""good"": []}",17986.5,"{""good"": []}",0.0,"{""good"": []}",NSW,"{""good"": []}",77.5325,"{""good"": []}",,,15.54629223,"{""good"": []}",,,14.4249214,"{""good"": []}",181.4773875,"{""good"": []}",23.04008333,"{""good"": []}"
2026-09-30 11:58:00+00:00,Aberdaron Automatic Weather Station,-4.74,52.79,0.0,"{""good"": []}",995.89,"{""good"": []}",,,17.77793194,"{""good"": []}",,,,,2500.0,"{""good"": []}",,"{""good"": []}",,"{""good"": []}",6.0,"{""good"": []}",,"{""good"": []}",,"{""good"": []}",6.0,"{""good"": []}",,,547.7240522,"{""good"": []}",,,0.9805555556,"{""good"": []}",,,1.0,"{""good"": []}",,,21.52283693,"{""good"": []}",18132.5,"{""good"": []}",0.0,"{""good"": []}",NSW,"{""good"": []}",77.6625,"{""good"": []}",,,15.54619228,"{""good"": []}",,,14.4249214,"{""good"": []}",181.1892644,"{""good"": []}",23.57608333,"{""good"": []}"
2026-09-30 11:59:00+00:00,Aberdaron Automatic Weather Station,-4.74,52.79,0.0,"{""good"": []}",995.885,"{""good"": []}",,,17.76794467,"{""good"": []}",,,,,2500.0,"{""good"": []}",,"{""good"": []}",,"{""good"": []}",6.0,"{""good"": []}",,"{""good"": []}",,"{""good"": []}",6.0,"{""good"": []}",,,547.7006663,"{""good"": []}",,,0.9761111111,"{""good"": []}",,,1.0,"{""good"": []}",,,21.58052463,"{""good"": []}",18691.0,"{""good"": []}",0.0,"{""good"": []}",NSW,"{""good"": []}",77.475,"{""good"": []}",,,15.5461423,"{""good"": []}",,,14.42507137,"{""good"": []}",179.2461067,"{""good"": []}",21.71083333,"{""good"": []}"
2026-09-30 12:00:00+00:00,Aberdaron Automatic Weather Station,-4.74,52.79,0.0,"{""good"": []}",995.94,"{""good"": []}",,,17.68397895,"{""good"": []}",,,,,2500.0,"{""good"": []}",,"{""good"": []}",,"{""good"": []}",6.0,"{""good"": []}",,"{""good"": []}",,"{""good"": []}",6.0,"{""good"": []}",,,549.4946058,"{""good"": []}",,,0.9761111111,"{""good"": []}",,,1.0,"{""good"": []}",,,21.34704952,"{""good"": []}",18548.5,"{""good"": []}",0.0,"{""good"": []}",NSW,"{""good"": []}",77.6375,"{""good"": []}",,,15.5461423,"{""good"": []}",,,14.42502138,"{""good"": []}",176.8947899,"{""good"": []}",19.79033333,"{""good"": []}"
2026-09-30 12:01:00+00:00,Aberdaron Automatic Weather Station,-4.74,52.79,0.0,"{""good"": []}",995.96,"{""good"": []}",,,17.73822313,"{""good"": []}",,,,,2500.0,"{""good"": []}",,"{""good"": []}",,"{""good"": []}",6.0,"{""good"": []}",,"{""good"": []}",,"{""good"": []}",6.0,"{""good"": []}",,,551.7948209,"{""good"": []}",,,0.9761111111,"{""good"": []}",,,1.0,"{""good"": []}",,,21.75490241,"{""good"": []}",19215.0,"{""good"": []}",0.0,"{""good"": []}",NSW,"{""good"": []}",79.055,"{""good"": []}",,,15.54609233,"{""good"": []}",,,14.42497139,"{""good"": []}",173.7054861,"{""good"": []}",19.13766667,"{""good"": []}"
2026-09-30 12:02:00+00:00,Aberdaron Automatic Weather Station,-4.74,52.79,0.0,"{""good"": []}",995.99,"{""good"": []}",,,17.70986827,"{""good"": []}",,,,,2500.0,"{""good"": []}",,"{""good"": []}",,"{""good"": []}",6.0,"{""good"": []}",,"{""good"": []}",,"{""good"": []}",6.0,"{""good"": []}",,,553.3568586,"{""good"": []}",,,0.9761111111,"{""good"": []}",,,1.0,"{""good"": []}",,,21.90615362,"{""good"": []}",17995.0,"{""good"": []}",0.0,"{""good"": []}",NSW,"{""good"": []}",79.235,"{""good"": []}",,,15.54609233,"{""good"": []}",,,14.42522134,"{""good"": []}",177.1559439,"{""good"": []}",20.23554167,"{""good"": []}"
2026-09-30 12:03:00+00:00,Aberdaron Automatic Weather Station,-4.74,52.79,0.0,"{""good"": []}",995.975,"{""good"": []}",,,17.71092457,"{""good"": []}",,,,,2500.0,"{""good"": []}",,"{""good"": []}",,"{""good"": []}",6.0,"{""good"": []}",,"{""good"": []}",,"{""good"": []}",6.0,"{""good"": []}",,,554.7433422,"{""good"": []}",,,0.9761111111,"{""good"": []}",,,1.0,"{""good"": []}",,,21.76457743,"{""good"": []}",17324.5,"{""good"": []}",0.0,"{""good"": []}",NSW,"{""good"": []}",79.31,"{""good"": []}",,,15.54609233,"{""good"": []}",,,14.42517135,"{""good"": []}",177.8505609,"{""good"": []}",19.60004167,"{""good"": []}"
2026-09-30 12:04:00+00:00,Aberdaron Automatic Weather Station,-4.74,52.79,0.0,"{""good"": []}",995.995,"{""good"": []}",,,17.64845778,"{""good"": []}",,,,,2500.0,"{""good"": []}",,"{""good"": []}",,"{""good"": []}",6.0,"{""good"": []}",,"{""good"": []}",,"{""good"": []}",6.0,"{""good"": []}",,,554.2481149,"{""good"": []}",,,0.9730555556,"{""good"": []}",,,1.0,"{""good"": []}",,,21.56319408,"{""good"": []}",17740.5,"{""good"": []}",0.0,"{""good"": []}",NSW,"{""good"": []}",79.2225,"{""good"": []}",,,15.54599237,"{""good"": []}",,,14.42537131,"{""good"": []}",178.0132653,"{""good"": []}",22.08229167,"{""good"": []}"
2026-09-30 12:05:00+00:00,Aberdaron Automatic Weather Station,-4.74,52.79,0.0,"{""good"": []}",996.05,"{""good"": []}",,,17.43683515,"{""good"": []}",,,,,2500.0,"{""good"": []}",,"{""good"": []}",,"{""good"": []}",5.0,"{""good"": []}",,"{""good"": []}",,"{""good"": []}",5.0,"{""good"": []}",,,554.9527496,"{""good"": []}",,,0.9730555556,"{""good"": []}",,,1.0,"{""good"": []}",,,21.13705338,"{""good"": []}",17612.0,"{""good"": []}",0.0,"{""good"": []}",NSW,"{""good"": []}",78.485,"{""good"": []}",,,15.5459424,"{""good"": []}",,,14.42537131,"{""good"": []}",175.9096653,"{""good"": []}",21.29629167,"{""good"": []}"
2026-09-30 12:06:00+00:00,Aberdaron Automatic Weather Station,-4.74,52.79,0.0,"{""good"": []}",996.045,"{""good"": []}",,,17.35786808,"{""good"": []}",,,,,2500.0,"{""good"": []}",,"{""good"": []}",,"{""good"": []}",5.0,"{""good"": []}",,"{""good"": []}",,"{""good"": []}",5.0,"{""good"": []}",,,556.3552781,"{""good"": []}",,,0.9730555556,"{""good"": []}",,,1.0,"{""good"": []}",,,21.0593608,"{""good"": []}",18875.0,"{""good"": []}",0.0,"{""good"": []}",NSW,"{""good"": []}",77.7475,"{""good"": []}",,,15.54589242,"{""good"": []}",,,14.42557377,"{""good"": []}",178.8398187,"{""good"": []}",26.92604167,"{""good"": []}"
2026-09-30 12:07:00+00:00,Aberdaron Automatic Weather Station,-4.74,52.79,0.0,"{""good"": []}",995.99,"{""good"": []}",,,17.30357634,"{""good"": []}",,,,,2500.0,"{""good"": []}",,"{""good"": []}",,"{""good"": []}",5.0,"{""good"": []}",,"{""good"": []}",,"{""good"": []}",5.0,"{""good"": []}",,,553.9129997,"{""good"": []}",,,0.9661111111,"{""good"": []}",,,0.0,"{""suspect"": [""1 case(s) of \""qc consistency check failed: expected radiation_sun_1_minute_mean to be above 0 if sunshine_1_minute_mean is above 0\""""]}",,,20.77293426,"{""good"": []}",20809.0,"{""good"": []}",0.0,"{""good"": []}",NSW,"{""good"": []}",77.8825,"{""good"": []}",,,15.54599238,"{""good"": []}",,,14.42547129,"{""good"": []}",175.9967624,"{""good"": []}",23.43275,"{""good"": []}"
2026-09-30 12:08:00+00:00,Aberdaron Automatic Weather Station,-4.74,52.79,0.0,"{""good"": []}",996.005,"{""good"": []}",,,17.0350888,"{""good"": []}",,,,,2500.0,"{""good"": []}",,"{""good"": []}",,"{""good"": []}",5.0,"{""good"": []}",,"{""good"": []}",,"{""good"": []}",5.0,"{""good"": []}",,,555.2991795,"{""good"": []}",,,0.9661111111,"{""good"": []}",,,1.0,"{""good"": []}",,,20.17634477,"{""good"": []}",19633.5,"{""good"": []}",0.0,"{""good"": []}",NSW,"{""good"": []}",77.2425,"{""good"": []}",,,15.54584244,"{""good"": []}",,,14.42572374,"{""good"": []}",180.5831074,"{""good"": []}",29.37929167,"{""good"": []}"
2026-09-30 12:09:00+00:00,Aberdaron Automatic Weather Station,-4.74,52.79,0.0,"{""good"": []}",996.055,"{""good"": []}",,,17.04366434,"{""good"": []}",,,,,2500.0,"{""good"": []}",,"{""good"": []}",,"{""good"": []}",5.0,"{""good"": []}",,"{""good"": []}",,"{""good"": []}",5.0,"{""good"": []}",,,556.432281,"{""good"": []}",,,0.9661111111,"{""good"": []}",,,1.0,"{""good"": []}",,,20.40170697,"{""good"": []}",22348.0,"{""good"": []}",0.0,"{""good"": []}",NSW,"{""good"": []}",77.13,"{""good"": []}",,,15.54599238,"{""good"": []}",,,14.42572374,"{""good"": []}",182.2377026,"{""good"": []}",28.82870833,"{""good"": []}"
2026-09-30 12:10:00+00:00,Aberdaron Automatic Weather Station,-4.74,52.79,0.0,"{""good"": []}",996.06,"{""good"": []}",,,17.08599888,"{""good"": []}",,,,,2500.0,"{""good"": []}",,"{""good"": []}",,"{""good"": []}",5.0,"{""good"": []}",,"{""good"": []}",,"{""good"": []}",5.0,"{""good"": []}",,,557.5898068,"{""good"": []}",,,0.9661111111,"{""good"": []}",,,1.0,"{""good"": []}",,,20.55920658,"{""good"": []}",25240.0,"{""good"": []}",0.0,"{""good"": []}",NSW,"{""good"": []}",77.045,"{""good"": []}",,,15.54599238,"{""good"": []}",,,14.4259287,"{""good"": []}",178.5684805,"{""good"": []}",27.16683333,"{""good"": []}"
2026-09-30 12:11:00+00:00,Aberdaron Automatic Weather Station,-4.74,52.79,0.0,"{""good"": []}",996.08,"{""good"": []}",,,17.073486,"{""good"": []}",,,,,2500.0,"{""good"": []}",,"{""good"": []}",,"{""good"": []}",6.0,"{""good"": []}",,"{""good"": []}",,"{""good"": []}",6.0,"{""good"": []}",,,561.5600825,"{""good"": []}",,,0.975,"{""good"": []}",,,1.0,"{""good"": []}",,,20.57537743,"{""good"": []}",22957.5,"{""good"": []}",0.0,"{""good"": []}",NSW,"{""good"": []}",77.4175,"{""good"": []}",,,15.5459424,"{""good"": []}",,,14.42613116,"{""good"": []}",180.9125026,"{""good"": []}",29.39341667,"{""good"": []}"
2026-09-30 12:12:00+00:00,Aberdaron Automatic Weather Station,-4.74,52.79,0.0,"{""good"": []}",996.095,"{""good"": []}",,,17.06703056,"{""good"": []}",,,,,2500.0,"{""good"": []}",,"{""good"": []}",,"{""good"": []}",6.0,"{""good"": []}",,"{""good"": []}",,"{""good"": []}",6.0,"{""good"": []}",,,562.4358864,"{""good"": []}",,,0.975,"{""good"": []}",,,1.0,"{""good"": []}",,,20.33893057,"{""good"": []}",21978.5,"{""good"": []}",0.0,"{""good"": []}",NSW,"{""good"": []}",77.115,"{""good"": []}",,,15.54599238,"{""good"": []}",,,14.42598119,"{""good"": []}",182.5832389,"{""good"": []}",26.30904167,"{""good"": []}"
2026-09-30 12:13:00+00:00,Aberdaron Automatic Weather Station,-4.74,52.79,0.0,"{""good"": []}",996.085,"{""good"": []}",,,17.08721037,"{""good"": []}",,,,,2500.0,"{""good"": []}",,"{""good"": []}",,"{""good"": []}",6.0,"{""good"": []}",,"{""good"": []}",,"{""good"": []}",6.0,"{""good"": []}",,,560.6713132,"{""good"": []}",,,0.9741666667,"{""good"": []}",,,0.0,"{""suspect"": [""1 case(s) of \""qc consistency check failed: expected radiation_sun_1_minute_mean to be above 0 if sunshine_1_minute_mean is above 0\""""]}",,,20.32684117,"{""good"": []}",23486.5,"{""good"": []}",0.0,"{""good"": []}",NSW,"{""good"": []}",77.5825,"{""good"": []}",,,15.54584244,"{""good"": []}",,,14.42663105,"{""good"": []}",180.8051171,"{""good"": []}",27.44841667,"{""good"": []}"
2026-09-30 12:14:00+00:00,Aberdaron Automatic Weather Station,-4.74,52.79,0.0,"{""good"": []}",996.13,"{""good"": []}",,,16.74096725,"{""good"": []}",,,,,2500.0,"{""good"": []}",,"{""good"": []}",,"{""good"": []}",5.0,"{""good"": []}",,"{""good"": []}",,"{""good"": []}",5.0,"{""good"": []}",,,560.854399,"{""good"": []}",,,0.9705555556,"{""good"": []}",,,0.0,"{""suspect"": [""1 case(s) of \""qc consistency check failed: expected radiation_sun_1_minute_mean to be above 0 if sunshine_1_minute_mean is above 0\""""]}",,,19.22822794,"{""good"": []}",23503.0,"{""good"": []}",0.0,"{""good"": []}",NSW,"{""good"": []}",76.435,"{""good"": []}",,,15.54574249,"{""good"": []}",,,14.42628112,"{""good"": []}",181.6712352,"{""good"": []}",29.93395833,"{""good"": []}"
2026-09-30 12:15:00+00:00,Aberdaron Automatic Weather Station,-4.74,52.79,0.0,"{""good"": []}",996.07,"{""good"": []}",,,16.54448322,"{""good"": []}",,,,,2500.0,"{""good"": []}",,"{""good"": []}",,"{""good"": []}",5.0,"{""good"": []}",,"{""good"": []}",,"{""good"": []}",5.0,"{""good"": []}",,,560.2016329,"{""good"": []}",,,0.9680555556,"{""good"": []}",,,1.0,"{""good"": []}",,,18.61239339,"{""good"": []}",22625.0,"{""good"": []}",0.0,"{""good"": []}",NSW,"{""good"": []}",76.67,"{""good"": []}",,,15.54579246,"{""good"": []}",,,14.4263811,"{""good"": []}",181.9260502,"{""good"": []}",28.4445,"{""good"": []}"
2026-09-30 12:16:00+00:00,Aberdaron Automatic Weather Station,-4.74,52.79,0.0,"{""good"": []}",996.115,"{""good"": []}",,,16.68500846,"{""good"": []}",,,,,2500.0,"{""good"": []}",,"{""good"": []}",,"{""good"": []}",5.0,"{""good"": []}",,"{""good"": []}",,"{""good"": []}",5.0,"{""good"": []}",,,556.9870169,"{""good"": []}",,,0.9636111111,"{""good"": []}",,,0.0,"{""suspect"": [""1 case(s) of \""qc consistency check failed: expected radiation_sun_1_minute_mean to be above 0 if sunshine_1_minute_mean is above 0\""""]}",,,19.00367303,"{""good"": []}",23054.5,"{""good"": []}",0.0,"{""good"": []}",NSW,"{""good"": []}",77.9875,"{""good"": []}",,,15.54584244,"{""good"": []}",,,14.42658106,"{""good"": []}",178.889468,"{""good"": []}",23.35841667,"{""good"": []}"
2026-09-30 12:17:00+00:00,Aberdaron Automatic Weather Station,-4.74,52.79,0.0,"{""good"": []}",996.085,"{""good"": []}",,,16.63883921,"{""good"": []}",,,,,2500.0,"{""good"": []}",,"{""good"": []}",,"{""good"": []}",5.0,"{""good"": []}",,"{""good"": []}",,"{""good"": []}",5.0,"{""good"": []}",,,554.8165734,"{""good"": []}",,,0.9636111111,"{""good"": []}",,,0.0,"{""suspect"": [""1 case(s) of \""qc consistency check failed: expected radiation_sun_1_minute_mean to be above 0 if sunshine_1_minute_mean is above 0\""""]}",,,18.88017971,"{""good"": []}",21096.0,"{""good"": []}",0.0,"{""good"": []}",NSW,"{""good"": []}",77.765,"{""good"": []}",,,15.54574249,"{""good"": []}",,,14.42683101,"{""good"": []}",180.3126206,"{""good"": []}",27.10008333,"{""good"": []}"
2026-09-30 12:18:00+00:00,Aberdaron Automatic Weather Station,-4.74,52.79,0.0,"{""good"": []}",996.085,"{""good"": []}",,,16.67289607,"{""good"": []}",,,,,2600.0,"{""good"": []}",,"{""good"": []}",,"{""good"": []}",5.0,"{""good"": []}",,"{""good"": []}",,"{""good"": []}",5.0,"{""good"": []}",,,554.9756721,"{""good"": []}",,,0.9636111111,"{""good"": []}",,,1.0,"{""good"": []}",,,19.2564432,"{""good"": []}",20730.0,"{""good"": []}",0.0,"{""good"": []}",NSW,"{""good"": []}",78.105,"{""good"": []}",,,15.54589242,"{""good"": []}",,,14.42673353,"{""good"": []}",181.9110449,"{""good"": []}",24.49216667,"{""good"": []}"
2026-09-30 12:19:00+00:00,Aberdaron Automatic Weather Station,-4.74,52.79,0.0,"{""good"": []}",996.09,"{""good"": []}",,,16.8324472,"{""good"": []}",,,,,2600.0,"{""good"": []}",,"{""good"": []}",,"{""good"": []}",5.0,"{""good"": []}",,"{""good"": []}",,"{""good"": []}",5.0,"{""good"": []}",,,555.0986203,"{""good"": []}",,,0.9636111111,"{""good"": []}",,,1.0,"{""good"": []}",,,19.74103142,"{""good"": []}",20387.5,"{""good"": []}",0.0,"{""good"": []}",NSW,"{""good"": []}",78.3075,"{""good"": []}",,,15.54569251,"{""good"": []}",,,14.42719094,"{""good"": []}",178.8488081,"{""good"": []}",24.312875,"{""good"": []}"
2026-09-30 12:20:00+00:00,Aberdaron Automatic Weather Station,-4.74,52.79,0.0,"{""good"": []}",996.095,"{""good"": []}",,,16.90414784,"{""good"": []}",,,,,2600.0,"{""good"": []}",,"{""good"": []}",,"{""good"": []}",5.0,"{""good"": []}",,"{""good"": []}",,"{""good"": []}",5.0,"{""good"": []}",,,556.7243681,"{""good"": []}",,,0.9636111111,"{""good"": []}",,,1.0,"{""good"": []}",,,19.9887179,"{""good"": []}",21432.0,"{""good"": []}",0.0,"{""good"": []}",NSW,"{""good"": []}",78.05,"{""good"": []}",,,15.54589242,"{""good"": []}",,,14.42724093,"{""good"": []}",182.476176,"{""good"": []}",25.226,"{""good"": []}"
2026-09-30 12:21:00+00:00,Aberdaron Automatic Weather Station,-4.74,52.79,0.0,"{""good"": []}",996.09,"{""good"": []}",,,16.93523105,"{""good"": []}",,,,,2600.0,"{""good"": []}",,"{""good"": []}",,"{""good"": []}",5.0,"{""good"": []}",,"{""good"": []}",,"{""good"": []}",5.0,"{""good"": []}",,,558.0385968,"{""good"": []}",,,0.9655555556,"{""good"": []}",,,1.0,"{""good"": []}",,,20.0787498,"{""good"": []}",21618.0,"{""good"": []}",0.0,"{""good"": []}",NSW,"{""good"": []}",77.7475,"{""good"": []}",,,15.54554258,"{""good"": []}",,,14.42719094,"{""good"": []}",181.6565314,"{""good"": []}",26.01775,"{""good"": []}"
2026-09-30 12:22:00+00:00,Aberdaron Automatic Weather Station,-4.74,52.79,0.0,"{""good"": []}",996.095,"{""good"": []}",,,17.03301876,"{""good"": []}",,,,,2600.0,"{""good"": []}",,"{""good"": []}",,"{""good"": []}",4.0,"{""good"": []}",,"{""good"": []}",,"{""good"": []}",4.0,"{""good"": []}",,,557.927171,"{""good"": []}",,,0.9655555556,"{""good"": []}",,,1.0,"{""good"": []}",,,20.22375511,"{""good"": []}",22139.5,"{""good"": []}",0.0,"{""good"": []}",NSW,"{""good"": []}",77.9275,"{""good"": []}",,,15.54564253,"{""good"": []}",,,14.42734091,"{""good"": []}",182.0232774,"{""good"": []}",25.47658333,"{""good"": []}"
2026-09-30 12:23:00+00:00,Aberdaron Automatic Weather Station,-4.74,52.79,0.0,"{""good"": []}",996.115,"{""good"": []}",,,17.07666491,"{""good"": []}",,,,,2600.0,"{""good"": []}",,"{""good"": []}",,"{""good"": []}",4.0,"{""good"": []}",,"{""good"": []}",,"{""good"": []}",4.0,"{""good"": []}",,,557.9333818,"{""good"": []}",,,0.9655555556,"{""good"": []}",,,1.0,"{""good"": []}",,,20.26748639,"{""good"": []}",20475.0,"{""good"": []}",0.0,"{""good"": []}",NSW,"{""good"": []}",77.695,"{""good"": []}",,,15.54569251,"{""good"": []}",,,14.42744089,"{""good"": []}",183.704229,"{""good"": []}",21.64416667,"{""good"": []}"
2026-09-30 12:24:00+00:00,Aberdaron Automatic Weather Station,-4.74,52.79,0.0,"{""good"": []}",996.125,"{""good"": []}",,,17.16607982,"{""good"": []}",,,,,2600.0,"{""good"": []}",,"{""good"": []}",,"{""good"": []}",4.0,"{""good"": []}",,"{""good"": []}",,"{""good"": []}",4.0,"{""good"": []}",,,560.0273389,"{""good"": []}",,,0.9683333333,"{""good"": []}",,,1.0,"{""good"": []}",,,20.38241192,"{""good"": []}",20372.0,"{""good"": []}",0.0,"{""good"": []}",NSW,"{""good"": []}",78.17,"{""good"": []}",,,15.54569251,"{""good"": []}",,,14.42774082,"{""good"": []}",182.3028273,"{""good"": []}",22.64408333,"{""good"": []}"
2026-09-30 12:25:00+00:00,Aberdaron Automatic Weather Station,-4.74,52.79,0.0,"{""good"": []}",996.045,"{""good"": []}",,,17.17520854,"{""good"": []}",,,,,2600.0,"{""good"": []}",,"{""good"": []}",,"{""good"": []}",4.0,"{""good"": []}",,"{""good"": []}",,"{""good"": []}",4.0,"{""good"": []}",,,560.8036983,"{""good"": []}",,,0.9683333333,"{""good"": []}",,,1.0,"{""good"": []}",,,20.43954477,"{""good"": []}",19933.0,"{""good"": []}",0.0,"{""good"": []}",NSW,"{""good"": []}",78.0325,"{""good"": []}",,,15.54569251,"{""good"": []}",,,14.42769083,"{""good"": []}",182.2117236,"{""good"": []}",23.85145833,"{""good"": []}"
2026-09-30 12:26:00+00:00,Aberdaron Automatic Weather Station,-4.74,52.79,0.0,"{""good"": []}",996.095,"{""good"": []}",,,17.15901364,"{""good"": []}",,,,,2600.0,"{""good"": []}",,"{""good"": []}",,"{""good"": []}",4.0,"{""good"": []}",,"{""good"": []}",,"{""good"": []}",4.0,"{""good"": []}",,,560.7490832,"{""good"": []}",,,0.9683333333,"{""good"": []}",,,1.0,"{""good"": []}",,,20.42931739,"{""good"": []}",20066.0,"{""good"": []}",0.0,"{""good"": []}",NSW,"{""good"": []}",77.9375,"{""good"": []}",,,15.54569251,"{""good"": []}",,,14.42794078,"{""good"": []}",186.5848374,"{""good"": []}",22.78254167,"{""good"": []}"
2026-09-30 12:27:00+00:00,Aberdaron Automatic Weather Station,-4.74,52.79,0.0,"{""good"": []}",996.07,"{""good"": []}",,,17.14917154,"{""good"": []}",,,,,2600.0,"{""good"": []}",,"{""good"": []}",,"{""good"": []}",3.0,"{""good"": []}",,"{""good"": []}",,"{""good"": []}",3.0,"{""good"": []}",,,563.7036238,"{""good"": []}",,,0.9697222222,"{""good"": []}",,,1.0,"{""good"": []}",,,20.45168665,"{""good"": []}",19290.0,"{""good"": []}",0.0,"{""good"": []}",NSW,"{""good"": []}",78.0075,"{""good"": []}",,,15.54554258,"{""good"": []}",,,14.42799077,"{""good"": []}",188.0292225,"{""good"": []}",23.32729167,"{""good"": []}"
2026-09-30 12:28:00+00:00,Aberdaron Automatic Weather Station,-4.74,52.79,0.0,"{""good"": []}",996.14,"{""good"": []}",,,17.19993394,"{""good"": []}",,,,,2600.0,"{""good"": []}",,"{""good"": []}",,"{""good"": []}",3.0,"{""good"": []}",,"{""good"": []}",,"{""good"": []}",3.0,"{""good"": []}",,,563.50774,"{""good"": []}",,,0.9697222222,"{""good"": []}",,,1.0,"{""good"": []}",,,20.40951997,"{""good"": []}",17688.0,"{""good"": []}",0.0,"{""good"": []}",NSW,"{""good"": []}",78.63,"{""good"": []}",,,15.5454926,"{""good"": []}",,,14.42814074,"{""good"": []}",186.0555752,"{""good"": []}",24.05291667,"{""good"": []}"
2026-09-30 12:29:00+00:00,Aberdaron Automatic Weather Station,-4.74,52.79,0.0,"{""good"": []}",996.105,"{""good"": []}",,,17.22268941,"{""good"": []}",,,,,2600.0,"{""good"": []}",,"{""good"": []}",,"{""good"": []}",3.0,"{""good"": []}",,"{""good"": []}",,"{""good"": []}",3.0,"{""good"": []}",,,563.5548477,"{""good"": []}",,,0.9697222222,"{""good"": []}",,,1.0,"{""good"": []}",,,20.46060686,"{""good"": []}",18179.0,"{""good"": []}",0.0,"{""good"": []}",NSW,"{""good"": []}",78.285,"{""good"": []}",,,15.54574249,"{""good"": []}",,,14.4283432,"{""good"": []}",189.0657671,"{""good"": []}",24.6495,"{""good"": []}"
2026-09-30 12:30:00+00:00,Aberdaron Automatic Weather Station,-4.74,52.79,0.0,"{""good"": []}",996.11,"{""good"": []}",,,17.24373278,"{""good"": []}",,,,,2600.0,"{""good"": []}",,"{""good"": []}",,"{""good"": []}",2.0,"{""good"": []}",,"{""good"": []}",,"{""good"": []}",2.0,"{""good"": []}",,,563.5361283,"{""good"": []}",,,0.9697222222,"{""good"": []}",,,1.0,"{""good"": []}",,,20.42019723,"{""good"": []}",18119.5,"{""good"": []}",0.0,"{""good"": []}",NSW,"{""good"": []}",77.8375,"{""good"": []}",,,15.5454926,"{""good"": []}",,,14.42855066,"{""good"": []}",188.9563084,"{""good"": []}",23.557125,"{""good"": []}"
2026-09-30 12:31:00+00:00,Aberdaron Automatic Weather Station,-4.74,52.79,0.0,"{""good"": []}",996.1,"{""good"": []}",,,17.35686184,"{""good"": []}",,,,,2600.0,"{""good"": []}",,"{""good"": []}",,"{""good"": []}",2.0,"{""good"": []}",,"{""good"": []}",,"{""good"": []}",2.0,"{""good"": []}",,,563.5135172,"{""good"": []}",,,0.9697222222,"{""good"": []}",,,1.0,"{""good"": []}",,,20.42866506,"{""good"": []}",18918.0,"{""good"": []}",0.0,"{""good"": []}",NSW,"{""good"": []}",77.9675,"{""good"": []}",,,15.54543763,"{""good"": []}",,,14.42870063,"{""good"": []}",188.9375424,"{""good"": []}",25.85120833,"{""good"": []}"
2026-09-30 12:32:00+00:00,Aberdaron Automatic Weather Station,-4.74,52.79,0.0,"{""good"": []}",996.1,"{""good"": []}",,,17.31134589,"{""good"": []}",,,,,2600.0,"{""good"": []}",,"{""good"": []}",,"{""good"": []}",2.0,"{""good"": []}",,"{""good"": []}",,"{""good"": []}",2.0,"{""good"": []}",,,563.4961361,"{""good"": []}",,,0.9697222222,"{""good"": []}",,,1.0,"{""good"": []}",,,20.50650509,"{""good"": []}",18700.5,"{""good"": []}",0.0,"{""good"": []}",NSW,"{""good"": []}",76.97,"{""good"": []}",,,15.5454926,"{""good"": []}",,,14.42900057,"{""good"": []}",188.4325299,"{""good"": []}",26.43133333,"{""good"": []}"
2026-09-30 12:33:00+00:00,Aberdaron Automatic Weather Station,-4.74,52.79,0.0,"{""good"": []}",996.105,"{""good"": []}",,,17.40484583,"{""good"": []}",,,,,2600.0,"{""good"": []}",,"{""good"": []}",,"{""good"": []}",2.0,"{""good"": []}",,"{""good"": []}",,"{""good"": []}",2.0,"{""good"": []}",,,563.5289757,"{""good"": []}",,,0.9697222222,"{""good"": []}",,,1.0,"{""good"": []}",,,20.52746472,"{""good"": []}",20013.0,"{""good"": []}",0.0,"{""good"": []}",NSW,"{""good"": []}",77.06,"{""good"": []}",,,15.54538765,"{""good"": []}",,,14.42915054,"{""good"": []}",187.192283,"{""good"": []}",23.413375,"{""good"": []}"
2026-09-30 12:34:00+00:00,Aberdaron Automatic Weather Station,-4.74,52.79,0.0,"{""good"": []}",996.13,"{""good"": []}",,,17.4830044,"{""good"": []}",,,,,2600.0,"{""good"": []}",,"{""good"": []}",,"{""good"": []}",2.0,"{""good"": []}",,"{""good"": []}",,"{""good"": []}",2.0,"{""good"": []}",,,563.4595843,"{""good"": []}",,,0.9697222222,"{""good"": []}",,,1.0,"{""good"": []}",,,20.70945054,"{""good"": []}",19053.0,"{""good"": []}",0.0,"{""good"": []}",NSW,"{""good"": []}",77.58,"{""good"": []}",,,15.54543763,"{""good"": []}",,,14.42910055,"{""good"": []}",188.4260609,"{""good"": []}",23.39754167,"{""good"": []}"
2026-09-30 12:35:00+00:00,Aberdaron Automatic Weather Station,-4.74,52.79,0.0,"{""good"": []}",996.12,"{""good"": []}",,,17.4315887,"{""good"": []}",,,,,2600.0,"{""good"": []}",,"{""good"": []}",,"{""good"": []}",1.0,"{""good"": []}",,"{""good"": []}",,"{""good"": []}",1.0,"{""good"": []}",,,563.4424158,"{""good"": []}",,,0.9697222222,"{""good"": []}",,,1.0,"{""good"": []}",,,20.69705372,"{""good"": []}",17058.5,"{""good"": []}",0.0,"{""good"": []}",NSW,"{""good"": []}",77.285,"{""good"": []}",,,15.5454926,"{""good"": []}",,,14.42940298,"{""good"": []}",187.1337156,"{""good"": []}",24.01620833,"{""good"": []}"
2026-09-30 12:36:00+00:00,Aberdaron Automatic Weather Station,-4.74,52.79,0.0,"{""good"": []}",996.125,"{""good"": []}",,,17.48996796,"{""good"": []}",,,,,2600.0,"{""good"": []}",,"{""good"": []}",,"{""good"": []}",1.0,"{""good"": []}",,"{""good"": []}",,"{""good"": []}",1.0,"{""good"": []}",,,563.6100584,"{""good"": []}",,,0.9697222222,"{""good"": []}",,,1.0,"{""good"": []}",,,20.68884333,"{""good"": []}",18257.0,"{""good"": []}",0.0,"{""good"": []}",NSW,"{""good"": []}",77.665,"{""good"": []}",,,15.54554258,"{""good"": []}",,,14.42950296,"{""good"": []}",188.4045362,"{""good"": []}",23.48570833,"{""good"": []}"
2026-09-30 12:37:00+00:00,Aberdaron Automatic Weather Station,-4.74,52.79,0.0,"{""good"": []}",996.135,"{""good"": []}",,,17.49481142,"{""good"": []}",,,,,2600.0,"{""good"": []}",,"{""good"": []}",,"{""good"": []}",1.0,"{""good"": []}",,"{""good"": []}",,"{""good"": []}",1.0,"{""good"": []}",,,563.5060966,"{""good"": []}",,,0.9697222222,"{""good"": []}",,,1.0,"{""good"": []}",,,20.73439164,"{""good"": []}",17037.0,"{""good"": []}",0.0,"{""good"": []}",NSW,"{""good"": []}",77.835,"{""good"": []}",,,15.5454901,"{""good"": []}",,,14.42970792,"{""good"": []}",188.1776473,"{""good"": []}",23.45629167,"{""good"": []}"
2026-09-30 12:38:00+00:00,Aberdaron Automatic Weather Station,-4.74,52.79,0.0,"{""good"": []}",996.14,"{""good"": []}",,,17.50136948,"{""good"": []}",,,,,2600.0,"{""good"": []}",,"{""good"": []}",,"{""good"": []}",1.0,"{""good"": []}",,"{""good"": []}",,"{""good"": []}",1.0,"{""good"": []}",,,563.2106596,"{""good"": []}",,,0.9697222222,"{""good"": []}",,,1.0,"{""good"": []}",,,20.81973976,"{""good"": []}",17869.0,"{""good"": []}",0.0,"{""good"": []}",NSW,"{""good"": []}",77.885,"{""good"": []}",,,15.54544012,"{""good"": []}",,,14.42986039,"{""good"": []}",188.0201463,"{""good"": []}",23.94379167,"{""good"": []}"
2026-09-30 12:39:00+00:00,Aberdaron Automatic Weather Station,-4.74,52.79,0.0,"{""good"": []}",996.125,"{""good"": []}",,,17.42588669,"{""good"": []}",,,,,2600.0,"{""good"": []}",,"{""good"": []}",,"{""good"": []}",1.0,"{""good"": []}",,"{""good"": []}",,"{""good"": []}",1.0,"{""good"": []}",,,562.7061456,"{""good"": []}",,,0.9697222222,"{""good"": []}",,,1.0,"{""good"": []}",,,20.8113719,"{""good"": []}",17883.5,"{""good"": []}",0.0,"{""good"": []}",NSW,"{""good"": []}",77.48,"{""good"": []}",,,15.54533517,"{""good"": []}",,,14.43016033,"{""good"": []}",186.7005671,"{""good"": []}",23.93258333,"{""good"": []}"
2026-09-30 12:40:00+00:00,Aberdaron Automatic Weather Station,-4.74,52.79,0.0,"{""good"": []}",996.155,"{""good"": []}",,,17.45313268,"{""good"": []}",,,,,2800.0,"{""good"": []}",,"{""good"": []}",,"{""good"": []}",1.0,"{""good"": []}",,"{""good"": []}",,"{""good"": []}",1.0,"{""good"": []}",,,562.4049321,"{""good"": []}",,,0.9697222222,"{""good"": []}",,,1.0,"{""good"": []}",,,20.77212697,"{""good"": []}",17230.0,"{""good"": []}",0.0,"{""good"": []}",NSW,"{""good"": []}",77.83,"{""good"": []}",,,15.54523522,"{""good"": []}",,,14.4303103,"{""good"": []}",189.0310924,"{""good"": []}",22.96358333,"{""good"": []}"
2026-09-30 12:41:00+00:00,Aberdaron Automatic Weather Station,-4.74,52.79,0.0,"{""good"": []}",996.125,"{""good"": []}",,,17.4641312,"{""good"": []}",,,,,2800.0,"{""good"": []}",,"{""good"": []}",,"{""good"": []}",1.0,"{""good"": []}",,"{""good"": []}",,"{""good"": []}",1.0,"{""good"": []}",,,562.0967235,"{""good"": []}",,,0.9697222222,"{""good"": []}",,,1.0,"{""good"": []}",,,20.7696576,"{""good"": []}",17205.0,"{""good"": []}",0.0,"{""good"": []}",NSW,"{""good"": []}",78.1675,"{""good"": []}",,,15.54538765,"{""good"": []}",,,14.43026031,"{""good"": []}",189.5870399,"{""good"": []}",24.44854167,"{""good"": []}"
2026-09-30 12:42:00+00:00,Aberdaron Automatic Weather Station,-4.74,52.79,0.0,"{""good"": []}",996.15,"{""good"": []}",,,17.43633203,"{""good"": []}",,,,,2800.0,"{""good"": []}",,"{""good"": []}",,"{""good"": []}",1.0,"{""good"": []}",,"{""good"": []}",,"{""good"": []}",1.0,"{""good"": []}",,,564.3622287,"{""good"": []}",,,0.9736111111,"{""good"": []}",,,1.0,"{""good"": []}",,,20.8153059,"{""good"": []}",16230.5,"{""good"": []}",0.0,"{""good"": []}",NSW,"{""good"": []}",77.5825,"{""good"": []}",,,15.54518524,"{""good"": []}",,,14.43041028,"{""good"": []}",186.948607,"{""good"": []}",24.204125,"{""good"": []}"
2026-09-30 12:43:00+00:00,Aberdaron Automatic Weather Station,-4.74,52.79,0.0,"{""good"": []}",996.135,"{""good"": []}",,,17.49930444,"{""good"": []}",,,,,0.0,"{""good"": []}",,"{""good"": []}",,"{""good"": []}",0.0,"{""good"": []}",,"{""good"": []}",,"{""good"": []}",0.0,"{""good"": []}",,,565.0039034,"{""good"": []}",,,0.9736111111,"{""good"": []}",,,1.0,"{""good"": []}",,,20.73368433,"{""good"": []}",16825.0,"{""good"": []}",0.0,"{""good"": []}",NSW,"{""good"": []}",77.7125,"{""good"": []}",,,15.5452852,"{""good"": []}",,,14.43056025,"{""good"": []}",187.3762519,"{""good"": []}",24.48054167,"{""good"": []}"
2026-09-30 12:44:00+00:00,Aberdaron Automatic Weather Station,-4.74,52.79,0.0,"{""good"": []}",996.135,"{""good"": []}",,,17.59492198,"{""good"": []}",,,,,0.0,"{""good"": []}",,"{""good"": []}",,"{""good"": []}",0.0,"{""good"": []}",,"{""good"": []}",,"{""good"": []}",0.0,"{""good"": []}",,,563.8482988,"{""good"": []}",,,0.9736111111,"{""good"": []}",,,1.0,"{""good"": []}",,,20.75474643,"{""good"": []}",17416.5,"{""good"": []}",0.0,"{""good"": []}",NSW,"{""good"": []}",78.465,"{""good"": []}",,,15.54518524,"{""good"": []}",,,14.43091767,"{""good"": []}",188.4655512,"{""good"": []}",23.02041667,"{""good"": []}"
2026-09-30 12:45:00+00:00,Aberdaron Automatic Weather Station,-4.74,52.79,0.0,"{""good"": []}",996.145,"{""good"": []}",,,17.57660446,"{""good"": []}",,,,,0.0,"{""good"": []}",,"{""good"": []}",,"{""good"": []}",0.0,"{""good"": []}",,"{""good"": []}",,"{""good"": []}",0.0,"{""good"": []}",,,562.7553059,"{""good"": []}",,,0.9736111111,"{""good"": []}",,,1.0,"{""good"": []}",,,20.76517125,"{""good"": []}",16115.5,"{""good"": []}",0.0,"{""good"": []}",NSW,"{""good"": []}",77.9675,"{""good"": []}",,,15.54523272,"{""good"": []}",,,14.43097016,"{""good"": []}",187.9386047,"{""good"": []}",24.712625,"{""good"": []}"
2026-09-30 12:46:00+00:00,Aberdaron Automatic Weather Station,-4.74,52.79,0.0,"{""good"": []}",996.14,"{""good"": []}",,,17.60274159,"{""good"": []}",,,,,0.0,"{""good"": []}",,"{""good"": []}",,"{""good"": []}",0.0,"{""good"": []}",,"{""good"": []}",,"{""good"": []}",0.0,"{""good"": []}",,,562.226422,"{""good"": []}",,,0.9736111111,"{""good"": []}",,,1.0,"{""good"": []}",,,20.8367179,"{""good"": []}",17001.0,"{""good"": []}",0.0,"{""good"": []}",NSW,"{""good"": []}",77.7675,"{""good"": []}",,,15.54513277,"{""good"": []}",,,14.43132009,"{""good"": []}",187.6860133,"{""good"": []}",23.43504167,"{""good"": []}"
2026-09-30 12:47:00+00:00,Aberdaron Automatic Weather Station,-4.74,52.79,0.0,"{""good"": []}",996.16,"{""good"": []}",,,17.67469504,"{""good"": []}",,,,,0.0,"{""good"": []}",,"{""good"": []}",,"{""good"": []}",0.0,"{""good"": []}",,"{""good"": []}",,"{""good"": []}",0.0,"{""good"": []}",,,561.5525232,"{""good"": []}",,,0.9736111111,"{""good"": []}",,,1.0,"{""good"": []}",,,20.92035145,"{""good"": []}",17154.0,"{""good"": []}",0.0,"{""good"": []}",NSW,"{""good"": []}",77.4975,"{""good"": []}",,,15.54513277,"{""good"": []}",,,14.43142007,"{""good"": []}",188.7557314,"{""good"": []}",23.913375,"{""good"": []}"
2026-09-30 12:48:00+00:00,Aberdaron Automatic Weather Station,-4.74,52.79,0.0,"{""good"": []}",996.135,"{""good"": []}",,,17.68357846,"{""good"": []}",,,,,0.0,"{""good"": []}",,"{""good"": []}",,"{""good"": []}",0.0,"{""good"": []}",,"{""good"": []}",,"{""good"": []}",0.0,"{""good"": []}",,,560.923093,"{""good"": []}",,,0.9736111111,"{""good"": []}",,,1.0,"{""good"": []}",,,20.91843694,"{""good"": []}",17939.5,"{""good"": []}",0.0,"{""good"": []}",NSW,"{""good"": []}",76.5725,"{""good"": []}",,,15.5452852,"{""good"": []}",,,14.43181999,"{""good"": []}",189.4781754,"{""good"": []}",26.84154167,"{""good"": []}"
2026-09-30 12:49:00+00:00,Aberdaron Automatic Weather Station,-4.74,52.79,0.0,"{""good"": []}",996.14,"{""good"": []}",,,17.6711632,"{""good"": []}",,,,,0.0,"{""good"": []}",,"{""good"": []}",,"{""good"": []}",0.0,"{""good"": []}",,"{""good"": []}",,"{""good"": []}",0.0,"{""good"": []}",,,560.6023415,"{""good"": []}",,,0.9736111111,"{""good"": []}",,,1.0,"{""good"": []}",,,20.80975981,"{""good"": []}",17995.0,"{""good"": []}",0.0,"{""good"": []}",NSW,"{""good"": []}",76.5075,"{""good"": []}",,,15.54508279,"{""good"": []}",,,14.43177,"{""good"": []}",190.406061,"{""good"": []}",23.671375,"{""good"": []}"
2026-09-30 12:50:00+00:00,Aberdaron Automatic Weather Station,-4.74,52.79,0.0,"{""good"": []}",996.19,"{""good"": []}",,,17.66949865,"{""good"": []}",,,,,0.0,"{""good"": []}",,"{""good"": []}",,"{""good"": []}",0.0,"{""good"": []}",,"{""good"": []}",,"{""good"": []}",0.0,"{""good"": []}",,,560.4424733,"{""good"": []}",,,0.9736111111,"{""good"": []}",,,1.0,"{""good"": []}",,,20.90634754,"{""good"": []}",17758.5,"{""good"": []}",0.0,"{""good"": []}",NSW,"{""good"": []}",76.205,"{""good"": []}",,,15.54508279,"{""good"": []}",,,14.43206994,"{""good"": []}",189.0234022,"{""good"": []}",27.7995,"{""good"": []}"
2026-09-30 12:51:00+00:00,Aberdaron Automatic Weather Station,-4.74,52.79,0.0,"{""good"": []}",996.205,"{""good"": []}",,,17.69457447,"{""good"": []}",,,,,0.0,"{""good"": []}",,"{""good"": []}",,"{""good"": []}",0.0,"{""good"": []}",,"{""good"": []}",,"{""good"": []}",0.0,"{""good"": []}",,,559.5730647,"{""good"": []}",,,0.9736111111,"{""good"": []}",,,1.0,"{""good"": []}",,,20.85415093,"{""good"": []}",18008.0,"{""good"": []}",0.0,"{""good"": []}",NSW,"{""good"": []}",75.465,"{""good"": []}",,,15.54503282,"{""good"": []}",,,14.4322249,"{""good"": []}",191.2808449,"{""good"": []}",24.90670833,"{""good"": []}"
2026-09-30 12:52:00+00:00,Aberdaron Automatic Weather Station,-4.74,52.79,0.0,"{""good"": []}",996.225,"{""good"": []}",,,17.76143416,"{""good"": []}",,,,,0.0,"{""good"": []}",,"{""good"": []}",,"{""good"": []}",0.0,"{""good"": []}",,"{""good"": []}",,"{""good"": []}",0.0,"{""good"": []}",,,558.5440507,"{""good"": []}",,,0.9736111111,"{""good"": []}",,,1.0,"{""good"": []}",,,20.81510095,"{""good"": []}",17399.5,"{""good"": []}",0.0,"{""good"": []}",NSW,"{""good"": []}",76.5575,"{""good"": []}",,,15.54498284,"{""good"": []}",,,14.43247735,"{""good"": []}",189.68995,"{""good"": []}",22.688625,"{""good"": []}"
2026-09-30 12:53:00+00:00,Aberdaron Automatic Weather Station,-4.74,52.79,0.0,"{""good"": []}",996.25,"{""good"": []}",,,17.72984784,"{""good"": []}",,,,,0.0,"{""good"": []}",,"{""good"": []}",,"{""good"": []}",0.0,"{""good"": []}",,"{""good"": []}",,"{""good"": []}",0.0,"{""good"": []}",,,558.5386324,"{""good"": []}",,,0.9736111111,"{""good"": []}",,,1.0,"{""good"": []}",,,20.8472477,"{""good"": []}",16581.0,"{""good"": []}",0.0,"{""good"": []}",NSW,"{""good"": []}",76.045,"{""good"": []}",,,15.54508529,"{""good"": []}",,,14.43277979,"{""good"": []}",187.9465577,"{""good"": []}",24.686625,"{""good"": []}"
2026-09-30 12:54:00+00:00,Aberdaron Automatic Weather Station,-4.74,52.79,0.0,"{""good"": []}",996.26,"{""good"": []}",,,17.69644678,"{""good"": []}",,,,,0.0,"{""good"": []}",,"{""good"": []}",,"{""good"": []}",0.0,"{""good"": []}",,"{""good"": []}",,"{""good"": []}",0.0,"{""good"": []}",,,557.5895584,"{""good"": []}",,,0.9741666667,"{""good"": []}",,,1.0,"{""good"": []}",,,20.83374366,"{""good"": []}",17941.0,"{""good"": []}",0.0,"{""good"": []}",NSW,"{""good"": []}",75.755,"{""good"": []}",,,15.54498284,"{""good"": []}",,,14.43282978,"{""good"": []}",190.6650284,"{""good"": []}",24.94833333,"{""good"": []}"
2026-09-30 12:55:00+00:00,Aberdaron Automatic Weather Station,-4.74,52.79,0.0,"{""good"": []}",996.285,"{""good"": []}",,,17.63639796,"{""good"": []}",,,,,0.0,"{""good"": []}",,"{""good"": []}",,"{""good"": []}",0.0,"{""good"": []}",,"{""good"": []}",,"{""good"": []}",0.0,"{""good"": []}",,,556.3303271,"{""good"": []}",,,0.9741666667,"{""good"": []}",,,1.0,"{""good"": []}",,,20.77787049,"{""good"": []}",16860.0,"{""good"": []}",0.0,"{""good"": []}",NSW,"{""good"": []}",74.66,"{""good"": []}",,,15.54513277,"{""good"": []}",,,14.43312972,"{""good"": []}",189.3337876,"{""good"": []}",26.60854167,"{""good"": []}"
2026-09-30 12:56:00+00:00,Aberdaron Automatic Weather Station,-4.74,52.79,0.0,"{""good"": []}",996.275,"{""good"": []}",,,17.63221031,"{""good"": []}",,,,,0.0,"{""good"": []}",,"{""good"": []}",,"{""good"": []}",0.0,"{""good"": []}",,"{""good"": []}",,"{""good"": []}",0.0,"{""good"": []}",,,555.4907532,"{""good"": []}",,,0.9741666667,"{""good"": []}",,,1.0,"{""good"": []}",,,20.73630115,"{""good"": []}",18230.5,"{""good"": []}",0.0,"{""good"": []}",NSW,"{""good"": []}",74.8925,"{""good"": []}",,,15.54478293,"{""good"": []}",,,14.43317971,"{""good"": []}",190.255141,"{""good"": []}",26.03629167,"{""good"": []}"
2026-09-30 12:57:00+00:00,Aberdaron Automatic Weather Station,-4.74,52.79,0.0,"{""good"": []}",996.29,"{""good"": []}",,,17.67646221,"{""good"": []}",,,,,0.0,"{""good"": []}",,"{""good"": []}",,"{""good"": []}",0.0,"{""good"": []}",,"{""good"": []}",,"{""good"": []}",0.0,"{""good"": []}",,,553.7713145,"{""good"": []}",,,0.9741666667,"{""good"": []}",,,1.0,"{""good"": []}",,,20.77741811,"{""good"": []}",18212.0,"{""good"": []}",0.0,"{""good"": []}",NSW,"{""good"": []}",74.44,"{""good"": []}",,,15.54503282,"{""good"": []}",,,14.43363711,"{""good"": []}",191.0405992,"{""good"": []}",24.76633333,"{""good"": []}"
2026-09-30 12:58:00+00:00,Aberdaron Automatic Weather Station,-4.74,52.79,0.0,"{""good"": []}",996.28,"{""good"": []}",,,17.75835538,"{""good"": []}",,,,,0.0,"{""good"": []}",,"{""good"": []}",,"{""good"": []}",0.0,"{""good"": []}",,"{""good"": []}",,"{""good"": []}",0.0,"{""good"": []}",,,552.2555494,"{""good"": []}",,,0.9741666667,"{""good"": []}",,,1.0,"{""good"": []}",,,20.92901923,"{""good"": []}",17143.5,"{""good"": []}",0.0,"{""good"": []}",NSW,"{""good"": []}",75.3425,"{""good"": []}",,,15.54488288,"{""good"": []}",,,14.43383957,"{""good"": []}",191.252131,"{""good"": []}",24.05479167,"{""good"": []}"
2026-09-30 12:59:00+00:00,Aberdaron Automatic Weather Station,-4.74,52.79,0.0,"{""good"": []}",996.245,"{""good"": []}",,,17.72661636,"{""good"": []}",,,,,0.0,"{""good"": []}",,"{""good"": []}",,"{""good"": []}",0.0,"{""good"": []}",,"{""good"": []}",,"{""good"": []}",0.0,"{""good"": []}",,,552.4688229,"{""good"": []}",,,0.9786111111,"{""good"": []}",,,1.0,"{""good"": []}",,,20.90705236,"{""good"": []}",16900.0,"{""good"": []}",0.0,"{""good"": []}",NSW,"{""good"": []}",74.94,"{""good"": []}",,,15.54503282,"{""good"": []}",,,14.43393955,"{""good"": []}",192.0013267,"{""good"": []}",23.06625,"{""good"": []}"
2026-09-30 13:00:00+00:00,Aberdaron Automatic Weather Station,-4.74,52.79,0.0,"{""good"": []}",996.315,"{""good"": []}",,,17.81123789,"{""good"": []}",,,,,0.0,"{""good"": []}",,"{""good"": []}",,"{""good"": []}",0.0,"{""good"": []}",,"{""good"": []}",,"{""good"": []}",0.0,"{""good"": []}",,,550.8168525,"{""good"": []}",,,0.9786111111,"{""good"": []}",,,1.0,"{""good"": []}",,,20.91828948,"{""good"": []}",17709.0,"{""good"": []}",0.0,"{""good"": []}",NSW,"{""good"": []}",75.0175,"{""good"": []}",,,15.54483291,"{""good"": []}",,,14.43408952,"{""good"": []}",191.51985,"{""good"": []}",22.46079167,"{""good"": []}"
2026-09-30 13:01:00+00:00,Aberdaron Automatic Weather Station,-4.74,52.79,0.0,"{""good"": []}",996.31,"{""good"": []}",,,17.81249943,"{""good"": []}",,,,,0.0,"{""good"": []}",,"{""good"": []}",,"{""good"": []}",0.0,"{""good"": []}",,"{""good"": []}",,"{""good"": []}",0.0,"{""good"": []}",,,548.6633887,"{""good"": []}",,,0.9786111111,"{""good"": []}",,,1.0,"{""good"": []}",,,20.95194585,"{""good"": []}",17548.5,"{""good"": []}",0.0,"{""good"": []}",NSW,"{""good"": []}",74.9375,"{""good"": []}",,,15.54493286,"{""good"": []}",,,14.43433947,"{""good"": []}",191.3805208,"{""good"": []}",25.59708333,"{""good"": []}"
2026-09-30 13:02:00+00:00,Aberdaron Automatic Weather Station,-4.74,52.79,0.0,"{""good"": []}",996.27,"{""good"": []}",,,17.79377892,"{""good"": []}",,,,,0.0,"{""good"": []}",,"{""good"": []}",,"{""good"": []}",0.0,"{""good"": []}",,"{""good"": []}",,"{""good"": []}",0.0,"{""good"": []}",,,547.2842069,"{""good"": []}",,,0.9786111111,"{""good"": []}",,,1.0,"{""good"": []}",,,20.90549276,"{""good"": []}",18619.0,"{""good"": []}",0.0,"{""good"": []}",NSW,"{""good"": []}",74.1625,"{""good"": []}",,,15.54483291,"{""good"": []}",,,14.43459442,"{""good"": []}",195.2809734,"{""good"": []}",24.8715,"{""good"": []}"
2026-09-30 13:03:00+00:00,Aberdaron Automatic Weather Station,-4.74,52.79,0.0,"{""good"": []}",996.31,"{""good"": []}",,,17.95262168,"{""good"": []}",,,,,0.0,"{""good"": []}",,"{""good"": []}",,"{""good"": []}",0.0,"{""good"": []}",,"{""good"": []}",,"{""good"": []}",0.0,"{""good"": []}",,,546.0866234,"{""good"": []}",,,0.9786111111,"{""good"": []}",,,1.0,"{""good"": []}",,,20.93491522,"{""good"": []}",18381.5,"{""good"": []}",0.0,"{""good"": []}",NSW,"{""good"": []}",75.5525,"{""good"": []}",,,15.54483291,"{""good"": []}",,,14.43494935,"{""good"": []}",194.0606311,"{""good"": []}",22.95354167,"{""good"": []}"
2026-09-30 13:04:00+00:00,Aberdaron Automatic Weather Station,-4.74,52.79,0.0,"{""good"": []}",996.31,"{""good"": []}",,,17.84943484,"{""good"": []}",,,,,0.0,"{""good"": []}",,"{""good"": []}",,"{""good"": []}",0.0,"{""good"": []}",,"{""good"": []}",,"{""good"": []}",0.0,"{""good"": []}",,,546.7030229,"{""good"": []}",,,0.9816666667,"{""good"": []}",,,1.0,"{""good"": []}",,,21.06550922,"{""good"": []}",16695.5,"{""good"": []}",0.0,"{""good"": []}",NSW,"{""good"": []}",73.865,"{""good"": []}",,,15.54468298,"{""good"": []}",,,14.43494935,"{""good"": []}",194.7151682,"{""good"": []}",25.71916667,"{""good"": []}"
2026-09-30 13:05:00+00:00,Aberdaron Automatic Weather Station,-4.74,52.79,0.0,"{""good"": []}",996.285,"{""good"": []}",,,17.81906,"{""good"": []}",,,,,0.0,"{""good"": []}",,"{""good"": []}",,"{""good"": []}",0.0,"{""good"": []}",,"{""good"": []}",,"{""good"": []}",0.0,"{""good"": []}",,,546.1106198,"{""good"": []}",,,0.9816666667,"{""good"": []}",,,1.0,"{""good"": []}",,,20.98358273,"{""good"": []}",17452.0,"{""good"": []}",0.0,"{""good"": []}",NSW,"{""good"": []}",73.96,"{""good"": []}",,,15.54493286,"{""good"": []}",,,14.43519929,"{""good"": []}",194.5134094,"{""good"": []}",24.67154167,"{""good"": []}"
2026-09-30 13:06:00+00:00,Aberdaron Automatic Weather Station,-4.74,52.79,0.0,"{""good"": []}",996.28,"{""good"": []}",,,17.89807463,"{""good"": []}",,,,,0.0,"{""good"": []}",,"{""good"": []}",,"{""good"": []}",0.0,"{""good"": []}",,"{""good"": []}",,"{""good"": []}",0.0,"{""good"": []}",,,544.7966321,"{""good"": []}",,,0.9816666667,"{""good"": []}",,,1.0,"{""good"": []}",,,20.98288042,"{""good"": []}",18263.5,"{""good"": []}",0.0,"{""good"": []}",NSW,"{""good"": []}",74.09,"{""good"": []}",,,15.54468298,"{""good"": []}",,,14.43539925,"{""good"": []}",194.5853651,"{""good"": []}",23.88283333,"{""good"": []}"
2026-09-30 13:07:00+00:00,Aberdaron Automatic Weather Station,-4.74,52.79,0.0,"{""good"": []}",996.3,"{""good"": []}",,,17.95902706,"{""good"": []}",,,,,0.0,"{""good"": []}",,"{""good"": []}",,"{""good"": []}",0.0,"{""good"": []}",,"{""good"": []}",,"{""good"": []}",0.0,"{""good"": []}",,,547.2270828,"{""good"": []}",,,0.9886111111,"{""good"": []}",,,1.0,"{""good"": []}",,,21.03643918,"{""good"": []}",17856.0,"{""good"": []}",0.0,"{""good"": []}",NSW,"{""good"": []}",74.525,"{""good"": []}",,,15.54468298,"{""good"": []}",,,14.43574918,"{""good"": []}",194.0495391,"{""good"": []}",21.35191667,"{""good"": []}"
2026-09-30 13:08:00+00:00,Aberdaron Automatic Weather Station,-4.74,52.79,0.0,"{""good"": []}",996.305,"{""good"": []}",,,17.93324536,"{""good"": []}",,,,,0.0,"{""good"": []}",,"{""good"": []}",,"{""good"": []}",0.0,"{""good"": []}",,"{""good"": []}",,"{""good"": []}",0.0,"{""good"": []}",,,545.7467945,"{""good"": []}",,,0.9886111111,"{""good"": []}",,,1.0,"{""good"": []}",,,21.10899307,"{""good"": []}",16413.5,"{""good"": []}",0.0,"{""good"": []}",NSW,"{""good"": []}",74.16,"{""good"": []}",,,15.54453305,"{""good"": []}",,,14.43600413,"{""good"": []}",193.4681686,"{""good"": []}",25.24808333,"{""good"": []}"
2026-09-30 13:09:00+00:00,Aberdaron Automatic Weather Station,-4.74,52.79,0.0,"{""good"": []}",996.31,"{""good"": []}",,,17.97003058,"{""good"": []}",,,,,0.0,"{""good"": []}",,"{""good"": []}",,"{""good"": []}",0.0,"{""good"": []}",,"{""good"": []}",,"{""good"": []}",0.0,"{""good"": []}",,,544.3209713,"{""good"": []}",,,0.9886111111,"{""good"": []}",,,1.0,"{""good"": []}",,,21.06837849,"{""good"": []}",17043.0,"{""good"": []}",0.0,"{""good"": []}",NSW,"{""good"": []}",74.165,"{""good"": []}",,,15.54458302,"{""good"": []}",,,14.43625658,"{""good"": []}",193.619304,"{""good"": []}",25.71729167,"{""good"": []}"
2026-09-30 13:10:00+00:00,Aberdaron Automatic Weather Station,-4.74,52.79,0.0,"{""good"": []}",996.34,"{""good"": []}",,,17.94106748,"{""good"": []}",,,,,0.0,"{""good"": []}",,"{""good"": []}",,"{""good"": []}",0.0,"{""good"": []}",,"{""good"": []}",,"{""good"": []}",0.0,"{""good"": []}",,,543.0966251,"{""good"": []}",,,0.9886111111,"{""good"": []}",,,1.0,"{""good"": []}",,,21.02671417,"{""good"": []}",18101.0,"{""good"": []}",0.0,"{""good"": []}",NSW,"{""good"": []}",74.2025,"{""good"": []}",,,15.54468298,"{""good"": []}",,,14.43640905,"{""good"": []}",193.8351741,"{""good"": []}",24.52479167,"{""good"": []}"
2026-09-30 13:11:00+00:00,Aberdaron Automatic Weather Station,-4.74,52.79,0.0,"{""good"": []}",996.32,"{""good"": []}",,,17.89050532,"{""good"": []}",,,,,0.0,"{""good"": []}",,"{""good"": []}",,"{""good"": []}",0.0,"{""good"": []}",,"{""good"": []}",,"{""good"": []}",0.0,"{""good"": []}",,,542.6964438,"{""good"": []}",,,0.9886111111,"{""good"": []}",,,1.0,"{""good"": []}",,,20.97773923,"{""good"": []}",17014.0,"{""good"": []}",0.0,"{""good"": []}",NSW,"{""good"": []}",73.82,"{""good"": []}",,,15.54468298,"{""good"": []}",,,14.43665899,"{""good"": []}",194.810998,"{""good"": []}",25.51545833,"{""good"": []}"
2026-09-30 13:12:00+00:00,Aberdaron Automatic Weather Station,-4.74,52.79,0.0,"{""good"": []}",996.365,"{""good"": []}",,,17.832076,"{""good"": []}",,,,,0.0,"{""good"": []}",,"{""good"": []}",,"{""good"": []}",0.0,"{""good"": []}",,"{""good"": []}",,"{""good"": []}",0.0,"{""good"": []}",,,541.7089815,"{""good"": []}",,,0.9886111111,"{""good"": []}",,,1.0,"{""good"": []}",,,20.95396033,"{""good"": []}",18244.0,"{""good"": []}",0.0,"{""good"": []}",NSW,"{""good"": []}",73.48,"{""good"": []}",,,15.544633,"{""good"": []}",,,14.43695893,"{""good"": []}",192.3735463,"{""good"": []}",26.65133333,"{""good"": []}"
2026-09-30 13:13:00+00:00,Aberdaron Automatic Weather Station,-4.74,52.79,0.0,"{""good"": []}",996.39,"{""good"": []}",,,17.8364639,"{""good"": []}",,,,,0.0,"{""good"": []}",,"{""good"": []}",,"{""good"": []}",0.0,"{""good"": []}",,"{""good"": []}",,"{""good"": []}",0.0,"{""good"": []}",,,543.6231801,"{""good"": []}",,,0.9894444444,"{""good"": []}",,,1.0,"{""good"": []}",,,20.91138625,"{""good"": []}",17616.0,"{""good"": []}",0.0,"{""good"": []}",NSW,"{""good"": []}",74.02,"{""good"": []}",,,15.54453305,"{""good"": []}",,,14.43721388,"{""good"": []}",193.7263297,"{""good"": []}",24.58808333,"{""good"": []}"
2026-09-30 13:14:00+00:00,Aberdaron Automatic Weather Station,-4.74,52.79,0.0,"{""good"": []}",996.375,"{""good"": []}",,,17.82264191,"{""good"": []}",,,,,0.0,"{""good"": []}",,"{""good"": []}",,"{""good"": []}",0.0,"{""good"": []}",,"{""good"": []}",,"{""good"": []}",0.0,"{""good"": []}",,,547.4817995,"{""good"": []}",,,0.9930555556,"{""good"": []}",,,1.0,"{""good"": []}",,,20.92997648,"{""good"": []}",17650.0,"{""good"": []}",0.0,"{""good"": []}",NSW,"{""good"": []}",74.0025,"{""good"": []}",,,15.54453305,"{""good"": []}",,,14.43746883,"{""good"": []}",193.2829932,"{""good"": []}",24.37216667,"{""good"": []}"
2026-09-30 13:15:00+00:00,Aberdaron Automatic Weather Station,-4.74,52.79,0.0,"{""good"": []}",996.39,"{""good"": []}",,,17.86739692,"{""good"": []}",,,,,0.0,"{""good"": []}",,"{""good"": []}",,"{""good"": []}",0.0,"{""good"": []}",,"{""good"": []}",,"{""good"": []}",0.0,"{""good"": []}",,,548.8138302,"{""good"": []}",,,0.9955555556,"{""good"": []}",,,1.0,"{""good"": []}",,,20.96307799,"{""good"": []}",18309.5,"{""good"": []}",0.0,"{""good"": []}",NSW,"{""good"": []}",74.7575,"{""good"": []}",,,15.54453305,"{""good"": []}",,,14.43766879,"{""good"": []}",193.7886127,"{""good"": []}",23.28270833,"{""good"": []}"
2026-09-30 13:16:00+00:00,Aberdaron Automatic Weather Station,-4.74,52.79,0.0,"{""good"": []}",996.4,"{""good"": []}",,,17.88117135,"{""good"": []}",,,,,0.0,"{""good"": []}",,"{""good"": []}",,"{""good"": []}",0.0,"{""good"": []}",,"{""good"": []}",,"{""good"": []}",0.0,"{""good"": []}",,,550.7907356,"{""good"": []}",,,1.0,"{""good"": []}",,,1.0,"{""good"": []}",,,21.03452467,"{""good"": []}",17700.0,"{""good"": []}",0.0,"{""good"": []}",NSW,"{""good"": []}",74.3975,"{""good"": []}",,,15.54453305,"{""good"": []}",,,14.43786875,"{""good"": []}",193.2078156,"{""good"": []}",24.23525,"{""good"": []}"
2026-09-30 13:17:00+00:00,Aberdaron Automatic Weather Station,-4.74,52.79,0.0,"{""good"": []}",996.42,"{""good"": []}",,,17.92254722,"{""good"": []}",,,,,0.0,"{""good"": []}",,"{""good"": []}",,"{""good"": []}",0.0,"{""good"": []}",,"{""good"": []}",,"{""good"": []}",0.0,"{""good"": []}",,,552.2869109,"{""good"": []}",,,1.0,"{""good"": []}",,,1.0,"{""good"": []}",,,21.10218732,"{""good"": []}",17741.0,"{""good"": []}",0.0,"{""good"": []}",NSW,"{""good"": []}",74.695,"{""good"": []}",,,15.544633,"{""good"": []}",,,14.43827117,"{""good"": []}",192.189703,"{""good"": []}",23.825375,"{""good"": []}"
2026-09-30 13:18:00+00:00,Aberdaron Automatic Weather Station,-4.74,52.79,0.0,"{""good"": []}",996.44,"{""good"": []}",,,17.93602128,"{""good"": []}",,,,,0.0,"{""good"": []}",,"{""good"": []}",,"{""good"": []}",0.0,"{""good"": []}",,"{""good"": []}",,"{""good"": []}",0.0,"{""good"": []}",,,551.4101106,"{""good"": []}",,,1.0,"{""good"": []}",,,1.0,"{""good"": []}",,,21.11195981,"{""good"": []}",19190.5,"{""good"": []}",0.0,"{""good"": []}",NSW,"{""good"": []}",74.4175,"{""good"": []}",,,15.544633,"{""good"": []}",,,14.4385786,"{""good"": []}",196.1022683,"{""good"": []}",22.08904167,"{""good"": []}"
2026-09-30 13:19:00+00:00,Aberdaron Automatic Weather Station,-4.74,52.79,0.0,"{""good"": []}",996.465,"{""good"": []}",,,17.94525262,"{""good"": []}",,,,,0.0,"{""good"": []}",,"{""good"": []}",,"{""good"": []}",0.0,"{""good"": []}",,"{""good"": []}",,"{""good"": []}",0.0,"{""good"": []}",,,550.6918264,"{""good"": []}",,,1.0,"{""good"": []}",,,1.0,"{""good"": []}",,,21.13906786,"{""good"": []}",18781.5,"{""good"": []}",0.0,"{""good"": []}",NSW,"{""good"": []}",74.8525,"{""good"": []}",,,15.54443059,"{""good"": []}",,,14.43867858,"{""good"": []}",193.1587667,"{""good"": []}",23.35904167,"{""good"": []}"
2026-09-30 13:20:00+00:00,Aberdaron Automatic Weather Station,-4.74,52.79,0.0,"{""good"": []}",996.45,"{""good"": []}",,,17.97391536,"{""good"": []}",,,,,0.0,"{""good"": []}",,"{""good"": []}",,"{""good"": []}",0.0,"{""good"": []}",,"{""good"": []}",,"{""good"": []}",0.0,"{""good"": []}",,,550.0499518,"{""good"": []}",,,1.0,"{""good"": []}",,,1.0,"{""good"": []}",,,21.20411367,"{""good"": []}",16294.5,"{""good"": []}",0.0,"{""good"": []}",NSW,"{""good"": []}",75.31,"{""good"": []}",,,15.54433314,"{""good"": []}",,,14.43902851,"{""good"": []}",193.9702559,"{""good"": []}",23.597375,"{""good"": []}"
2026-09-30 13:21:00+00:00,Aberdaron Automatic Weather Station,-4.74,52.79,0.0,"{""good"": []}",996.45,"{""good"": []}",,,17.9451525,"{""good"": []}",,,,,0.0,"{""good"": []}",,"{""good"": []}",,"{""good"": []}",0.0,"{""good"": []}",,"{""good"": []}",,"{""good"": []}",0.0,"{""good"": []}",,,549.4292248,"{""good"": []}",,,1.0,"{""good"": []}",,,1.0,"{""good"": []}",,,21.17771045,"{""good"": []}",17738.0,"{""good"": []}",0.0,"{""good"": []}",NSW,"{""good"": []}",74.6625,"{""good"": []}",,,15.54448307,"{""good"": []}",,,14.43932845,"{""good"": []}",192.6485619,"{""good"": []}",23.809875,"{""good"": []}"
2026-09-30 13:22:00+00:00,Aberdaron Automatic Weather Station,-4.74,52.79,0.0,"{""good"": []}",996.495,"{""good"": []}",,,17.8752691,"{""good"": []}",,,,,7600.0,"{""good"": []}",,"{""good"": []}",,"{""good"": []}",1.0,"{""good"": []}",,"{""good"": []}",,"{""good"": []}",1.0,"{""good"": []}",,,548.7497086,"{""good"": []}",,,1.0,"{""good"": []}",,,1.0,"{""good"": []}",,,21.16143962,"{""good"": []}",18186.0,"{""good"": []}",0.0,"{""good"": []}",NSW,"{""good"": []}",74.61,"{""good"": []}",,,15.54433314,"{""good"": []}",,,14.43962838,"{""good"": []}",192.5718853,"{""good"": []}",23.620375,"{""good"": []}"
2026-09-30 13:23:00+00:00,Aberdaron Automatic Weather Station,-4.74,52.79,0.0,"{""good"": []}",996.47,"{""good"": []}",,,17.93147819,"{""good"": []}",,,,,7600.0,"{""good"": []}",,"{""good"": []}",,"{""good"": []}",1.0,"{""good"": []}",,"{""good"": []}",,"{""good"": []}",1.0,"{""good"": []}",,,548.0848955,"{""good"": []}",,,1.0,"{""good"": []}",,,1.0,"{""good"": []}",,,21.16390898,"{""good"": []}",17929.0,"{""good"": []}",0.0,"{""good"": []}",NSW,"{""good"": []}",75.2725,"{""good"": []}",,,15.54433064,"{""good"": []}",,,14.43978085,"{""good"": []}",193.7730431,"{""good"": []}",23.594625,"{""good"": []}"
2026-09-30 13:24:00+00:00,Aberdaron Automatic Weather Station,-4.74,52.79,0.0,"{""good"": []}",996.5,"{""good"": []}",,,17.89161669,"{""good"": []}",,,,,7600.0,"{""good"": []}",,"{""good"": []}",,"{""good"": []}",1.0,"{""good"": []}",,"{""good"": []}",,"{""good"": []}",1.0,"{""good"": []}",,,547.4113877,"{""good"": []}",,,1.0,"{""good"": []}",,,1.0,"{""good"": []}",,,21.13523884,"{""good"": []}",17251.5,"{""good"": []}",0.0,"{""good"": []}",NSW,"{""good"": []}",74.985,"{""good"": []}",,,15.54428316,"{""good"": []}",,,14.44013828,"{""good"": []}",193.2927235,"{""good"": []}",24.551375,"{""good"": []}"
2026-09-30 13:25:00+00:00,Aberdaron Automatic Weather Station,-4.74,52.79,0.0,"{""good"": []}",996.495,"{""good"": []}",,,17.8914615,"{""good"": []}",,,,,7600.0,"{""good"": []}",,"{""good"": []}",,"{""good"": []}",1.0,"{""good"": []}",,"{""good"": []}",,"{""good"": []}",1.0,"{""good"": []}",,,546.6556495,"{""good"": []}",,,1.0,"{""good"": []}",,,1.0,"{""good"": []}",,,21.05729633,"{""good"": []}",18217.0,"{""good"": []}",0.0,"{""good"": []}",NSW,"{""good"": []}",75.135,"{""good"": []}",,,15.54443309,"{""good"": []}",,,14.44048821,"{""good"": []}",192.6664272,"{""good"": []}",23.8855,"{""good"": []}"
2026-09-30 13:26:00+00:00,Aberdaron Automatic Weather Station,-4.74,52.79,0.0,"{""good"": []}",996.52,"{""good"": []}",,,17.8994388,"{""good"": []}",,,,,7600.0,"{""good"": []}",,"{""good"": []}",,"{""good"": []}",1.0,"{""good"": []}",,"{""good"": []}",,"{""good"": []}",1.0,"{""good"": []}",,,545.8987219,"{""good"": []}",,,1.0,"{""good"": []}",,,1.0,"{""good"": []}",,,21.00681178,"{""good"": []}",17369.0,"{""good"": []}",0.0,"{""good"": []}",NSW,"{""good"": []}",75.5625,"{""good"": []}",,,15.54423069,"{""good"": []}",,,14.44078815,"{""good"": []}",191.9204663,"{""good"": []}",21.74283333,"{""good"": []}"
2026-09-30 13:27:00+00:00,Aberdaron Automatic Weather Station,-4.74,52.79,0.0,"{""good"": []}",996.505,"{""good"": []}",,,17.9799678,"{""good"": []}",,,,,7600.0,"{""good"": []}",,"{""good"": []}",,"{""good"": []}",1.0,"{""good"": []}",,"{""good"": []}",,"{""good"": []}",1.0,"{""good"": []}",,,545.0923971,"{""good"": []}",,,1.0,"{""good"": []}",,,1.0,"{""good"": []}",,,21.11478158,"{""good"": []}",16480.5,"{""good"": []}",0.0,"{""good"": []}",NSW,"{""good"": []}",76.1275,"{""good"": []}",,,15.54428066,"{""good"": []}",,,14.44094561,"{""good"": []}",192.785777,"{""good"": []}",22.790625,"{""good"": []}"
2026-09-30 13:28:00+00:00,Aberdaron Automatic Weather Station,-4.74,52.79,0.0,"{""good"": []}",996.515,"{""good"": []}",,,17.87446311,"{""good"": []}",,,,,7600.0,"{""good"": []}",,"{""good"": []}",,"{""good"": []}",1.0,"{""good"": []}",,"{""good"": []}",,"{""good"": []}",1.0,"{""good"": []}",,,544.3223478,"{""good"": []}",,,1.0,"{""good"": []}",,,1.0,"{""good"": []}",,,20.99915124,"{""good"": []}",16033.0,"{""good"": []}",0.0,"{""good"": []}",NSW,"{""good"": []}",74.695,"{""good"": []}",,,15.54433064,"{""good"": []}",,,14.44124805,"{""good"": []}",191.0450046,"{""good"": []}",25.09141667,"{""good"": []}"
2026-09-30 13:29:00+00:00,Aberdaron Automatic Weather Station,-4.74,52.79,0.0,"{""good"": []}",996.53,"{""good"": []}",,,17.87612265,"{""good"": []}",,,,,7600.0,"{""good"": []}",,"{""good"": []}",,"{""good"": []}",1.0,"{""good"": []}",,"{""good"": []}",,"{""good"": []}",1.0,"{""good"": []}",,,542.9036729,"{""good"": []}",,,1.0,"{""good"": []}",,,1.0,"{""good"": []}",,,20.90896687,"{""good"": []}",17045.0,"{""good"": []}",0.0,"{""good"": []}",NSW,"{""good"": []}",74.895,"{""good"": []}",,,15.54428066,"{""good"": []}",,,14.44144801,"{""good"": []}",190.3540108,"{""good"": []}",23.672125,"{""good"": []}"
2026-09-30 13:30:00+00:00,Aberdaron Automatic Weather Station,-4.74,52.79,0.0,"{""good"": []}",996.565,"{""good"": []}",,,17.73660865,"{""good"": []}",,,,,7600.0,"{""good"": []}",,"{""good"": []}",,"{""good"": []}",1.0,"{""good"": []}",,"{""good"": []}",,"{""good"": []}",1.0,"{""good"": []}",,,540.3376499,"{""good"": []}",,,1.0,"{""good"": []}",,,0.0,"{""suspect"": [""1 case(s) of \""qc consistency check failed: expected radiation_sun_1_minute_mean to be above 0 if sunshine_1_minute_mean is above 0\""""]}",,,20.54021145,"{""good"": []}",17423.5,"{""good"": []}",0.0,"{""good"": []}",NSW,"{""good"": []}",74.5775,"{""good"": []}",,,15.54412573,"{""good"": []}",,,14.44169796,"{""good"": []}",190.5061074,"{""good"": []}",22.20929167,"{""good"": []}"
2026-09-30 13:31:00+00:00,Aberdaron Automatic Weather Station,-4.74,52.79,0.0,"{""good"": []}",996.615,"{""good"": []}",,,17.70981571,"{""good"": []}",,,,,7600.0,"{""good"": []}",,"{""good"": []}",,"{""good"": []}",1.0,"{""good"": []}",,"{""good"": []}",,"{""good"": []}",1.0,"{""good"": []}",,,539.9904445,"{""good"": []}",,,1.0,"{""good"": []}",,,1.0,"{""good"": []}",,,20.45062942,"{""good"": []}",16461.5,"{""good"": []}",0.0,"{""good"": []}",NSW,"{""good"": []}",75.425,"{""good"": []}",,,15.54417821,"{""good"": []}",,,14.44189792,"{""good"": []}",190.453155,"{""good"": []}",22.19258333,"{""good"": []}"
2026-09-30 13:32:00+00:00,Aberdaron Automatic Weather Station,-4.74,52.79,0.0,"{""good"": []}",996.59,"{""good"": []}",,,17.83333505,"{""good"": []}",,,,,7600.0,"{""good"": []}",,"{""good"": []}",,"{""good"": []}",1.0,"{""good"": []}",,"{""good"": []}",,"{""good"": []}",1.0,"{""good"": []}",,,539.8779822,"{""good"": []}",,,1.0,"{""good"": []}",,,1.0,"{""good"": []}",,,20.8772775,"{""good"": []}",17437.5,"{""good"": []}",0.0,"{""good"": []}",NSW,"{""good"": []}",76.0625,"{""good"": []}",,,15.54412823,"{""good"": []}",,,14.44215037,"{""good"": []}",188.2088279,"{""good"": []}",20.47866667,"{""good"": []}"
2026-09-30 13:33:00+00:00,Aberdaron Automatic Weather Station,-4.74,52.79,0.0,"{""good"": []}",996.6,"{""good"": []}",,,17.88904353,"{""good"": []}",,,,,7600.0,"{""good"": []}",,"{""good"": []}",,"{""good"": []}",1.0,"{""good"": []}",,"{""good"": []}",,"{""good"": []}",1.0,"{""good"": []}",,,539.5533667,"{""good"": []}",,,1.0,"{""good"": []}",,,1.0,"{""good"": []}",,,21.14970013,"{""good"": []}",16848.0,"{""good"": []}",0.0,"{""good"": []}",NSW,"{""good"": []}",75.875,"{""good"": []}",,,15.54423069,"{""good"": []}",,,14.44255778,"{""good"": []}",188.1775414,"{""good"": []}",22.48766667,"{""good"": []}"
2026-09-30 13:34:00+00:00,Aberdaron Automatic Weather Station,-4.74,52.79,0.0,"{""good"": []}",996.6,"{""good"": []}",,,17.88783204,"{""good"": []}",,,,,7600.0,"{""good"": []}",,"{""good"": []}",,"{""good"": []}",1.0,"{""good"": []}",,"{""good"": []}",,"{""good"": []}",1.0,"{""good"": []}",,,538.9795408,"{""good"": []}",,,1.0,"{""good"": []}",,,1.0,"{""good"": []}",,,21.22396358,"{""good"": []}",16941.0,"{""good"": []}",0.0,"{""good"": []}",NSW,"{""good"": []}",75.6375,"{""good"": []}",,,15.54392333,"{""good"": []}",,,14.44290771,"{""good"": []}",188.6551583,"{""good"": []}",20.71091667,"{""good"": []}"
2026-09-30 13:35:00+00:00,Aberdaron Automatic Weather Station,-4.74,52.79,0.0,"{""good"": []}",996.605,"{""good"": []}",,,17.82022143,"{""good"": []}",,,,,7500.0,"{""good"": []}",,"{""good"": []}",,"{""good"": []}",2.0,"{""good"": []}",,"{""good"": []}",,"{""good"": []}",2.0,"{""good"": []}",,,538.0501464,"{""good"": []}",,,1.0,"{""good"": []}",,,1.0,"{""good"": []}",,,21.2426088,"{""good"": []}",16170.0,"{""good"": []}",0.0,"{""good"": []}",NSW,"{""good"": []}",75.32,"{""good"": []}",,,15.54402578,"{""good"": []}",,,14.44320765,"{""good"": []}",185.625355,"{""good"": []}",21.75754167,"{""good"": []}"
2026-09-30 13:36:00+00:00,Aberdaron Automatic Weather Station,-4.74,52.79,0.0,"{""good"": []}",996.62,"{""good"": []}",,,17.86189766,"{""good"": []}",,,,,7000.0,"{""good"": []}",,"{""good"": []}",,"{""good"": []}",2.0,"{""good"": []}",,"{""good"": []}",,"{""good"": []}",2.0,"{""good"": []}",,,537.0089971,"{""good"": []}",,,1.0,"{""good"": []}",,,1.0,"{""good"": []}",,,21.24048934,"{""good"": []}",16411.0,"{""good"": []}",0.0,"{""good"": []}",NSW,"{""good"": []}",75.5075,"{""good"": []}",,,15.54412573,"{""good"": []}",,,14.44351009,"{""good"": []}",189.0676505,"{""good"": []}",22.21658333,"{""good"": []}"
2026-09-30 13:37:00+00:00,Aberdaron Automatic Weather Station,-4.74,52.79,0.0,"{""good"": []}",996.625,"{""good"": []}",,,17.80104285,"{""good"": []}",,,,,7000.0,"{""good"": []}",,"{""good"": []}",,"{""good"": []}",2.0,"{""good"": []}",,"{""good"": []}",,"{""good"": []}",2.0,"{""good"": []}",,,536.3463744,"{""good"": []}",,,1.0,"{""good"": []}",,,1.0,"{""good"": []}",,,21.15655337,"{""good"": []}",17460.5,"{""good"": []}",0.0,"{""good"": []}",NSW,"{""good"": []}",75.0325,"{""good"": []}",,,15.54412573,"{""good"": []}",,,14.44381503,"{""good"": []}",188.2485002,"{""good"": []}",23.10616667,"{""good"": []}"
2026-09-30 13:38:00+00:00,Aberdaron Automatic Weather Station,-4.74,52.79,0.0,"{""good"": []}",996.585,"{""good"": []}",,,17.76158435,"{""good"": []}",,,,,7000.0,"{""good"": []}",,"{""good"": []}",,"{""good"": []}",2.0,"{""good"": []}",,"{""good"": []}",,"{""good"": []}",2.0,"{""good"": []}",,,535.6405896,"{""good"": []}",,,1.0,"{""good"": []}",,,1.0,"{""good"": []}",,,21.0484286,"{""good"": []}",17694.0,"{""good"": []}",0.0,"{""good"": []}",NSW,"{""good"": []}",74.22,"{""good"": []}",,,15.54407326,"{""good"": []}",,,14.44401749,"{""good"": []}",188.853145,"{""good"": []}",25.95720833,"{""good"": []}"
2026-09-30 13:39:00+00:00,Aberdaron Automatic Weather Station,-4.74,52.79,0.0,"{""good"": []}",996.58,"{""good"": []}",,,17.71153032,"{""good"": []}",,,,,7000.0,"{""good"": []}",,"{""good"": []}",,"{""good"": []}",2.0,"{""good"": []}",,"{""good"": []}",,"{""good"": []}",2.0,"{""good"": []}",,,534.8751911,"{""good"": []}",,,1.0,"{""good"": []}",,,1.0,"{""good"": []}",,,20.93299821,"{""good"": []}",18885.5,"{""good"": []}",0.0,"{""good"": []}",NSW,"{""good"": []}",74.5825,"{""good"": []}",,,15.54392333,"{""good"": []}",,,14.44431742,"{""good"": []}",190.3707023,"{""good"": []}",24.517,"{""good"": []}"
2026-09-30 13:40:00+00:00,Aberdaron Automatic Weather Station,-4.74,52.79,0.0,"{""good"": []}",996.59,"{""good"": []}",,,17.73736708,"{""good"": []}",,,,,7000.0,"{""good"": []}",,"{""good"": []}",,"{""good"": []}",2.0,"{""good"": []}",,"{""good"": []}",,"{""good"": []}",2.0,"{""good"": []}",,,534.0593659,"{""good"": []}",,,1.0,"{""good"": []}",,,1.0,"{""good"": []}",,,20.98051102,"{""good"": []}",17995.0,"{""good"": []}",0.0,"{""good"": []}",NSW,"{""good"": []}",74.9725,"{""good"": []}",,,15.54377339,"{""good"": []}",,,14.44466735,"{""good"": []}",189.842502,"{""good"": []}",22.74266667,"{""good"": []}"
2026-09-30 13:41:00+00:00,Aberdaron Automatic Weather Station,-4.74,52.79,0.0,"{""good"": []}",996.6,"{""good"": []}",,,17.75098632,"{""good"": []}",,,,,7000.0,"{""good"": []}",,"{""good"": []}",,"{""good"": []}",2.0,"{""good"": []}",,"{""good"": []}",,"{""good"": []}",2.0,"{""good"": []}",,,533.2016306,"{""good"": []}",,,1.0,"{""good"": []}",,,1.0,"{""good"": []}",,,21.00580204,"{""good"": []}",18968.0,"{""good"": []}",0.0,"{""good"": []}",NSW,"{""good"": []}",75.18,"{""good"": []}",,,15.54412823,"{""good"": []}",,,14.44522724,"{""good"": []}",189.4192983,"{""good"": []}",22.79641667,"{""good"": []}"
2026-09-30 13:42:00+00:00,Aberdaron Automatic Weather Station,-4.74,52.79,0.0,"{""good"": []}",996.62,"{""good"": []}",,,17.75300881,"{""good"": []}",,,,,7000.0,"{""good"": []}",,"{""good"": []}",,"{""good"": []}",2.0,"{""good"": []}",,"{""good"": []}",,"{""good"": []}",2.0,"{""good"": []}",,,532.45275,"{""good"": []}",,,1.0,"{""good"": []}",,,1.0,"{""good"": []}",,,20.99079089,"{""good"": []}",17444.5,"{""good"": []}",0.0,"{""good"": []}",NSW,"{""good"": []}",75.39,"{""good"": []}",,,15.54392582,"{""good"": []}",,,14.44532722,"{""good"": []}",189.0068416,"{""good"": []}",23.63329167,"{""good"": []}"
2026-09-30 13:43:00+00:00,Aberdaron Automatic Weather Station,-4.74,52.79,0.0,"{""good"": []}",996.625,"{""good"": []}",,,17.77429998,"{""good"": []}",,,,,7000.0,"{""good"": []}",,"{""good"": []}",,"{""good"": []}",2.0,"{""good"": []}",,"{""good"": []}",,"{""good"": []}",2.0,"{""good"": []}",,,531.6813841,"{""good"": []}",,,1.0,"{""good"": []}",,,1.0,"{""good"": []}",,,21.00031094,"{""good"": []}",16463.0,"{""good"": []}",0.0,"{""good"": []}",NSW,"{""good"": []}",75.1375,"{""good"": []}",,,15.5439733,"{""good"": []}",,,14.44567714,"{""good"": []}",190.0606684,"{""good"": []}",24.40354167,"{""good"": []}"
2026-09-30 13:44:00+00:00,Aberdaron Automatic Weather Station,-4.74,52.79,0.0,"{""good"": []}",996.675,"{""good"": []}",,,17.7552791,"{""good"": []}",,,,,7000.0,"{""good"": []}",,"{""good"": []}",,"{""good"": []}",2.0,"{""good"": []}",,"{""good"": []}",,"{""good"": []}",2.0,"{""good"": []}",,,531.0138825,"{""good"": []}",,,1.0,"{""good"": []}",,,1.0,"{""good"": []}",,,20.95969886,"{""good"": []}",17811.0,"{""good"": []}",0.0,"{""good"": []}",NSW,"{""good"": []}",74.7375,"{""good"": []}",,,15.54382337,"{""good"": []}",,,14.4458771,"{""good"": []}",189.9307917,"{""good"": []}",22.67120833,"{""good"": []}"
2026-09-30 13:45:00+00:00,Aberdaron Automatic Weather Station,-4.74,52.79,0.0,"{""good"": []}",996.655,"{""good"": []}",,,17.81087995,"{""good"": []}",,,,,7000.0,"{""good"": []}",,"{""good"": []}",,"{""good"": []}",2.0,"{""good"": []}",,"{""good"": []}",,"{""good"": []}",2.0,"{""good"": []}",,,530.2952887,"{""good"": []}",,,1.0,"{""good"": []}",,,1.0,"{""good"": []}",,,21.09614137,"{""good"": []}",18013.5,"{""good"": []}",0.0,"{""good"": []}",NSW,"{""good"": []}",75.655,"{""good"": []}",,,15.54392333,"{""good"": []}",,,14.4463845,"{""good"": []}",190.6387643,"{""good"": []}",22.91991667,"{""good"": []}"
2026-09-30 13:46:00+00:00,Aberdaron Automatic Weather Station,-4.74,52.79,0.0,"{""good"": []}",996.645,"{""good"": []}",,,17.79216194,"{""good"": []}",,,,,7000.0,"{""good"": []}",,"{""good"": []}",,"{""good"": []}",2.0,"{""good"": []}",,"{""good"": []}",,"{""good"": []}",2.0,"{""good"": []}",,,529.5362301,"{""good"": []}",,,1.0,"{""good"": []}",,,1.0,"{""good"": []}",,,21.0698906,"{""good"": []}",17463.5,"{""good"": []}",0.0,"{""good"": []}",NSW,"{""good"": []}",75.94,"{""good"": []}",,,15.54382337,"{""good"": []}",,,14.44658696,"{""good"": []}",189.3226042,"{""good"": []}",22.605625,"{""good"": []}"
2026-09-30 13:47:00+00:00,Aberdaron Automatic Weather Station,-4.74,52.79,0.0,"{""good"": []}",996.665,"{""good"": []}",,,17.72828341,"{""good"": []}",,,,,7000.0,"{""good"": []}",,"{""good"": []}",,"{""good"": []}",2.0,"{""good"": []}",,"{""good"": []}",,"{""good"": []}",2.0,"{""good"": []}",,,528.9244643,"{""good"": []}",,,1.0,"{""good"": []}",,,1.0,"{""good"": []}",,,20.9919006,"{""good"": []}",16393.5,"{""good"": []}",0.0,"{""good"": []}",NSW,"{""good"": []}",75.46,"{""good"": []}",,,15.54372342,"{""good"": []}",,,14.44698688,"{""good"": []}",191.0128022,"{""good"": []}",24.17891667,"{""good"": []}"
2026-09-30 13:48:00+00:00,Aberdaron Automatic Weather Station,-4.74,52.79,0.0,"{""good"": []}",996.625,"{""good"": []}",,,17.79372886,"{""good"": []}",,,,,7000.0,"{""good"": []}",,"{""good"": []}",,"{""good"": []}",2.0,"{""good"": []}",,"{""good"": []}",,"{""good"": []}",2.0,"{""good"": []}",,,528.4523623,"{""good"": []}",,,1.0,"{""good"": []}",,,1.0,"{""good"": []}",,,21.02434478,"{""good"": []}",17978.5,"{""good"": []}",0.0,"{""good"": []}",NSW,"{""good"": []}",75.8175,"{""good"": []}",,,15.54367344,"{""good"": []}",,,14.44729181,"{""good"": []}",190.0108884,"{""good"": []}",22.467125,"{""good"": []}"
2026-09-30 13:49:00+00:00,Aberdaron Automatic Weather Station,-4.74,52.79,0.0,"{""good"": []}",996.655,"{""good"": []}",,,17.80911528,"{""good"": []}",,,,,7000.0,"{""good"": []}",,"{""good"": []}",,"{""good"": []}",1.0,"{""good"": []}",,"{""good"": []}",,"{""good"": []}",1.0,"{""good"": []}",,,528.0745498,"{""good"": []}",,,1.0,"{""good"": []}",,,1.0,"{""good"": []}",,,21.13599364,"{""good"": []}",17479.5,"{""good"": []}",0.0,"{""good"": []}",NSW,"{""good"": []}",75.835,"{""good"": []}",,,15.54372342,"{""good"": []}",,,14.44759425,"{""good"": []}",190.4042758,"{""good"": []}",23.962,"{""good"": []}"
2026-09-30 13:50:00+00:00,Aberdaron Automatic Weather Station,-4.74,52.79,0.0,"{""good"": []}",996.65,"{""good"": []}",,,17.83651646,"{""good"": []}",,,,,7000.0,"{""good"": []}",,"{""good"": []}",,"{""good"": []}",1.0,"{""good"": []}",,"{""good"": []}",,"{""good"": []}",1.0,"{""good"": []}",,,527.8020858,"{""good"": []}",,,1.0,"{""good"": []}",,,1.0,"{""good"": []}",,,21.15831292,"{""good"": []}",17075.5,"{""good"": []}",0.0,"{""good"": []}",NSW,"{""good"": []}",76.0175,"{""good"": []}",,,15.54377339,"{""good"": []}",,,14.44789669,"{""good"": []}",192.5271858,"{""good"": []}",25.27208333,"{""good"": []}"
2026-09-30 13:51:00+00:00,Aberdaron Automatic Weather Station,-4.74,52.79,0.0,"{""good"": []}",996.655,"{""good"": []}",,,17.86522925,"{""good"": []}",,,,,7000.0,"{""good"": []}",,"{""good"": []}",,"{""good"": []}",1.0,"{""good"": []}",,"{""good"": []}",,"{""good"": []}",1.0,"{""good"": []}",,,527.7090585,"{""good"": []}",,,1.0,"{""good"": []}",,,1.0,"{""good"": []}",,,21.23661034,"{""good"": []}",17578.5,"{""good"": []}",0.0,"{""good"": []}",NSW,"{""good"": []}",76.105,"{""good"": []}",,,15.54367344,"{""good"": []}",,,14.44829661,"{""good"": []}",190.9984844,"{""good"": []}",23.72175,"{""good"": []}"
2026-09-30 13:52:00+00:00,Aberdaron Automatic Weather Station,-4.74,52.79,0.0,"{""good"": []}",996.665,"{""good"": []}",,,17.80255722,"{""good"": []}",,,,,7500.0,"{""good"": []}",,"{""good"": []}",,"{""good"": []}",1.0,"{""good"": []}",,"{""good"": []}",,"{""good"": []}",1.0,"{""good"": []}",,,527.8794715,"{""good"": []}",,,1.0,"{""good"": []}",,,1.0,"{""good"": []}",,,21.31052138,"{""good"": []}",16594.5,"{""good"": []}",0.0,"{""good"": []}",NSW,"{""good"": []}",75.7875,"{""good"": []}",,,15.54362346,"{""good"": []}",,,14.44854656,"{""good"": []}",192.2661124,"{""good"": []}",26.19525,"{""good"": []}"
2026-09-30 13:53:00+00:00,Aberdaron Automatic Weather Station,-4.74,52.79,0.0,"{""good"": []}",996.645,"{""good"": []}",,,17.77414729,"{""good"": []}",,,,,7500.0,"{""good"": []}",,"{""good"": []}",,"{""good"": []}",1.0,"{""good"": []}",,"{""good"": []}",,"{""good"": []}",1.0,"{""good"": []}",,,528.1306591,"{""good"": []}",,,1.0,"{""good"": []}",,,1.0,"{""good"": []}",,,21.27187879,"{""good"": []}",17668.5,"{""good"": []}",0.0,"{""good"": []}",NSW,"{""good"": []}",74.5775,"{""good"": []}",,,15.54367344,"{""good"": []}",,,14.44890398,"{""good"": []}",191.965761,"{""good"": []}",28.31220833,"{""good"": []}"
2026-09-30 13:54:00+00:00,Aberdaron Automatic Weather Station,-4.74,52.79,0.0,"{""good"": []}",996.62,"{""good"": []}",,,17.79372636,"{""good"": []}",,,,,7500.0,"{""good"": []}",14000.0,"{""good"": []}",,"{""good"": []}",1.0,"{""good"": []}",1.0,"{""good"": []}",,"{""good"": []}",2.0,"{""good"": []}",,,528.8029951,"{""good"": []}",,,1.0,"{""good"": []}",,,1.0,"{""good"": []}",,,21.24723761,"{""good"": []}",18762.5,"{""good"": []}",0.0,"{""good"": []}",NSW,"{""good"": []}",73.8425,"{""good"": []}",,,15.54362347,"{""good"": []}",,,14.44925641,"{""good"": []}",192.9600537,"{""good"": []}",27.64791667,"{""good"": []}"
2026-09-30 13:55:00+00:00,Aberdaron Automatic Weather Station,-4.74,52.79,0.0,"{""good"": []}",996.655,"{""good"": []}",,,17.92108291,"{""good"": []}",,,,,7500.0,"{""good"": []}",13000.0,"{""good"": []}",,"{""good"": []}",1.0,"{""good"": []}",1.0,"{""good"": []}",,"{""good"": []}",2.0,"{""good"": []}",,,529.1951243,"{""good"": []}",,,1.0,"{""good"": []}",,,1.0,"{""good"": []}",,,21.36241557,"{""good"": []}",20679.5,"{""good"": []}",0.0,"{""good"": []}",NSW,"{""good"": []}",73.9875,"{""good"": []}",,,15.54362346,"{""good"": []}",,,14.44970632,"{""good"": []}",193.0982587,"{""good"": []}",25.44954167,"{""good"": []}"
2026-09-30 13:56:00+00:00,Aberdaron Automatic Weather Station,-4.74,52.79,0.0,"{""good"": []}",996.645,"{""good"": []}",,,18.04541575,"{""good"": []}",,,,,7500.0,"{""good"": []}",13000.0,"{""good"": []}",,"{""good"": []}",1.0,"{""good"": []}",2.0,"{""good"": []}",,"{""good"": []}",3.0,"{""good"": []}",,,530.188092,"{""good"": []}",,,1.0,"{""good"": []}",,,1.0,"{""good"": []}",,,21.51664102,"{""good"": []}",19244.5,"{""good"": []}",0.0,"{""good"": []}",NSW,"{""good"": []}",73.6025,"{""good"": []}",,,15.54387335,"{""good"": []}",,,14.45001125,"{""good"": []}",192.8092436,"{""good"": []}",27.56341667,"{""good"": []}"
2026-09-30 13:57:00+00:00,Aberdaron Automatic Weather Station,-4.74,52.79,0.0,"{""good"": []}",996.655,"{""good"": []}",,,18.03138601,"{""good"": []}",,,,,7500.0,"{""good"": []}",13000.0,"{""good"": []}",,"{""good"": []}",1.0,"{""good"": []}",2.0,"{""good"": []}",,"{""good"": []}",3.0,"{""good"": []}",,,530.9575134,"{""good"": []}",,,1.0,"{""good"": []}",,,1.0,"{""good"": []}",,,21.5580579,"{""good"": []}",20284.0,"{""good"": []}",0.0,"{""good"": []}",NSW,"{""good"": []}",71.9375,"{""good"": []}",,,15.54357349,"{""good"": []}",,,14.45031619,"{""good"": []}",192.1753674,"{""good"": []}",26.53875,"{""good"": []}"
2026-09-30 13:58:00+00:00,Aberdaron Automatic Weather Station,-4.74,52.79,0.0,"{""good"": []}",996.665,"{""good"": []}",,,18.10712411,"{""good"": []}",,,,,7500.0,"{""good"": []}",13000.0,"{""good"": []}",,"{""good"": []}",1.0,"{""good"": []}",2.0,"{""good"": []}",,"{""good"": []}",3.0,"{""good"": []}",,,531.3761085,"{""good"": []}",,,1.0,"{""good"": []}",,,1.0,"{""good"": []}",,,21.55936506,"{""good"": []}",21191.0,"{""good"": []}",0.0,"{""good"": []}",NSW,"{""good"": []}",72.7675,"{""good"": []}",,,15.54372342,"{""good"": []}",,,14.45056614,"{""good"": []}",194.4844179,"{""good"": []}",24.60266667,"{""good"": []}"
2026-09-30 13:59:00+00:00,Aberdaron Automatic Weather Station,-4.74,52.79,0.0,"{""good"": []}",996.695,"{""good"": []}",,,18.14491806,"{""good"": []}",,,,,7500.0,"{""good"": []}",13000.0,"{""good"": []}",,"{""good"": []}",1.0,"{""good"": []}",3.0,"{""good"": []}",,"{""good"": []}",4.0,"{""good"": []}",,,531.521371,"{""good"": []}",,,1.0,"{""good"": []}",,,1.0,"{""good"": []}",,,21.61725771,"{""good"": []}",20911.5,"{""good"": []}",0.0,"{""good"": []}",NSW,"{""good"": []}",73.165,"{""good"": []}",,,15.54367344,"{""good"": []}",,,14.45106854,"{""good"": []}",191.5700282,"{""good"": []}",22.98295833,"{""good"": []}"
2026-09-30 14:00:00+00:00,Aberdaron Automatic Weather Station,-4.74,52.79,0.0,"{""good"": []}",996.7,"{""good"": []}",,,18.05994611,"{""good"": []}",,,,,7500.0,"{""good"": []}",13000.0,"{""good"": []}",,"{""good"": []}",1.0,"{""good"": []}",3.0,"{""good"": []}",,"{""good"": []}",4.0,"{""good"": []}",,,531.4670187,"{""good"": []}",,,1.0,"{""good"": []}",,,1.0,"{""good"": []}",,,21.5603723,"{""good"": []}",20558.0,"{""good"": []}",0.0,"{""good"": []}",NSW,"{""good"": []}",72.3175,"{""good"": []}",,,15.54347354,"{""good"": []}",,,14.4512735,"{""good"": []}",193.3948058,"{""good"": []}",26.53416667,"{""good"": []}"
2026-09-30 14:01:00+00:00,Aberdaron Automatic Weather Station,-4.74,52.79,0.0,"{""good"": []}",996.74,"{""good"": []}",,,17.97587777,"{""good"": []}",,,,,7500.0,"{""good"": []}",13000.0,"{""good"": []}",,"{""good"": []}",1.0,"{""good"": []}",3.0,"{""good"": []}",,"{""good"": []}",4.0,"{""good"": []}",,,531.3227203,"{""good"": []}",,,1.0,"{""good"": []}",,,1.0,"{""good"": []}",,,21.33143352,"{""good"": []}",20211.5,"{""good"": []}",0.0,"{""good"": []}",NSW,"{""good"": []}",72.0,"{""good"": []}",,,15.54352352,"{""good"": []}",,,14.45187587,"{""good"": []}",192.0181535,"{""good"": []}",28.47195833,"{""good"": []}"
2026-09-30 14:02:00+00:00,Aberdaron Automatic Weather Station,-4.74,52.79,0.0,"{""good"": []}",996.765,"{""good"": []}",,,17.81572591,"{""good"": []}",,,,,7500.0,"{""good"": []}",13000.0,"{""good"": []}",,"{""good"": []}",1.0,"{""good"": []}",3.0,"{""good"": []}",,"{""good"": []}",4.0,"{""good"": []}",,,531.0437348,"{""good"": []}",,,1.0,"{""good"": []}",,,1.0,"{""good"": []}",,,21.12259208,"{""good"": []}",19838.0,"{""good"": []}",0.0,"{""good"": []}",NSW,"{""good"": []}",71.02,"{""good"": []}",,,15.54337359,"{""good"": []}",,,14.45197585,"{""good"": []}",192.4825899,"{""good"": []}",28.4855,"{""good"": []}"
2026-09-30 14:03:00+00:00,Aberdaron Automatic Weather Station,-4.74,52.79,0.0,"{""good"": []}",996.77,"{""good"": []}",,,17.83933993,"{""good"": []}",,,,,7500.0,"{""good"": []}",13000.0,"{""good"": []}",,"{""good"": []}",1.0,"{""good"": []}",3.0,"{""good"": []}",,"{""good"": []}",4.0,"{""good"": []}",,,530.5417724,"{""good"": []}",,,1.0,"{""good"": []}",,,1.0,"{""good"": []}",,,20.96978128,"{""good"": []}",21448.5,"{""good"": []}",0.0,"{""good"": []}",NSW,"{""good"": []}",71.1225,"{""good"": []}",,,15.54342356,"{""good"": []}",,,14.45227579,"{""good"": []}",194.2885806,"{""good"": []}",26.25354167,"{""good"": []}"
2026-09-30 14:04:00+00:00,Aberdaron Automatic Weather Station,-4.74,52.79,0.0,"{""good"": []}",996.785,"{""good"": []}",,,17.79791651,"{""good"": []}",,,,,13000.0,"{""good"": []}",,"{""good"": []}",,"{""good"": []}",3.0,"{""good"": []}",,"{""good"": []}",,"{""good"": []}",3.0,"{""good"": []}",,,529.8737161,"{""good"": []}",,,1.0,"{""good"": []}",,,1.0,"{""good"": []}",,,20.92685478,"{""good"": []}",22660.0,"{""good"": []}",0.0,"{""good"": []}",NSW,"{""good"": []}",70.8125,"{""good"": []}",,,15.54352351,"{""good"": []}",,,14.45278569,"{""good"": []}",191.8582867,"{""good"": []}",27.04120833,"{""good"": []}"
2026-09-30 14:05:00+00:00,Aberdaron Automatic Weather Station,-4.74,52.79,0.0,"{""good"": []}",996.805,"{""good"": []}",,,17.75684352,"{""good"": []}",,,,,12000.0,"{""good"": []}",,"{""good"": []}",,"{""good"": []}",3.0,"{""good"": []}",,"{""good"": []}",,"{""good"": []}",3.0,"{""good"": []}",,,529.0922108,"{""good"": []}",,,1.0,"{""good"": []}",,,1.0,"{""good"": []}",,,20.87279365,"{""good"": []}",21979.5,"{""good"": []}",0.0,"{""good"": []}",NSW,"{""good"": []}",70.6825,"{""good"": []}",,,15.54352351,"{""good"": []}",,,14.45293566,"{""good"": []}",192.0508221,"{""good"": []}",28.47075,"{""good"": []}"
2026-09-30 14:06:00+00:00,Aberdaron Automatic Weather Station,-4.74,52.79,0.0,"{""good"": []}",996.84,"{""good"": []}",,,17.76405739,"{""good"": []}",,,,,12000.0,"{""good"": []}",,"{""good"": []}",,"{""good"": []}",3.0,"{""good"": []}",,"{""good"": []}",,"{""good"": []}",3.0,"{""good"": []}",,,528.2567198,"{""good"": []}",,,1.0,"{""good"": []}",,,1.0,"{""good"": []}",,,20.73781577,"{""good"": []}",21141.0,"{""good"": []}",0.0,"{""good"": []}",NSW,"{""good"": []}",71.46,"{""good"": []}",,,15.54352351,"{""good"": []}",,,14.45348554,"{""good"": []}",193.0420921,"{""good"": []}",23.47025,"{""good"": []}"
2026-09-30 14:07:00+00:00,Aberdaron Automatic Weather Station,-4.74,52.79,0.0,"{""good"": []}",996.85,"{""good"": []}",,,17.79287031,"{""good"": []}",,,,,12000.0,"{""good"": []}",,"{""good"": []}",,"{""good"": []}",3.0,"{""good"": []}",,"{""good"": []}",,"{""good"": []}",3.0,"{""good"": []}",,,527.3429567,"{""good"": []}",,,1.0,"{""good"": []}",,,1.0,"{""good"": []}",,,20.75595612,"{""good"": []}",20317.0,"{""good"": []}",0.0,"{""good"": []}",NSW,"{""good"": []}",71.875,"{""good"": []}",,,15.54337359,"{""good"": []}",,,14.45389296,"{""good"": []}",191.3485119,"{""good"": []}",26.088875,"{""good"": []}"
2026-09-30 14:08:00+00:00,Aberdaron Automatic Weather Station,-4.74,52.79,0.0,"{""good"": []}",996.88,"{""good"": []}",,,17.69417148,"{""good"": []}",,,,,12000.0,"{""good"": []}",,"{""good"": []}",,"{""good"": []}",3.0,"{""good"": []}",,"{""good"": []}",,"{""good"": []}",3.0,"{""good"": []}",,,526.3842032,"{""good"": []}",,,1.0,"{""good"": []}",,,1.0,"{""good"": []}",,,20.69473931,"{""good"": []}",21918.0,"{""good"": []}",0.0,"{""good"": []}",NSW,"{""good"": []}",71.1325,"{""good"": []}",,,15.54342356,"{""good"": []}",,,14.45424539,"{""good"": []}",191.3059799,"{""good"": []}",27.40754167,"{""good"": []}"
2026-09-30 14:09:00+00:00,Aberdaron Automatic Weather Station,-4.74,52.79,0.0,"{""good"": []}",996.855,"{""good"": []}",,,17.64997215,"{""good"": []}",,,,,12000.0,"{""good"": []}",,"{""good"": []}",,"{""good"": []}",3.0,"{""good"": []}",,"{""good"": []}",,"{""good"": []}",3.0,"{""good"": []}",,,525.4209022,"{""good"": []}",,,1.0,"{""good"": []}",,,1.0,"{""good"": []}",,,20.61755161,"{""good"": []}",22438.0,"{""good"": []}",0.0,"{""good"": []}",NSW,"{""good"": []}",71.7625,"{""good"": []}",,,15.54347354,"{""good"": []}",,,14.45459782,"{""good"": []}",190.7659049,"{""good"": []}",25.12704167,"{""good"": []}"
2026-09-30 14:10:00+00:00,Aberdaron Automatic Weather Station,-4.74,52.79,0.0,"{""good"": []}",996.875,"{""good"": []}",,,17.62347958,"{""good"": []}",,,,,12000.0,"{""good"": []}",,"{""good"": []}",,"{""good"": []}",3.0,"{""good"": []}",,"{""good"": []}",,"{""good"": []}",3.0,"{""good"": []}",,,524.334825,"{""good"": []}",,,1.0,"{""good"": []}",,,1.0,"{""good"": []}",,,20.5680718,"{""good"": []}",21134.5,"{""good"": []}",0.0,"{""good"": []}",NSW,"{""good"": []}",72.1075,"{""good"": []}",,,15.54327363,"{""good"": []}",,,14.45494774,"{""good"": []}",190.9583237,"{""good"": []}",26.1905,"{""good"": []}"
2026-09-30 14:11:00+00:00,Aberdaron Automatic Weather Station,-4.74,52.79,0.0,"{""good"": []}",996.885,"{""good"": []}",,,17.51701621,"{""good"": []}",,,,,12000.0,"{""good"": []}",,"{""good"": []}",,"{""good"": []}",3.0,"{""good"": []}",,"{""good"": []}",,"{""good"": []}",3.0,"{""good"": []}",,,523.224712,"{""good"": []}",,,1.0,"{""good"": []}",,,1.0,"{""good"": []}",,,20.4721439,"{""good"": []}",21163.5,"{""good"": []}",0.0,"{""good"": []}",NSW,"{""good"": []}",71.8675,"{""good"": []}",,,15.54302125,"{""good"": []}",,,14.45520519,"{""good"": []}",190.0738137,"{""good"": []}",25.98504167,"{""good"": []}"
2026-09-30 14:12:00+00:00,Aberdaron Automatic Weather Station,-4.74,52.79,0.0,"{""good"": []}",996.9,"{""good"": []}",,,17.48931216,"{""good"": []}",,,,,12000.0,"{""good"": []}",,"{""good"": []}",,"{""good"": []}",2.0,"{""good"": []}",,"{""good"": []}",,"{""good"": []}",2.0,"{""good"": []}",,,522.0896408,"{""good"": []}",,,1.0,"{""good"": []}",,,1.0,"{""good"": []}",,,20.41697305,"{""good"": []}",21015.0,"{""good"": []}",0.0,"{""good"": []}",NSW,"{""good"": []}",71.79,"{""good"": []}",,,15.54322365,"{""good"": []}",,,14.45570509,"{""good"": []}",189.2867231,"{""good"": []}",26.10633333,"{""good"": []}"
2026-09-30 14:13:00+00:00,Aberdaron Automatic Weather Station,-4.74,52.79,0.0,"{""good"": []}",996.88,"{""good"": []}",,,17.505457,"{""good"": []}",,,,,12000.0,"{""good"": []}",,"{""good"": []}",,"{""good"": []}",2.0,"{""good"": []}",,"{""good"": []}",,"{""good"": []}",2.0,"{""good"": []}",,,520.9082818,"{""good"": []}",,,1.0,"{""good"": []}",,,1.0,"{""good"": []}",,,20.4043263,"{""good"": []}",21342.0,"{""good"": []}",0.0,"{""good"": []}",NSW,"{""good"": []}",71.565,"{""good"": []}",,,15.5433236,"{""good"": []}",,,14.45605502,"{""good"": []}",186.4295436,"{""good"": []}",24.69920833,"{""good"": []}"
2026-09-30 14:14:00+00:00,Aberdaron Automatic Weather Station,-4.74,52.79,0.0,"{""good"": []}",996.915,"{""good"": []}",,,17.52770935,"{""good"": []}",,,,,12000.0,"{""good"": []}",,"{""good"": []}",,"{""good"": []}",2.0,"{""good"": []}",,"{""good"": []}",,"{""good"": []}",2.0,"{""good"": []}",,,519.6603255,"{""good"": []}",,,1.0,"{""good"": []}",,,1.0,"{""good"": []}",,,20.43097947,"{""good"": []}",22373.5,"{""good"": []}",0.0,"{""good"": []}",NSW,"{""good"": []}",71.78,"{""good"": []}",,,15.54332361,"{""good"": []}",,,14.45640994,"{""good"": []}",189.1584151,"{""good"": []}",26.416375,"{""good"": []}"
2026-09-30 14:15:00+00:00,Aberdaron Automatic Weather Station,-4.74,52.79,0.0,"{""good"": []}",996.95,"{""good"": []}",,,17.48189554,"{""good"": []}",,,,,12000.0,"{""good"": []}",,"{""good"": []}",,"{""good"": []}",2.0,"{""good"": []}",,"{""good"": []}",,"{""good"": []}",2.0,"{""good"": []}",,,518.3267949,"{""good"": []}",,,1.0,"{""good"": []}",,,1.0,"{""good"": []}",,,20.3563636,"{""good"": []}",21525.0,"{""good"": []}",0.0,"{""good"": []}",NSW,"{""good"": []}",71.345,"{""good"": []}",,,15.54332361,"{""good"": []}",,,14.45706481,"{""good"": []}",187.1561643,"{""good"": []}",25.70579167,"{""good"": []}"
2026-09-30 14:16:00+00:00,Aberdaron Automatic Weather Station,-4.74,52.79,0.0,"{""good"": []}",996.94,"{""good"": []}",,,17.52110123,"{""good"": []}",,,,,12000.0,"{""good"": []}",,"{""good"": []}",,"{""good"": []}",2.0,"{""good"": []}",,"{""good"": []}",,"{""good"": []}",2.0,"{""good"": []}",,,517.0356909,"{""good"": []}",,,1.0,"{""good"": []}",,,1.0,"{""good"": []}",,,20.30502427,"{""good"": []}",22283.0,"{""good"": []}",0.0,"{""good"": []}",NSW,"{""good"": []}",71.9325,"{""good"": []}",,,15.54337359,"{""good"": []}",,,14.45721478,"{""good"": []}",188.7006282,"{""good"": []}",25.616,"{""good"": []}"
2026-09-30 14:17:00+00:00,Aberdaron Automatic Weather Station,-4.74,52.79,0.0,"{""good"": []}",996.92,"{""good"": []}",,,17.52286841,"{""good"": []}",,,,,12000.0,"{""good"": []}",,"{""good"": []}",,"{""good"": []}",2.0,"{""good"": []}",,"{""good"": []}",,"{""good"": []}",2.0,"{""good"": []}",,,515.7863432,"{""good"": []}",,,1.0,"{""good"": []}",,,1.0,"{""good"": []}",,,20.30587905,"{""good"": []}",23535.0,"{""good"": []}",0.0,"{""good"": []}",NSW,"{""good"": []}",70.6175,"{""good"": []}",,,15.54327363,"{""good"": []}",,,14.45751972,"{""good"": []}",190.2824525,"{""good"": []}",28.72695833,"{""good"": []}"
2026-09-30 14:18:00+00:00,Aberdaron Automatic Weather Station,-4.74,52.79,0.0,"{""good"": []}",996.995,"{""good"": []}",,,17.48330978,"{""good"": []}",,,,,12000.0,"{""good"": []}",,"{""good"": []}",,"{""good"": []}",2.0,"{""good"": []}",,"{""good"": []}",,"{""good"": []}",2.0,"{""good"": []}",,,514.6078453,"{""good"": []}",,,1.0,"{""good"": []}",,,1.0,"{""good"": []}",,,20.24108567,"{""good"": []}",25331.0,"{""good"": []}",0.0,"{""good"": []}",NSW,"{""good"": []}",70.75,"{""good"": []}",,,15.54332361,"{""good"": []}",,,14.4580746,"{""good"": []}",190.6127089,"{""good"": []}",25.452375,"{""good"": []}"
2026-09-30 14:19:00+00:00,Aberdaron Automatic Weather Station,-4.74,52.79,0.0,"{""good"": []}",996.97,"{""good"": []}",,,17.53926606,"{""good"": []}",,,,,12000.0,"{""good"": []}",,"{""good"": []}",,"{""good"": []}",2.0,"{""good"": []}",,"{""good"": []}",,"{""good"": []}",2.0,"{""good"": []}",,,513.3649818,"{""good"": []}",,,1.0,"{""good"": []}",,,1.0,"{""good"": []}",,,20.26386233,"{""good"": []}",23755.0,"{""good"": []}",0.0,"{""good"": []}",NSW,"{""good"": []}",72.16,"{""good"": []}",,,15.54332361,"{""good"": []}",,,14.45852451,"{""good"": []}",191.672061,"{""good"": []}",24.688875,"{""good"": []}"
2026-09-30 14:20:00+00:00,Aberdaron Automatic Weather Station,-4.74,52.79,0.0,"{""good"": []}",997.01,"{""good"": []}",,,17.60370027,"{""good"": []}",,,,,12000.0,"{""good"": []}",,"{""good"": []}",,"{""good"": []}",2.0,"{""good"": []}",,"{""good"": []}",,"{""good"": []}",2.0,"{""good"": []}",,,512.0060189,"{""good"": []}",,,1.0,"{""good"": []}",,,1.0,"{""good"": []}",,,20.32890314,"{""good"": []}",23090.5,"{""good"": []}",0.0,"{""good"": []}",NSW,"{""good"": []}",73.255,"{""good"": []}",,,15.54337359,"{""good"": []}",,,14.45867698,"{""good"": []}",191.754923,"{""good"": []}",23.529125,"{""good"": []}"
2026-09-30 14:21:00+00:00,Aberdaron Automatic Weather Station,-4.74,52.79,0.0,"{""good"": []}",997.025,"{""good"": []}",,,17.53149651,"{""good"": []}",,,,,12000.0,"{""good"": []}",,"{""good"": []}",,"{""good"": []}",2.0,"{""good"": []}",,"{""good"": []}",,"{""good"": []}",2.0,"{""good"": []}",,,510.6144972,"{""good"": []}",,,1.0,"{""good"": []}",,,1.0,"{""good"": []}",,,20.34250715,"{""good"": []}",20546.5,"{""good"": []}",0.0,"{""good"": []}",NSW,"{""good"": []}",72.1075,"{""good"": []}",,,15.54317368,"{""good"": []}",,,14.45923436,"{""good"": []}",191.4358749,"{""good"": []}",25.00933333,"{""good"": []}"
2026-09-30 14:22:00+00:00,Aberdaron Automatic Weather Station,-4.74,52.79,0.0,"{""good"": []}",997.005,"{""good"": []}",,,17.54315084,"{""good"": []}",,,,,12000.0,"{""good"": []}",,"{""good"": []}",,"{""good"": []}",1.0,"{""good"": []}",,"{""good"": []}",,"{""good"": []}",1.0,"{""good"": []}",,,509.2900468,"{""good"": []}",,,1.0,"{""good"": []}",,,1.0,"{""good"": []}",,,20.38770307,"{""good"": []}",21646.5,"{""good"": []}",0.0,"{""good"": []}",NSW,"{""good"": []}",72.99,"{""good"": []}",,,15.54302374,"{""good"": []}",,,14.45958429,"{""good"": []}",191.6249934,"{""good"": []}",23.58675,"{""good"": []}"
2026-09-30 14:23:00+00:00,Aberdaron Automatic Weather Station,-4.74,52.79,0.0,"{""good"": []}",997.01,"{""good"": []}",,,17.46146042,"{""good"": []}",,,,,12000.0,"{""good"": []}",,"{""good"": []}",,"{""good"": []}",1.0,"{""good"": []}",,"{""good"": []}",,"{""good"": []}",1.0,"{""good"": []}",,,507.9362651,"{""good"": []}",,,1.0,"{""good"": []}",,,1.0,"{""good"": []}",,,20.4008022,"{""good"": []}",20772.0,"{""good"": []}",0.0,"{""good"": []}",NSW,"{""good"": []}",72.5075,"{""good"": []}",,,15.54327363,"{""good"": []}",,,14.45993422,"{""good"": []}",191.1781531,"{""good"": []}",24.90691667,"{""good"": []}"
2026-09-30 14:24:00+00:00,Aberdaron Automatic Weather Station,-4.74,52.79,0.0,"{""good"": []}",997.02,"{""good"": []}",,,17.45969575,"{""good"": []}",,,,,12000.0,"{""good"": []}",,"{""good"": []}",,"{""good"": []}",1.0,"{""good"": []}",,"{""good"": []}",,"{""good"": []}",1.0,"{""good"": []}",,,506.5384381,"{""good"": []}",,,1.0,"{""good"": []}",,,1.0,"{""good"": []}",,,20.3552039,"{""good"": []}",20679.5,"{""good"": []}",0.0,"{""good"": []}",NSW,"{""good"": []}",73.165,"{""good"": []}",,,15.54317368,"{""good"": []}",,,14.46023916,"{""good"": []}",191.4114996,"{""good"": []}",23.766375,"{""good"": []}"
2026-09-30 14:25:00+00:00,Aberdaron Automatic Weather Station,-4.74,52.79,0.0,"{""good"": []}",996.99,"{""good"": []}",,,17.45126538,"{""good"": []}",,,,,12000.0,"{""good"": []}",,"{""good"": []}",,"{""good"": []}",1.0,"{""good"": []}",,"{""good"": []}",,"{""good"": []}",1.0,"{""good"": []}",,,505.171799,"{""good"": []}",,,1.0,"{""good"": []}",,,1.0,"{""good"": []}",,,20.29056298,"{""good"": []}",21248.0,"{""good"": []}",0.0,"{""good"": []}",NSW,"{""good"": []}",72.29,"{""good"": []}",,,15.5431237,"{""good"": []}",,,14.46074405,"{""good"": []}",191.6746787,"{""good"": []}",26.27270833,"{""good"": []}"
2026-09-30 14:26:00+00:00,Aberdaron Automatic Weather Station,-4.74,52.79,0.0,"{""good"": []}",996.955,"{""good"": []}",,,17.50596263,"{""good"": []}",,,,,12000.0,"{""good"": []}",,"{""good"": []}",,"{""good"": []}",1.0,"{""good"": []}",,"{""good"": []}",,"{""good"": []}",1.0,"{""good"": []}",,,503.7627521,"{""good"": []}",,,1.0,"{""good"": []}",,,1.0,"{""good"": []}",,,20.24310265,"{""good"": []}",20720.0,"{""good"": []}",0.0,"{""good"": []}",NSW,"{""good"": []}",73.3025,"{""good"": []}",,,15.54317368,"{""good"": []}",,,14.46109398,"{""good"": []}",193.3601507,"{""good"": []}",23.335875,"{""good"": []}"
2026-09-30 14:27:00+00:00,Aberdaron Automatic Weather Station,-4.74,52.79,0.0,"{""good"": []}",996.96,"{""good"": []}",,,17.5910347,"{""good"": []}",,,,,12000.0,"{""good"": []}",,"{""good"": []}",,"{""good"": []}",1.0,"{""good"": []}",,"{""good"": []}",,"{""good"": []}",1.0,"{""good"": []}",,,502.4291029,"{""good"": []}",,,1.0,"{""good"": []}",,,1.0,"{""good"": []}",,,20.26849614,"{""good"": []}",19088.5,"{""good"": []}",0.0,"{""good"": []}",NSW,"{""good"": []}",73.955,"{""good"": []}",,,15.54297127,"{""good"": []}",,,14.46155139,"{""good"": []}",193.0334274,"{""good"": []}",26.06670833,"{""good"": []}"
2026-09-30 14:28:00+00:00,Aberdaron Automatic Weather Station,-4.74,52.79,0.0,"{""good"": []}",996.985,"{""good"": []}",,,17.51696114,"{""good"": []}",,,,,12000.0,"{""good"": []}",,"{""good"": []}",,"{""good"": []}",1.0,"{""good"": []}",,"{""good"": []}",,"{""good"": []}",1.0,"{""good"": []}",,,500.9969745,"{""good"": []}",,,1.0,"{""good"": []}",,,1.0,"{""good"": []}",,,20.2409357,"{""good"": []}",20067.0,"{""good"": []}",0.0,"{""good"": []}",NSW,"{""good"": []}",73.235,"{""good"": []}",,,15.54302374,"{""good"": []}",,,14.46195381,"{""good"": []}",195.3424937,"{""good"": []}",25.02116667,"{""good"": []}"
2026-09-30 14:29:00+00:00,Aberdaron Automatic Weather Station,-4.74,52.79,0.0,"{""good"": []}",996.93,"{""good"": []}",,,17.50223054,"{""good"": []}",,,,,12000.0,"{""good"": []}",,"{""good"": []}",,"{""good"": []}",1.0,"{""good"": []}",,"{""good"": []}",,"{""good"": []}",1.0,"{""good"": []}",,,500.2531618,"{""good"": []}",,,1.0,"{""good"": []}",,,1.0,"{""good"": []}",,,20.21584464,"{""good"": []}",21613.5,"{""good"": []}",0.0,"{""good"": []}",NSW,"{""good"": []}",73.3975,"{""good"": []}",,,15.54302374,"{""good"": []}",,,14.46225374,"{""good"": []}",196.192956,"{""good"": []}",25.76179167,"{""good"": []}"
2026-09-30 14:30:00+00:00,Aberdaron Automatic Weather Station,-4.74,52.79,0.0,"{""good"": []}",996.955,"{""good"": []}",,,17.5291261,"{""good"": []}",,,,,12000.0,"{""good"": []}",,"{""good"": []}",,"{""good"": []}",1.0,"{""good"": []}",,"{""good"": []}",,"{""good"": []}",1.0,"{""good"": []}",,,500.6364514,"{""good"": []}",,,1.0,"{""good"": []}",,,1.0,"{""good"": []}",,,20.2507082,"{""good"": []}",20147.0,"{""good"": []}",0.0,"{""good"": []}",NSW,"{""good"": []}",74.3325,"{""good"": []}",,,15.54287131,"{""good"": []}",,,14.46281113,"{""good"": []}",192.8040124,"{""good"": []}",21.39666667,"{""good"": []}"
2026-09-30 14:31:00+00:00,Aberdaron Automatic Weather Station,-4.74,52.79,0.0,"{""good"": []}",996.94,"{""good"": []}",,,17.62549956,"{""good"": []}",,,,,12000.0,"{""good"": []}",,"{""good"": []}",,"{""good"": []}",1.0,"{""good"": []}",,"{""good"": []}",,"{""good"": []}",1.0,"{""good"": []}",,,498.7368134,"{""good"": []}",,,1.0,"{""good"": []}",,,1.0,"{""good"": []}",,,20.38402401,"{""good"": []}",18420.0,"{""good"": []}",0.0,"{""good"": []}",NSW,"{""good"": []}",75.24,"{""good"": []}",,,15.54307372,"{""good"": []}",,,14.46301359,"{""good"": []}",194.9634039,"{""good"": []}",20.717875,"{""good"": []}"
2026-09-30 14:32:00+00:00,Aberdaron Automatic Weather Station,-4.74,52.79,0.0,"{""good"": []}",996.955,"{""good"": []}",,,17.67015196,"{""good"": []}",,,,,12000.0,"{""good"": []}",,"{""good"": []}",,"{""good"": []}",1.0,"{""good"": []}",,"{""good"": []}",,"{""good"": []}",1.0,"{""good"": []}",,,496.5745723,"{""good"": []}",,,1.0,"{""good"": []}",,,1.0,"{""good"": []}",,,20.47970197,"{""good"": []}",16770.0,"{""good"": []}",0.0,"{""good"": []}",NSW,"{""good"": []}",75.51,"{""good"": []}",,,15.5431237,"{""good"": []}",,,14.46361346,"{""good"": []}",196.3825208,"{""good"": []}",21.15775,"{""good"": []}"
2026-09-30 14:33:00+00:00,Aberdaron Automatic Weather Station,-4.74,52.79,0.0,"{""good"": []}",996.965,"{""good"": []}",,,17.54733849,"{""good"": []}",,,,,12000.0,"{""good"": []}",,"{""good"": []}",,"{""good"": []}",1.0,"{""good"": []}",,"{""good"": []}",,"{""good"": []}",1.0,"{""good"": []}",,,494.5957638,"{""good"": []}",,,1.0,"{""good"": []}",,,1.0,"{""good"": []}",,,20.48111161,"{""good"": []}",15629.5,"{""good"": []}",0.0,"{""good"": []}",NSW,"{""good"": []}",74.5725,"{""good"": []}",,,15.5431237,"{""good"": []}",,,14.46386841,"{""good"": []}",193.8276236,"{""good"": []}",23.3205,"{""good"": []}"
2026-09-30 14:34:00+00:00,Aberdaron Automatic Weather Station,-4.74,52.79,0.0,"{""good"": []}",996.995,"{""good"": []}",,,17.62656087,"{""good"": []}",,,,,0.0,"{""good"": []}",,"{""good"": []}",,"{""good"": []}",0.0,"{""good"": []}",,"{""good"": []}",,"{""good"": []}",0.0,"{""good"": []}",,,492.8226049,"{""good"": []}",,,1.0,"{""good"": []}",,,1.0,"{""good"": []}",,,20.39369903,"{""good"": []}",16783.5,"{""good"": []}",0.0,"{""good"": []}",NSW,"{""good"": []}",75.2475,"{""good"": []}",,,15.54302125,"{""good"": []}",,,14.46427333,"{""good"": []}",195.9600167,"{""good"": []}",21.35341667,"{""good"": []}"
2026-09-30 14:35:00+00:00,Aberdaron Automatic Weather Station,-4.74,52.79,0.0,"{""good"": []}",996.985,"{""good"": []}",,,17.58477951,"{""good"": []}",,,,,0.0,"{""good"": []}",,"{""good"": []}",,"{""good"": []}",0.0,"{""good"": []}",,"{""good"": []}",,"{""good"": []}",0.0,"{""good"": []}",,,491.2937604,"{""good"": []}",,,1.0,"{""good"": []}",,,1.0,"{""good"": []}",,,20.38084982,"{""good"": []}",17762.0,"{""good"": []}",0.0,"{""good"": []}",NSW,"{""good"": []}",74.9075,"{""good"": []}",,,15.54292379,"{""good"": []}",,,14.46472324,"{""good"": []}",194.5869337,"{""good"": []}",23.13008333,"{""good"": []}"
2026-09-30 14:36:00+00:00,Aberdaron Automatic Weather Station,-4.74,52.79,0.0,"{""good"": []}",997.015,"{""good"": []}",,,17.63352193,"{""good"": []}",,,,,0.0,"{""good"": []}",,"{""good"": []}",,"{""good"": []}",0.0,"{""good"": []}",,"{""good"": []}",,"{""good"": []}",0.0,"{""good"": []}",,,489.8868673,"{""good"": []}",,,1.0,"{""good"": []}",,,1.0,"{""good"": []}",,,20.35172729,"{""good"": []}",17462.5,"{""good"": []}",0.0,"{""good"": []}",NSW,"{""good"": []}",75.6375,"{""good"": []}",,,15.54297376,"{""good"": []}",,,14.46512565,"{""good"": []}",195.1227294,"{""good"": []}",20.37108333,"{""good"": []}"
2026-09-30 14:37:00+00:00,Aberdaron Automatic Weather Station,-4.74,52.79,0.0,"{""good"": []}",997.005,"{""good"": []}",,,17.63225788,"{""good"": []}",,,,,0.0,"{""good"": []}",,"{""good"": []}",,"{""good"": []}",0.0,"{""good"": []}",,"{""good"": []}",,"{""good"": []}",0.0,"{""good"": []}",,,488.0825029,"{""good"": []}",,,1.0,"{""good"": []}",,,1.0,"{""good"": []}",,,20.39414891,"{""good"": []}",16085.0,"{""good"": []}",0.0,"{""good"": []}",NSW,"{""good"": []}",75.555,"{""good"": []}",,,15.54297376,"{""good"": []}",,,14.46548308,"{""good"": []}",193.5619014,"{""good"": []}",24.09525,"{""good"": []}"
2026-09-30 14:38:00+00:00,Aberdaron Automatic Weather Station,-4.74,52.79,0.0,"{""good"": []}",997.005,"{""good"": []}",,,17.53654271,"{""good"": []}",,,,,0.0,"{""good"": []}",,"{""good"": []}",,"{""good"": []}",0.0,"{""good"": []}",,"{""good"": []}",,"{""good"": []}",0.0,"{""good"": []}",,,486.3212176,"{""good"": []}",,,1.0,"{""good"": []}",,,1.0,"{""good"": []}",,,20.29716129,"{""good"": []}",16355.0,"{""good"": []}",0.0,"{""good"": []}",NSW,"{""good"": []}",74.5775,"{""good"": []}",,,15.54282133,"{""good"": []}",,,14.46598298,"{""good"": []}",195.6381834,"{""good"": []}",25.57170833,"{""good"": []}"
2026-09-30 14:39:00+00:00,Aberdaron Automatic Weather Station,-4.74,52.79,0.0,"{""good"": []}",997.025,"{""good"": []}",,,17.46630387,"{""good"": []}",,,,,0.0,"{""good"": []}",,"{""good"": []}",,"{""good"": []}",0.0,"{""good"": []}",,"{""good"": []}",,"{""good"": []}",0.0,"{""good"": []}",,,484.6563857,"{""good"": []}",,,1.0,"{""good"": []}",,,1.0,"{""good"": []}",,,20.20556478,"{""good"": []}",18779.5,"{""good"": []}",0.0,"{""good"": []}",NSW,"{""good"": []}",74.265,"{""good"": []}",,,15.54292379,"{""good"": []}",,,14.46633291,"{""good"": []}",196.057141,"{""good"": []}",25.37316667,"{""good"": []}"
2026-09-30 14:40:00+00:00,Aberdaron Automatic Weather Station,-4.74,52.79,0.0,"{""good"": []}",997.015,"{""good"": []}",,,17.44147836,"{""good"": []}",,,,,0.0,"{""good"": []}",,"{""good"": []}",,"{""good"": []}",0.0,"{""good"": []}",,"{""good"": []}",,"{""good"": []}",0.0,"{""good"": []}",,,482.3706778,"{""good"": []}",,,1.0,"{""good"": []}",,,0.0,"{""suspect"": [""1 case(s) of \""qc consistency check failed: expected radiation_sun_1_minute_mean to be above 0 if sunshine_1_minute_mean is above 0\""""]}",,,20.13150377,"{""good"": []}",19221.5,"{""good"": []}",0.0,"{""good"": []}",NSW,"{""good"": []}",74.895,"{""good"": []}",,,15.54287131,"{""good"": []}",,,14.4668428,"{""good"": []}",196.8732804,"{""good"": []}",23.13608333,"{""good"": []}"
2026-09-30 14:41:00+00:00,Aberdaron Automatic Weather Station,-4.74,52.79,0.0,"{""good"": []}",997.085,"{""good"": []}",,,17.37759733,"{""good"": []}",,,,,0.0,"{""good"": []}",,"{""good"": []}",,"{""good"": []}",0.0,"{""good"": []}",,"{""good"": []}",,"{""good"": []}",0.0,"{""good"": []}",,,479.0178773,"{""good"": []}",,,1.0,"{""good"": []}",,,0.0,"{""suspect"": [""1 case(s) of \""qc consistency check failed: expected radiation_sun_1_minute_mean to be above 0 if sunshine_1_minute_mean is above 0\""""]}",,,19.79222079,"{""good"": []}",17699.0,"{""good"": []}",0.0,"{""good"": []}",NSW,"{""good"": []}",75.505,"{""good"": []}",,,15.54297376,"{""good"": []}",,,14.46709275,"{""good"": []}",194.1497338,"{""good"": []}",19.92008333,"{""good"": []}"
2026-09-30 14:42:00+00:00,Aberdaron Automatic Weather Station,-4.74,52.79,0.0,"{""good"": []}",997.085,"{""good"": []}",,,17.3365744,"{""good"": []}",,,,,0.0,"{""good"": []}",,"{""good"": []}",,"{""good"": []}",0.0,"{""good"": []}",,"{""good"": []}",,"{""good"": []}",0.0,"{""good"": []}",,,477.2436216,"{""good"": []}",,,1.0,"{""good"": []}",,,1.0,"{""good"": []}",,,19.64137198,"{""good"": []}",16978.5,"{""good"": []}",0.0,"{""good"": []}",NSW,"{""good"": []}",76.095,"{""good"": []}",,,15.54297376,"{""good"": []}",,,14.46754266,"{""good"": []}",195.8644108,"{""good"": []}",23.983375,"{""good"": []}"
2026-09-30 14:43:00+00:00,Aberdaron Automatic Weather Station,-4.74,52.79,0.0,"{""good"": []}",997.11,"{""good"": []}",,,17.35928232,"{""good"": []}",,,,,0.0,"{""good"": []}",,"{""good"": []}",,"{""good"": []}",0.0,"{""good"": []}",,"{""good"": []}",,"{""good"": []}",0.0,"{""good"": []}",,,474.2590291,"{""good"": []}",,,1.0,"{""good"": []}",,,0.0,"{""suspect"": [""1 case(s) of \""qc consistency check failed: expected radiation_sun_1_minute_mean to be above 0 if sunshine_1_minute_mean is above 0\""""]}",,,19.73513793,"{""good"": []}",17570.0,"{""good"": []}",0.0,"{""good"": []}",NSW,"{""good"": []}",75.5075,"{""good"": []}",,,15.54297376,"{""good"": []}",,,14.46800256,"{""good"": []}",194.9015221,"{""good"": []}",23.51770833,"{""good"": []}"
2026-09-30 14:44:00+00:00,Aberdaron Automatic Weather Station,-4.74,52.79,0.0,"{""good"": []}",997.055,"{""good"": []}",,,17.28712612,"{""good"": []}",,,,,0.0,"{""good"": []}",,"{""good"": []}",,"{""good"": []}",0.0,"{""good"": []}",,"{""good"": []}",,"{""good"": []}",0.0,"{""good"": []}",,,471.7025025,"{""good"": []}",,,1.0,"{""good"": []}",,,1.0,"{""good"": []}",,,19.39469525,"{""good"": []}",18292.0,"{""good"": []}",0.0,"{""good"": []}",NSW,"{""good"": []}",75.0,"{""good"": []}",,,15.54286882,"{""good"": []}",,,14.46825251,"{""good"": []}",193.5833717,"{""good"": []}",24.839375,"{""good"": []}"
2026-09-30 14:45:00+00:00,Aberdaron Automatic Weather Station,-4.74,52.79,0.0,"{""good"": []}",997.065,"{""good"": []}",,,17.27042559,"{""good"": []}",,,,,0.0,"{""good"": []}",,"{""good"": []}",,"{""good"": []}",0.0,"{""good"": []}",,"{""good"": []}",,"{""good"": []}",0.0,"{""good"": []}",,,470.3606775,"{""good"": []}",,,1.0,"{""good"": []}",,,1.0,"{""good"": []}",,,19.68989454,"{""good"": []}",18488.0,"{""good"": []}",0.0,"{""good"": []}",NSW,"{""good"": []}",74.97,"{""good"": []}",,,15.54292379,"{""good"": []}",,,14.46865243,"{""good"": []}",196.1027511,"{""good"": []}",24.46304167,"{""good"": []}"
2026-09-30 14:46:00+00:00,Aberdaron Automatic Weather Station,-4.74,52.79,0.0,"{""good"": []}",997.05,"{""good"": []}",,,17.40277828,"{""good"": []}",,,,,0.0,"{""good"": []}",,"{""good"": []}",,"{""good"": []}",0.0,"{""good"": []}",,"{""good"": []}",,"{""good"": []}",0.0,"{""good"": []}",,,468.9295139,"{""good"": []}",,,1.0,"{""good"": []}",,,1.0,"{""good"": []}",,,20.06197161,"{""good"": []}",19210.5,"{""good"": []}",0.0,"{""good"": []}",NSW,"{""good"": []}",75.66,"{""good"": []}",,,15.54287381,"{""good"": []}",,,14.46925981,"{""good"": []}",195.0022826,"{""good"": []}",20.33091667,"{""good"": []}"
2026-09-30 14:47:00+00:00,Aberdaron Automatic Weather Station,-4.74,52.79,0.0,"{""good"": []}",997.09,"{""good"": []}",,,17.48916197,"{""good"": []}",,,,,0.0,"{""good"": []}",,"{""good"": []}",,"{""good"": []}",0.0,"{""good"": []}",,"{""good"": []}",,"{""good"": []}",0.0,"{""good"": []}",,,467.3524039,"{""good"": []}",,,1.0,"{""good"": []}",,,1.0,"{""good"": []}",,,20.23010349,"{""good"": []}",18354.0,"{""good"": []}",0.0,"{""good"": []}",NSW,"{""good"": []}",75.2475,"{""good"": []}",,,15.54276886,"{""good"": []}",,,14.46966222,"{""good"": []}",193.9222498,"{""good"": []}",23.19816667,"{""good"": []}"
2026-09-30 14:48:00+00:00,Aberdaron Automatic Weather Station,-4.74,52.79,0.0,"{""good"": []}",997.055,"{""good"": []}",,,17.55596659,"{""good"": []}",,,,,0.0,"{""good"": []}",,"{""good"": []}",,"{""good"": []}",0.0,"{""good"": []}",,"{""good"": []}",,"{""good"": []}",0.0,"{""good"": []}",,,465.4642088,"{""good"": []}",,,1.0,"{""good"": []}",,,1.0,"{""good"": []}",,,20.36518134,"{""good"": []}",19544.5,"{""good"": []}",0.0,"{""good"": []}",NSW,"{""good"": []}",75.9375,"{""good"": []}",,,15.54287381,"{""good"": []}",,,14.47001215,"{""good"": []}",194.3141295,"{""good"": []}",21.00658333,"{""good"": []}"
2026-09-30 14:49:00+00:00,Aberdaron Automatic Weather Station,-4.74,52.79,0.0,"{""good"": []}",997.035,"{""good"": []}",,,17.64129398,"{""good"": []}",,,,,9000.0,"{""good"": []}",,"{""good"": []}",,"{""good"": []}",1.0,"{""good"": []}",,"{""good"": []}",,"{""good"": []}",1.0,"{""good"": []}",,,463.6393965,"{""good"": []}",,,1.0,"{""good"": []}",,,1.0,"{""good"": []}",,,20.49254867,"{""good"": []}",16301.5,"{""good"": []}",0.0,"{""good"": []}",NSW,"{""good"": []}",76.2425,"{""good"": []}",,,15.54281884,"{""good"": []}",,,14.47052205,"{""good"": []}",193.6930481,"{""good"": []}",24.67075,"{""good"": []}"
2026-09-30 14:50:00+00:00,Aberdaron Automatic Weather Station,-4.74,52.79,0.0,"{""good"": []}",997.03,"{""good"": []}",,,17.52059811,"{""good"": []}",,,,,9000.0,"{""good"": []}",,"{""good"": []}",,"{""good"": []}",1.0,"{""good"": []}",,"{""good"": []}",,"{""good"": []}",1.0,"{""good"": []}",,,461.3333183,"{""good"": []}",,,1.0,"{""good"": []}",,,1.0,"{""good"": []}",,,20.38558611,"{""good"": []}",18340.5,"{""good"": []}",0.0,"{""good"": []}",NSW,"{""good"": []}",74.8725,"{""good"": []}",,,15.54256396,"{""good"": []}",,,14.47092196,"{""good"": []}",190.4940579,"{""good"": []}",24.50170833,"{""good"": []}"
2026-09-30 14:51:00+00:00,Aberdaron Automatic Weather Station,-4.74,52.79,0.0,"{""good"": []}",997.045,"{""good"": []}",,,17.48679156,"{""good"": []}",,,,,9000.0,"{""good"": []}",,"{""good"": []}",,"{""good"": []}",1.0,"{""good"": []}",,"{""good"": []}",,"{""good"": []}",1.0,"{""good"": []}",,,458.5009915,"{""good"": []}",,,1.0,"{""good"": []}",,,1.0,"{""good"": []}",,,20.18525998,"{""good"": []}",18988.0,"{""good"": []}",0.0,"{""good"": []}",NSW,"{""good"": []}",75.2075,"{""good"": []}",,,15.54281884,"{""good"": []}",,,14.47112192,"{""good"": []}",193.6501176,"{""good"": []}",23.37270833,"{""good"": []}"
2026-09-30 14:52:00+00:00,Aberdaron Automatic Weather Station,-4.74,52.79,0.0,"{""good"": []}",997.06,"{""good"": []}",,,17.38329934,"{""good"": []}",,,,,8600.0,"{""good"": []}",,"{""good"": []}",,"{""good"": []}",1.0,"{""good"": []}",,"{""good"": []}",,"{""good"": []}",1.0,"{""good"": []}",,,456.3737068,"{""good"": []}",,,1.0,"{""good"": []}",,,1.0,"{""good"": []}",,,19.97899039,"{""good"": []}",19504.0,"{""good"": []}",0.0,"{""good"": []}",NSW,"{""good"": []}",74.465,"{""good"": []}",,,15.54271888,"{""good"": []}",,,14.47177929,"{""good"": []}",192.227127,"{""good"": []}",23.74466667,"{""good"": []}"
2026-09-30 14:53:00+00:00,Aberdaron Automatic Weather Station,-4.74,52.79,0.0,"{""good"": []}",997.05,"{""good"": []}",,,17.49052364,"{""good"": []}",,,,,8600.0,"{""good"": []}",,"{""good"": []}",,"{""good"": []}",1.0,"{""good"": []}",,"{""good"": []}",,"{""good"": []}",1.0,"{""good"": []}",,,454.6907269,"{""good"": []}",,,1.0,"{""good"": []}",,,1.0,"{""good"": []}",,,20.25776139,"{""good"": []}",19514.5,"{""good"": []}",0.0,"{""good"": []}",NSW,"{""good"": []}",75.2825,"{""good"": []}",,,15.54277136,"{""good"": []}",,,14.4722317,"{""good"": []}",195.5373191,"{""good"": []}",20.696125,"{""good"": []}"
2026-09-30 14:54:00+00:00,Aberdaron Automatic Weather Station,-4.74,52.79,0.0,"{""good"": []}",997.08,"{""good"": []}",,,17.61793026,"{""good"": []}",,,,,8500.0,"{""good"": []}",,"{""good"": []}",,"{""good"": []}",1.0,"{""good"": []}",,"{""good"": []}",,"{""good"": []}",1.0,"{""good"": []}",,,452.069569,"{""good"": []}",,,1.0,"{""good"": []}",,,1.0,"{""good"": []}",,,20.54303323,"{""good"": []}",17538.0,"{""good"": []}",0.0,"{""good"": []}",NSW,"{""good"": []}",75.87,"{""good"": []}",,,15.54277136,"{""good"": []}",,,14.47243166,"{""good"": []}",193.3964162,"{""good"": []}",20.92025,"{""good"": []}"
2026-09-30 14:55:00+00:00,Aberdaron Automatic Weather Station,-4.74,52.79,0.0,"{""good"": []}",997.04,"{""good"": []}",,,17.63740921,"{""good"": []}",,,,,8500.0,"{""good"": []}",,"{""good"": []}",,"{""good"": []}",2.0,"{""good"": []}",,"{""good"": []}",,"{""good"": []}",2.0,"{""good"": []}",,,449.4877568,"{""good"": []}",,,1.0,"{""good"": []}",,,1.0,"{""good"": []}",,,20.58968876,"{""good"": []}",17686.5,"{""good"": []}",0.0,"{""good"": []}",NSW,"{""good"": []}",75.9775,"{""good"": []}",,,15.54292129,"{""good"": []}",,,14.47304153,"{""good"": []}",194.7910776,"{""good"": []}",22.01366667,"{""good"": []}"
2026-09-30 14:56:00+00:00,Aberdaron Automatic Weather Station,-4.74,52.79,0.0,"{""good"": []}",997.07,"{""good"": []}",,,17.61838582,"{""good"": []}",,,,,8500.0,"{""good"": []}",,"{""good"": []}",,"{""good"": []}",2.0,"{""good"": []}",,"{""good"": []}",,"{""good"": []}",2.0,"{""good"": []}",,,446.7069844,"{""good"": []}",,,1.0,"{""good"": []}",,,1.0,"{""good"": []}",,,20.55225086,"{""good"": []}",18615.5,"{""good"": []}",0.0,"{""good"": []}",NSW,"{""good"": []}",75.0375,"{""good"": []}",,,15.54266641,"{""good"": []}",,,14.47344145,"{""good"": []}",194.0782698,"{""good"": []}",23.95129167,"{""good"": []}"
2026-09-30 14:57:00+00:00,Aberdaron Automatic Weather Station,-4.74,52.79,0.0,"{""good"": []}",997.065,"{""good"": []}",,,17.53477554,"{""good"": []}",,,,,8500.0,"{""good"": []}",,"{""good"": []}",,"{""good"": []}",2.0,"{""good"": []}",,"{""good"": []}",,"{""good"": []}",2.0,"{""good"": []}",,,444.2347131,"{""good"": []}",,,1.0,"{""good"": []}",,,1.0,"{""good"": []}",,,20.63452726,"{""good"": []}",19687.0,"{""good"": []}",0.0,"{""good"": []}",NSW,"{""good"": []}",73.9175,"{""good"": []}",,,15.54271888,"{""good"": []}",,,14.47384137,"{""good"": []}",193.9864405,"{""good"": []}",22.84458333,"{""good"": []}"
2026-09-30 14:58:00+00:00,Aberdaron Automatic Weather Station,-4.74,52.79,0.0,"{""good"": []}",997.09,"{""good"": []}",,,17.56843191,"{""good"": []}",,,,,8500.0,"{""good"": []}",,"{""good"": []}",,"{""good"": []}",3.0,"{""good"": []}",,"{""good"": []}",,"{""good"": []}",3.0,"{""good"": []}",,,442.152703,"{""good"": []}",,,1.0,"{""good"": []}",,,1.0,"{""good"": []}",,,20.72829321,"{""good"": []}",20187.0,"{""good"": []}",0.0,"{""good"": []}",NSW,"{""good"": []}",74.8125,"{""good"": []}",,,15.54271888,"{""good"": []}",,,14.4741963,"{""good"": []}",192.105741,"{""good"": []}",25.63941667,"{""good"": []}"
2026-09-30 14:59:00+00:00,Aberdaron Automatic Weather Station,-4.74,52.79,0.0,"{""good"": []}",997.1,"{""good"": []}",,,17.54915572,"{""good"": []}",,,,,8500.0,"{""good"": []}",,"{""good"": []}",,"{""good"": []}",3.0,"{""good"": []}",,"{""good"": []}",,"{""good"": []}",3.0,"{""good"": []}",,,440.3361859,"{""good"": []}",,,1.0,"{""good"": []}",,,1.0,"{""good"": []}",,,20.70068529,"{""good"": []}",20592.0,"{""good"": []}",0.0,"{""good"": []}",NSW,"{""good"": []}",75.21,"{""good"": []}",,,15.54261643,"{""suspect"": [""1 case(s) of \""qc persistence check failed: expected variation above 0.001\""""]}",,,14.4746512,"{""good"": []}",194.241052,"{""good"": []}",23.086125,"{""good"": []}"
2026-09-30 15:00:00+00:00,Aberdaron Automatic Weather Station,-4.74,52.79,0.0,"{""good"": []}",997.11,"{""good"": []}",,,17.66904309,"{""good"": []}",,,,,8400.0,"{""good"": []}",,"{""good"": []}",,"{""good"": []}",3.0,"{""good"": []}",,"{""good"": []}",,"{""good"": []}",3.0,"{""good"": []}",,,438.6024261,"{""good"": []}",,,1.0,"{""good"": []}",,,1.0,"{""good"": []}",,,20.79212684,"{""good"": []}",18088.0,"{""good"": []}",0.0,"{""good"": []}",NSW,"{""good"": []}",76.17,"{""good"": []}",,,15.54256645,"{""suspect"": [""1 case(s) of \""qc persistence check failed: expected variation above 0.001\""""]}",,,14.47520359,"{""good"": []}",193.5922914,"{""good"": []}",20.470625,"{""good"": []}"
2026-09-30 15:01:00+00:00,Aberdaron Automatic Weather Station,-4.74,52.79,0.0,"{""good"": []}",997.145,"{""good"": []}",,,17.67908544,"{""good"": []}",,,,,8400.0,"{""good"": []}",,"{""good"": []}",,"{""good"": []}",4.0,"{""good"": []}",,"{""good"": []}",,"{""good"": []}",4.0,"{""good"": []}",,,436.7896568,"{""good"": []}",,,1.0,"{""good"": []}",,,1.0,"{""good"": []}",,,20.79318406,"{""good"": []}",17670.5,"{""good"": []}",0.0,"{""good"": []}",NSW,"{""good"": []}",75.645,"{""good"": []}",,,15.54271639,"{""suspect"": [""1 case(s) of \""qc persistence check failed: expected variation above 0.001\""""]}",,,14.47545853,"{""good"": []}",194.7079792,"{""good"": []}",22.90116667,"{""good"": []}"
2026-09-30 15:02:00+00:00,Aberdaron Automatic Weather Station,-4.74,52.79,0.0,"{""good"": []}",997.17,"{""good"": []}",,,17.6986645,"{""good"": []}",,,,,8400.0,"{""good"": []}",,"{""good"": []}",,"{""good"": []}",4.0,"{""good"": []}",,"{""good"": []}",,"{""good"": []}",4.0,"{""good"": []}",,,434.9661886,"{""good"": []}",,,1.0,"{""good"": []}",,,1.0,"{""good"": []}",,,20.67362473,"{""good"": []}",19061.0,"{""good"": []}",0.0,"{""good"": []}",NSW,"{""good"": []}",75.285,"{""good"": []}",,,15.54256396,"{""suspect"": [""1 case(s) of \""qc persistence check failed: expected variation above 0.001\""""]}",,,14.47591094,"{""good"": []}",193.8918413,"{""good"": []}",20.18445833,"{""good"": []}"
2026-09-30 15:03:00+00:00,Aberdaron Automatic Weather Station,-4.74,52.79,0.0,"{""good"": []}",997.18,"{""good"": []}",,,17.60582288,"{""good"": []}",,,,,8400.0,"{""good"": []}",,"{""good"": []}",,"{""good"": []}",5.0,"{""good"": []}",,"{""good"": []}",,"{""good"": []}",5.0,"{""good"": []}",,,433.1823858,"{""good"": []}",,,1.0,"{""good"": []}",,,1.0,"{""good"": []}",,,20.66259256,"{""good"": []}",19241.0,"{""good"": []}",0.0,"{""good"": []}",NSW,"{""good"": []}",74.595,"{""good"": []}",,,15.54251398,"{""good"": []}",,,14.47636085,"{""good"": []}",195.2311435,"{""good"": []}",22.75579167,"{""good"": []}"
2026-09-30 15:04:00+00:00,Aberdaron Automatic Weather Station,-4.74,52.79,0.0,"{""good"": []}",997.175,"{""good"": []}",,,17.56177123,"{""good"": []}",,,,,8400.0,"{""good"": []}",,"{""good"": []}",,"{""good"": []}",5.0,"{""good"": []}",,"{""good"": []}",,"{""good"": []}",5.0,"{""good"": []}",,,431.4373801,"{""good"": []}",,,1.0,"{""good"": []}",,,1.0,"{""good"": []}",,,20.5345654,"{""good"": []}",19688.0,"{""good"": []}",0.0,"{""good"": []}",NSW,"{""good"": []}",74.7375,"{""good"": []}",,,15.54256645,"{""good"": []}",,,14.47676576,"{""good"": []}",193.4549528,"{""good"": []}",20.2425,"{""good"": []}"
2026-09-30 15:05:00+00:00,Aberdaron Automatic Weather Station,-4.74,52.79,0.0,"{""good"": []}",997.2,"{""good"": []}",,,17.56974102,"{""good"": []}",,,,,8400.0,"{""good"": []}",,"{""good"": []}",,"{""good"": []}",5.0,"{""good"": []}",,"{""good"": []}",,"{""good"": []}",5.0,"{""good"": []}",,,427.5761048,"{""good"": []}",,,1.0,"{""good"": []}",,,0.0,"{""suspect"": [""1 case(s) of \""qc consistency check failed: expected radiation_sun_1_minute_mean to be above 0 if sunshine_1_minute_mean is above 0\""""]}",,,20.36628855,"{""good"": []}",19697.0,"{""good"": []}",0.0,"{""good"": []}",NSW,"{""good"": []}",75.07,"{""good"": []}",,,15.54251398,"{""good"": []}",,,14.47722067,"{""good"": []}",197.1987202,"{""good"": []}",21.7095,"{""good"": []}"
2026-09-30 15:06:00+00:00,Aberdaron Automatic Weather Station,-4.74,52.79,0.0,"{""good"": []}",997.205,"{""good"": []}",,,17.22425383,"{""good"": []}",,,,,8100.0,"{""good"": []}",,"{""good"": []}",,"{""good"": []}",5.0,"{""good"": []}",,"{""good"": []}",,"{""good"": []}",5.0,"{""good"": []}",,,422.2713046,"{""good"": []}",,,1.0,"{""good"": []}",,,0.0,"{""suspect"": [""1 case(s) of \""qc consistency check failed: expected radiation_sun_1_minute_mean to be above 0 if sunshine_1_minute_mean is above 0\""""]}",,,19.36099139,"{""good"": []}",19962.5,"{""good"": []}",0.0,"{""good"": []}",NSW,"{""good"": []}",73.995,"{""good"": []}",,,15.54256645,"{""suspect"": [""1 case(s) of \""qc persistence check failed: expected variation above 0.001\""""]}",,,14.47772557,"{""good"": []}",193.3014919,"{""good"": []}",21.2545,"{""good"": []}"
2026-09-30 15:07:00+00:00,Aberdaron Automatic Weather Station,-4.74,52.79,0.0,"{""good"": []}",997.215,"{""good"": []}",,,16.9818033,"{""good"": []}",,,,,8100.0,"{""good"": []}",,"{""good"": []}",,"{""good"": []}",6.0,"{""good"": []}",,"{""good"": []}",,"{""good"": []}",6.0,"{""good"": []}",,,416.9973772,"{""good"": []}",,,1.0,"{""good"": []}",,,0.0,"{""suspect"": [""1 case(s) of \""qc consistency check failed: expected radiation_sun_1_minute_mean to be above 0 if sunshine_1_minute_mean is above 0\""""]}",,,18.56840717,"{""good"": []}",19361.0,"{""good"": []}",0.0,"{""good"": []}",NSW,"{""good"": []}",74.9925,"{""good"": []}",,,15.54256645,"{""suspect"": [""1 case(s) of \""qc persistence check failed: expected variation above 0.001\""""]}",,,14.47798052,"{""good"": []}",193.3608437,"{""good"": []}",21.094875,"{""good"": []}"
2026-09-30 15:08:00+00:00,Aberdaron Automatic Weather Station,-4.74,52.79,0.0,"{""good"": []}",997.225,"{""good"": []}",,,16.83446468,"{""good"": []}",,,,,8100.0,"{""good"": []}",,"{""good"": []}",,"{""good"": []}",5.0,"{""good"": []}",,"{""good"": []}",,"{""good"": []}",5.0,"{""good"": []}",,,412.3408526,"{""good"": []}",,,1.0,"{""good"": []}",,,0.0,"{""suspect"": [""1 case(s) of \""qc consistency check failed: expected radiation_sun_1_minute_mean to be above 0 if sunshine_1_minute_mean is above 0\""""]}",,,18.02139746,"{""good"": []}",18084.5,"{""good"": []}",0.0,"{""good"": []}",NSW,"{""good"": []}",75.675,"{""good"": []}",,,15.54241402,"{""good"": []}",,,14.47868037,"{""good"": []}",194.2851723,"{""good"": []}",20.79954167,"{""good"": []}"
2026-09-30 15:09:00+00:00,Aberdaron Automatic Weather Station,-4.74,52.79,0.0,"{""good"": []}",997.24,"{""good"": []}",,,16.80121381,"{""good"": []}",,,,,8100.0,"{""good"": []}",,"{""good"": []}",,"{""good"": []}",5.0,"{""good"": []}",,"{""good"": []}",,"{""good"": []}",5.0,"{""good"": []}",,,409.9590868,"{""good"": []}",,,1.0,"{""good"": []}",,,1.0,"{""good"": []}",,,18.11541335,"{""good"": []}",17854.5,"{""good"": []}",0.0,"{""good"": []}",NSW,"{""good"": []}",76.29,"{""good"": []}",,,15.54281634,"{""suspect"": [""1 case(s) of \""qc persistence check failed: expected variation above 0.001\""""]}",,,14.4790328,"{""good"": []}",196.8176993,"{""good"": []}",20.50491667,"{""good"": []}"
2026-09-30 15:10:00+00:00,Aberdaron Automatic Weather Station,-4.74,52.79,0.0,"{""good"": []}",997.235,"{""good"": []}",,,17.01384269,"{""good"": []}",,,,,8100.0,"{""good"": []}",,"{""good"": []}",,"{""good"": []}",5.0,"{""good"": []}",,"{""good"": []}",,"{""good"": []}",5.0,"{""good"": []}",,,409.2991215,"{""good"": []}",,,1.0,"{""good"": []}",,,1.0,"{""good"": []}",,,18.93489567,"{""good"": []}",18983.5,"{""good"": []}",0.0,"{""good"": []}",NSW,"{""good"": []}",76.73,"{""good"": []}",,,15.54256396,"{""suspect"": [""1 case(s) of \""qc persistence check failed: expected variation above 0.001\""""]}",,,14.47928525,"{""good"": []}",196.0674567,"{""good"": []}",18.09616667,"{""good"": []}"
2026-09-30 15:11:00+00:00,Aberdaron Automatic Weather Station,-4.74,52.79,0.0,"{""good"": []}",997.265,"{""good"": []}",,,17.21941038,"{""good"": []}",,,,,8100.0,"{""good"": []}",,"{""good"": []}",,"{""good"": []}",5.0,"{""good"": []}",,"{""good"": []}",,"{""good"": []}",5.0,"{""good"": []}",,,408.4936297,"{""good"": []}",,,1.0,"{""good"": []}",,,1.0,"{""good"": []}",,,19.734888,"{""good"": []}",18974.0,"{""good"": []}",0.0,"{""good"": []}",NSW,"{""good"": []}",76.0275,"{""good"": []}",,,15.542464,"{""suspect"": [""1 case(s) of \""qc persistence check failed: expected variation above 0.001\""""]}",,,14.4799901,"{""good"": []}",195.8801579,"{""good"": []}",21.00520833,"{""good"": []}"
2026-09-30 15:12:00+00:00,Aberdaron Automatic Weather Station,-4.74,52.79,0.0,"{""good"": []}",997.255,"{""good"": []}",,,17.33067215,"{""good"": []}",,,,,8100.0,"{""good"": []}",,"{""good"": []}",,"{""good"": []}",5.0,"{""good"": []}",,"{""good"": []}",,"{""good"": []}",5.0,"{""good"": []}",,,407.2940139,"{""good"": []}",,,1.0,"{""good"": []}",,,1.0,"{""good"": []}",,,20.03481607,"{""good"": []}",19965.5,"{""good"": []}",0.0,"{""good"": []}",NSW,"{""good"": []}",75.1575,"{""good"": []}",,,15.54261643,"{""suspect"": [""1 case(s) of \""qc persistence check failed: expected variation above 0.001\""""]}",,,14.48029254,"{""good"": []}",200.0531477,"{""good"": []}",22.61429167,"{""good"": []}"
2026-09-30 15:13:00+00:00,Aberdaron Automatic Weather Station,-4.74,52.79,0.0,"{""good"": []}",997.24,"{""good"": []}",,,17.28021512,"{""good"": []}",,,,,7300.0,"{""good"": []}",,"{""good"": []}",,"{""good"": []}",3.0,"{""good"": []}",,"{""good"": []}",,"{""good"": []}",3.0,"{""good"": []}",,,405.7518681,"{""good"": []}",,,1.0,"{""good"": []}",,,1.0,"{""good"": []}",,,20.00806543,"{""good"": []}",20965.5,"{""good"": []}",0.0,"{""good"": []}",NSW,"{""good"": []}",74.525,"{""good"": []}",,,15.54256645,"{""suspect"": [""1 case(s) of \""qc persistence check failed: expected variation above 0.001\""""]}",,,14.4809999,"{""good"": []}",197.0844929,"{""good"": []}",19.70891667,"{""good"": []}"
2026-09-30 15:14:00+00:00,Aberdaron Automatic Weather Station,-4.74,52.79,0.0,"{""good"": []}",997.25,"{""good"": []}",,,17.25801283,"{""good"": []}",,,,,7200.0,"{""good"": []}",,"{""good"": []}",,"{""good"": []}",3.0,"{""good"": []}",,"{""good"": []}",,"{""good"": []}",3.0,"{""good"": []}",,,404.024158,"{""good"": []}",,,1.0,"{""good"": []}",,,1.0,"{""good"": []}",,,19.93858325,"{""good"": []}",19669.5,"{""good"": []}",0.0,"{""good"": []}",NSW,"{""good"": []}",74.0425,"{""good"": []}",,,15.54241402,"{""suspect"": [""1 case(s) of \""qc persistence check failed: expected variation above 0.001\""""]}",,,14.48119986,"{""good"": []}",197.8014569,"{""good"": []}",23.005875,"{""good"": []}"
2026-09-30 15:15:00+00:00,Aberdaron Automatic Weather Station,-4.74,52.79,0.0,"{""good"": []}",997.215,"{""good"": []}",,,17.28762924,"{""good"": []}",,,,,7200.0,"{""good"": []}",,"{""good"": []}",,"{""good"": []}",3.0,"{""good"": []}",,"{""good"": []}",,"{""good"": []}",3.0,"{""good"": []}",,,402.1585981,"{""good"": []}",,,1.0,"{""good"": []}",,,1.0,"{""good"": []}",,,19.79730698,"{""good"": []}",21486.0,"{""good"": []}",0.0,"{""good"": []}",NSW,"{""good"": []}",74.5225,"{""good"": []}",,,15.54241402,"{""suspect"": [""1 case(s) of \""qc persistence check failed: expected variation above 0.001\""""]}",,,14.48165226,"{""good"": []}",195.8787527,"{""good"": []}",19.32070833,"{""good"": []}"
2026-09-30 15:16:00+00:00,Aberdaron Automatic Weather Station,-4.74,52.79,0.0,"{""good"": []}",997.25,"{""good"": []}",,,17.30988159,"{""good"": []}",,,,,7200.0,"{""good"": []}",,"{""good"": []}",,"{""good"": []}",3.0,"{""good"": []}",,"{""good"": []}",,"{""good"": []}",3.0,"{""good"": []}",,,400.3488636,"{""good"": []}",,,1.0,"{""good"": []}",,,1.0,"{""good"": []}",,,19.84235293,"{""good"": []}",20301.0,"{""good"": []}",0.0,"{""good"": []}",NSW,"{""good"": []}",74.8625,"{""good"": []}",,,15.54236404,"{""good"": []}",,,14.48205718,"{""good"": []}",196.7289853,"{""good"": []}",20.47716667,"{""good"": []}"
2026-09-30 15:17:00+00:00,Aberdaron Automatic Weather Station,-4.74,52.79,0.0,"{""good"": []}",997.255,"{""good"": []}",,,17.26199773,"{""good"": []}",,,,,7200.0,"{""good"": []}",,"{""good"": []}",,"{""good"": []}",3.0,"{""good"": []}",,"{""good"": []}",,"{""good"": []}",3.0,"{""good"": []}",,,398.6983815,"{""good"": []}",,,1.0,"{""good"": []}",,,1.0,"{""good"": []}",,,19.84320522,"{""good"": []}",19352.0,"{""good"": []}",0.0,"{""good"": []}",NSW,"{""good"": []}",74.2475,"{""good"": []}",,,15.54236404,"{""good"": []}",,,14.4824596,"{""good"": []}",196.3185944,"{""good"": []}",22.94429167,"{""good"": []}"
2026-09-30 15:18:00+00:00,Aberdaron Automatic Weather Station,-4.74,52.79,0.0,"{""good"": []}",997.25,"{""good"": []}",,,17.19171133,"{""good"": []}",,,,,7200.0,"{""good"": []}",,"{""good"": []}",,"{""good"": []}",3.0,"{""good"": []}",,"{""good"": []}",,"{""good"": []}",3.0,"{""good"": []}",,,395.3857212,"{""good"": []}",,,1.0,"{""good"": []}",,,0.0,"{""suspect"": [""1 case(s) of \""qc consistency check failed: expected radiation_sun_1_minute_mean to be above 0 if sunshine_1_minute_mean is above 0\""""]}",,,19.59008513,"{""good"": []}",21100.0,"{""good"": []}",0.0,"{""good"": []}",NSW,"{""good"": []}",73.5675,"{""good"": []}",,,15.54241402,"{""good"": []}",,,14.48296449,"{""good"": []}",199.5969063,"{""good"": []}",23.467875,"{""good"": []}"
2026-09-30 15:19:00+00:00,Aberdaron Automatic Weather Station,-4.74,52.79,0.0,"{""good"": []}",997.255,"{""good"": []}",,,17.01969988,"{""good"": []}",,,,,7200.0,"{""good"": []}",,"{""good"": []}",,"{""good"": []}",3.0,"{""good"": []}",,"{""good"": []}",,"{""good"": []}",3.0,"{""good"": []}",,,393.7426351,"{""good"": []}",,,1.0,"{""good"": []}",,,1.0,"{""good"": []}",,,19.1624798,"{""good"": []}",21807.0,"{""good"": []}",0.0,"{""good"": []}",NSW,"{""good"": []}",73.4575,"{""good"": []}",,,15.54251647,"{""good"": []}",,,14.48336941,"{""good"": []}",200.3681117,"{""good"": []}",20.133,"{""good"": []}"
2026-09-30 15:20:00+00:00,Aberdaron Automatic Weather Station,-4.74,52.79,0.0,"{""good"": []}",997.25,"{""good"": []}",,,17.03170464,"{""good"": []}",,,,,7200.0,"{""good"": []}",,"{""good"": []}",,"{""good"": []}",3.0,"{""good"": []}",,"{""good"": []}",,"{""good"": []}",3.0,"{""good"": []}",,,391.8715046,"{""good"": []}",,,1.0,"{""good"": []}",,,1.0,"{""good"": []}",,,19.43364526,"{""good"": []}",20288.0,"{""good"": []}",0.0,"{""good"": []}",NSW,"{""good"": []}",73.9475,"{""good"": []}",,,15.54236404,"{""suspect"": [""1 case(s) of \""qc persistence check failed: expected variation above 0.001\""""]}",,,14.4839193,"{""good"": []}",201.3114633,"{""good"": []}",23.13454167,"{""good"": []}"
2026-09-30 15:21:00+00:00,Aberdaron Automatic Weather Station,-4.74,52.79,0.0,"{""good"": []}",997.22,"{""good"": []}",,,17.00466139,"{""good"": []}",,,,,7200.0,"{""good"": []}",,"{""good"": []}",,"{""good"": []}",2.0,"{""good"": []}",,"{""good"": []}",,"{""good"": []}",2.0,"{""good"": []}",,,389.9971059,"{""good"": []}",,,1.0,"{""good"": []}",,,1.0,"{""good"": []}",,,19.2891923,"{""good"": []}",20920.5,"{""good"": []}",0.0,"{""good"": []}",NSW,"{""good"": []}",73.515,"{""good"": []}",,,15.54241402,"{""suspect"": [""1 case(s) of \""qc persistence check failed: expected variation above 0.001\""""]}",,,14.48442669,"{""good"": []}",201.0282995,"{""good"": []}",24.23220833,"{""good"": []}"
2026-09-30 15:22:00+00:00,Aberdaron Automatic Weather Station,-4.74,52.79,0.0,"{""good"": []}",997.275,"{""good"": []}",,,17.00955491,"{""good"": []}",,,,,7200.0,"{""good"": []}",8600.0,"{""good"": []}",,"{""good"": []}",2.0,"{""good"": []}",1.0,"{""good"": []}",,"{""good"": []}",3.0,"{""good"": []}",,,388.4451058,"{""good"": []}",,,1.0,"{""good"": []}",,,1.0,"{""good"": []}",,,19.39822434,"{""good"": []}",21108.0,"{""good"": []}",0.0,"{""good"": []}",NSW,"{""good"": []}",73.695,"{""good"": []}",,,15.54241402,"{""suspect"": [""1 case(s) of \""qc persistence check failed: expected variation above 0.001\""""]}",,,14.48462915,"{""good"": []}",200.4632935,"{""good"": []}",24.11595833,"{""good"": []}"
2026-09-30 15:23:00+00:00,Aberdaron Automatic Weather Station,-4.74,52.79,0.0,"{""good"": []}",997.26,"{""good"": []}",,,17.0101131,"{""good"": []}",,,,,7200.0,"{""good"": []}",8600.0,"{""good"": []}",,"{""good"": []}",2.0,"{""good"": []}",1.0,"{""good"": []}",,"{""good"": []}",3.0,"{""good"": []}",,,387.0631835,"{""good"": []}",,,1.0,"{""good"": []}",,,1.0,"{""good"": []}",,,19.43953875,"{""good"": []}",21200.5,"{""good"": []}",0.0,"{""good"": []}",NSW,"{""good"": []}",73.275,"{""good"": []}",,,15.54236404,"{""suspect"": [""1 case(s) of \""qc persistence check failed: expected variation above 0.001\""""]}",,,14.48522903,"{""good"": []}",200.3948478,"{""good"": []}",23.169,"{""good"": []}"
2026-09-30 15:24:00+00:00,Aberdaron Automatic Weather Station,-4.74,52.79,0.0,"{""good"": []}",997.265,"{""good"": []}",,,17.0560771,"{""good"": []}",,,,,7200.0,"{""good"": []}",8800.0,"{""good"": []}",,"{""good"": []}",2.0,"{""good"": []}",1.0,"{""good"": []}",,"{""good"": []}",3.0,"{""good"": []}",,,385.555351,"{""good"": []}",,,1.0,"{""good"": []}",,,1.0,"{""good"": []}",,,19.55219485,"{""good"": []}",20951.0,"{""good"": []}",0.0,"{""good"": []}",NSW,"{""good"": []}",73.98,"{""good"": []}",,,15.54231407,"{""suspect"": [""1 case(s) of \""qc persistence check failed: expected variation above 0.001\""""]}",,,14.48568394,"{""good"": []}",202.449407,"{""good"": []}",22.93475,"{""good"": []}"
2026-09-30 15:25:00+00:00,Aberdaron Automatic Weather Station,-4.74,52.79,0.0,"{""good"": []}",997.265,"{""good"": []}",,,17.0176799,"{""good"": []}",,,,,7200.0,"{""good"": []}",8700.0,"{""good"": []}",,"{""good"": []}",2.0,"{""good"": []}",1.0,"{""good"": []}",,"{""good"": []}",3.0,"{""good"": []}",,,383.0590665,"{""good"": []}",,,1.0,"{""good"": []}",,,0.0,"{""suspect"": [""1 case(s) of \""qc consistency check failed: expected radiation_sun_1_minute_mean to be above 0 if sunshine_1_minute_mean is above 0\""""]}",,,19.35373575,"{""good"": []}",21255.5,"{""good"": []}",0.0,"{""good"": []}",NSW,"{""good"": []}",73.6475,"{""good"": []}",,,15.54231407,"{""suspect"": [""1 case(s) of \""qc persistence check failed: expected variation above 0.001\""""]}",,,14.48593888,"{""good"": []}",201.4959516,"{""good"": []}",23.20720833,"{""good"": []}"
2026-09-30 15:26:00+00:00,Aberdaron Automatic Weather Station,-4.74,52.79,0.0,"{""good"": []}",997.305,"{""good"": []}",,,17.01233082,"{""good"": []}",,,,,7200.0,"{""good"": []}",8700.0,"{""good"": []}",,"{""good"": []}",2.0,"{""good"": []}",2.0,"{""good"": []}",,"{""good"": []}",4.0,"{""good"": []}",,,381.6180864,"{""good"": []}",,,1.0,"{""good"": []}",,,1.0,"{""good"": []}",,,19.21719827,"{""good"": []}",19816.5,"{""good"": []}",0.0,"{""good"": []}",NSW,"{""good"": []}",74.6525,"{""good"": []}",,,15.54196424,"{""good"": []}",,,14.4863388,"{""good"": []}",202.2855022,"{""good"": []}",22.6215,"{""good"": []}"
2026-09-30 15:27:00+00:00,Aberdaron Automatic Weather Station,-4.74,52.79,0.0,"{""good"": []}",997.32,"{""good"": []}",,,17.01248351,"{""good"": []}",,,,,7200.0,"{""good"": []}",8700.0,"{""good"": []}",,"{""good"": []}",2.0,"{""good"": []}",2.0,"{""good"": []}",,"{""good"": []}",4.0,"{""good"": []}",,,379.7480387,"{""good"": []}",,,1.0,"{""good"": []}",,,1.0,"{""good"": []}",,,19.2927214,"{""good"": []}",19927.0,"{""good"": []}",0.0,"{""good"": []}",NSW,"{""good"": []}",73.855,"{""good"": []}",,,15.54211416,"{""good"": []}",,,14.4868412,"{""good"": []}",200.631384,"{""good"": []}",21.62708333,"{""good"": []}"
2026-09-30 15:28:00+00:00,Aberdaron Automatic Weather Station,-4.74,52.79,0.0,"{""good"": []}",997.355,"{""good"": []}",,,17.11637622,"{""good"": []}",,,,,7200.0,"{""good"": []}",8700.0,"{""good"": []}",,"{""good"": []}",2.0,"{""good"": []}",2.0,"{""good"": []}",,"{""good"": []}",4.0,"{""good"": []}",,,377.3192734,"{""good"": []}",,,1.0,"{""good"": []}",,,1.0,"{""good"": []}",,,19.16620635,"{""good"": []}",20550.5,"{""good"": []}",0.0,"{""good"": []}",NSW,"{""good"": []}",74.8625,"{""good"": []}",,,15.54226409,"{""good"": []}",,,14.48744857,"{""good"": []}",200.6639152,"{""good"": []}",20.567875,"{""good"": []}"
2026-09-30 15:29:00+00:00,Aberdaron Automatic Weather Station,-4.74,52.79,0.0,"{""good"": []}",997.4,"{""good"": []}",,,17.03175971,"{""good"": []}",,,,,7200.0,"{""good"": []}",8500.0,"{""good"": []}",,"{""good"": []}",2.0,"{""good"": []}",2.0,"{""good"": []}",,"{""good"": []}",4.0,"{""good"": []}",,,373.4744052,"{""good"": []}",,,1.0,"{""good"": []}",,,0.0,"{""suspect"": [""1 case(s) of \""qc consistency check failed: expected radiation_sun_1_minute_mean to be above 0 if sunshine_1_minute_mean is above 0\""""]}",,,18.87262665,"{""good"": []}",18916.5,"{""good"": []}",0.0,"{""good"": []}",NSW,"{""good"": []}",74.5975,"{""good"": []}",,,15.54221412,"{""good"": []}",,,14.487801,"{""good"": []}",201.949078,"{""good"": []}",22.31841667,"{""good"": []}"
2026-09-30 15:30:00+00:00,Aberdaron Automatic Weather Station,-4.74,52.79,0.0,"{""good"": []}",997.39,"{""good"": []}",,,16.80666301,"{""good"": []}",,,,,7200.0,"{""good"": []}",8500.0,"{""good"": []}",,"{""good"": []}",1.0,"{""good"": []}",2.0,"{""good"": []}",,"{""good"": []}",3.0,"{""good"": []}",,,370.1450134,"{""good"": []}",,,1.0,"{""good"": []}",,,0.0,"{""suspect"": [""1 case(s) of \""qc consistency check failed: expected radiation_sun_1_minute_mean to be above 0 if sunshine_1_minute_mean is above 0\""""]}",,,18.36607156,"{""good"": []}",20670.5,"{""good"": []}",0.0,"{""good"": []}",NSW,"{""good"": []}",73.6975,"{""good"": []}",,,15.54216414,"{""good"": []}",,,14.48825591,"{""good"": []}",199.4601344,"{""good"": []}",22.779,"{""good"": []}"
2026-09-30 15:31:00+00:00,Aberdaron Automatic Weather Station,-4.74,52.79,0.0,"{""good"": []}",997.405,"{""good"": []}",,,16.80075825,"{""good"": []}",,,,,7200.0,"{""good"": []}",8500.0,"{""good"": []}",,"{""good"": []}",1.0,"{""good"": []}",2.0,"{""good"": []}",,"{""good"": []}",3.0,"{""good"": []}",,,368.6473755,"{""good"": []}",,,1.0,"{""good"": []}",,,1.0,"{""good"": []}",,,18.36456195,"{""good"": []}",20006.5,"{""good"": []}",0.0,"{""good"": []}",NSW,"{""good"": []}",74.4025,"{""good"": []}",,,15.54211416,"{""good"": []}",,,14.48860834,"{""good"": []}",201.2814295,"{""good"": []}",23.2085,"{""good"": []}"
2026-09-30 15:32:00+00:00,Aberdaron Automatic Weather Station,-4.74,52.79,0.0,"{""good"": []}",997.435,"{""good"": []}",,,16.88552996,"{""good"": []}",,,,,7200.0,"{""good"": []}",8700.0,"{""good"": []}",,"{""good"": []}",1.0,"{""good"": []}",2.0,"{""good"": []}",,"{""good"": []}",3.0,"{""good"": []}",,,367.8396355,"{""good"": []}",,,1.0,"{""good"": []}",,,1.0,"{""good"": []}",,,18.91937966,"{""good"": []}",20946.5,"{""good"": []}",0.0,"{""good"": []}",NSW,"{""good"": []}",74.37,"{""good"": []}",,,15.54216414,"{""good"": []}",,,14.48916072,"{""good"": []}",198.5755759,"{""good"": []}",21.62991667,"{""good"": []}"
2026-09-30 15:33:00+00:00,Aberdaron Automatic Weather Station,-4.74,52.79,0.0,"{""good"": []}",997.455,"{""good"": []}",,,17.06198186,"{""good"": []}",,,,,7200.0,"{""good"": []}",8700.0,"{""good"": []}",,"{""good"": []}",1.0,"{""good"": []}",2.0,"{""good"": []}",,"{""good"": []}",3.0,"{""good"": []}",,,366.8745307,"{""good"": []}",,,1.0,"{""good"": []}",,,1.0,"{""good"": []}",,,19.33459066,"{""good"": []}",21025.0,"{""good"": []}",0.0,"{""good"": []}",NSW,"{""good"": []}",75.0075,"{""good"": []}",,,15.54236405,"{""good"": []}",,,14.48951565,"{""good"": []}",196.4806392,"{""good"": []}",19.629125,"{""good"": []}"
2026-09-30 15:34:00+00:00,Aberdaron Automatic Weather Station,-4.74,52.79,0.0,"{""good"": []}",997.48,"{""good"": []}",,,17.19105552,"{""good"": []}",,,,,7200.0,"{""good"": []}",8700.0,"{""good"": []}",,"{""good"": []}",2.0,"{""good"": []}",2.0,"{""good"": []}",,"{""good"": []}",4.0,"{""good"": []}",,,365.9853589,"{""good"": []}",,,1.0,"{""good"": []}",,,1.0,"{""good"": []}",,,19.60449144,"{""good"": []}",20454.0,"{""good"": []}",0.0,"{""good"": []}",NSW,"{""good"": []}",75.5425,"{""good"": []}",,,15.54221412,"{""good"": []}",,,14.48996806,"{""good"": []}",198.7276816,"{""good"": []}",19.65679167,"{""good"": []}"
2026-09-30 15:35:00+00:00,Aberdaron Automatic Weather Station,-4.74,52.79,0.0,"{""good"": []}",997.505,"{""good"": []}",,,17.20750324,"{""good"": []}",,,,,7200.0,"{""good"": []}",8700.0,"{""good"": []}",,"{""good"": []}",2.0,"{""good"": []}",2.0,"{""good"": []}",,"{""good"": []}",4.0,"{""good"": []}",,,365.0332638,"{""good"": []}",,,1.0,"{""good"": []}",,,1.0,"{""good"": []}",,,19.75720477,"{""good"": []}",19262.5,"{""good"": []}",0.0,"{""good"": []}",NSW,"{""good"": []}",75.04,"{""good"": []}",,,15.54216414,"{""good"": []}",,,14.49036798,"{""good"": []}",199.9872583,"{""good"": []}",22.28466667,"{""good"": []}"
2026-09-30 15:36:00+00:00,Aberdaron Automatic Weather Station,-4.74,52.79,0.0,"{""good"": []}",997.495,"{""good"": []}",,,17.20912023,"{""good"": []}",,,,,7200.0,"{""good"": []}",8700.0,"{""good"": []}",,"{""good"": []}",2.0,"{""good"": []}",2.0,"{""good"": []}",,"{""good"": []}",4.0,"{""good"": []}",,,363.9661177,"{""good"": []}",,,1.0,"{""good"": []}",,,1.0,"{""good"": []}",,,19.7679895,"{""good"": []}",20841.0,"{""good"": []}",0.0,"{""good"": []}",NSW,"{""good"": []}",74.5925,"{""good"": []}",,,15.54236404,"{""good"": []}",,,14.49092786,"{""good"": []}",198.0835552,"{""good"": []}",19.03991667,"{""good"": []}"
2026-09-30 15:37:00+00:00,Aberdaron Automatic Weather Station,-4.74,52.79,0.0,"{""good"": []}",997.495,"{""good"": []}",,,17.17318856,"{""good"": []}",,,,,7200.0,"{""good"": []}",8700.0,"{""good"": []}",,"{""good"": []}",2.0,"{""good"": []}",1.0,"{""good"": []}",,"{""good"": []}",3.0,"{""good"": []}",,,362.8331547,"{""good"": []}",,,1.0,"{""good"": []}",,,1.0,"{""good"": []}",,,19.79937646,"{""good"": []}",20614.5,"{""good"": []}",0.0,"{""good"": []}",NSW,"{""good"": []}",74.4525,"{""good"": []}",,,15.54216414,"{""good"": []}",,,14.49147775,"{""good"": []}",199.4520067,"{""good"": []}",23.59691667,"{""good"": []}"
2026-09-30 15:38:00+00:00,Aberdaron Automatic Weather Station,-4.74,52.79,0.0,"{""good"": []}",997.49,"{""good"": []}",,,17.05784177,"{""good"": []}",,,,,7200.0,"{""good"": []}",8700.0,"{""good"": []}",,"{""good"": []}",2.0,"{""good"": []}",1.0,"{""good"": []}",,"{""good"": []}",3.0,"{""good"": []}",,,361.605255,"{""good"": []}",,,1.0,"{""good"": []}",,,1.0,"{""good"": []}",,,19.6292326,"{""good"": []}",21220.0,"{""good"": []}",0.0,"{""good"": []}",NSW,"{""good"": []}",72.9025,"{""good"": []}",,,15.54221412,"{""good"": []}",,,14.49188516,"{""good"": []}",197.7595699,"{""good"": []}",23.65408333,"{""good"": []}"
2026-09-30 15:39:00+00:00,Aberdaron Automatic Weather Station,-4.74,52.79,0.0,"{""good"": []}",997.5,"{""good"": []}",,,17.12561007,"{""good"": []}",,,,,7200.0,"{""good"": []}",8700.0,"{""good"": []}",,"{""good"": []}",2.0,"{""good"": []}",1.0,"{""good"": []}",,"{""good"": []}",3.0,"{""good"": []}",,,360.3175066,"{""good"": []}",,,1.0,"{""good"": []}",,,1.0,"{""good"": []}",,,19.5395481,"{""good"": []}",22957.5,"{""good"": []}",0.0,"{""good"": []}",NSW,"{""good"": []}",73.4275,"{""good"": []}",,,15.54201421,"{""good"": []}",,,14.49233757,"{""good"": []}",195.9118062,"{""good"": []}",22.05441667,"{""good"": []}"
2026-09-30 15:40:00+00:00,Aberdaron Automatic Weather Station,-4.74,52.79,0.0,"{""good"": []}",997.51,"{""good"": []}",,,17.14463096,"{""good"": []}",,,,,7200.0,"{""good"": []}",8700.0,"{""good"": []}",,"{""good"": []}",2.0,"{""good"": []}",1.0,"{""good"": []}",,"{""good"": []}",3.0,"{""good"": []}",,,357.7768016,"{""good"": []}",,,1.0,"{""good"": []}",,,0.0,"{""suspect"": [""1 case(s) of \""qc consistency check failed: expected radiation_sun_1_minute_mean to be above 0 if sunshine_1_minute_mean is above 0\""""]}",,,19.37439045,"{""good"": []}",22149.0,"{""good"": []}",0.0,"{""good"": []}",NSW,"{""good"": []}",74.2525,"{""good"": []}",,,15.54201421,"{""good"": []}",,,14.49273749,"{""good"": []}",200.8051301,"{""good"": []}",21.57866667,"{""good"": []}"
2026-09-30 15:41:00+00:00,Aberdaron Automatic Weather Station,-4.74,52.79,0.0,"{""good"": []}",997.505,"{""good"": []}",,,16.88896167,"{""good"": []}",,,,,7200.0,"{""good"": []}",,"{""good"": []}",,"{""good"": []}",2.0,"{""good"": []}",,"{""good"": []}",,"{""good"": []}",2.0,"{""good"": []}",,,355.4326257,"{""good"": []}",,,1.0,"{""good"": []}",,,0.0,"{""suspect"": [""1 case(s) of \""qc consistency check failed: expected radiation_sun_1_minute_mean to be above 0 if sunshine_1_minute_mean is above 0\""""]}",,,18.59894434,"{""good"": []}",20061.5,"{""good"": []}",0.0,"{""good"": []}",NSW,"{""good"": []}",74.215,"{""good"": []}",,,15.54216414,"{""good"": []}",,,14.49308992,"{""good"": []}",199.3878273,"{""good"": []}",19.745625,"{""good"": []}"
2026-09-30 15:42:00+00:00,Aberdaron Automatic Weather Station,-4.74,52.79,0.0,"{""good"": []}",997.52,"{""good"": []}",,,16.70998416,"{""good"": []}",,,,,7200.0,"{""good"": []}",,"{""good"": []}",,"{""good"": []}",2.0,"{""good"": []}",,"{""good"": []}",,"{""good"": []}",2.0,"{""good"": []}",,,351.7111245,"{""good"": []}",,,1.0,"{""good"": []}",,,0.0,"{""suspect"": [""1 case(s) of \""qc consistency check failed: expected radiation_sun_1_minute_mean to be above 0 if sunshine_1_minute_mean is above 0\""""]}",,,17.96617913,"{""good"": []}",19407.5,"{""good"": []}",0.0,"{""good"": []}",NSW,"{""good"": []}",74.67,"{""good"": []}",,,15.54221412,"{""good"": []}",,,14.49369729,"{""good"": []}",196.7217731,"{""good"": []}",19.89754167,"{""good"": []}"
2026-09-30 15:43:00+00:00,Aberdaron Automatic Weather Station,-4.74,52.79,0.0,"{""good"": []}",997.515,"{""good"": []}",,,16.64343235,"{""good"": []}",,,,,7200.0,"{""good"": []}",,"{""good"": []}",,"{""good"": []}",2.0,"{""good"": []}",,"{""good"": []}",,"{""good"": []}",2.0,"{""good"": []}",,,349.8219662,"{""good"": []}",,,1.0,"{""good"": []}",,,0.0,"{""suspect"": [""1 case(s) of \""qc consistency check failed: expected radiation_sun_1_minute_mean to be above 0 if sunshine_1_minute_mean is above 0\""""]}",,,17.70554597,"{""good"": []}",20721.5,"{""good"": []}",0.0,"{""good"": []}",NSW,"{""good"": []}",75.0,"{""good"": []}",,,15.54201421,"{""suspect"": [""1 case(s) of \""qc persistence check failed: expected variation above 0.001\""""]}",,,14.49404722,"{""good"": []}",196.8913432,"{""good"": []}",21.635,"{""good"": []}"
2026-09-30 15:44:00+00:00,Aberdaron Automatic Weather Station,-4.74,52.79,0.0,"{""good"": []}",997.525,"{""good"": []}",,,16.66659082,"{""good"": []}",,,,,7700.0,"{""good"": []}",8800.0,"{""good"": []}",,"{""good"": []}",2.0,"{""good"": []}",,"{""good"": []}",,"{""good"": []}",2.0,"{""good"": []}",,,348.0785012,"{""good"": []}",,,1.0,"{""good"": []}",,,0.0,"{""suspect"": [""1 case(s) of \""qc consistency check failed: expected radiation_sun_1_minute_mean to be above 0 if sunshine_1_minute_mean is above 0\""""]}",,,17.849694,"{""good"": []}",21356.0,"{""good"": []}",0.0,"{""good"": []}",NSW,"{""good"": []}",75.5275,"{""good"": []}",,,15.54211416,"{""suspect"": [""1 case(s) of \""qc persistence check failed: expected variation above 0.001\""""]}",,,14.49455712,"{""good"": []}",197.6423474,"{""good"": []}",22.05925,"{""good"": []}"
2026-09-30 15:45:00+00:00,Aberdaron Automatic Weather Station,-4.74,52.79,0.0,"{""good"": []}",997.505,"{""good"": []}",,,16.77618554,"{""good"": []}",,,,,7700.0,"{""good"": []}",8800.0,"{""good"": []}",,"{""good"": []}",2.0,"{""good"": []}",,"{""good"": []}",,"{""good"": []}",2.0,"{""good"": []}",,,346.6509762,"{""good"": []}",,,1.0,"{""good"": []}",,,1.0,"{""good"": []}",,,18.2212687,"{""good"": []}",20672.5,"{""good"": []}",0.0,"{""good"": []}",NSW,"{""good"": []}",74.8175,"{""good"": []}",,,15.54206419,"{""suspect"": [""1 case(s) of \""qc persistence check failed: expected variation above 0.001\""""]}",,,14.49495703,"{""good"": []}",193.9031839,"{""good"": []}",21.823875,"{""good"": []}"
2026-09-30 15:46:00+00:00,Aberdaron Automatic Weather Station,-4.74,52.79,0.0,"{""good"": []}",997.54,"{""good"": []}",,,17.01152233,"{""good"": []}",,,,,7600.0,"{""good"": []}",8800.0,"{""good"": []}",,"{""good"": []}",3.0,"{""good"": []}",,"{""good"": []}",,"{""good"": []}",3.0,"{""good"": []}",,,345.7704783,"{""good"": []}",,,1.0,"{""good"": []}",,,1.0,"{""good"": []}",,,18.94381839,"{""good"": []}",24147.5,"{""good"": []}",0.0,"{""good"": []}",NSW,"{""good"": []}",75.445,"{""good"": []}",,,15.54196424,"{""suspect"": [""1 case(s) of \""qc persistence check failed: expected variation above 0.001\""""]}",,,14.49525697,"{""good"": []}",196.5512198,"{""good"": []}",20.69920833,"{""good"": []}"
2026-09-30 15:47:00+00:00,Aberdaron Automatic Weather Station,-4.74,52.79,0.0,"{""good"": []}",997.535,"{""good"": []}",,,17.16643025,"{""good"": []}",,,,,7500.0,"{""good"": []}",8800.0,"{""good"": []}",,"{""good"": []}",3.0,"{""good"": []}",,"{""good"": []}",,"{""good"": []}",3.0,"{""good"": []}",,,344.6901173,"{""good"": []}",,,1.0,"{""good"": []}",,,1.0,"{""good"": []}",,,19.39736706,"{""good"": []}",24158.0,"{""good"": []}",0.0,"{""good"": []}",NSW,"{""good"": []}",75.2425,"{""good"": []}",,,15.54196424,"{""suspect"": [""1 case(s) of \""qc persistence check failed: expected variation above 0.001\""""]}",,,14.49555691,"{""good"": []}",195.1351977,"{""good"": []}",22.38195833,"{""good"": []}"
2026-09-30 15:48:00+00:00,Aberdaron Automatic Weather Station,-4.74,52.79,0.0,"{""good"": []}",997.53,"{""good"": []}",,,17.21032671,"{""good"": []}",,,,,7400.0,"{""good"": []}",8800.0,"{""good"": []}",,"{""good"": []}",3.0,"{""good"": []}",,"{""good"": []}",,"{""good"": []}",3.0,"{""good"": []}",,,343.4639549,"{""good"": []}",,,1.0,"{""good"": []}",,,1.0,"{""good"": []}",,,19.5874633,"{""good"": []}",23677.0,"{""good"": []}",0.0,"{""good"": []}",NSW,"{""good"": []}",74.165,"{""good"": []}",,,15.54201421,"{""suspect"": [""1 case(s) of \""qc persistence check failed: expected variation above 0.001\""""]}",,,14.49616679,"{""good"": []}",194.936542,"{""good"": []}",20.55270833,"{""good"": []}"
2026-09-30 15:49:00+00:00,Aberdaron Automatic Weather Station,-4.74,52.79,0.0,"{""good"": []}",997.545,"{""good"": []}",,,17.23106721,"{""good"": []}",,,,,7400.0,"{""good"": []}",8800.0,"{""good"": []}",,"{""good"": []}",3.0,"{""good"": []}",,"{""good"": []}",,"{""good"": []}",3.0,"{""good"": []}",,,341.6942298,"{""good"": []}",,,1.0,"{""good"": []}",,,1.0,"{""good"": []}",,,19.64404629,"{""good"": []}",23913.0,"{""good"": []}",0.0,"{""good"": []}",NSW,"{""good"": []}",74.225,"{""good"": []}",,,15.54196424,"{""suspect"": [""1 case(s) of \""qc persistence check failed: expected variation above 0.001\""""]}",,,14.4965667,"{""good"": []}",195.4422093,"{""good"": []}",21.2145,"{""good"": []}"
2026-09-30 15:50:00+00:00,Aberdaron Automatic Weather Station,-4.74,52.79,0.0,"{""good"": []}",997.525,"{""good"": []}",,,17.19554354,"{""good"": []}",,,,,7400.0,"{""good"": []}",8800.0,"{""good"": []}",,"{""good"": []}",4.0,"{""good"": []}",,"{""good"": []}",,"{""good"": []}",4.0,"{""good"": []}",,,340.033584,"{""good"": []}",,,1.0,"{""good"": []}",,,1.0,"{""good"": []}",,,19.56237224,"{""good"": []}",22857.5,"{""good"": []}",0.0,"{""good"": []}",NSW,"{""good"": []}",73.9875,"{""good"": []}",,,15.54216414,"{""suspect"": [""1 case(s) of \""qc persistence check failed: expected variation above 0.001\""""]}",,,14.49712159,"{""good"": []}",193.1541515,"{""good"": []}",21.32491667,"{""good"": []}"
2026-09-30 15:51:00+00:00,Aberdaron Automatic Weather Station,-4.74,52.79,0.0,"{""good"": []}",997.52,"{""good"": []}",,,17.19267001,"{""good"": []}",,,,,7400.0,"{""good"": []}",8800.0,"{""good"": []}",,"{""good"": []}",4.0,"{""good"": []}",,"{""good"": []}",,"{""good"": []}",4.0,"{""good"": []}",,,338.5457258,"{""good"": []}",,,1.0,"{""good"": []}",,,1.0,"{""good"": []}",,,19.43595966,"{""good"": []}",24137.5,"{""good"": []}",0.0,"{""good"": []}",NSW,"{""good"": []}",74.34,"{""good"": []}",,,15.54186428,"{""good"": []}",,,14.49752651,"{""good"": []}",194.9840557,"{""good"": []}",21.38704167,"{""good"": []}"
2026-09-30 15:52:00+00:00,Aberdaron Automatic Weather Station,-4.74,52.79,0.0,"{""good"": []}",997.51,"{""good"": []}",,,17.11052403,"{""good"": []}",,,,,7300.0,"{""good"": []}",8800.0,"{""good"": []}",,"{""good"": []}",4.0,"{""good"": []}",,"{""good"": []}",,"{""good"": []}",4.0,"{""good"": []}",,,335.9758064,"{""good"": []}",,,1.0,"{""good"": []}",,,1.0,"{""good"": []}",,,19.30390603,"{""good"": []}",23319.5,"{""good"": []}",0.0,"{""good"": []}",NSW,"{""good"": []}",73.515,"{""good"": []}",,,15.54201421,"{""good"": []}",,,14.49807889,"{""good"": []}",196.7749228,"{""good"": []}",19.86820833,"{""good"": []}"
2026-09-30 15:53:00+00:00,Aberdaron Automatic Weather Station,-4.74,52.79,0.0,"{""good"": []}",997.52,"{""good"": []}",,,17.07848214,"{""good"": []}",,,,,7300.0,"{""good"": []}",,"{""good"": []}",,"{""good"": []}",4.0,"{""good"": []}",,"{""good"": []}",,"{""good"": []}",4.0,"{""good"": []}",,,332.724061,"{""good"": []}",,,1.0,"{""good"": []}",,,1.0,"{""good"": []}",,,19.23644334,"{""good"": []}",23406.5,"{""good"": []}",0.0,"{""good"": []}",NSW,"{""good"": []}",73.6225,"{""good"": []}",,,15.54186428,"{""good"": []}",,,14.49843382,"{""good"": []}",193.2794901,"{""good"": []}",22.721625,"{""good"": []}"
2026-09-30 15:54:00+00:00,Aberdaron Automatic Weather Station,-4.74,52.79,0.0,"{""good"": []}",997.535,"{""good"": []}",,,16.9792802,"{""good"": []}",,,,,7300.0,"{""good"": []}",,"{""good"": []}",,"{""good"": []}",4.0,"{""good"": []}",,"{""good"": []}",,"{""good"": []}",4.0,"{""good"": []}",,,329.8002199,"{""good"": []}",,,1.0,"{""good"": []}",,,1.0,"{""good"": []}",,,19.033048,"{""good"": []}",23142.5,"{""good"": []}",0.0,"{""good"": []}",NSW,"{""good"": []}",73.215,"{""good"": []}",,,15.54186428,"{""good"": []}",,,14.49888623,"{""good"": []}",194.3925309,"{""good"": []}",20.34575,"{""good"": []}"
2026-09-30 15:55:00+00:00,Aberdaron Automatic Weather Station,-4.74,52.79,0.0,"{""good"": []}",997.525,"{""good"": []}",,,16.98266435,"{""good"": []}",,,,,7300.0,"{""good"": []}",,"{""good"": []}",,"{""good"": []}",4.0,"{""good"": []}",,"{""good"": []}",,"{""good"": []}",4.0,"{""good"": []}",,,326.9854008,"{""good"": []}",,,1.0,"{""good"": []}",,,1.0,"{""good"": []}",,,18.90673539,"{""good"": []}",23118.5,"{""good"": []}",0.0,"{""good"": []}",NSW,"{""good"": []}",73.865,"{""good"": []}",,,15.5418143,"{""good"": []}",,,14.49938862,"{""good"": []}",193.6451941,"{""good"": []}",21.21454167,"{""good"": []}"
2026-09-30 15:56:00+00:00,Aberdaron Automatic Weather Station,-4.74,52.79,0.0,"{""good"": []}",997.55,"{""good"": []}",,,16.95652222,"{""good"": []}",,,,,7300.0,"{""good"": []}",,"{""good"": []}",,"{""good"": []}",4.0,"{""good"": []}",,"{""good"": []}",,"{""good"": []}",4.0,"{""good"": []}",,,323.1893015,"{""good"": []}",,,1.0,"{""good"": []}",,,0.0,"{""suspect"": [""1 case(s) of \""qc consistency check failed: expected radiation_sun_1_minute_mean to be above 0 if sunshine_1_minute_mean is above 0\""""]}",,,18.74615908,"{""good"": []}",23718.5,"{""good"": []}",0.0,"{""good"": []}",NSW,"{""good"": []}",73.555,"{""good"": []}",,,15.54186178,"{""good"": []}",,,14.49984603,"{""good"": []}",193.2646621,"{""good"": []}",22.31529167,"{""good"": []}"
2026-09-30 15:57:00+00:00,Aberdaron Automatic Weather Station,-4.74,52.79,0.0,"{""good"": []}",997.565,"{""good"": []}",,,16.85187608,"{""good"": []}",,,,,7300.0,"{""good"": []}",,"{""good"": []}",,"{""good"": []}",4.0,"{""good"": []}",,"{""good"": []}",,"{""good"": []}",4.0,"{""good"": []}",,,318.6041118,"{""good"": []}",,,1.0,"{""good"": []}",,,0.0,"{""suspect"": [""1 case(s) of \""qc consistency check failed: expected radiation_sun_1_minute_mean to be above 0 if sunshine_1_minute_mean is above 0\""""]}",,,18.33271761,"{""good"": []}",25021.5,"{""good"": []}",0.0,"{""good"": []}",NSW,"{""good"": []}",73.265,"{""good"": []}",,,15.54191426,"{""good"": []}",,,14.50029594,"{""good"": []}",194.5665571,"{""good"": []}",23.527125,"{""good"": []}"
2026-09-30 15:58:00+00:00,Aberdaron Automatic Weather Station,-4.74,52.79,0.0,"{""good"": []}",997.56,"{""good"": []}",,,16.72991366,"{""good"": []}",,,,,7300.0,"{""good"": []}",,"{""good"": []}",,"{""good"": []}",4.0,"{""good"": []}",,"{""good"": []}",,"{""good"": []}",4.0,"{""good"": []}",,,313.2337074,"{""good"": []}",,,0.9927777778,"{""good"": []}",,,0.0,"{""suspect"": [""1 case(s) of \""qc consistency check failed: expected radiation_sun_1_minute_mean to be above 0 if sunshine_1_minute_mean is above 0\""""]}",,,17.86516003,"{""good"": []}",24168.5,"{""good"": []}",0.0,"{""good"": []}",NSW,"{""good"": []}",73.3075,"{""good"": []}",,,15.54186428,"{""good"": []}",,,14.50054589,"{""good"": []}",192.5744592,"{""good"": []}",19.72345833,"{""good"": []}"
2026-09-30 15:59:00+00:00,Aberdaron Automatic Weather Station,-4.74,52.79,0.0,"{""good"": []}",997.565,"{""good"": []}",,,16.58802675,"{""good"": []}",,,,,7200.0,"{""good"": []}",,"{""good"": []}",,"{""good"": []}",4.0,"{""good"": []}",,"{""good"": []}",,"{""good"": []}",4.0,"{""good"": []}",,,307.516131,"{""good"": []}",,,0.9761111111,"{""good"": []}",,,0.0,"{""good"": []}",,,17.29653337,"{""good"": []}",23865.5,"{""good"": []}",0.0,"{""good"": []}",NSW,"{""good"": []}",74.15,"{""good"": []}",,,15.54196423,"{""good"": []}",,,14.50110577,"{""good"": []}",192.7996784,"{""good"": []}",20.68366667,"{""good"": []}"
2026-09-30 16:00:00+00:00,Aberdaron Automatic Weather Station,-4.74,52.79,0.0,"{""good"": []}",997.64,"{""good"": []}",,,16.42973967,"{""good"": []}",,,,,7200.0,"{""good"": []}",,"{""good"": []}",,"{""good"": []}",4.0,"{""good"": []}",,"{""good"": []}",,"{""good"": []}",4.0,"{""good"": []}",,,301.7001314,"{""good"": []}",,,0.9594444444,"{""good"": []}",,,0.0,"{""good"": []}",,,16.83774354,"{""good"": []}",23123.5,"{""good"": []}",0.0,"{""good"": []}",NSW,"{""good"": []}",74.2375,"{""good"": []}",,,15.54186428,"{""good"": []}",,,14.50165566,"{""good"": []}",192.9636398,"{""good"": []}",20.44083333,"{""good"": []}"
2026-09-30 16:01:00+00:00,Aberdaron Automatic Weather Station,-4.74,52.79,0.0,"{""good"": []}",997.665,"{""good"": []}",,,16.31721635,"{""good"": []}",,,,,7200.0,"{""good"": []}",,"{""good"": []}",,"{""good"": []}",4.0,"{""good"": []}",,"{""good"": []}",,"{""good"": []}",4.0,"{""good"": []}",,,295.8396614,"{""good"": []}",,,0.9427777778,"{""good"": []}",,,0.0,"{""good"": []}",,,16.50208963,"{""good"": []}",23307.0,"{""good"": []}",0.0,"{""good"": []}",NSW,"{""good"": []}",75.0525,"{""good"": []}",,,15.54181181,"{""good"": []}",,,14.50221055,"{""good"": []}",192.9710863,"{""good"": []}",19.32925,"{""good"": []}"
2026-09-30 16:02:00+00:00,Aberdaron Automatic Weather Station,-4.74,52.79,0.0,"{""good"": []}",997.7,"{""good"": []}",,,16.21529356,"{""good"": []}",,,,,2800.0,"{""good"": []}",7200.0,"{""good"": []}",,"{""good"": []}",1.0,"{""good"": []}",4.0,"{""good"": []}",,"{""good"": []}",5.0,"{""good"": []}",,,289.8650487,"{""good"": []}",,,0.9261111111,"{""good"": []}",,,0.0,"{""good"": []}",,,16.2327887,"{""good"": []}",22325.0,"{""good"": []}",0.0,"{""good"": []}",NSW,"{""good"": []}",75.8975,"{""good"": []}",,,15.54176183,"{""good"": []}",,,14.50236551,"{""good"": []}",191.7271968,"{""good"": []}",20.26229167,"{""good"": []}"
2026-09-30 16:03:00+00:00,Aberdaron Automatic Weather Station,-4.74,52.79,0.0,"{""good"": []}",997.72,"{""good"": []}",,,16.12154081,"{""good"": []}",,,,,2800.0,"{""good"": []}",7200.0,"{""good"": []}",,"{""good"": []}",1.0,"{""good"": []}",3.0,"{""good"": []}",,"{""good"": []}",4.0,"{""good"": []}",,,283.9553857,"{""good"": []}",,,0.9094444444,"{""good"": []}",,,0.0,"{""good"": []}",,,16.01997078,"{""good"": []}",21990.0,"{""good"": []}",0.0,"{""good"": []}",NSW,"{""good"": []}",76.485,"{""good"": []}",,,15.54186428,"{""good"": []}",,,14.50276543,"{""good"": []}",189.988781,"{""good"": []}",19.67975,"{""good"": []}"
2026-09-30 16:04:00+00:00,Aberdaron Automatic Weather Station,-4.74,52.79,0.0,"{""good"": []}",997.72,"{""good"": []}",,,16.06850813,"{""good"": []}",,,,,2800.0,"{""good"": []}",7200.0,"{""good"": []}",,"{""good"": []}",1.0,"{""good"": []}",3.0,"{""good"": []}",,"{""good"": []}",4.0,"{""good"": []}",,,278.0598294,"{""good"": []}",,,0.8927777778,"{""good"": []}",,,0.0,"{""good"": []}",,,15.86247368,"{""good"": []}",21268.5,"{""good"": []}",0.0,"{""good"": []}",NSW,"{""good"": []}",77.1575,"{""good"": []}",,,15.54201421,"{""good"": []}",,,14.50327033,"{""good"": []}",191.1085335,"{""good"": []}",18.16433333,"{""good"": []}"
2026-09-30 16:05:00+00:00,Aberdaron Automatic Weather Station,-4.74,52.79,0.0,"{""good"": []}",997.72,"{""good"": []}",,,16.01133785,"{""good"": []}",,,,,2800.0,"{""good"": []}",7000.0,"{""good"": []}",,"{""good"": []}",1.0,"{""good"": []}",3.0,"{""good"": []}",,"{""good"": []}",4.0,"{""good"": []}",,,274.3282297,"{""good"": []}",,,0.8761111111,"{""good"": []}",,,0.0,"{""good"": []}",,,15.71434417,"{""good"": []}",20939.5,"{""good"": []}",0.0,"{""good"": []}",NSW,"{""good"": []}",77.6925,"{""good"": []}",,,15.5418143,"{""good"": []}",,,14.50372274,"{""good"": []}",190.7488855,"{""good"": []}",17.95929167,"{""good"": []}"
2026-09-30 16:06:00+00:00,Aberdaron Automatic Weather Station,-4.74,52.79,0.0,"{""good"": []}",997.745,"{""good"": []}",,,15.96764163,"{""good"": []}",,,,,2800.0,"{""good"": []}",7000.0,"{""good"": []}",,"{""good"": []}",1.0,"{""good"": []}",3.0,"{""good"": []}",,"{""good"": []}",4.0,"{""good"": []}",,,272.0995623,"{""good"": []}",,,0.8594444444,"{""good"": []}",,,0.0,"{""good"": []}",,,15.55251317,"{""good"": []}",20799.0,"{""good"": []}",0.0,"{""good"": []}",NSW,"{""good"": []}",78.1875,"{""good"": []}",,,15.54166187,"{""good"": []}",,,14.50412515,"{""good"": []}",190.9973495,"{""good"": []}",16.25941667,"{""good"": []}"
2026-09-30 16:07:00+00:00,Aberdaron Automatic Weather Station,-4.74,52.79,0.0,"{""good"": []}",997.745,"{""good"": []}",,,15.93403782,"{""good"": []}",,,,,2800.0,"{""good"": []}",7000.0,"{""good"": []}",,"{""good"": []}",1.0,"{""good"": []}",3.0,"{""good"": []}",,"{""good"": []}",4.0,"{""good"": []}",,,269.9586263,"{""good"": []}",,,0.8427777778,"{""good"": []}",,,0.0,"{""good"": []}",,,15.44278132,"{""good"": []}",19957.0,"{""good"": []}",0.0,"{""good"": []}",NSW,"{""good"": []}",78.5625,"{""good"": []}",,,15.54186428,"{""good"": []}",,,14.50458006,"{""good"": []}",188.5600792,"{""good"": []}",18.61975,"{""good"": []}"
2026-09-30 16:08:00+00:00,Aberdaron Automatic Weather Station,-4.74,52.79,0.0,"{""good"": []}",997.77,"{""good"": []}",,,15.92636589,"{""good"": []}",,,,,2800.0,"{""good"": []}",7000.0,"{""good"": []}",,"{""good"": []}",1.0,"{""good"": []}",3.0,"{""good"": []}",,"{""good"": []}",4.0,"{""good"": []}",,,267.3638088,"{""good"": []}",,,0.8261111111,"{""good"": []}",,,0.0,"{""good"": []}",,,15.41003222,"{""good"": []}",19988.0,"{""good"": []}",0.0,"{""good"": []}",NSW,"{""good"": []}",79.045,"{""good"": []}",,,15.54171185,"{""good"": []}",,,14.50493499,"{""good"": []}",188.4634471,"{""good"": []}",17.23095833,"{""good"": []}"
2026-09-30 16:09:00+00:00,Aberdaron Automatic Weather Station,-4.74,52.79,0.0,"{""good"": []}",997.775,"{""good"": []}",,,15.88741552,"{""good"": []}",,,,,2800.0,"{""good"": []}",7000.0,"{""good"": []}",,"{""good"": []}",1.0,"{""good"": []}",3.0,"{""good"": []}",,"{""good"": []}",4.0,"{""good"": []}",,,262.6636637,"{""good"": []}",,,0.8094444444,"{""good"": []}",,,0.0,"{""good"": []}",,,15.43829497,"{""good"": []}",20091.5,"{""good"": []}",0.0,"{""good"": []}",NSW,"{""good"": []}",79.185,"{""good"": []}",,,15.5418143,"{""suspect"": [""1 case(s) of \""qc persistence check failed: expected variation above 0.001\""""]}",,,14.50548487,"{""good"": []}",186.8645819,"{""good"": []}",19.46858333,"{""good"": []}"
2026-09-30 16:10:00+00:00,Aberdaron Automatic Weather Station,-4.74,52.79,0.0,"{""good"": []}",997.795,"{""good"": []}",,,15.89982828,"{""good"": []}",,,,,2800.0,"{""good"": []}",7000.0,"{""good"": []}",,"{""good"": []}",1.0,"{""good"": []}",3.0,"{""good"": []}",,"{""good"": []}",4.0,"{""good"": []}",,,256.3431119,"{""good"": []}",,,0.7927777778,"{""good"": []}",,,0.0,"{""good"": []}",,,15.49457553,"{""good"": []}",20478.5,"{""good"": []}",0.0,"{""good"": []}",NSW,"{""good"": []}",79.215,"{""good"": []}",,,15.54171185,"{""suspect"": [""1 case(s) of \""qc persistence check failed: expected variation above 0.001\""""]}",,,14.50608975,"{""good"": []}",187.0696285,"{""good"": []}",18.33104167,"{""good"": []}"
2026-09-30 16:11:00+00:00,Aberdaron Automatic Weather Station,-4.74,52.79,0.0,"{""good"": []}",997.805,"{""good"": []}",,,15.91920209,"{""good"": []}",,,,,2800.0,"{""good"": []}",7000.0,"{""good"": []}",,"{""good"": []}",1.0,"{""good"": []}",3.0,"{""good"": []}",,"{""good"": []}",4.0,"{""good"": []}",,,250.1748774,"{""good"": []}",,,0.7761111111,"{""good"": []}",,,0.0,"{""good"": []}",,,15.50555772,"{""good"": []}",19834.5,"{""good"": []}",0.0,"{""good"": []}",NSW,"{""good"": []}",79.475,"{""good"": []}",,,15.5418143,"{""suspect"": [""1 case(s) of \""qc persistence check failed: expected variation above 0.001\""""]}",,,14.50649467,"{""good"": []}",187.8548863,"{""good"": []}",18.93995833,"{""good"": []}"
2026-09-30 16:12:00+00:00,Aberdaron Automatic Weather Station,-4.74,52.79,0.0,"{""good"": []}",997.86,"{""good"": []}",,,15.93424058,"{""good"": []}",,,,,2800.0,"{""good"": []}",7000.0,"{""good"": []}",,"{""good"": []}",1.0,"{""good"": []}",3.0,"{""good"": []}",,"{""good"": []}",4.0,"{""good"": []}",,,244.3176271,"{""good"": []}",,,0.7594444444,"{""good"": []}",,,0.0,"{""good"": []}",,,15.49865699,"{""good"": []}",20637.0,"{""good"": []}",0.0,"{""good"": []}",NSW,"{""good"": []}",79.2925,"{""good"": []}",,,15.54171185,"{""suspect"": [""1 case(s) of \""qc persistence check failed: expected variation above 0.001\""""]}",,,14.50689458,"{""good"": []}",189.3554667,"{""good"": []}",17.26604167,"{""good"": []}"
2026-09-30 16:13:00+00:00,Aberdaron Automatic Weather Station,-4.74,52.79,0.0,"{""good"": []}",997.875,"{""good"": []}",,,15.90219869,"{""good"": []}",,,,,2800.0,"{""good"": []}",7000.0,"{""good"": []}",,"{""good"": []}",1.0,"{""good"": []}",3.0,"{""good"": []}",,"{""good"": []}",4.0,"{""good"": []}",,,238.7748324,"{""good"": []}",,,0.7427777778,"{""good"": []}",,,0.0,"{""good"": []}",,,15.47180138,"{""good"": []}",20882.5,"{""good"": []}",0.0,"{""good"": []}",NSW,"{""good"": []}",79.285,"{""good"": []}",,,15.54166437,"{""suspect"": [""1 case(s) of \""qc persistence check failed: expected variation above 0.001\""""]}",,,14.50740448,"{""good"": []}",188.6417824,"{""good"": []}",19.3225,"{""good"": []}"
2026-09-30 16:14:00+00:00,Aberdaron Automatic Weather Station,-4.74,52.79,0.0,"{""good"": []}",997.895,"{""good"": []}",,,15.91435864,"{""good"": []}",,,,,2800.0,"{""good"": []}",7000.0,"{""good"": []}",9200.0,"{""good"": []}",1.0,"{""good"": []}",3.0,"{""good"": []}",1.0,"{""good"": []}",5.0,"{""good"": []}",,,233.4172722,"{""good"": []}",,,0.7261111111,"{""good"": []}",,,0.0,"{""good"": []}",,,15.45699017,"{""good"": []}",21746.5,"{""good"": []}",0.0,"{""good"": []}",NSW,"{""good"": []}",78.885,"{""good"": []}",,,15.54186428,"{""suspect"": [""1 case(s) of \""qc persistence check failed: expected variation above 0.001\""""]}",,,14.50785439,"{""good"": []}",192.358522,"{""good"": []}",20.37845833,"{""good"": []}"
2026-09-30 16:15:00+00:00,Aberdaron Automatic Weather Station,-4.74,52.79,0.0,"{""good"": []}",997.925,"{""good"": []}",,,15.89977571,"{""good"": []}",,,,,2800.0,"{""good"": []}",7000.0,"{""good"": []}",9200.0,"{""good"": []}",1.0,"{""good"": []}",2.0,"{""good"": []}",1.0,"{""good"": []}",4.0,"{""good"": []}",,,228.2393685,"{""good"": []}",,,0.7094444444,"{""good"": []}",,,0.0,"{""good"": []}",,,15.45442083,"{""good"": []}",22025.5,"{""good"": []}",0.0,"{""good"": []}",NSW,"{""good"": []}",79.03,"{""good"": []}",,,15.54171185,"{""suspect"": [""1 case(s) of \""qc persistence check failed: expected variation above 0.001\""""]}",,,14.50825681,"{""good"": []}",191.8282904,"{""good"": []}",20.28970833,"{""good"": []}"
2026-09-30 16:16:00+00:00,Aberdaron Automatic Weather Station,-4.74,52.79,0.0,"{""good"": []}",997.945,"{""good"": []}",,,15.89175335,"{""good"": []}",,,,,2800.0,"{""good"": []}",7000.0,"{""good"": []}",9200.0,"{""good"": []}",2.0,"{""good"": []}",2.0,"{""good"": []}",2.0,"{""good"": []}",6.0,"{""good"": []}",,,223.0118531,"{""good"": []}",,,0.6927777778,"{""good"": []}",,,0.0,"{""good"": []}",,,15.44731516,"{""good"": []}",21871.0,"{""good"": []}",0.0,"{""good"": []}",NSW,"{""good"": []}",79.2475,"{""good"": []}",,,15.5418143,"{""suspect"": [""1 case(s) of \""qc persistence check failed: expected variation above 0.001\""""]}",,,14.50881419,"{""good"": []}",190.8745347,"{""good"": []}",19.28920833,"{""good"": []}"
2026-09-30 16:17:00+00:00,Aberdaron Automatic Weather Station,-4.74,52.79,0.0,"{""good"": []}",997.935,"{""good"": []}",,,15.90668921,"{""good"": []}",,,,,2700.0,"{""good"": []}",7000.0,"{""good"": []}",9200.0,"{""good"": []}",2.0,"{""good"": []}",2.0,"{""good"": []}",2.0,"{""good"": []}",6.0,"{""good"": []}",,,217.6480415,"{""good"": []}",,,0.6761111111,"{""good"": []}",,,0.0,"{""good"": []}",,,15.44509822,"{""good"": []}",21345.5,"{""good"": []}",0.0,"{""good"": []}",NSW,"{""good"": []}",79.385,"{""good"": []}",,,15.54176432,"{""suspect"": [""1 case(s) of \""qc persistence check failed: expected variation above 0.001\""""]}",,,14.50911413,"{""good"": []}",191.5745842,"{""good"": []}",20.95283333,"{""good"": []}"
2026-09-30 16:18:00+00:00,Aberdaron Automatic Weather Station,-4.74,52.79,0.0,"{""good"": []}",997.985,"{""good"": []}",,,15.92207812,"{""good"": []}",,,,,2700.0,"{""good"": []}",7000.0,"{""good"": []}",9200.0,"{""good"": []}",2.0,"{""good"": []}",2.0,"{""good"": []}",2.0,"{""good"": []}",6.0,"{""good"": []}",,,213.9976619,"{""good"": []}",,,0.6594444444,"{""good"": []}",,,0.0,"{""good"": []}",,,15.46993935,"{""good"": []}",21564.5,"{""good"": []}",0.0,"{""good"": []}",NSW,"{""good"": []}",79.5125,"{""good"": []}",,,15.54165938,"{""suspect"": [""1 case(s) of \""qc persistence check failed: expected variation above 0.001\""""]}",,,14.50946406,"{""good"": []}",191.8247456,"{""good"": []}",19.711,"{""good"": []}"
2026-09-30 16:19:00+00:00,Aberdaron Automatic Weather Station,-4.74,52.79,0.0,"{""good"": []}",997.985,"{""good"": []}",,,15.90194587,"{""good"": []}",,,,,2700.0,"{""good"": []}",7000.0,"{""good"": []}",9200.0,"{""good"": []}",2.0,"{""good"": []}",1.0,"{""good"": []}",2.0,"{""good"": []}",5.0,"{""good"": []}",,,208.6990577,"{""good"": []}",,,0.6427777778,"{""good"": []}",,,0.0,"{""good"": []}",,,15.47925946,"{""good"": []}",21322.0,"{""good"": []}",0.0,"{""good"": []}",NSW,"{""good"": []}",80.0725,"{""good"": []}",,,15.54176183,"{""suspect"": [""1 case(s) of \""qc persistence check failed: expected variation above 0.001\""""]}",,,14.51017391,"{""good"": []}",191.7444372,"{""good"": []}",18.12991667,"{""good"": []}"
2026-09-30 16:20:00+00:00,Aberdaron Automatic Weather Station,-4.74,52.79,0.0,"{""good"": []}",998.005,"{""good"": []}",,,15.91663143,"{""good"": []}",,,,,2700.0,"{""good"": []}",7000.0,"{""good"": []}",9200.0,"{""good"": []}",2.0,"{""good"": []}",1.0,"{""good"": []}",2.0,"{""good"": []}",5.0,"{""good"": []}",,,203.6818873,"{""good"": []}",,,0.6261111111,"{""good"": []}",,,0.0,"{""good"": []}",,,15.51780208,"{""good"": []}",20764.5,"{""good"": []}",0.0,"{""good"": []}",NSW,"{""good"": []}",80.575,"{""good"": []}",,,15.5418143,"{""suspect"": [""1 case(s) of \""qc persistence check failed: expected variation above 0.001\""""]}",,,14.51057383,"{""good"": []}",189.0470521,"{""good"": []}",17.511875,"{""good"": []}"
2026-09-30 16:21:00+00:00,Aberdaron Automatic Weather Station,-4.74,52.79,0.0,"{""good"": []}",998.055,"{""good"": []}",,,15.94665333,"{""good"": []}",,,,,2600.0,"{""good"": []}",9200.0,"{""good"": []}",,"{""good"": []}",2.0,"{""good"": []}",2.0,"{""good"": []}",,"{""good"": []}",4.0,"{""good"": []}",,,198.7105544,"{""good"": []}",,,0.6094444444,"{""good"": []}",,,0.0,"{""good"": []}",,,15.59085834,"{""good"": []}",20067.0,"{""good"": []}",0.0,"{""good"": []}",NSW,"{""good"": []}",81.05,"{""good"": []}",,,15.54171185,"{""suspect"": [""1 case(s) of \""qc persistence check failed: expected variation above 0.001\""""]}",,,14.51097874,"{""good"": []}",188.1548525,"{""good"": []}",17.68220833,"{""good"": []}"
2026-09-30 16:22:00+00:00,Aberdaron Automatic Weather Station,-4.74,52.79,0.0,"{""good"": []}",998.03,"{""good"": []}",,,15.96431254,"{""good"": []}",,,,,2600.0,"{""good"": []}",9200.0,"{""good"": []}",,"{""good"": []}",2.0,"{""good"": []}",2.0,"{""good"": []}",,"{""good"": []}",4.0,"{""good"": []}",,,193.3896731,"{""good"": []}",,,0.5927777778,"{""good"": []}",,,0.0,"{""good"": []}",,,15.67157264,"{""good"": []}",19560.0,"{""good"": []}",0.0,"{""good"": []}",NSW,"{""good"": []}",81.5,"{""good"": []}",,,15.54186428,"{""suspect"": [""1 case(s) of \""qc persistence check failed: expected variation above 0.001\""""]}",,,14.51138366,"{""good"": []}",188.1230446,"{""good"": []}",15.662625,"{""good"": []}"
2026-09-30 16:23:00+00:00,Aberdaron Automatic Weather Station,-4.74,52.79,0.0,"{""good"": []}",998.005,"{""good"": []}",,,15.96708845,"{""good"": []}",,,,,2600.0,"{""good"": []}",8100.0,"{""good"": []}",,"{""good"": []}",2.0,"{""good"": []}",3.0,"{""good"": []}",,"{""good"": []}",5.0,"{""good"": []}",,,187.839429,"{""good"": []}",,,0.5761111111,"{""good"": []}",,,0.0,"{""good"": []}",,,15.72049509,"{""good"": []}",19307.5,"{""good"": []}",0.0,"{""good"": []}",NSW,"{""good"": []}",81.575,"{""good"": []}",,,15.54191426,"{""suspect"": [""1 case(s) of \""qc persistence check failed: expected variation above 0.001\""""]}",,,14.51188356,"{""good"": []}",187.566621,"{""good"": []}",15.46725,"{""good"": []}"
2026-09-30 16:24:00+00:00,Aberdaron Automatic Weather Station,-4.74,52.79,0.0,"{""good"": []}",998.06,"{""good"": []}",,,15.98091295,"{""good"": []}",,,,,2600.0,"{""good"": []}",8100.0,"{""good"": []}",,"{""good"": []}",3.0,"{""good"": []}",3.0,"{""good"": []}",,"{""good"": []}",6.0,"{""good"": []}",,,182.3608666,"{""good"": []}",,,0.5594444444,"{""good"": []}",,,0.0,"{""good"": []}",,,15.78211179,"{""good"": []}",19255.0,"{""good"": []}",0.0,"{""good"": []}",NSW,"{""good"": []}",81.725,"{""good"": []}",,,15.54191426,"{""suspect"": [""1 case(s) of \""qc persistence check failed: expected variation above 0.001\""""]}",,,14.51234097,"{""good"": []}",199.3487805,"{""good"": []}",21.95591667,"{""good"": []}"
2026-09-30 16:25:00+00:00,Aberdaron Automatic Weather Station,-4.74,52.79,0.0,"{""good"": []}",998.02,"{""good"": []}",,,15.42001847,"{""good"": []}",,,,,2000.0,"{""good"": []}",2600.0,"{""good"": []}",8100.0,"{""good"": []}",1.0,"{""good"": []}",3.0,"{""good"": []}",3.0,"{""good"": []}",7.0,"{""good"": []}",,,177.8532476,"{""good"": []}",,,0.5427777778,"{""good"": []}",,,0.0,"{""good"": []}",,,15.60360507,"{""good"": []}",21009.0,"{""good"": []}",0.0,"{""good"": []}",NSW,"{""good"": []}",76.39,"{""good"": []}",,,15.54186428,"{""suspect"": [""1 case(s) of \""qc persistence check failed: expected variation above 0.001\""""]}",,,14.51274338,"{""good"": []}",201.466489,"{""good"": []}",30.96754167,"{""good"": []}"
2026-09-30 16:26:00+00:00,Aberdaron Automatic Weather Station,-4.74,52.79,0.0,"{""good"": []}",998.11,"{""good"": []}",,,14.70810584,"{""good"": []}",,,,,2000.0,"{""good"": []}",2600.0,"{""good"": []}",8100.0,"{""good"": []}",1.0,"{""good"": []}",3.0,"{""good"": []}",3.0,"{""good"": []}",7.0,"{""good"": []}",,,172.3339019,"{""good"": []}",,,0.5261111111,"{""good"": []}",,,0.0,"{""good"": []}",,,15.03709537,"{""good"": []}",29936.5,"{""good"": []}",0.0,"{""good"": []}",NSW,"{""good"": []}",72.9725,"{""good"": []}",,,15.54181181,"{""suspect"": [""1 case(s) of \""qc persistence check failed: expected variation above 0.001\""""]}",,,14.5131433,"{""good"": []}",201.1725047,"{""good"": []}",29.78520833,"{""good"": []}"
2026-09-30 16:27:00+00:00,Aberdaron Automatic Weather Station,-4.74,52.79,0.0,"{""good"": []}",998.15,"{""good"": []}",,,14.34949752,"{""good"": []}",,,,,2000.0,"{""good"": []}",2600.0,"{""good"": []}",8100.0,"{""good"": []}",1.0,"{""good"": []}",4.0,"{""good"": []}",5.0,"{""good"": []}",8.0,"{""good"": []}",,,167.2605879,"{""good"": []}",,,0.5094444444,"{""good"": []}",,,0.0,"{""good"": []}",,,14.54454919,"{""good"": []}",36747.5,"{""good"": []}",0.0,"{""good"": []}",NSW,"{""good"": []}",74.37,"{""good"": []}",,,15.54176183,"{""suspect"": [""1 case(s) of \""qc persistence check failed: expected variation above 0.001\""""]}",,,14.5136482,"{""good"": []}",202.2688608,"{""good"": []}",25.15220833,"{""good"": []}"
2026-09-30 16:28:00+00:00,Aberdaron Automatic Weather Station,-4.74,52.79,0.0,"{""good"": []}",998.16,"{""good"": []}",,,14.18384139,"{""good"": []}",,,,,2000.0,"{""good"": []}",2600.0,"{""good"": []}",8100.0,"{""good"": []}",1.0,"{""good"": []}",4.0,"{""good"": []}",5.0,"{""good"": []}",8.0,"{""good"": []}",,,162.8324004,"{""good"": []}",,,0.4927777778,"{""good"": []}",,,0.0,"{""good"": []}",,,14.2844684,"{""good"": []}",30574.0,"{""good"": []}",0.0,"{""good"": []}",NSW,"{""good"": []}",76.2925,"{""good"": []}",,,15.5418143,"{""suspect"": [""1 case(s) of \""qc persistence check failed: expected variation above 0.001\""""]}",,,14.51420309,"{""good"": []}",203.064427,"{""good"": []}",23.62591667,"{""good"": []}"
2026-09-30 16:29:00+00:00,Aberdaron Automatic Weather Station,-4.74,52.79,0.0,"{""good"": []}",998.185,"{""good"": []}",,,14.12319183,"{""good"": []}",,,,,2000.0,"{""good"": []}",2600.0,"{""good"": []}",8100.0,"{""good"": []}",1.0,"{""good"": []}",4.0,"{""good"": []}",5.0,"{""good"": []}",8.0,"{""good"": []}",,,159.9345867,"{""good"": []}",,,0.4761111111,"{""good"": []}",,,0.0,"{""good"": []}",,,14.139818,"{""good"": []}",20617.5,"{""good"": []}",0.0,"{""good"": []}",NSW,"{""good"": []}",78.585,"{""good"": []}",,,15.54186428,"{""suspect"": [""1 case(s) of \""qc persistence check failed: expected variation above 0.001\""""]}",,,14.51470798,"{""good"": []}",206.2949412,"{""good"": []}",25.93795833,"{""good"": []}"
2026-09-30 16:30:00+00:00,Aberdaron Automatic Weather Station,-4.74,52.79,0.0,"{""good"": []}",998.09,"{""good"": []}",,,14.08282721,"{""good"": []}",,,,,2000.0,"{""good"": []}",2600.0,"{""good"": []}",8100.0,"{""good"": []}",1.0,"{""good"": []}",5.0,"{""good"": []}",5.0,"{""good"": []}",8.0,"{""good"": []}",,,156.6556821,"{""good"": []}",,,0.4594444444,"{""good"": []}",,,0.0,"{""good"": []}",,,13.79051258,"{""good"": []}",11128.0,"{""good"": []}",0.0,"{""good"": []}",NSW,"{""good"": []}",80.1125,"{""good"": []}",,,15.54206419,"{""suspect"": [""1 case(s) of \""qc persistence check failed: expected variation above 0.001\""""]}",,,14.51496043,"{""good"": []}",210.1897686,"{""good"": []}",28.413125,"{""good"": []}"
2026-09-30 16:31:00+00:00,Aberdaron Automatic Weather Station,-4.74,52.79,0.0,"{""good"": []}",998.025,"{""good"": []}",,,13.82841447,"{""good"": []}",,,,,2000.0,"{""good"": []}",2600.0,"{""good"": []}",8100.0,"{""good"": []}",1.0,"{""good"": []}",5.0,"{""good"": []}",4.0,"{""good"": []}",8.0,"{""good"": []}",,,151.6443284,"{""good"": []}",,,0.4427777778,"{""good"": []}",,,0.0,"{""good"": []}",,,13.2367996,"{""good"": []}",6838.0,"{""good"": []}",0.0,"{""good"": []}",UP,"{""good"": []}",81.05,"{""good"": []}",,,15.54186178,"{""suspect"": [""1 case(s) of \""qc persistence check failed: expected variation above 0.001\""""]}",,,14.51546283,"{""good"": []}",215.5467846,"{""good"": []}",28.24245833,"{""good"": []}"
2026-09-30 16:32:00+00:00,Aberdaron Automatic Weather Station,-4.74,52.79,0.0,"{""good"": []}",997.99,"{""good"": []}",,,13.76125442,"{""good"": []}",,,,,2000.0,"{""good"": []}",2600.0,"{""good"": []}",4500.0,"{""good"": []}",1.0,"{""good"": []}",5.0,"{""good"": []}",3.0,"{""good"": []}",8.0,"{""good"": []}",,,146.0754017,"{""good"": []}",,,0.4261111111,"{""good"": []}",,,0.0,"{""good"": []}",,,13.0246815,"{""good"": []}",9634.5,"{""good"": []}",0.0,"{""good"": []}",UP,"{""good"": []}",81.85,"{""good"": []}",,,15.54166187,"{""suspect"": [""1 case(s) of \""qc persistence check failed: expected variation above 0.001\""""]}",,,14.51591523,"{""good"": []}",217.0223052,"{""good"": []}",27.98325,"{""good"": []}"
2026-09-30 16:33:00+00:00,Aberdaron Automatic Weather Station,-4.74,52.79,0.0,"{""good"": []}",997.97,"{""good"": []}",,,13.82260984,"{""good"": []}",,,,,2000.0,"{""good"": []}",2600.0,"{""good"": []}",4500.0,"{""good"": []}",1.0,"{""good"": []}",5.0,"{""good"": []}",3.0,"{""good"": []}",8.0,"{""good"": []}",,,140.7405581,"{""good"": []}",,,0.4094444444,"{""good"": []}",,,0.0,"{""good"": []}",,,13.04009755,"{""good"": []}",17537.5,"{""good"": []}",0.0,"{""good"": []}",UP,"{""good"": []}",82.4,"{""good"": []}",,,15.54206419,"{""suspect"": [""1 case(s) of \""qc persistence check failed: expected variation above 0.001\""""]}",,,14.51627266,"{""good"": []}",219.0321088,"{""good"": []}",27.51504167,"{""good"": []}"
2026-09-30 16:34:00+00:00,Aberdaron Automatic Weather Station,-4.74,52.79,0.0,"{""good"": []}",997.89,"{""good"": []}",,,13.9973997,"{""good"": []}",,,,,2000.0,"{""good"": []}",2600.0,"{""good"": []}",4500.0,"{""good"": []}",1.0,"{""good"": []}",5.0,"{""good"": []}",3.0,"{""good"": []}",8.0,"{""good"": []}",,,135.4188234,"{""good"": []}",,,0.3927777778,"{""good"": []}",,,0.0,"{""good"": []}",,,13.08529595,"{""good"": []}",21220.5,"{""good"": []}",0.0,"{""good"": []}",UP,"{""good"": []}",80.83,"{""good"": []}",,,15.5418143,"{""suspect"": [""1 case(s) of \""qc persistence check failed: expected variation above 0.001\""""]}",,,14.51687254,"{""good"": []}",224.3109176,"{""good"": []}",31.172125,"{""good"": []}"
2026-09-30 16:35:00+00:00,Aberdaron Automatic Weather Station,-4.74,52.79,0.0,"{""good"": []}",997.875,"{""good"": []}",,,14.17264012,"{""good"": []}",,,,,2000.0,"{""good"": []}",2600.0,"{""good"": []}",4500.0,"{""good"": []}",1.0,"{""good"": []}",5.0,"{""good"": []}",3.0,"{""good"": []}",8.0,"{""good"": []}",,,130.2966324,"{""good"": []}",,,0.3761111111,"{""good"": []}",,,0.0,"{""good"": []}",,,13.13099423,"{""good"": []}",29780.5,"{""good"": []}",0.0,"{""good"": []}",UP,"{""good"": []}",78.1525,"{""good"": []}",,,15.54191426,"{""suspect"": [""1 case(s) of \""qc persistence check failed: expected variation above 0.001\""""]}",,,14.51712499,"{""good"": []}",222.3133309,"{""good"": []}",32.43808333,"{""good"": []}"
2026-09-30 16:36:00+00:00,Aberdaron Automatic Weather Station,-4.74,52.79,0.0,"{""good"": []}",997.97,"{""good"": []}",,,14.24499907,"{""good"": []}",,,,,2000.0,"{""good"": []}",2600.0,"{""good"": []}",4500.0,"{""good"": []}",1.0,"{""good"": []}",5.0,"{""good"": []}",3.0,"{""good"": []}",8.0,"{""good"": []}",,,125.34926,"{""good"": []}",,,0.3594444444,"{""good"": []}",,,0.0,"{""good"": []}",,,13.22913906,"{""good"": []}",35023.0,"{""good"": []}",0.0,"{""good"": []}",UP,"{""good"": []}",77.525,"{""good"": []}",,,15.54196424,"{""suspect"": [""1 case(s) of \""qc persistence check failed: expected variation above 0.001\""""]}",,,14.51763238,"{""good"": []}",222.2894473,"{""good"": []}",30.15604167,"{""good"": []}"
2026-09-30 16:37:00+00:00,Aberdaron Automatic Weather Station,-4.74,52.79,0.0,"{""good"": []}",998.025,"{""good"": []}",,,14.28299327,"{""good"": []}",,,,,2000.0,"{""good"": []}",2600.0,"{""good"": []}",4500.0,"{""good"": []}",1.0,"{""good"": []}",5.0,"{""good"": []}",3.0,"{""good"": []}",8.0,"{""good"": []}",,,120.4985383,"{""good"": []}",,,0.3427777778,"{""good"": []}",,,0.0,"{""good"": []}",,,13.36910566,"{""good"": []}",44311.5,"{""good"": []}",0.0,"{""good"": []}",UP,"{""good"": []}",77.7925,"{""good"": []}",,,15.54186178,"{""suspect"": [""1 case(s) of \""qc persistence check failed: expected variation above 0.001\""""]}",,,14.51818227,"{""good"": []}",221.6472697,"{""good"": []}",29.48666667,"{""good"": []}"
2026-09-30 16:38:00+00:00,Aberdaron Automatic Weather Station,-4.74,52.79,0.0,"{""good"": []}",998.08,"{""good"": []}",,,14.28657517,"{""good"": []}",,,,,2000.0,"{""good"": []}",2600.0,"{""good"": []}",4500.0,"{""good"": []}",1.0,"{""good"": []}",5.0,"{""good"": []}",3.0,"{""good"": []}",8.0,"{""good"": []}",,,115.7283185,"{""good"": []}",,,0.3261111111,"{""good"": []}",,,0.0,"{""good"": []}",,,13.46457868,"{""good"": []}",43658.5,"{""good"": []}",0.0,"{""good"": []}",UP,"{""good"": []}",78.3925,"{""good"": []}",,,15.54191426,"{""suspect"": [""1 case(s) of \""qc persistence check failed: expected variation above 0.001\""""]}",,,14.51838473,"{""good"": []}",223.2075718,"{""good"": []}",27.31604167,"{""good"": []}"
2026-09-30 16:39:00+00:00,Aberdaron Automatic Weather Station,-4.74,52.79,0.0,"{""good"": []}",998.11,"{""good"": []}",,,14.35116207,"{""good"": []}",,,,,2000.0,"{""good"": []}",2600.0,"{""good"": []}",4500.0,"{""good"": []}",1.0,"{""good"": []}",5.0,"{""good"": []}",3.0,"{""good"": []}",8.0,"{""good"": []}",,,111.0212917,"{""good"": []}",,,0.3094444444,"{""good"": []}",,,0.0,"{""good"": []}",,,13.56141884,"{""good"": []}",42836.0,"{""good"": []}",0.0,"{""good"": []}",UP,"{""good"": []}",78.46,"{""good"": []}",,,15.54186428,"{""suspect"": [""1 case(s) of \""qc persistence check failed: expected variation above 0.001\""""]}",,,14.51883963,"{""good"": []}",222.7560335,"{""good"": []}",30.53008333,"{""good"": []}"
2026-09-30 16:40:00+00:00,Aberdaron Automatic Weather Station,-4.74,52.79,0.0,"{""good"": []}",998.115,"{""good"": []}",,,14.37659332,"{""good"": []}",,,,,2000.0,"{""good"": []}",2600.0,"{""good"": []}",4500.0,"{""good"": []}",1.0,"{""good"": []}",5.0,"{""good"": []}",3.0,"{""good"": []}",8.0,"{""good"": []}",,,108.308456,"{""good"": []}",,,0.2927777778,"{""good"": []}",,,0.0,"{""good"": []}",,,13.65694184,"{""good"": []}",44652.0,"{""good"": []}",0.0,"{""good"": []}",UP,"{""good"": []}",78.18,"{""good"": []}",,,15.54201421,"{""suspect"": [""1 case(s) of \""qc persistence check failed: expected variation above 0.001\""""]}",,,14.51954199,"{""good"": []}",220.481677,"{""good"": []}",29.587375,"{""good"": []}"
2026-09-30 16:41:00+00:00,Aberdaron Automatic Weather Station,-4.74,52.79,0.0,"{""good"": []}",998.1,"{""good"": []}",,,14.33738763,"{""good"": []}",,,,,2600.0,"{""good"": []}",4500.0,"{""good"": []}",,"{""good"": []}",5.0,"{""good"": []}",3.0,"{""good"": []}",,"{""good"": []}",8.0,"{""good"": []}",,,106.7159039,"{""good"": []}",,,0.2761111111,"{""good"": []}",,,0.0,"{""good"": []}",,,13.70994825,"{""good"": []}",42094.0,"{""good"": []}",0.0,"{""good"": []}",UP,"{""good"": []}",78.765,"{""good"": []}",,,15.54196424,"{""suspect"": [""1 case(s) of \""qc persistence check failed: expected variation above 0.001\""""]}",,,14.51989942,"{""good"": []}",221.2578224,"{""good"": []}",29.943875,"{""good"": []}"
2026-09-30 16:42:00+00:00,Aberdaron Automatic Weather Station,-4.74,52.79,0.0,"{""good"": []}",998.02,"{""good"": []}",,,14.37749944,"{""good"": []}",,,,,2600.0,"{""good"": []}",4500.0,"{""good"": []}",,"{""good"": []}",5.0,"{""good"": []}",3.0,"{""good"": []}",,"{""good"": []}",8.0,"{""good"": []}",,,105.3468939,"{""good"": []}",,,0.2619444444,"{""good"": []}",,,0.0,"{""good"": []}",,,13.9179299,"{""good"": []}",34049.0,"{""good"": []}",0.0,"{""good"": []}",UP,"{""good"": []}",80.0025,"{""good"": []}",,,15.54196423,"{""suspect"": [""1 case(s) of \""qc persistence check failed: expected variation above 0.001\""""]}",,,14.52030183,"{""good"": []}",217.4046338,"{""good"": []}",30.76016667,"{""good"": []}"
2026-09-30 16:43:00+00:00,Aberdaron Automatic Weather Station,-4.74,52.79,0.0,"{""good"": []}",998.02,"{""good"": []}",,,14.42659479,"{""good"": []}",,,,,2600.0,"{""good"": []}",4500.0,"{""good"": []}",,"{""good"": []}",5.0,"{""good"": []}",3.0,"{""good"": []}",,"{""good"": []}",8.0,"{""good"": []}",,,103.9406645,"{""good"": []}",,,0.2619444444,"{""good"": []}",,,0.0,"{""suspect"": [""1 case(s) of \""qc consistency check failed: expected radiation_sun_1_minute_mean to be above 0 if sunshine_1_minute_mean is above 0\""""]}",,,14.17982274,"{""good"": []}",28953.5,"{""good"": []}",0.0,"{""good"": []}",UP,"{""good"": []}",80.4,"{""good"": []}",,,15.54256645,"{""suspect"": [""1 case(s) of \""qc persistence check failed: expected variation above 0.001\""""]}",,,14.5209517,"{""good"": []}",219.5544069,"{""good"": []}",30.66491667,"{""good"": []}"
2026-09-30 16:44:00+00:00,Aberdaron Automatic Weather Station,-4.74,52.79,0.0,"{""good"": []}",997.985,"{""good"": []}",,,14.48684385,"{""good"": []}",,,,,2600.0,"{""good"": []}",4500.0,"{""good"": []}",,"{""good"": []}",4.0,"{""good"": []}",1.0,"{""good"": []}",,"{""good"": []}",5.0,"{""good"": []}",,,102.4408842,"{""good"": []}",,,0.2619444444,"{""good"": []}",,,1.0,"{""good"": []}",,,14.50368717,"{""good"": []}",27500.0,"{""good"": []}",0.0,"{""good"": []}",UP,"{""good"": []}",77.57,"{""good"": []}",,,15.54221412,"{""suspect"": [""1 case(s) of \""qc persistence check failed: expected variation above 0.001\""""]}",,,14.52131163,"{""good"": []}",220.5743361,"{""good"": []}",28.32879167,"{""good"": []}"
2026-09-30 16:45:00+00:00,Aberdaron Automatic Weather Station,-4.74,52.79,0.0,"{""good"": []}",998.085,"{""good"": []}",,,14.5613179,"{""good"": []}",,,,,2600.0,"{""good"": []}",4500.0,"{""good"": []}",,"{""good"": []}",4.0,"{""good"": []}",1.0,"{""good"": []}",,"{""good"": []}",5.0,"{""good"": []}",,,99.40484486,"{""good"": []}",,,0.2619444444,"{""good"": []}",,,1.0,"{""good"": []}",,,14.69836724,"{""good"": []}",35398.5,"{""good"": []}",0.0,"{""good"": []}",REUP,"{""good"": []}",75.7875,"{""good"": []}",,,15.54186428,"{""suspect"": [""1 case(s) of \""qc persistence check failed: expected variation above 0.001\""""]}",,,14.52171154,"{""good"": []}",218.5873315,"{""good"": []}",31.59708333,"{""good"": []}"
2026-09-30 16:46:00+00:00,Aberdaron Automatic Weather Station,-4.74,52.79,0.0,"{""good"": []}",998.12,"{""good"": []}",,,14.5841785,"{""good"": []}",,,,,2600.0,"{""good"": []}",4500.0,"{""good"": []}",7000.0,"{""good"": []}",4.0,"{""good"": []}",1.0,"{""good"": []}",3.0,"{""good"": []}",8.0,"{""good"": []}",,,95.57850603,"{""good"": []}",,,0.2619444444,"{""good"": []}",,,1.0,"{""good"": []}",,,14.76769696,"{""good"": []}",34862.0,"{""good"": []}",0.0,"{""good"": []}",REUP,"{""good"": []}",76.67,"{""good"": []}",,,15.54201421,"{""suspect"": [""1 case(s) of \""qc persistence check failed: expected variation above 0.001\""""]}",,,14.52211146,"{""good"": []}",218.9048222,"{""good"": []}",26.11654167,"{""good"": []}"
2026-09-30 16:47:00+00:00,Aberdaron Automatic Weather Station,-4.74,52.79,0.0,"{""good"": []}",998.205,"{""good"": []}",,,14.59770012,"{""good"": []}",,,,,2600.0,"{""good"": []}",7000.0,"{""good"": []}",,"{""good"": []}",4.0,"{""good"": []}",2.0,"{""good"": []}",,"{""good"": []}",6.0,"{""good"": []}",,,92.55492237,"{""good"": []}",,,0.2619444444,"{""good"": []}",,,1.0,"{""good"": []}",,,14.88664895,"{""good"": []}",29890.0,"{""good"": []}",0.0,"{""good"": []}",REUP,"{""good"": []}",77.7025,"{""good"": []}",,,15.54191426,"{""suspect"": [""1 case(s) of \""qc persistence check failed: expected variation above 0.001\""""]}",,,14.5224139,"{""good"": []}",217.9740439,"{""good"": []}",21.99204167,"{""good"": []}"
2026-09-30 16:48:00+00:00,Aberdaron Automatic Weather Station,-4.74,52.79,0.0,"{""good"": []}",998.22,"{""good"": []}",,,14.65704057,"{""good"": []}",,,,,2600.0,"{""good"": []}",7000.0,"{""good"": []}",,"{""good"": []}",4.0,"{""good"": []}",2.0,"{""good"": []}",,"{""good"": []}",6.0,"{""good"": []}",,,89.97223628,"{""good"": []}",,,0.2619444444,"{""good"": []}",,,1.0,"{""good"": []}",,,15.24225275,"{""good"": []}",22682.5,"{""good"": []}",0.0,"{""good"": []}",REUP,"{""good"": []}",78.5075,"{""good"": []}",,,15.54196424,"{""suspect"": [""1 case(s) of \""qc persistence check failed: expected variation above 0.001\""""]}",,,14.5229213,"{""good"": []}",215.297597,"{""good"": []}",26.84708333,"{""good"": []}"
2026-09-30 16:49:00+00:00,Aberdaron Automatic Weather Station,-4.74,52.79,0.0,"{""good"": []}",998.2,"{""good"": []}",,,14.84015066,"{""good"": []}",,,,,2600.0,"{""good"": []}",7000.0,"{""good"": []}",,"{""good"": []}",3.0,"{""good"": []}",3.0,"{""good"": []}",,"{""good"": []}",6.0,"{""good"": []}",,,87.48624866,"{""good"": []}",,,0.2619444444,"{""good"": []}",,,1.0,"{""good"": []}",,,15.46913206,"{""good"": []}",17921.0,"{""good"": []}",0.0,"{""good"": []}",REUP,"{""good"": []}",78.5325,"{""good"": []}",,,15.54196424,"{""suspect"": [""1 case(s) of \""qc persistence check failed: expected variation above 0.001\""""]}",,,14.52342119,"{""good"": []}",213.1623657,"{""good"": []}",26.47495833,"{""good"": []}"
2026-09-30 16:50:00+00:00,Aberdaron Automatic Weather Station,-4.74,52.79,0.0,"{""good"": []}",998.21,"{""good"": []}",,,15.02276263,"{""good"": []}",,,,,2600.0,"{""good"": []}",6200.0,"{""good"": []}",7700.0,"{""good"": []}",3.0,"{""good"": []}",2.0,"{""good"": []}",3.0,"{""good"": []}",8.0,"{""good"": []}",,,85.97973547,"{""good"": []}",,,0.2619444444,"{""good"": []}",,,1.0,"{""good"": []}",,,15.63786379,"{""good"": []}",16368.0,"{""good"": []}",0.0,"{""good"": []}",REUP,"{""good"": []}",78.7675,"{""good"": []}",,,15.54206419,"{""suspect"": [""1 case(s) of \""qc persistence check failed: expected variation above 0.001\""""]}",,,14.52372863,"{""good"": []}",213.6737383,"{""good"": []}",23.973875,"{""good"": []}"
2026-09-30 16:51:00+00:00,Aberdaron Automatic Weather Station,-4.74,52.79,0.0,"{""good"": []}",998.215,"{""good"": []}",,,15.22378725,"{""good"": []}",,,,,2600.0,"{""good"": []}",6200.0,"{""good"": []}",7700.0,"{""good"": []}",3.0,"{""good"": []}",3.0,"{""good"": []}",3.0,"{""good"": []}",8.0,"{""good"": []}",,,84.56511799,"{""good"": []}",,,0.2619444444,"{""good"": []}",,,1.0,"{""good"": []}",,,15.8674624,"{""good"": []}",12018.0,"{""good"": []}",0.0,"{""good"": []}",REUP,"{""good"": []}",79.2625,"{""good"": []}",,,15.54191426,"{""suspect"": [""1 case(s) of \""qc persistence check failed: expected variation above 0.001\""""]}",,,14.52423103,"{""good"": []}",211.885962,"{""good"": []}",24.65158333,"{""good"": []}"
2026-09-30 16:52:00+00:00,Aberdaron Automatic Weather Station,-4.74,52.79,0.0,"{""good"": []}",998.26,"{""good"": []}",,,15.36401462,"{""good"": []}",,,,,2600.0,"{""good"": []}",6200.0,"{""good"": []}",,"{""good"": []}",3.0,"{""good"": []}",3.0,"{""good"": []}",,"{""good"": []}",6.0,"{""good"": []}",,,82.73271877,"{""good"": []}",,,0.2619444444,"{""good"": []}",,,1.0,"{""good"": []}",,,15.88061153,"{""good"": []}",12337.5,"{""good"": []}",0.0,"{""good"": []}",RA,"{""good"": []}",79.76,"{""good"": []}",,,15.54221412,"{""suspect"": [""1 case(s) of \""qc persistence check failed: expected variation above 0.001\""""]}",,,14.52458096,"{""good"": []}",208.1736526,"{""good"": []}",25.12216667,"{""good"": []}"
2026-09-30 16:53:00+00:00,Aberdaron Automatic Weather Station,-4.74,52.79,0.0,"{""good"": []}",998.26,"{""good"": []}",,,15.47945903,"{""good"": []}",,,,,2600.0,"{""good"": []}",6200.0,"{""good"": []}",,"{""good"": []}",3.0,"{""good"": []}",3.0,"{""good"": []}",,"{""good"": []}",6.0,"{""good"": []}",,,80.63718888,"{""good"": []}",,,0.2619444444,"{""good"": []}",,,1.0,"{""good"": []}",,,15.84423335,"{""good"": []}",16615.5,"{""good"": []}",0.0,"{""good"": []}",RA,"{""good"": []}",79.535,"{""good"": []}",,,15.54196424,"{""suspect"": [""1 case(s) of \""qc persistence check failed: expected variation above 0.001\""""]}",,,14.52503836,"{""good"": []}",205.7298943,"{""good"": []}",24.88775,"{""good"": []}"
2026-09-30 16:54:00+00:00,Aberdaron Automatic Weather Station,-4.74,52.79,0.0,"{""good"": []}",998.3,"{""good"": []}",,,15.55035118,"{""good"": []}",,,,,2600.0,"{""good"": []}",6200.0,"{""good"": []}",,"{""good"": []}",3.0,"{""good"": []}",3.0,"{""good"": []}",,"{""good"": []}",6.0,"{""good"": []}",,,78.48815603,"{""good"": []}",,,0.2619444444,"{""good"": []}",,,1.0,"{""good"": []}",,,15.84095919,"{""good"": []}",17827.5,"{""good"": []}",0.0,"{""good"": []}",RA,"{""good"": []}",79.675,"{""good"": []}",,,15.54191426,"{""suspect"": [""1 case(s) of \""qc persistence check failed: expected variation above 0.001\""""]}",,,14.52539079,"{""good"": []}",205.2243821,"{""good"": []}",26.06908333,"{""good"": []}"
2026-09-30 16:55:00+00:00,Aberdaron Automatic Weather Station,-4.74,52.79,0.0,"{""good"": []}",998.32,"{""good"": []}",,,15.60565416,"{""good"": []}",,,,,2800.0,"{""good"": []}",6200.0,"{""good"": []}",,"{""good"": []}",3.0,"{""good"": []}",3.0,"{""good"": []}",,"{""good"": []}",6.0,"{""good"": []}",,,76.42440672,"{""good"": []}",,,0.2619444444,"{""good"": []}",,,1.0,"{""good"": []}",,,15.86801476,"{""good"": []}",18336.0,"{""good"": []}",0.0,"{""good"": []}",RA,"{""good"": []}",80.1325,"{""good"": []}",,,15.54196424,"{""suspect"": [""1 case(s) of \""qc persistence check failed: expected variation above 0.001\""""]}",,,14.52574072,"{""good"": []}",205.1081005,"{""good"": []}",22.27070833,"{""good"": []}"
2026-09-30 16:56:00+00:00,Aberdaron Automatic Weather Station,-4.74,52.79,0.0,"{""good"": []}",998.355,"{""good"": []}",,,15.65354302,"{""good"": []}",,,,,2800.0,"{""good"": []}",6200.0,"{""good"": []}",,"{""good"": []}",3.0,"{""good"": []}",3.0,"{""good"": []}",,"{""good"": []}",6.0,"{""good"": []}",,,74.95255857,"{""good"": []}",,,0.2619444444,"{""good"": []}",,,1.0,"{""good"": []}",,,15.91154359,"{""good"": []}",18227.0,"{""good"": []}",0.0,"{""good"": []}",RA,"{""good"": []}",80.25,"{""good"": []}",,,15.54191426,"{""suspect"": [""1 case(s) of \""qc persistence check failed: expected variation above 0.001\""""]}",,,14.52624562,"{""good"": []}",203.6563278,"{""good"": []}",24.52445833,"{""good"": []}"
2026-09-30 16:57:00+00:00,Aberdaron Automatic Weather Station,-4.74,52.79,0.0,"{""good"": []}",998.325,"{""good"": []}",,,15.66918225,"{""good"": []}",,,,,2800.0,"{""good"": []}",6100.0,"{""good"": []}",,"{""good"": []}",2.0,"{""good"": []}",4.0,"{""good"": []}",,"{""good"": []}",6.0,"{""good"": []}",,,74.17744093,"{""good"": []}",,,0.2619444444,"{""good"": []}",,,1.0,"{""good"": []}",,,15.96873143,"{""good"": []}",19039.5,"{""good"": []}",0.0,"{""good"": []}",RA,"{""good"": []}",79.6625,"{""good"": []}",,,15.54191426,"{""suspect"": [""1 case(s) of \""qc persistence check failed: expected variation above 0.001\""""]}",,,14.52649806,"{""good"": []}",201.993127,"{""good"": []}",27.22141667,"{""good"": []}"
2026-09-30 16:58:00+00:00,Aberdaron Automatic Weather Station,-4.74,52.79,0.0,"{""good"": []}",998.32,"{""good"": []}",,,15.70879344,"{""good"": []}",,,,,2800.0,"{""good"": []}",6100.0,"{""good"": []}",,"{""good"": []}",2.0,"{""good"": []}",4.0,"{""good"": []}",,"{""good"": []}",6.0,"{""good"": []}",,,74.16538959,"{""good"": []}",,,0.2691666667,"{""good"": []}",,,1.0,"{""good"": []}",,,16.02269258,"{""good"": []}",21909.5,"{""good"": []}",0.0,"{""good"": []}",RA,"{""good"": []}",79.1825,"{""good"": []}",,,15.54201421,"{""suspect"": [""1 case(s) of \""qc persistence check failed: expected variation above 0.001\""""]}",,,14.52690048,"{""good"": []}",200.0177963,"{""good"": []}",25.04104167,"{""good"": []}"
2026-09-30 16:59:00+00:00,Aberdaron Automatic Weather Station,-4.74,52.79,0.0,"{""good"": []}",998.35,"{""good"": []}",,,15.71368445,"{""good"": []}",,,,,2800.0,"{""good"": []}",6100.0,"{""good"": []}",,"{""good"": []}",2.0,"{""good"": []}",5.0,"{""good"": []}",,"{""good"": []}",7.0,"{""good"": []}",,,74.44597313,"{""good"": []}",,,0.2858333333,"{""good"": []}",,,1.0,"{""good"": []}",,,16.03831108,"{""good"": []}",20929.0,"{""good"": []}",0.0,"{""good"": []}",RA,"{""good"": []}",79.2325,"{""good"": []}",,,15.54196423,"{""suspect"": [""1 case(s) of \""qc persistence check failed: expected variation above 0.001\""""]}",,,14.52740538,"{""good"": []}",199.5083855,"{""good"": []}",23.91725,"{""good"": []}"
2026-09-30 17:00:00+00:00,Aberdaron Automatic Weather Station,-4.74,52.79,0.0,"{""good"": []}",998.385,"{""good"": []}",,,15.70137683,"{""good"": []}",,,,,2800.0,"{""good"": []}",6100.0,"{""good"": []}",,"{""good"": []}",2.0,"{""good"": []}",5.0,"{""good"": []}",,"{""good"": []}",7.0,"{""good"": []}",,,74.8215611,"{""good"": []}",,,0.3025,"{""good"": []}",,,1.0,"{""good"": []}",,,15.99472725,"{""good"": []}",21157.5,"{""good"": []}",0.0,"{""good"": []}",RA,"{""good"": []}",79.105,"{""good"": []}",,,15.54191426,"{""suspect"": [""1 case(s) of \""qc persistence check failed: expected variation above 0.001\""""]}",,,14.52796026,"{""good"": []}",198.4621478,"{""good"": []}",23.61304167,"{""good"": []}"
2026-09-30 17:01:00+00:00,Aberdaron Automatic Weather Station,-4.74,52.79,0.0,"{""good"": []}",998.4,"{""good"": []}",,,15.71156935,"{""good"": []}",,,,,2800.0,"{""good"": []}",6100.0,"{""good"": []}",,"{""good"": []}",1.0,"{""good"": []}",5.0,"{""good"": []}",,"{""good"": []}",6.0,"{""good"": []}",,,75.30945398,"{""good"": []}",,,0.3191666667,"{""good"": []}",,,1.0,"{""good"": []}",,,15.93482262,"{""good"": []}",20562.0,"{""good"": []}",0.0,"{""good"": []}",RA,"{""good"": []}",79.21,"{""good"": []}",,,15.54196424,"{""suspect"": [""1 case(s) of \""qc persistence check failed: expected variation above 0.001\""""]}",,,14.52831019,"{""good"": []}",198.5433481,"{""good"": []}",21.69608333,"{""good"": []}"
2026-09-30 17:02:00+00:00,Aberdaron Automatic Weather Station,-4.74,52.79,0.0,"{""good"": []}",998.425,"{""good"": []}",,,15.66923231,"{""good"": []}",,,,,2800.0,"{""good"": []}",6100.0,"{""good"": []}",,"{""good"": []}",1.0,"{""good"": []}",4.0,"{""good"": []}",,"{""good"": []}",5.0,"{""good"": []}",,,75.99076283,"{""good"": []}",,,0.3358333333,"{""good"": []}",,,1.0,"{""good"": []}",,,15.85798983,"{""good"": []}",19600.5,"{""good"": []}",0.0,"{""good"": []}",RA,"{""good"": []}",79.4,"{""good"": []}",,,15.54186428,"{""suspect"": [""1 case(s) of \""qc persistence check failed: expected variation above 0.001\""""]}",,,14.52866012,"{""good"": []}",198.5249648,"{""good"": []}",22.07483333,"{""good"": []}"
2026-09-30 17:03:00+00:00,Aberdaron Automatic Weather Station,-4.74,52.79,0.0,"{""good"": []}",998.46,"{""good"": []}",,,15.65404614,"{""good"": []}",,,,,2800.0,"{""good"": []}",6100.0,"{""good"": []}",7700.0,"{""good"": []}",1.0,"{""good"": []}",4.0,"{""good"": []}",,"{""good"": []}",5.0,"{""good"": []}",,,76.72764788,"{""good"": []}",,,0.3525,"{""good"": []}",,,1.0,"{""good"": []}",,,15.78473111,"{""good"": []}",19048.0,"{""good"": []}",0.0,"{""good"": []}",RA,"{""good"": []}",79.45,"{""good"": []}",,,15.54196424,"{""suspect"": [""1 case(s) of \""qc persistence check failed: expected variation above 0.001\""""]}",,,14.52901755,"{""good"": []}",201.3647649,"{""good"": []}",21.947375,"{""good"": []}"
2026-09-30 17:04:00+00:00,Aberdaron Automatic Weather Station,-4.74,52.79,0.0,"{""good"": []}",998.45,"{""good"": []}",,,15.63557594,"{""good"": []}",,,,,2800.0,"{""good"": []}",6100.0,"{""good"": []}",,"{""good"": []}",1.0,"{""good"": []}",4.0,"{""good"": []}",,"{""good"": []}",5.0,"{""good"": []}",,,77.52392209,"{""good"": []}",,,0.3691666667,"{""good"": []}",,,1.0,"{""good"": []}",,,15.72185224,"{""good"": []}",18767.0,"{""good"": []}",0.0,"{""good"": []}",REUP,"{""good"": []}",79.41,"{""good"": []}",,,15.54191426,"{""suspect"": [""1 case(s) of \""qc persistence check failed: expected variation above 0.001\""""]}",,,14.52941996,"{""good"": []}",199.699022,"{""good"": []}",21.5945,"{""good"": []}"
2026-09-30 17:05:00+00:00,Aberdaron Automatic Weather Station,-4.74,52.79,0.0,"{""good"": []}",998.46,"{""good"": []}",,,15.63275247,"{""good"": []}",,,,,2800.0,"{""good"": []}",6100.0,"{""good"": []}",,"{""good"": []}",1.0,"{""good"": []}",4.0,"{""good"": []}",,"{""good"": []}",5.0,"{""good"": []}",,,77.94238016,"{""good"": []}",,,0.375,"{""good"": []}",,,0.0,"{""good"": []}",,,15.62702906,"{""good"": []}",19616.5,"{""good"": []}",0.0,"{""good"": []}",REUP,"{""good"": []}",78.6175,"{""good"": []}",,,15.54196424,"{""suspect"": [""1 case(s) of \""qc persistence check failed: expected variation above 0.001\""""]}",,,14.52981988,"{""good"": []}",199.7588635,"{""good"": []}",23.215375,"{""good"": []}"
2026-09-30 17:06:00+00:00,Aberdaron Automatic Weather Station,-4.74,52.79,0.0,"{""good"": []}",998.515,"{""good"": []}",,,15.58153701,"{""good"": []}",,,,,2800.0,"{""good"": []}",6100.0,"{""good"": []}",,"{""good"": []}",1.0,"{""good"": []}",3.0,"{""good"": []}",,"{""good"": []}",4.0,"{""good"": []}",,,78.14741236,"{""good"": []}",,,0.3772222222,"{""good"": []}",,,0.0,"{""good"": []}",,,15.4019193,"{""good"": []}",21073.0,"{""good"": []}",0.0,"{""good"": []}",REUP,"{""good"": []}",78.3075,"{""good"": []}",,,15.54211416,"{""suspect"": [""1 case(s) of \""qc persistence check failed: expected variation above 0.001\""""]}",,,14.53012482,"{""good"": []}",197.4312453,"{""good"": []}",23.16429167,"{""good"": []}"
2026-09-30 17:07:00+00:00,Aberdaron Automatic Weather Station,-4.74,52.79,0.0,"{""good"": []}",998.51,"{""good"": []}",,,15.5334479,"{""good"": []}",,,,,2800.0,"{""good"": []}",6100.0,"{""good"": []}",,"{""good"": []}",1.0,"{""good"": []}",3.0,"{""good"": []}",,"{""good"": []}",4.0,"{""good"": []}",,,78.79711073,"{""good"": []}",,,0.3938888889,"{""good"": []}",,,1.0,"{""good"": []}",,,15.33400422,"{""good"": []}",21744.5,"{""good"": []}",0.0,"{""good"": []}",REUP,"{""good"": []}",77.96,"{""good"": []}",,,15.54196424,"{""suspect"": [""1 case(s) of \""qc persistence check failed: expected variation above 0.001\""""]}",,,14.53052974,"{""good"": []}",197.7910214,"{""good"": []}",21.60779167,"{""good"": []}"
2026-09-30 17:08:00+00:00,Aberdaron Automatic Weather Station,-4.74,52.79,0.0,"{""good"": []}",998.525,"{""good"": []}",,,15.54747765,"{""good"": []}",,,,,2800.0,"{""good"": []}",6100.0,"{""good"": []}",,"{""good"": []}",1.0,"{""good"": []}",3.0,"{""good"": []}",,"{""good"": []}",4.0,"{""good"": []}",,,79.08543754,"{""good"": []}",,,0.4038888889,"{""good"": []}",,,0.0,"{""suspect"": [""1 case(s) of \""qc consistency check failed: expected radiation_sun_1_minute_mean to be above 0 if sunshine_1_minute_mean is above 0\""""]}",,,15.34760573,"{""good"": []}",22086.0,"{""good"": []}",0.0,"{""good"": []}",REUP,"{""good"": []}",78.6025,"{""good"": []}",,,15.54191426,"{""suspect"": [""1 case(s) of \""qc persistence check failed: expected variation above 0.001\""""]}",,,14.53083217,"{""good"": []}",198.3469845,"{""good"": []}",21.596,"{""good"": []}"
2026-09-30 17:09:00+00:00,Aberdaron Automatic Weather Station,-4.74,52.79,0.0,"{""good"": []}",998.515,"{""good"": []}",,,15.5508593,"{""good"": []}",,,,,6100.0,"{""good"": []}",,"{""good"": []}",,"{""good"": []}",3.0,"{""good"": []}",,"{""good"": []}",,"{""good"": []}",3.0,"{""good"": []}",,,79.1292094,"{""good"": []}",,,0.4113888889,"{""good"": []}",,,0.0,"{""good"": []}",,,15.231523,"{""good"": []}",21200.0,"{""good"": []}",0.0,"{""good"": []}",REUP,"{""good"": []}",78.2175,"{""good"": []}",,,15.54186428,"{""suspect"": [""1 case(s) of \""qc persistence check failed: expected variation above 0.001\""""]}",,,14.53133707,"{""good"": []}",196.4756945,"{""good"": []}",22.23275,"{""good"": []}"
2026-09-30 17:10:00+00:00,Aberdaron Automatic Weather Station,-4.74,52.79,0.0,"{""good"": []}",998.54,"{""good"": []}",,,15.52997112,"{""good"": []}",,,,,6100.0,"{""good"": []}",,"{""good"": []}",,"{""good"": []}",3.0,"{""good"": []}",,"{""good"": []}",,"{""good"": []}",3.0,"{""good"": []}",,,79.382355,"{""good"": []}",,,0.4280555556,"{""good"": []}",,,0.0,"{""suspect"": [""1 case(s) of \""qc consistency check failed: expected radiation_sun_1_minute_mean to be above 0 if sunshine_1_minute_mean is above 0\""""]}",,,15.20552467,"{""good"": []}",21780.0,"{""good"": []}",0.0,"{""good"": []}",REUP,"{""good"": []}",79.0375,"{""good"": []}",,,15.5418143,"{""suspect"": [""1 case(s) of \""qc persistence check failed: expected variation above 0.001\""""]}",,,14.53173949,"{""good"": []}",200.9375825,"{""good"": []}",19.96141667,"{""good"": []}"
2026-09-30 17:11:00+00:00,Aberdaron Automatic Weather Station,-4.74,52.79,0.0,"{""good"": []}",998.545,"{""good"": []}",,,15.53617375,"{""good"": []}",,,,,6100.0,"{""good"": []}",,"{""good"": []}",,"{""good"": []}",3.0,"{""good"": []}",,"{""good"": []}",,"{""good"": []}",3.0,"{""good"": []}",,,79.60851243,"{""good"": []}",,,0.4447222222,"{""good"": []}",,,0.0,"{""suspect"": [""1 case(s) of \""qc consistency check failed: expected radiation_sun_1_minute_mean to be above 0 if sunshine_1_minute_mean is above 0\""""]}",,,15.2108658,"{""good"": []}",19787.0,"{""good"": []}",0.0,"{""good"": []}",REUP,"{""good"": []}",79.2075,"{""good"": []}",,,15.54176432,"{""suspect"": [""1 case(s) of \""qc persistence check failed: expected variation above 0.001\""""]}",,,14.53193945,"{""good"": []}",201.0087381,"{""good"": []}",19.45775,"{""good"": []}"
2026-09-30 17:12:00+00:00,Aberdaron Automatic Weather Station,-4.74,52.79,0.0,"{""good"": []}",998.545,"{""good"": []}",,,15.5577728,"{""good"": []}",,,,,6100.0,"{""good"": []}",,"{""good"": []}",,"{""good"": []}",3.0,"{""good"": []}",,"{""good"": []}",,"{""good"": []}",3.0,"{""good"": []}",,,79.87953503,"{""good"": []}",,,0.4613888889,"{""good"": []}",,,0.0,"{""suspect"": [""1 case(s) of \""qc consistency check failed: expected radiation_sun_1_minute_mean to be above 0 if sunshine_1_minute_mean is above 0\""""]}",,,15.1878417,"{""good"": []}",20368.0,"{""good"": []}",0.0,"{""good"": []}",REUP,"{""good"": []}",79.505,"{""good"": []}",,,15.54186428,"{""suspect"": [""1 case(s) of \""qc persistence check failed: expected variation above 0.001\""""]}",,,14.53244184,"{""good"": []}",201.1655962,"{""good"": []}",22.15770833,"{""good"": []}"
2026-09-30 17:13:00+00:00,Aberdaron Automatic Weather Station,-4.74,52.79,0.0,"{""good"": []}",998.59,"{""good"": []}",,,15.57774986,"{""good"": []}",,,,,6100.0,"{""good"": []}",,"{""good"": []}",,"{""good"": []}",2.0,"{""good"": []}",,"{""good"": []}",,"{""good"": []}",2.0,"{""good"": []}",,,80.15941234,"{""good"": []}",,,0.4758333333,"{""good"": []}",,,0.0,"{""suspect"": [""1 case(s) of \""qc consistency check failed: expected radiation_sun_1_minute_mean to be above 0 if sunshine_1_minute_mean is above 0\""""]}",,,15.17982876,"{""good"": []}",19302.5,"{""good"": []}",0.0,"{""good"": []}",REUP,"{""good"": []}",78.7125,"{""good"": []}",,,15.54186428,"{""suspect"": [""1 case(s) of \""qc persistence check failed: expected variation above 0.001\""""]}",,,14.53294674,"{""good"": []}",200.9834562,"{""good"": []}",23.32933333,"{""good"": []}"
2026-09-30 17:14:00+00:00,Aberdaron Automatic Weather Station,-4.74,52.79,0.0,"{""good"": []}",998.555,"{""good"": []}",,,15.58991231,"{""good"": []}",,,,,6100.0,"{""good"": []}",,"{""good"": []}",,"{""good"": []}",2.0,"{""good"": []}",,"{""good"": []}",,"{""good"": []}",2.0,"{""good"": []}",,,80.54534578,"{""good"": []}",,,0.4925,"{""good"": []}",,,0.0,"{""suspect"": [""1 case(s) of \""qc consistency check failed: expected radiation_sun_1_minute_mean to be above 0 if sunshine_1_minute_mean is above 0\""""]}",,,15.1426483,"{""good"": []}",22175.0,"{""good"": []}",0.0,"{""good"": []}",REUP,"{""good"": []}",77.88,"{""good"": []}",,,15.54186428,"{""suspect"": [""1 case(s) of \""qc persistence check failed: expected variation above 0.001\""""]}",,,14.53334916,"{""good"": []}",202.5879327,"{""good"": []}",24.43270833,"{""good"": []}"
2026-09-30 17:15:00+00:00,Aberdaron Automatic Weather Station,-4.74,52.79,0.0,"{""good"": []}",998.52,"{""good"": []}",,,15.62245982,"{""good"": []}",,,,,6100.0,"{""good"": []}",,"{""good"": []}",,"{""good"": []}",2.0,"{""good"": []}",,"{""good"": []}",,"{""good"": []}",2.0,"{""good"": []}",,,80.91639678,"{""good"": []}",,,0.5091666667,"{""good"": []}",,,0.0,"{""suspect"": [""1 case(s) of \""qc consistency check failed: expected radiation_sun_1_minute_mean to be above 0 if sunshine_1_minute_mean is above 0\""""]}",,,15.11488542,"{""good"": []}",23695.5,"{""good"": []}",0.0,"{""good"": []}",REUP,"{""good"": []}",77.5725,"{""good"": []}",,,15.54186428,"{""suspect"": [""1 case(s) of \""qc persistence check failed: expected variation above 0.001\""""]}",,,14.53374908,"{""good"": []}",203.7536198,"{""good"": []}",23.83829167,"{""good"": []}"
2026-09-30 17:16:00+00:00,Aberdaron Automatic Weather Station,-4.74,52.79,0.0,"{""good"": []}",998.515,"{""good"": []}",,,15.6309878,"{""good"": []}",,,,,6100.0,"{""good"": []}",,"{""good"": []}",,"{""good"": []}",2.0,"{""good"": []}",,"{""good"": []}",,"{""good"": []}",2.0,"{""good"": []}",,,81.2736206,"{""good"": []}",,,0.5258333333,"{""good"": []}",,,0.0,"{""suspect"": [""1 case(s) of \""qc consistency check failed: expected radiation_sun_1_minute_mean to be above 0 if sunshine_1_minute_mean is above 0\""""]}",,,15.12924423,"{""good"": []}",24015.5,"{""good"": []}",0.0,"{""good"": []}",REUP,"{""good"": []}",77.3025,"{""good"": []}",,,15.54176432,"{""suspect"": [""1 case(s) of \""qc persistence check failed: expected variation above 0.001\""""]}",,,14.53420898,"{""good"": []}",201.3179752,"{""good"": []}",23.907125,"{""good"": []}"
2026-09-30 17:17:00+00:00,Aberdaron Automatic Weather Station,-4.74,52.79,0.0,"{""good"": []}",998.525,"{""good"": []}",,,15.63386133,"{""good"": []}",,,,,6100.0,"{""good"": []}",,"{""good"": []}",,"{""good"": []}",2.0,"{""good"": []}",,"{""good"": []}",,"{""good"": []}",2.0,"{""good"": []}",,,81.58524431,"{""good"": []}",,,0.5425,"{""good"": []}",,,0.0,"{""suspect"": [""1 case(s) of \""qc consistency check failed: expected radiation_sun_1_minute_mean to be above 0 if sunshine_1_minute_mean is above 0\""""]}",,,15.1040532,"{""good"": []}",24348.0,"{""good"": []}",0.0,"{""good"": []}",REUP,"{""good"": []}",77.21,"{""good"": []}",,,15.54186428,"{""suspect"": [""1 case(s) of \""qc persistence check failed: expected variation above 0.001\""""]}",,,14.53450892,"{""good"": []}",203.3907503,"{""good"": []}",24.62129167,"{""good"": []}"
2026-09-30 17:18:00+00:00,Aberdaron Automatic Weather Station,-4.74,52.79,0.0,"{""good"": []}",998.525,"{""good"": []}",,,15.6261919,"{""good"": []}",,,,,6100.0,"{""good"": []}",,"{""good"": []}",,"{""good"": []}",2.0,"{""good"": []}",,"{""good"": []}",,"{""good"": []}",2.0,"{""good"": []}",,,81.86980514,"{""good"": []}",,,0.5591666667,"{""good"": []}",,,0.0,"{""suspect"": [""1 case(s) of \""qc consistency check failed: expected radiation_sun_1_minute_mean to be above 0 if sunshine_1_minute_mean is above 0\""""]}",,,15.08077666,"{""good"": []}",24373.5,"{""good"": []}",0.0,"{""good"": []}",REUP,"{""good"": []}",76.32,"{""good"": []}",,,15.54171185,"{""suspect"": [""1 case(s) of \""qc persistence check failed: expected variation above 0.001\""""]}",,,14.53496383,"{""good"": []}",203.7650366,"{""good"": []}",24.55991667,"{""good"": []}"
2026-09-30 17:19:00+00:00,Aberdaron Automatic Weather Station,-4.74,52.79,0.0,"{""good"": []}",998.53,"{""good"": []}",,,15.61438739,"{""good"": []}",,,,,6100.0,"{""good"": []}",,"{""good"": []}",,"{""good"": []}",2.0,"{""good"": []}",,"{""good"": []}",,"{""good"": []}",2.0,"{""good"": []}",,,82.09696621,"{""good"": []}",,,0.5758333333,"{""good"": []}",,,0.0,"{""suspect"": [""1 case(s) of \""qc consistency check failed: expected radiation_sun_1_minute_mean to be above 0 if sunshine_1_minute_mean is above 0\""""]}",,,15.0217768,"{""good"": []}",26255.5,"{""good"": []}",0.0,"{""good"": []}",REUP,"{""good"": []}",76.84,"{""good"": []}",,,15.54171185,"{""suspect"": [""1 case(s) of \""qc persistence check failed: expected variation above 0.001\""""]}",,,14.53526876,"{""good"": []}",203.3073218,"{""good"": []}",21.06620833,"{""good"": []}"
2026-09-30 17:20:00+00:00,Aberdaron Automatic Weather Station,-4.74,52.79,0.0,"{""good"": []}",998.585,"{""good"": []}",,,15.55963759,"{""good"": []}",,,,,6100.0,"{""good"": []}",,"{""good"": []}",,"{""good"": []}",1.0,"{""good"": []}",,"{""good"": []}",,"{""good"": []}",1.0,"{""good"": []}",,,82.24000086,"{""good"": []}",,,0.5925,"{""good"": []}",,,0.0,"{""suspect"": [""1 case(s) of \""qc consistency check failed: expected radiation_sun_1_minute_mean to be above 0 if sunshine_1_minute_mean is above 0\""""]}",,,14.93315453,"{""good"": []}",23014.0,"{""good"": []}",0.0,"{""good"": []}",REUP,"{""good"": []}",77.225,"{""good"": []}",,,15.54176432,"{""suspect"": [""1 case(s) of \""qc persistence check failed: expected variation above 0.001\""""]}",,,14.53561869,"{""good"": []}",203.481514,"{""good"": []}",22.89204167,"{""good"": []}"
2026-09-30 17:21:00+00:00,Aberdaron Automatic Weather Station,-4.74,52.79,0.0,"{""good"": []}",998.6,"{""good"": []}",,,15.54192832,"{""good"": []}",,,,,6100.0,"{""good"": []}",,"{""good"": []}",,"{""good"": []}",1.0,"{""good"": []}",,"{""good"": []}",,"{""good"": []}",1.0,"{""good"": []}",,,82.34087996,"{""good"": []}",,,0.6091666667,"{""good"": []}",,,0.0,"{""suspect"": [""1 case(s) of \""qc consistency check failed: expected radiation_sun_1_minute_mean to be above 0 if sunshine_1_minute_mean is above 0\""""]}",,,14.88417959,"{""good"": []}",24116.0,"{""good"": []}",0.0,"{""good"": []}",REUP,"{""good"": []}",76.425,"{""good"": []}",,,15.54171185,"{""suspect"": [""1 case(s) of \""qc persistence check failed: expected variation above 0.001\""""]}",,,14.53601861,"{""good"": []}",202.8810584,"{""good"": []}",22.45316667,"{""good"": []}"
2026-09-30 17:22:00+00:00,Aberdaron Automatic Weather Station,-4.74,52.79,0.0,"{""good"": []}",998.595,"{""good"": []}",,,15.52527535,"{""good"": []}",,,,,6100.0,"{""good"": []}",,"{""good"": []}",,"{""good"": []}",1.0,"{""good"": []}",,"{""good"": []}",,"{""good"": []}",1.0,"{""good"": []}",,,82.47669876,"{""good"": []}",,,0.6258333333,"{""good"": []}",,,0.0,"{""suspect"": [""1 case(s) of \""qc consistency check failed: expected radiation_sun_1_minute_mean to be above 0 if sunshine_1_minute_mean is above 0\""""]}",,,14.85430475,"{""good"": []}",25399.5,"{""good"": []}",0.0,"{""good"": []}",REUP,"{""good"": []}",76.6125,"{""good"": []}",,,15.54171185,"{""suspect"": [""1 case(s) of \""qc persistence check failed: expected variation above 0.001\""""]}",,,14.53642353,"{""good"": []}",202.806032,"{""good"": []}",23.28833333,"{""good"": []}"
2026-09-30 17:23:00+00:00,Aberdaron Automatic Weather Station,-4.74,52.79,0.0,"{""good"": []}",998.595,"{""good"": []}",,,15.53001868,"{""good"": []}",,,,,6100.0,"{""good"": []}",,"{""good"": []}",,"{""good"": []}",1.0,"{""good"": []}",,"{""good"": []}",,"{""good"": []}",1.0,"{""good"": []}",,,82.70065049,"{""good"": []}",,,0.6425,"{""good"": []}",,,0.0,"{""suspect"": [""1 case(s) of \""qc consistency check failed: expected radiation_sun_1_minute_mean to be above 0 if sunshine_1_minute_mean is above 0\""""]}",,,14.82956359,"{""good"": []}",25620.5,"{""good"": []}",0.0,"{""good"": []}",REUP,"{""good"": []}",76.1525,"{""good"": []}",,,15.54155942,"{""good"": []}",,,14.53677845,"{""good"": []}",204.1122517,"{""good"": []}",23.12183333,"{""good"": []}"
2026-09-30 17:24:00+00:00,Aberdaron Automatic Weather Station,-4.74,52.79,0.0,"{""good"": []}",998.625,"{""good"": []}",,,15.53567063,"{""good"": []}",,,,,6100.0,"{""good"": []}",,"{""good"": []}",,"{""good"": []}",1.0,"{""good"": []}",,"{""good"": []}",,"{""good"": []}",1.0,"{""good"": []}",,,82.99535922,"{""good"": []}",,,0.6591666667,"{""good"": []}",,,0.0,"{""suspect"": [""1 case(s) of \""qc consistency check failed: expected radiation_sun_1_minute_mean to be above 0 if sunshine_1_minute_mean is above 0\""""]}",,,14.79817664,"{""good"": []}",26015.0,"{""good"": []}",0.0,"{""good"": []}",REUP,"{""good"": []}",75.97,"{""good"": []}",,,15.54176432,"{""good"": []}",,,14.53697841,"{""good"": []}",205.1163118,"{""good"": []}",22.34575,"{""good"": []}"
2026-09-30 17:25:00+00:00,Aberdaron Automatic Weather Station,-4.74,52.79,0.0,"{""good"": []}",998.635,"{""good"": []}",,,15.52229669,"{""good"": []}",,,,,6100.0,"{""good"": []}",,"{""good"": []}",,"{""good"": []}",1.0,"{""good"": []}",,"{""good"": []}",,"{""good"": []}",1.0,"{""good"": []}",,,83.33520453,"{""good"": []}",,,0.6758333333,"{""good"": []}",,,0.0,"{""suspect"": [""1 case(s) of \""qc consistency check failed: expected radiation_sun_1_minute_mean to be above 0 if sunshine_1_minute_mean is above 0\""""]}",,,14.78764684,"{""good"": []}",26191.0,"{""good"": []}",0.0,"{""good"": []}",REUP,"{""good"": []}",75.9025,"{""good"": []}",,,15.54166187,"{""good"": []}",,,14.53737833,"{""good"": []}",205.0370032,"{""good"": []}",24.741625,"{""good"": []}"
2026-09-30 17:26:00+00:00,Aberdaron Automatic Weather Station,-4.74,52.79,0.0,"{""good"": []}",998.66,"{""good"": []}",,,15.53097736,"{""good"": []}",,,,,6100.0,"{""good"": []}",,"{""good"": []}",,"{""good"": []}",1.0,"{""good"": []}",,"{""good"": []}",,"{""good"": []}",1.0,"{""good"": []}",,,83.68433522,"{""good"": []}",,,0.6925,"{""good"": []}",,,0.0,"{""suspect"": [""1 case(s) of \""qc consistency check failed: expected radiation_sun_1_minute_mean to be above 0 if sunshine_1_minute_mean is above 0\""""]}",,,14.79061858,"{""good"": []}",27474.0,"{""good"": []}",0.0,"{""good"": []}",REUP,"{""good"": []}",75.245,"{""good"": []}",,,15.54150944,"{""good"": []}",,,14.53773576,"{""good"": []}",204.6683315,"{""good"": []}",23.70320833,"{""good"": []}"
2026-09-30 17:27:00+00:00,Aberdaron Automatic Weather Station,-4.74,52.79,0.0,"{""good"": []}",998.71,"{""good"": []}",,,15.52749558,"{""good"": []}",,,,,6100.0,"{""good"": []}",,"{""good"": []}",,"{""good"": []}",1.0,"{""good"": []}",,"{""good"": []}",,"{""good"": []}",1.0,"{""good"": []}",,,83.99005603,"{""good"": []}",,,0.7091666667,"{""good"": []}",,,0.0,"{""suspect"": [""1 case(s) of \""qc consistency check failed: expected radiation_sun_1_minute_mean to be above 0 if sunshine_1_minute_mean is above 0\""""]}",,,14.73353322,"{""good"": []}",27831.5,"{""good"": []}",0.0,"{""good"": []}",REUP,"{""good"": []}",76.08,"{""good"": []}",,,15.54171185,"{""good"": []}",,,14.53818816,"{""good"": []}",206.5166267,"{""good"": []}",21.64175,"{""good"": []}"
2026-09-30 17:28:00+00:00,Aberdaron Automatic Weather Station,-4.74,52.79,0.0,"{""good"": []}",998.765,"{""good"": []}",,,15.49873523,"{""good"": []}",,,,,0.0,"{""good"": []}",,"{""good"": []}",,"{""good"": []}",0.0,"{""good"": []}",,"{""good"": []}",,"{""good"": []}",0.0,"{""good"": []}",,,84.23673681,"{""good"": []}",,,0.7152777778,"{""good"": []}",,,0.0,"{""good"": []}",,,14.70647766,"{""good"": []}",25409.0,"{""good"": []}",0.0,"{""good"": []}",REUP,"{""good"": []}",76.655,"{""good"": []}",,,15.54171185,"{""good"": []}",,,14.53828814,"{""good"": []}",204.4938765,"{""good"": []}",21.39170833,"{""good"": []}"
2026-09-30 17:29:00+00:00,Aberdaron Automatic Weather Station,-4.74,52.79,0.0,"{""good"": []}",998.745,"{""good"": []}",,,15.47678575,"{""good"": []}",,,,,0.0,"{""good"": []}",,"{""good"": []}",,"{""good"": []}",0.0,"{""good"": []}",,"{""good"": []}",,"{""good"": []}",0.0,"{""good"": []}",,,84.37248916,"{""good"": []}",,,0.7152777778,"{""good"": []}",,,0.0,"{""good"": []}",,,14.67221645,"{""good"": []}",24902.5,"{""good"": []}",0.0,"{""good"": []}",REUP,"{""good"": []}",77.355,"{""good"": []}",,,15.54176183,"{""good"": []}",,,14.53894551,"{""good"": []}",207.1008565,"{""good"": []}",21.45729167,"{""good"": []}"
2026-09-30 17:30:00+00:00,Aberdaron Automatic Weather Station,-4.74,52.79,0.0,"{""good"": []}",998.76,"{""good"": []}",,,15.44651103,"{""good"": []}",,,,,0.0,"{""good"": []}",,"{""good"": []}",,"{""good"": []}",0.0,"{""good"": []}",,"{""good"": []}",,"{""good"": []}",0.0,"{""good"": []}",,,84.38235363,"{""good"": []}",,,0.7152777778,"{""good"": []}",,,0.0,"{""good"": []}",,,14.64264153,"{""good"": []}",24203.0,"{""good"": []}",0.0,"{""good"": []}",REUP,"{""good"": []}",76.605,"{""good"": []}",,,15.54171185,"{""good"": []}",,,14.53914797,"{""good"": []}",205.7518426,"{""good"": []}",21.18754167,"{""good"": []}"
2026-09-30 17:31:00+00:00,Aberdaron Automatic Weather Station,-4.74,52.79,0.0,"{""good"": []}",998.78,"{""good"": []}",,,15.46689609,"{""good"": []}",,,,,0.0,"{""good"": []}",,"{""good"": []}",,"{""good"": []}",0.0,"{""good"": []}",,"{""good"": []}",,"{""good"": []}",0.0,"{""good"": []}",,,84.29264105,"{""good"": []}",,,0.7152777778,"{""good"": []}",,,0.0,"{""good"": []}",,,14.61725055,"{""good"": []}",25574.0,"{""good"": []}",0.0,"{""good"": []}",REUP,"{""good"": []}",77.005,"{""good"": []}",,,15.54176183,"{""good"": []}",,,14.53959788,"{""good"": []}",207.5547263,"{""good"": []}",21.87241667,"{""good"": []}"
2026-09-30 17:32:00+00:00,Aberdaron Automatic Weather Station,-4.74,52.79,0.0,"{""good"": []}",998.795,"{""good"": []}",,,15.48803708,"{""good"": []}",,,,,0.0,"{""good"": []}",,"{""good"": []}",,"{""good"": []}",0.0,"{""good"": []}",,"{""good"": []}",,"{""good"": []}",0.0,"{""good"": []}",,,84.09015061,"{""good"": []}",,,0.7152777778,"{""good"": []}",,,0.0,"{""good"": []}",,,14.63699798,"{""good"": []}",24858.0,"{""good"": []}",0.0,"{""good"": []}",REUP,"{""good"": []}",77.485,"{""good"": []}",,,15.54166187,"{""good"": []}",,,14.5399478,"{""good"": []}",206.1332568,"{""good"": []}",21.907625,"{""good"": []}"
2026-09-30 17:33:00+00:00,Aberdaron Automatic Weather Station,-4.74,52.79,0.0,"{""good"": []}",998.835,"{""good"": []}",,,15.46270594,"{""good"": []}",,,,,0.0,"{""good"": []}",,"{""good"": []}",,"{""good"": []}",0.0,"{""good"": []}",,"{""good"": []}",,"{""good"": []}",0.0,"{""good"": []}",,,83.7873002,"{""good"": []}",,,0.7152777778,"{""good"": []}",,,0.0,"{""good"": []}",,,14.63750285,"{""good"": []}",25216.5,"{""good"": []}",0.0,"{""good"": []}",REUP,"{""good"": []}",77.19,"{""good"": []}",,,15.54171435,"{""good"": []}",,,14.54025274,"{""good"": []}",205.1798504,"{""good"": []}",21.72475,"{""good"": []}"
2026-09-30 17:34:00+00:00,Aberdaron Automatic Weather Station,-4.74,52.79,0.0,"{""good"": []}",998.86,"{""good"": []}",,,15.46326413,"{""good"": []}",,,,,0.0,"{""good"": []}",,"{""good"": []}",,"{""good"": []}",0.0,"{""good"": []}",,"{""good"": []}",,"{""good"": []}",0.0,"{""good"": []}",,,83.38627623,"{""good"": []}",,,0.7152777778,"{""good"": []}",,,0.0,"{""good"": []}",,,14.61765294,"{""good"": []}",25529.5,"{""good"": []}",0.0,"{""good"": []}",REUP,"{""good"": []}",77.435,"{""good"": []}",,,15.5416094,"{""good"": []}",,,14.54065766,"{""good"": []}",208.099835,"{""good"": []}",17.87404167,"{""good"": []}"
2026-09-30 17:35:00+00:00,Aberdaron Automatic Weather Station,-4.74,52.79,0.0,"{""good"": []}",998.88,"{""good"": []}",,,15.41825129,"{""good"": []}",,,,,0.0,"{""good"": []}",,"{""good"": []}",,"{""good"": []}",0.0,"{""good"": []}",,"{""good"": []}",,"{""good"": []}",0.0,"{""good"": []}",,,82.87415965,"{""good"": []}",,,0.7152777778,"{""good"": []}",,,0.0,"{""good"": []}",,,14.56656105,"{""good"": []}",24015.0,"{""good"": []}",0.0,"{""good"": []}",REUP,"{""good"": []}",78.05,"{""good"": []}",,,15.54150944,"{""good"": []}",,,14.54080763,"{""good"": []}",205.8483236,"{""good"": []}",18.31941667,"{""good"": []}"
2026-09-30 17:36:00+00:00,Aberdaron Automatic Weather Station,-4.74,52.79,0.0,"{""good"": []}",998.915,"{""good"": []}",,,15.38762364,"{""good"": []}",,,,,0.0,"{""good"": []}",,"{""good"": []}",,"{""good"": []}",0.0,"{""good"": []}",,"{""good"": []}",,"{""good"": []}",0.0,"{""good"": []}",,,82.26055944,"{""good"": []}",,,0.7152777778,"{""good"": []}",,,0.0,"{""good"": []}",,,14.50418954,"{""good"": []}",23549.5,"{""good"": []}",0.0,"{""good"": []}",REUP,"{""good"": []}",78.6625,"{""good"": []}",,,15.54150944,"{""good"": []}",,,14.54115755,"{""good"": []}",205.3692338,"{""good"": []}",20.78308333,"{""good"": []}"
2026-09-30 17:37:00+00:00,Aberdaron Automatic Weather Station,-4.74,52.79,0.0,"{""good"": []}",998.905,"{""good"": []}",,,15.38333587,"{""good"": []}",,,,,0.0,"{""good"": []}",,"{""good"": []}",,"{""good"": []}",0.0,"{""good"": []}",,"{""good"": []}",,"{""good"": []}",0.0,"{""good"": []}",,,81.59441201,"{""good"": []}",,,0.7152777778,"{""good"": []}",,,0.0,"{""good"": []}",,,14.46191788,"{""good"": []}",23081.0,"{""good"": []}",0.0,"{""good"": []}",REUP,"{""good"": []}",78.52,"{""good"": []}",,,15.54145447,"{""good"": []}",,,14.54156497,"{""good"": []}",203.9382532,"{""good"": []}",19.27891667,"{""good"": []}"
2026-09-30 17:38:00+00:00,Aberdaron Automatic Weather Station,-4.74,52.79,0.0,"{""good"": []}",998.925,"{""good"": []}",,,15.37284047,"{""good"": []}",,,,,0.0,"{""good"": []}",,"{""good"": []}",,"{""good"": []}",0.0,"{""good"": []}",,"{""good"": []}",,"{""good"": []}",0.0,"{""good"": []}",,,80.92212664,"{""good"": []}",,,0.7152777778,"{""good"": []}",,,0.0,"{""good"": []}",,,14.4287139,"{""good"": []}",23415.0,"{""good"": []}",0.0,"{""good"": []}",REUP,"{""good"": []}",79.02,"{""good"": []}",,,15.54150695,"{""good"": []}",,,14.54181742,"{""good"": []}",202.7922871,"{""good"": []}",19.29504167,"{""good"": []}"
2026-09-30 17:39:00+00:00,Aberdaron Automatic Weather Station,-4.74,52.79,0.0,"{""good"": []}",998.94,"{""good"": []}",,,15.3580598,"{""good"": []}",,,,,5400.0,"{""good"": []}",,"{""good"": []}",,"{""good"": []}",1.0,"{""good"": []}",,"{""good"": []}",,"{""good"": []}",1.0,"{""good"": []}",,,80.19850574,"{""good"": []}",,,0.7152777778,"{""good"": []}",,,0.0,"{""good"": []}",,,14.4396461,"{""good"": []}",21829.5,"{""good"": []}",0.0,"{""good"": []}",REUP,"{""good"": []}",79.0025,"{""good"": []}",,,15.54161189,"{""good"": []}",,,14.54216735,"{""good"": []}",204.4079135,"{""good"": []}",17.941,"{""good"": []}"
2026-09-30 17:40:00+00:00,Aberdaron Automatic Weather Station,-4.74,52.79,0.0,"{""good"": []}",998.945,"{""good"": []}",,,15.32147483,"{""good"": []}",,,,,5400.0,"{""good"": []}",,"{""good"": []}",,"{""good"": []}",1.0,"{""good"": []}",,"{""good"": []}",,"{""good"": []}",1.0,"{""good"": []}",,,79.3960555,"{""good"": []}",,,0.7152777778,"{""good"": []}",,,0.0,"{""good"": []}",,,14.41355029,"{""good"": []}",22976.0,"{""good"": []}",0.0,"{""good"": []}",REUP,"{""good"": []}",79.765,"{""good"": []}",,,15.5416094,"{""good"": []}",,,14.54261725,"{""good"": []}",203.4975017,"{""good"": []}",19.24116667,"{""good"": []}"
2026-09-30 17:41:00+00:00,Aberdaron Automatic Weather Station,-4.74,52.79,0.0,"{""good"": []}",998.945,"{""good"": []}",,,15.33146461,"{""good"": []}",,,,,5400.0,"{""good"": []}",,"{""good"": []}",,"{""good"": []}",1.0,"{""good"": []}",,"{""good"": []}",,"{""good"": []}",1.0,"{""good"": []}",,,78.36794904,"{""good"": []}",,,0.7152777778,"{""good"": []}",,,0.0,"{""good"": []}",,,14.44357759,"{""good"": []}",21462.5,"{""good"": []}",0.0,"{""good"": []}",REUP,"{""good"": []}",79.2825,"{""good"": []}",,,15.54140699,"{""good"": []}",,,14.54297468,"{""good"": []}",204.4324152,"{""good"": []}",18.643875,"{""good"": []}"
2026-09-30 17:42:00+00:00,Aberdaron Automatic Weather Station,-4.74,52.79,0.0,"{""good"": []}",998.955,"{""good"": []}",,,15.35200235,"{""good"": []}",,,,,5400.0,"{""good"": []}",,"{""good"": []}",,"{""good"": []}",1.0,"{""good"": []}",,"{""good"": []}",,"{""good"": []}",1.0,"{""good"": []}",,,76.89138388,"{""good"": []}",,,0.7127777778,"{""good"": []}",,,0.0,"{""good"": []}",,,14.48116545,"{""good"": []}",23044.5,"{""good"": []}",0.0,"{""good"": []}",REUP,"{""good"": []}",78.2925,"{""good"": []}",,,15.54140699,"{""good"": []}",,,14.54332711,"{""good"": []}",203.8266685,"{""good"": []}",21.53016667,"{""good"": []}"
2026-09-30 17:43:00+00:00,Aberdaron Automatic Weather Station,-4.74,52.79,0.0,"{""good"": []}",998.96,"{""good"": []}",,,15.37445245,"{""good"": []}",,,,,5400.0,"{""good"": []}",,"{""good"": []}",,"{""good"": []}",1.0,"{""good"": []}",,"{""good"": []}",,"{""good"": []}",1.0,"{""good"": []}",,,74.82256969,"{""good"": []}",,,0.6961111111,"{""good"": []}",,,0.0,"{""good"": []}",,,14.5250467,"{""good"": []}",24543.0,"{""good"": []}",0.0,"{""good"": []}",REUP,"{""good"": []}",78.0175,"{""good"": []}",,,15.54145946,"{""suspect"": [""1 case(s) of \""qc persistence check failed: expected variation above 0.001\""""]}",,,14.54357706,"{""good"": []}",203.2544244,"{""good"": []}",21.29616667,"{""good"": []}"
2026-09-30 17:44:00+00:00,Aberdaron Automatic Weather Station,-4.74,52.79,0.0,"{""good"": []}",998.995,"{""good"": []}",,,15.38399418,"{""good"": []}",,,,,5400.0,"{""good"": []}",,"{""good"": []}",,"{""good"": []}",1.0,"{""good"": []}",,"{""good"": []}",,"{""good"": []}",1.0,"{""good"": []}",,,72.21678791,"{""good"": []}",,,0.6794444444,"{""good"": []}",,,0.0,"{""good"": []}",,,14.5222749,"{""good"": []}",25188.0,"{""good"": []}",0.0,"{""good"": []}",REUP,"{""good"": []}",79.015,"{""good"": []}",,,15.54150695,"{""suspect"": [""1 case(s) of \""qc persistence check failed: expected variation above 0.001\""""]}",,,14.54367704,"{""good"": []}",211.463494,"{""good"": []}",17.523625,"{""good"": []}"
2026-09-30 17:45:00+00:00,Aberdaron Automatic Weather Station,-4.74,52.79,0.0,"{""good"": []}",999.035,"{""good"": []}",,,15.35391721,"{""good"": []}",,,,,2200.0,"{""good"": []}",,"{""good"": []}",,"{""good"": []}",1.0,"{""good"": []}",,"{""good"": []}",,"{""good"": []}",1.0,"{""good"": []}",,,69.64888111,"{""good"": []}",,,0.6627777778,"{""good"": []}",,,0.0,"{""good"": []}",,,14.51592653,"{""good"": []}",22804.5,"{""good"": []}",0.0,"{""good"": []}",REUP,"{""good"": []}",80.75,"{""good"": []}",,,15.54145697,"{""suspect"": [""1 case(s) of \""qc persistence check failed: expected variation above 0.001\""""]}",,,14.54428691,"{""good"": []}",214.8064909,"{""good"": []}",16.15791667,"{""good"": []}"
2026-09-30 17:46:00+00:00,Aberdaron Automatic Weather Station,-4.74,52.79,0.0,"{""good"": []}",999.05,"{""good"": []}",,,15.30679178,"{""good"": []}",,,,,2200.0,"{""good"": []}",,"{""good"": []}",,"{""good"": []}",1.0,"{""good"": []}",,"{""good"": []}",,"{""good"": []}",1.0,"{""good"": []}",,,67.44797685,"{""good"": []}",,,0.6461111111,"{""good"": []}",,,0.0,"{""good"": []}",,,14.55366436,"{""good"": []}",20550.0,"{""good"": []}",0.0,"{""good"": []}",REUP,"{""good"": []}",80.975,"{""good"": []}",,,15.54125456,"{""suspect"": [""1 case(s) of \""qc persistence check failed: expected variation above 0.001\""""]}",,,14.54448687,"{""good"": []}",215.0678891,"{""good"": []}",19.48758333,"{""good"": []}"
2026-09-30 17:47:00+00:00,Aberdaron Automatic Weather Station,-4.74,52.79,0.0,"{""good"": []}",999.045,"{""good"": []}",,,15.33257598,"{""good"": []}",,,,,2200.0,"{""good"": []}",,"{""good"": []}",,"{""good"": []}",1.0,"{""good"": []}",,"{""good"": []}",,"{""good"": []}",1.0,"{""good"": []}",,,64.64075149,"{""good"": []}",,,0.6294444444,"{""good"": []}",,,0.0,"{""good"": []}",,,14.62263666,"{""good"": []}",21076.5,"{""good"": []}",0.0,"{""good"": []}",REUP,"{""good"": []}",80.975,"{""good"": []}",,,15.54125456,"{""suspect"": [""1 case(s) of \""qc persistence check failed: expected variation above 0.001\""""]}",,,14.54488679,"{""good"": []}",209.5733116,"{""good"": []}",18.31283333,"{""good"": []}"
2026-09-30 17:48:00+00:00,Aberdaron Automatic Weather Station,-4.74,52.79,0.0,"{""good"": []}",999.01,"{""good"": []}",,,15.3068919,"{""good"": []}",,,,,2200.0,"{""good"": []}",,"{""good"": []}",,"{""good"": []}",1.0,"{""good"": []}",,"{""good"": []}",,"{""good"": []}",1.0,"{""good"": []}",,,61.71737084,"{""good"": []}",,,0.6127777778,"{""good"": []}",,,0.0,"{""good"": []}",,,14.64919235,"{""good"": []}",21080.0,"{""good"": []}",0.0,"{""good"": []}",REUP,"{""good"": []}",81.025,"{""good"": []}",,,15.54130703,"{""suspect"": [""1 case(s) of \""qc persistence check failed: expected variation above 0.001\""""]}",,,14.54508675,"{""good"": []}",212.7252399,"{""good"": []}",18.48425,"{""good"": []}"
2026-09-30 17:49:00+00:00,Aberdaron Automatic Weather Station,-4.74,52.79,0.0,"{""good"": []}",999.05,"{""good"": []}",,,15.30215107,"{""good"": []}",,,,,2200.0,"{""good"": []}",2700.0,"{""good"": []}",,"{""good"": []}",1.0,"{""good"": []}",1.0,"{""good"": []}",,"{""good"": []}",2.0,"{""good"": []}",,,59.05840737,"{""good"": []}",,,0.5961111111,"{""good"": []}",,,0.0,"{""good"": []}",,,14.65947222,"{""good"": []}",21818.0,"{""good"": []}",0.0,"{""good"": []}",REUP,"{""good"": []}",80.95,"{""good"": []}",,,15.54120458,"{""good"": []}",,,14.54539419,"{""good"": []}",212.7791413,"{""good"": []}",15.22670833,"{""good"": []}"
2026-09-30 17:50:00+00:00,Aberdaron Automatic Weather Station,-4.74,52.79,0.0,"{""good"": []}",999.07,"{""good"": []}",,,15.27894004,"{""good"": []}",,,,,2200.0,"{""good"": []}",2700.0,"{""good"": []}",,"{""good"": []}",1.0,"{""good"": []}",1.0,"{""good"": []}",,"{""good"": []}",2.0,"{""good"": []}",,,55.70049625,"{""good"": []}",,,0.5794444444,"{""good"": []}",,,0.0,"{""good"": []}",,,14.64405367,"{""good"": []}",21413.0,"{""good"": []}",0.0,"{""good"": []}",REUP,"{""good"": []}",81.5,"{""good"": []}",,,15.54120458,"{""good"": []}",,,14.54574661,"{""good"": []}",211.0722591,"{""good"": []}",17.87079167,"{""good"": []}"
2026-09-30 17:51:00+00:00,Aberdaron Automatic Weather Station,-4.74,52.79,0.0,"{""good"": []}",999.07,"{""good"": []}",,,15.26970369,"{""good"": []}",,,,,2200.0,"{""good"": []}",,"{""good"": []}",,"{""good"": []}",2.0,"{""good"": []}",,"{""good"": []}",,"{""good"": []}",2.0,"{""good"": []}",,,52.43242281,"{""good"": []}",,,0.5627777778,"{""good"": []}",,,0.0,"{""good"": []}",,,14.6388625,"{""good"": []}",21278.0,"{""good"": []}",0.0,"{""good"": []}",REUP,"{""good"": []}",81.7,"{""good"": []}",,,15.54125706,"{""good"": []}",,,14.54609654,"{""good"": []}",212.138647,"{""good"": []}",16.153125,"{""good"": []}"
2026-09-30 17:52:00+00:00,Aberdaron Automatic Weather Station,-4.74,52.79,0.0,"{""good"": []}",999.09,"{""good"": []}",,,15.27151842,"{""good"": []}",,,,,2200.0,"{""good"": []}",,"{""good"": []}",,"{""good"": []}",3.0,"{""good"": []}",,"{""good"": []}",,"{""good"": []}",3.0,"{""good"": []}",,,49.75294514,"{""good"": []}",,,0.5461111111,"{""good"": []}",,,0.0,"{""good"": []}",,,14.6256134,"{""good"": []}",20197.5,"{""good"": []}",0.0,"{""good"": []}",REUP,"{""good"": []}",82.0,"{""good"": []}",,,15.54110463,"{""good"": []}",,,14.54634649,"{""good"": []}",211.1678648,"{""good"": []}",17.36920833,"{""good"": []}"
2026-09-30 17:53:00+00:00,Aberdaron Automatic Weather Station,-4.74,52.79,0.0,"{""good"": []}",999.1,"{""good"": []}",,,15.2641018,"{""good"": []}",,,,,2200.0,"{""good"": []}",,"{""good"": []}",,"{""good"": []}",3.0,"{""good"": []}",,"{""good"": []}",,"{""good"": []}",3.0,"{""good"": []}",,,47.4833977,"{""good"": []}",,,0.5294444444,"{""good"": []}",,,0.0,"{""good"": []}",,,14.60742556,"{""good"": []}",20494.0,"{""good"": []}",0.0,"{""good"": []}",REUP,"{""good"": []}",82.15,"{""good"": []}",,,15.54125456,"{""good"": []}",,,14.5468039,"{""good"": []}",211.9129215,"{""good"": []}",17.41425,"{""good"": []}"
2026-09-30 17:54:00+00:00,Aberdaron Automatic Weather Station,-4.74,52.79,0.0,"{""good"": []}",999.11,"{""good"": []}",,,15.23080337,"{""good"": []}",,,,,2200.0,"{""good"": []}",,"{""good"": []}",,"{""good"": []}",4.0,"{""good"": []}",,"{""good"": []}",,"{""good"": []}",4.0,"{""good"": []}",,,45.43090115,"{""good"": []}",,,0.5127777778,"{""good"": []}",,,0.0,"{""good"": []}",,,14.57356675,"{""good"": []}",20196.0,"{""good"": []}",0.0,"{""good"": []}",REUP,"{""good"": []}",82.15,"{""good"": []}",,,15.54130454,"{""good"": []}",,,14.54700635,"{""good"": []}",211.7745076,"{""good"": []}",17.76575,"{""good"": []}"
2026-09-30 17:55:00+00:00,Aberdaron Automatic Weather Station,-4.74,52.79,0.0,"{""good"": []}",999.095,"{""good"": []}",,,15.21318922,"{""good"": []}",,,,,2200.0,"{""good"": []}",,"{""good"": []}",,"{""good"": []}",5.0,"{""good"": []}",,"{""good"": []}",,"{""good"": []}",5.0,"{""good"": []}",,,43.43922879,"{""good"": []}",,,0.4961111111,"{""good"": []}",,,1.0,"{""good"": []}",,,14.51542416,"{""good"": []}",21145.0,"{""good"": []}",0.0,"{""good"": []}",REUP,"{""good"": []}",81.825,"{""good"": []}",,,15.54125456,"{""good"": []}",,,14.54730629,"{""good"": []}",208.9913837,"{""good"": []}",17.39316667,"{""good"": []}"
2026-09-30 17:56:00+00:00,Aberdaron Automatic Weather Station,-4.74,52.79,0.0,"{""good"": []}",999.135,"{""good"": []}",,,15.20158495,"{""good"": []}",,,,,2200.0,"{""good"": []}",,"{""good"": []}",,"{""good"": []}",6.0,"{""good"": []}",,"{""good"": []}",,"{""good"": []}",6.0,"{""good"": []}",,,41.42803751,"{""good"": []}",,,0.4794444444,"{""good"": []}",,,1.0,"{""good"": []}",,,14.46766391,"{""good"": []}",21368.0,"{""good"": []}",0.0,"{""good"": []}",REUP,"{""good"": []}",82.35,"{""good"": []}",,,15.54110463,"{""good"": []}",,,14.54760623,"{""good"": []}",206.249963,"{""good"": []}",16.04391667,"{""good"": []}"
2026-09-30 17:57:00+00:00,Aberdaron Automatic Weather Station,-4.74,52.79,0.0,"{""good"": []}",999.16,"{""good"": []}",,,15.15985616,"{""good"": []}",,,,,2200.0,"{""good"": []}",,"{""good"": []}",,"{""good"": []}",6.0,"{""good"": []}",,"{""good"": []}",,"{""good"": []}",6.0,"{""good"": []}",,,39.37936074,"{""good"": []}",,,0.4627777778,"{""good"": []}",,,1.0,"{""good"": []}",,,14.39974633,"{""good"": []}",20487.5,"{""good"": []}",0.0,"{""good"": []}",REUP,"{""good"": []}",82.425,"{""good"": []}",,,15.5411546,"{""good"": []}",,,14.54791117,"{""good"": []}",206.5186981,"{""good"": []}",17.456375,"{""good"": []}"
2026-09-30 17:58:00+00:00,Aberdaron Automatic Weather Station,-4.74,52.79,0.0,"{""good"": []}",999.165,"{""good"": []}",,,15.1698985,"{""good"": []}",,,,,2200.0,"{""good"": []}",,"{""good"": []}",,"{""good"": []}",6.0,"{""good"": []}",,"{""good"": []}",,"{""good"": []}",6.0,"{""good"": []}",,,37.30763288,"{""good"": []}",,,0.4461111111,"{""good"": []}",,,1.0,"{""good"": []}",,,14.34598762,"{""good"": []}",20190.5,"{""good"": []}",0.0,"{""good"": []}",REUP,"{""good"": []}",82.15,"{""good"": []}",,,15.54105465,"{""good"": []}",,,14.54811613,"{""good"": []}",207.1767371,"{""good"": []}",17.17329167,"{""good"": []}"
2026-09-30 17:59:00+00:00,Aberdaron Automatic Weather Station,-4.74,52.79,0.0,"{""good"": []}",999.18,"{""good"": []}",,,15.15087261,"{""good"": []}",,,,,2100.0,"{""good"": []}",,"{""good"": []}",,"{""good"": []}",7.0,"{""good"": []}",,"{""good"": []}",,"{""good"": []}",7.0,"{""good"": []}",,,35.32875775,"{""good"": []}",,,0.4294444444,"{""good"": []}",,,1.0,"{""good"": []}",,,14.33862951,"{""good"": []}",20752.0,"{""good"": []}",0.0,"{""good"": []}",REUP,"{""good"": []}",82.275,"{""good"": []}",,,15.54110463,"{""good"": []}",,,14.54846606,"{""good"": []}",206.9304487,"{""good"": []}",17.441375,"{""good"": []}"
2026-09-30 18:00:00+00:00,Aberdaron Automatic Weather Station,-4.74,52.79,0.0,"{""good"": []}",999.19,"{""good"": []}",,,15.14557861,"{""good"": []}",,,,,2100.0,"{""good"": []}",,"{""good"": []}",,"{""good"": []}",7.0,"{""good"": []}",,"{""good"": []}",,"{""good"": []}",7.0,"{""good"": []}",,,33.48528031,"{""good"": []}",,,0.4127777778,"{""good"": []}",,,1.0,"{""good"": []}",,,14.32341591,"{""good"": []}",20538.5,"{""good"": []}",0.0,"{""good"": []}",REUP,"{""good"": []}",82.4,"{""good"": []}",,,15.54105465,"{""good"": []}",,,14.54866601,"{""good"": []}",207.6967666,"{""good"": []}",16.66783333,"{""good"": []}"
2026-09-30 18:01:00+00:00,Aberdaron Automatic Weather Station,-4.74,52.79,0.0,"{""good"": []}",999.19,"{""good"": []}",,,15.14017947,"{""good"": []}",,,,,2100.0,"{""good"": []}",,"{""good"": []}",,"{""good"": []}",7.0,"{""good"": []}",,"{""good"": []}",,"{""good"": []}",7.0,"{""good"": []}",,,31.75445141,"{""good"": []}",,,0.3961111111,"{""good"": []}",,,1.0,"{""good"": []}",,,14.31152396,"{""good"": []}",20884.5,"{""good"": []}",0.0,"{""good"": []}",REUP,"{""good"": []}",83.15,"{""good"": []}",,,15.54115461,"{""good"": []}",,,14.54912092,"{""good"": []}",207.5256992,"{""good"": []}",14.028125,"{""good"": []}"
2026-09-30 18:02:00+00:00,Aberdaron Automatic Weather Station,-4.74,52.79,0.0,"{""good"": []}",999.19,"{""good"": []}",,,15.06938495,"{""good"": []}",,,,,2100.0,"{""good"": []}",,"{""good"": []}",,"{""good"": []}",7.0,"{""good"": []}",,"{""good"": []}",,"{""good"": []}",7.0,"{""good"": []}",,,30.09639382,"{""good"": []}",,,0.3794444444,"{""good"": []}",,,0.0,"{""good"": []}",,,14.24834266,"{""good"": []}",19264.5,"{""good"": []}",0.0,"{""good"": []}",REUP,"{""good"": []}",83.6,"{""good"": []}",,,15.54100467,"{""good"": []}",,,14.5492209,"{""good"": []}",206.3465779,"{""good"": []}",16.99208333,"{""good"": []}"
2026-09-30 18:03:00+00:00,Aberdaron Automatic Weather Station,-4.74,52.79,0.0,"{""good"": []}",999.175,"{""good"": []}",,,15.04072471,"{""good"": []}",,,,,2100.0,"{""good"": []}",,"{""good"": []}",,"{""good"": []}",7.0,"{""good"": []}",,"{""good"": []}",,"{""good"": []}",7.0,"{""good"": []}",,,28.49268507,"{""good"": []}",,,0.3627777778,"{""good"": []}",,,0.0,"{""good"": []}",,,14.21564605,"{""good"": []}",19305.5,"{""good"": []}",0.0,"{""good"": []}",NSW,"{""good"": []}",83.225,"{""good"": []}",,,15.54100467,"{""good"": []}",,,14.54962582,"{""good"": []}",203.8795945,"{""good"": []}",15.13466667,"{""good"": []}"
2026-09-30 18:04:00+00:00,Aberdaron Automatic Weather Station,-4.74,52.79,0.0,"{""good"": []}",999.18,"{""good"": []}",,,14.99768431,"{""good"": []}",,,,,2100.0,"{""good"": []}",,"{""good"": []}",,"{""good"": []}",8.0,"{""good"": []}",,"{""good"": []}",,"{""good"": []}",8.0,"{""good"": []}",,,26.95299253,"{""good"": []}",,,0.3461111111,"{""good"": []}",,,0.0,"{""good"": []}",,,14.13019296,"{""good"": []}",20325.5,"{""good"": []}",0.0,"{""good"": []}",NSW,"{""good"": []}",83.45,"{""good"": []}",,,15.54105465,"{""good"": []}",,,14.54967581,"{""good"": []}",204.0391499,"{""good"": []}",15.78304167,"{""good"": []}"
2026-09-30 18:05:00+00:00,Aberdaron Automatic Weather Station,-4.74,52.79,0.0,"{""good"": []}",999.185,"{""good"": []}",,,15.01816949,"{""good"": []}",,,,,2100.0,"{""good"": []}",,"{""good"": []}",,"{""good"": []}",7.0,"{""good"": []}",,"{""good"": []}",,"{""good"": []}",7.0,"{""good"": []}",,,25.86156321,"{""good"": []}",,,0.3402777778,"{""good"": []}",,,0.0,"{""good"": []}",,,14.12485184,"{""good"": []}",20804.0,"{""good"": []}",0.0,"{""good"": []}",NSW,"{""good"": []}",83.475,"{""good"": []}",,,15.54105465,"{""good"": []}",,,14.55007573,"{""good"": []}",201.9142688,"{""good"": []}",15.157875,"{""good"": []}"
2026-09-30 18:06:00+00:00,Aberdaron Automatic Weather Station,-4.74,52.79,0.0,"{""good"": []}",999.21,"{""good"": []}",,,14.99521127,"{""good"": []}",,,,,2100.0,"{""good"": []}",,"{""good"": []}",,"{""good"": []}",7.0,"{""good"": []}",,"{""good"": []}",,"{""good"": []}",7.0,"{""good"": []}",,,24.98598755,"{""good"": []}",,,0.3380555556,"{""good"": []}",,,0.0,"{""good"": []}",,,14.11321732,"{""good"": []}",20031.5,"{""good"": []}",0.0,"{""good"": []}",NSW,"{""good"": []}",84.125,"{""good"": []}",,,15.5409547,"{""good"": []}",,,14.55032567,"{""good"": []}",199.649735,"{""good"": []}",14.46808333,"{""good"": []}"
2026-09-30 18:07:00+00:00,Aberdaron Automatic Weather Station,-4.74,52.79,0.0,"{""good"": []}",999.235,"{""good"": []}",,,14.95373528,"{""good"": []}",,,,,2100.0,"{""good"": []}",,"{""good"": []}",,"{""good"": []}",7.0,"{""good"": []}",,"{""good"": []}",,"{""good"": []}",7.0,"{""good"": []}",,,23.62286894,"{""good"": []}",,,0.3213888889,"{""good"": []}",,,0.0,"{""good"": []}",,,14.10923584,"{""good"": []}",18435.5,"{""good"": []}",0.0,"{""good"": []}",NSW,"{""good"": []}",83.95,"{""good"": []}",,,15.54100467,"{""suspect"": [""1 case(s) of \""qc persistence check failed: expected variation above 0.001\""""]}",,,14.5506856,"{""good"": []}",197.1690108,"{""good"": []}",15.494625,"{""good"": []}"
2026-09-30 18:08:00+00:00,Aberdaron Automatic Weather Station,-4.74,52.79,0.0,"{""good"": []}",999.245,"{""good"": []}",,,14.99823999,"{""good"": []}",,,,,1900.0,"{""good"": []}",,"{""good"": []}",,"{""good"": []}",7.0,"{""good"": []}",,"{""good"": []}",,"{""good"": []}",7.0,"{""good"": []}",,,22.54026587,"{""good"": []}",,,0.3113888889,"{""good"": []}",,,0.0,"{""good"": []}",,,14.10364228,"{""good"": []}",19084.0,"{""good"": []}",0.0,"{""good"": []}",NSW,"{""good"": []}",83.8,"{""good"": []}",,,15.54105465,"{""suspect"": [""1 case(s) of \""qc persistence check failed: expected variation above 0.001\""""]}",,,14.55103553,"{""good"": []}",200.4706762,"{""good"": []}",16.22504167,"{""good"": []}"
2026-09-30 18:09:00+00:00,Aberdaron Automatic Weather Station,-4.74,52.79,0.0,"{""good"": []}",999.26,"{""good"": []}",,,15.03270235,"{""good"": []}",,,,,1900.0,"{""good"": []}",,"{""good"": []}",,"{""good"": []}",7.0,"{""good"": []}",,"{""good"": []}",,"{""good"": []}",7.0,"{""good"": []}",,,21.61423087,"{""good"": []}",,,0.3038888889,"{""good"": []}",,,0.0,"{""good"": []}",,,14.14652128,"{""good"": []}",18915.0,"{""good"": []}",0.0,"{""good"": []}",NSW,"{""good"": []}",83.8,"{""good"": []}",,,15.54120458,"{""suspect"": [""1 case(s) of \""qc persistence check failed: expected variation above 0.001\""""]}",,,14.5511855,"{""good"": []}",198.5955267,"{""good"": []}",16.82133333,"{""good"": []}"
2026-09-30 18:10:00+00:00,Aberdaron Automatic Weather Station,-4.74,52.79,0.0,"{""good"": []}",999.26,"{""good"": []}",,,15.08225327,"{""good"": []}",,,,,1900.0,"{""good"": []}",,"{""good"": []}",,"{""good"": []}",7.0,"{""good"": []}",,"{""good"": []}",,"{""good"": []}",7.0,"{""good"": []}",,,20.43690586,"{""good"": []}",,,0.2872222222,"{""good"": []}",,,0.0,"{""good"": []}",,,14.24713297,"{""good"": []}",19643.0,"{""good"": []}",0.0,"{""good"": []}",NSW,"{""good"": []}",84.0,"{""good"": []}",,,15.54110463,"{""suspect"": [""1 case(s) of \""qc persistence check failed: expected variation above 0.001\""""]}",,,14.55138796,"{""good"": []}",199.4326122,"{""good"": []}",15.006625,"{""good"": []}"
2026-09-30 18:11:00+00:00,Aberdaron Automatic Weather Station,-4.74,52.79,0.0,"{""good"": []}",999.27,"{""good"": []}",,,15.09718912,"{""good"": []}",,,,,1900.0,"{""good"": []}",,"{""good"": []}",,"{""good"": []}",7.0,"{""good"": []}",,"{""good"": []}",,"{""good"": []}",7.0,"{""good"": []}",,,19.34995467,"{""good"": []}",,,0.2705555556,"{""good"": []}",,,0.0,"{""good"": []}",,,14.32744487,"{""good"": []}",18617.0,"{""good"": []}",0.0,"{""good"": []}",NSW,"{""good"": []}",84.325,"{""good"": []}",,,15.5411546,"{""suspect"": [""1 case(s) of \""qc persistence check failed: expected variation above 0.001\""""]}",,,14.55174538,"{""good"": []}",200.7918869,"{""good"": []}",17.64741667,"{""good"": []}"
2026-09-30 18:12:00+00:00,Aberdaron Automatic Weather Station,-4.74,52.79,0.0,"{""good"": []}",999.28,"{""good"": []}",,,15.12589942,"{""good"": []}",,,,,1900.0,"{""good"": []}",,"{""good"": []}",,"{""good"": []}",6.0,"{""good"": []}",,"{""good"": []}",,"{""good"": []}",6.0,"{""good"": []}",,,18.32471144,"{""good"": []}",,,0.2538888889,"{""good"": []}",,,0.0,"{""good"": []}",,,14.42181317,"{""good"": []}",20182.0,"{""good"": []}",0.0,"{""good"": []}",NSW,"{""good"": []}",84.0,"{""good"": []}",,,15.54120458,"{""suspect"": [""1 case(s) of \""qc persistence check failed: expected variation above 0.001\""""]}",,,14.55194534,"{""good"": []}",199.4559136,"{""good"": []}",18.3025,"{""good"": []}"
2026-09-30 18:13:00+00:00,Aberdaron Automatic Weather Station,-4.74,52.79,0.0,"{""good"": []}",999.28,"{""good"": []}",,,15.16979588,"{""good"": []}",,,,,1900.0,"{""good"": []}",,"{""good"": []}",,"{""good"": []}",6.0,"{""good"": []}",,"{""good"": []}",,"{""good"": []}",6.0,"{""good"": []}",,,17.37997111,"{""good"": []}",,,0.2394444444,"{""good"": []}",,,0.0,"{""good"": []}",,,14.54288212,"{""good"": []}",20736.0,"{""good"": []}",0.0,"{""good"": []}",NSW,"{""good"": []}",83.825,"{""good"": []}",,,15.54125706,"{""suspect"": [""1 case(s) of \""qc persistence check failed: expected variation above 0.001\""""]}",,,14.55224528,"{""good"": []}",197.5911148,"{""good"": []}",18.0505,"{""good"": []}"
2026-09-30 18:14:00+00:00,Aberdaron Automatic Weather Station,-4.74,52.79,0.0,"{""good"": []}",999.315,"{""good"": []}",,,15.21732931,"{""good"": []}",,,,,1900.0,"{""good"": []}",6600.0,"{""good"": []}",,"{""good"": []}",6.0,"{""good"": []}",3.0,"{""good"": []}",,"{""good"": []}",8.0,"{""good"": []}",,,16.38101562,"{""good"": []}",,,0.2227777778,"{""good"": []}",,,0.0,"{""good"": []}",,,14.65140929,"{""good"": []}",18737.5,"{""good"": []}",0.0,"{""good"": []}",NSW,"{""good"": []}",83.825,"{""good"": []}",,,15.54100467,"{""suspect"": [""1 case(s) of \""qc persistence check failed: expected variation above 0.001\""""]}",,,14.55254522,"{""good"": []}",196.2631161,"{""good"": []}",18.01416667,"{""good"": []}"
2026-09-30 18:15:00+00:00,Aberdaron Automatic Weather Station,-4.74,52.79,0.0,"{""good"": []}",999.335,"{""good"": []}",,,15.26153114,"{""good"": []}",,,,,1900.0,"{""good"": []}",6600.0,"{""good"": []}",,"{""good"": []}",6.0,"{""good"": []}",3.0,"{""good"": []}",,"{""good"": []}",8.0,"{""good"": []}",,,15.42122379,"{""good"": []}",,,0.2061111111,"{""good"": []}",,,0.0,"{""good"": []}",,,14.7137333,"{""good"": []}",17279.0,"{""good"": []}",0.0,"{""good"": []}",NSW,"{""good"": []}",84.2,"{""good"": []}",,,15.54090472,"{""suspect"": [""1 case(s) of \""qc persistence check failed: expected variation above 0.001\""""]}",,,14.55279767,"{""good"": []}",197.1125496,"{""good"": []}",17.59091667,"{""good"": []}"
2026-09-30 18:16:00+00:00,Aberdaron Automatic Weather Station,-4.74,52.79,0.0,"{""good"": []}",999.335,"{""good"": []}",,,15.21475364,"{""good"": []}",,,,,1900.0,"{""good"": []}",6600.0,"{""good"": []}",,"{""good"": []}",6.0,"{""good"": []}",3.0,"{""good"": []}",,"{""good"": []}",8.0,"{""good"": []}",,,14.47012941,"{""good"": []}",,,0.1894444444,"{""good"": []}",,,0.0,"{""good"": []}",,,14.40770429,"{""good"": []}",9142.0,"{""good"": []}",0.0,"{""good"": []}",-RA,"{""good"": []}",84.775,"{""good"": []}",,,15.5409547,"{""suspect"": [""1 case(s) of \""qc persistence check failed: expected variation above 0.001\""""]}",,,14.55300013,"{""good"": []}",196.2211513,"{""good"": []}",21.29120833,"{""good"": []}"
2026-09-30 18:17:00+00:00,Aberdaron Automatic Weather Station,-4.74,52.79,0.2,"{""good"": []}",999.325,"{""good"": []}",,,15.00903576,"{""good"": []}",,,,,1800.0,"{""good"": []}",6600.0,"{""good"": []}",,"{""good"": []}",6.0,"{""good"": []}",3.0,"{""good"": []}",,"{""good"": []}",8.0,"{""good"": []}",,,13.55932836,"{""good"": []}",,,0.1727777778,"{""good"": []}",,,0.0,"{""good"": []}",,,13.99944899,"{""good"": []}",2875.5,"{""good"": []}",0.0,"{""good"": []}",RA,"{""good"": []}",85.475,"{""good"": []}",,,15.54100467,"{""suspect"": [""1 case(s) of \""qc persistence check failed: expected variation above 0.001\""""]}",,,14.55325507,"{""good"": []}",200.9034476,"{""good"": []}",20.263,"{""good"": []}"
2026-09-30 18:18:00+00:00,Aberdaron Automatic Weather Station,-4.74,52.79,0.0,"{""good"": []}",999.315,"{""good"": []}",,,14.79756581,"{""good"": []}",,,,,1800.0,"{""good"": []}",6600.0,"{""good"": []}",,"{""good"": []}",5.0,"{""good"": []}",3.0,"{""good"": []}",,"{""good"": []}",8.0,"{""good"": []}",,,12.65964592,"{""good"": []}",,,0.1561111111,"{""good"": []}",,,0.0,"{""good"": []}",,,13.87213165,"{""good"": []}",3170.0,"{""good"": []}",0.0,"{""good"": []}",RA,"{""good"": []}",86.925,"{""good"": []}",,,15.54090473,"{""suspect"": [""1 case(s) of \""qc persistence check failed: expected variation above 0.001\""""]}",,,14.55350502,"{""good"": []}",204.9981257,"{""good"": []}",22.70741667,"{""good"": []}"
2026-09-30 18:19:00+00:00,Aberdaron Automatic Weather Station,-4.74,52.79,0.0,"{""good"": []}",999.335,"{""good"": []}",,,14.56127034,"{""good"": []}",,,,,1800.0,"{""good"": []}",5300.0,"{""good"": []}",,"{""good"": []}",5.0,"{""good"": []}",4.0,"{""good"": []}",,"{""good"": []}",8.0,"{""good"": []}",,,11.79810146,"{""good"": []}",,,0.1394444444,"{""good"": []}",,,0.0,"{""good"": []}",,,13.78527393,"{""good"": []}",3805.0,"{""good"": []}",0.0,"{""good"": []}",RA,"{""good"": []}",87.8,"{""good"": []}",,,15.54100468,"{""suspect"": [""1 case(s) of \""qc persistence check failed: expected variation above 0.001\""""]}",,,14.55385495,"{""good"": []}",205.3359514,"{""good"": []}",23.13916667,"{""good"": []}"
2026-09-30 18:20:00+00:00,Aberdaron Automatic Weather Station,-4.74,52.79,0.0,"{""good"": []}",999.37,"{""good"": []}",,,14.43169356,"{""good"": []}",,,,,1800.0,"{""good"": []}",5300.0,"{""good"": []}",,"{""good"": []}",5.0,"{""good"": []}",4.0,"{""good"": []}",,"{""good"": []}",8.0,"{""good"": []}",,,10.98104461,"{""good"": []}",,,0.1227777778,"{""good"": []}",,,0.0,"{""good"": []}",,,13.62726946,"{""good"": []}",6975.5,"{""good"": []}",0.0,"{""good"": []}",RA,"{""good"": []}",87.95,"{""good"": []}",,,15.54080477,"{""suspect"": [""1 case(s) of \""qc persistence check failed: expected variation above 0.001\""""]}",,,14.5541074,"{""good"": []}",203.9025551,"{""good"": []}",23.31933333,"{""good"": []}"
2026-09-30 18:21:00+00:00,Aberdaron Automatic Weather Station,-4.74,52.79,0.0,"{""good"": []}",999.365,"{""good"": []}",,,14.15856031,"{""good"": []}",,,,,1800.0,"{""good"": []}",5300.0,"{""good"": []}",,"{""good"": []}",5.0,"{""good"": []}",5.0,"{""good"": []}",,"{""good"": []}",8.0,"{""good"": []}",,,10.19277079,"{""good"": []}",,,0.1061111111,"{""good"": []}",,,0.0,"{""good"": []}",,,13.41364174,"{""good"": []}",11646.0,"{""good"": []}",0.0,"{""good"": []}",RA,"{""good"": []}",87.575,"{""good"": []}",,,15.54100468,"{""suspect"": [""1 case(s) of \""qc persistence check failed: expected variation above 0.001\""""]}",,,14.55431486,"{""good"": []}",200.960115,"{""good"": []}",22.01204167,"{""good"": []}"
2026-09-30 18:22:00+00:00,Aberdaron Automatic Weather Station,-4.74,52.79,0.0,"{""good"": []}",999.35,"{""good"": []}",,,13.99406811,"{""good"": []}",,,,,1800.0,"{""good"": []}",5300.0,"{""good"": []}",,"{""good"": []}",4.0,"{""good"": []}",3.0,"{""good"": []}",,"{""good"": []}",7.0,"{""good"": []}",,,9.443403519,"{""good"": []}",,,0.08944444444,"{""good"": []}",,,0.0,"{""good"": []}",,,13.16172636,"{""good"": []}",15998.5,"{""good"": []}",0.0,"{""good"": []}",RA,"{""good"": []}",86.6,"{""good"": []}",,,15.54050241,"{""good"": []}",,,14.5545648,"{""good"": []}",199.7065771,"{""good"": []}",21.87879167,"{""good"": []}"
2026-09-30 18:23:00+00:00,Aberdaron Automatic Weather Station,-4.74,52.79,0.0,"{""good"": []}",999.375,"{""good"": []}",,,13.89663333,"{""good"": []}",,,,,1800.0,"{""good"": []}",5300.0,"{""good"": []}",,"{""good"": []}",4.0,"{""good"": []}",3.0,"{""good"": []}",,"{""good"": []}",7.0,"{""good"": []}",,,8.708841013,"{""good"": []}",,,0.07277777778,"{""good"": []}",,,0.0,"{""good"": []}",,,12.89122074,"{""good"": []}",25142.0,"{""good"": []}",0.0,"{""good"": []}",RA,"{""good"": []}",84.475,"{""good"": []}",,,15.54100467,"{""good"": []}",,,14.55476476,"{""good"": []}",199.7742352,"{""good"": []}",20.499,"{""good"": []}"
2026-09-30 18:24:00+00:00,Aberdaron Automatic Weather Station,-4.74,52.79,0.0,"{""good"": []}",999.375,"{""good"": []}",,,13.93412442,"{""good"": []}",,,,,1800.0,"{""good"": []}",5300.0,"{""good"": []}",,"{""good"": []}",4.0,"{""good"": []}",3.0,"{""good"": []}",,"{""good"": []}",7.0,"{""good"": []}",,,8.000023877,"{""good"": []}",,,0.05611111111,"{""good"": []}",,,0.0,"{""good"": []}",,,12.72208161,"{""good"": []}",29485.5,"{""good"": []}",0.0,"{""good"": []}",RA,"{""good"": []}",83.5,"{""good"": []}",,,15.5409547,"{""good"": []}",,,14.55511469,"{""good"": []}",200.8015497,"{""good"": []}",19.49766667,"{""good"": []}"
2026-09-30 18:25:00+00:00,Aberdaron Automatic Weather Station,-4.74,52.79,0.0,"{""good"": []}",999.385,"{""good"": []}",,,13.93079282,"{""good"": []}",,,,,1800.0,"{""good"": []}",5300.0,"{""good"": []}",6900.0,"{""good"": []}",3.0,"{""good"": []}",3.0,"{""good"": []}",3.0,"{""good"": []}",8.0,"{""good"": []}",,,7.318529973,"{""good"": []}",,,0.03944444444,"{""good"": []}",,,0.0,"{""good"": []}",,,12.66378656,"{""good"": []}",26936.5,"{""good"": []}",0.0,"{""good"": []}",RA,"{""good"": []}",83.375,"{""good"": []}",,,15.54100467,"{""good"": []}",,,14.55542213,"{""good"": []}",201.044511,"{""good"": []}",19.38154167,"{""good"": []}"
2026-09-30 18:26:00+00:00,Aberdaron Automatic Weather Station,-4.74,52.79,0.0,"{""good"": []}",999.375,"{""good"": []}",,,13.97216869,"{""good"": []}",,,,,1800.0,"{""good"": []}",5300.0,"{""good"": []}",6900.0,"{""good"": []}",3.0,"{""good"": []}",3.0,"{""good"": []}",4.0,"{""good"": []}",8.0,"{""good"": []}",,,6.656703094,"{""good"": []}",,,0.02277777778,"{""good"": []}",,,0.0,"{""good"": []}",,,12.58932316,"{""good"": []}",31050.0,"{""good"": []}",0.0,"{""good"": []}",RA,"{""good"": []}",82.325,"{""good"": []}",,,15.54100467,"{""good"": []}",,,14.55547212,"{""good"": []}",200.1450932,"{""good"": []}",19.17204167,"{""good"": []}"
2026-09-30 18:27:00+00:00,Aberdaron Automatic Weather Station,-4.74,52.79,0.0,"{""good"": []}",999.39,"{""good"": []}",,,13.99119207,"{""good"": []}",,,,,1800.0,"{""good"": []}",5300.0,"{""good"": []}",6900.0,"{""good"": []}",3.0,"{""good"": []}",3.0,"{""good"": []}",4.0,"{""good"": []}",8.0,"{""good"": []}",,,6.019432526,"{""good"": []}",,,0.006111111111,"{""good"": []}",,,0.0,"{""good"": []}",,,12.56871345,"{""good"": []}",30967.0,"{""good"": []}",0.0,"{""good"": []}",RA,"{""good"": []}",82.5,"{""good"": []}",,,15.54100467,"{""good"": []}",,,14.55572457,"{""good"": []}",198.144229,"{""good"": []}",17.3275,"{""good"": []}"
2026-09-30 18:28:00+00:00,Aberdaron Automatic Weather Station,-4.74,52.79,0.0,"{""good"": []}",999.44,"{""good"": []}",,,14.00592768,"{""good"": []}",,,,,1800.0,"{""good"": []}",5300.0,"{""good"": []}",6900.0,"{""good"": []}",2.0,"{""good"": []}",3.0,"{""good"": []}",4.0,"{""good"": []}",8.0,"{""good"": []}",,,5.406485001,"{""good"": []}",,,0.0,"{""good"": []}",,,0.0,"{""good"": []}",,,12.6476657,"{""good"": []}",25623.5,"{""good"": []}",0.0,"{""good"": []}",RA,"{""good"": []}",83.375,"{""good"": []}",,,15.54085475,"{""good"": []}",,,14.55597451,"{""good"": []}",196.9948917,"{""good"": []}",17.34304167,"{""good"": []}"
2026-09-30 18:29:00+00:00,Aberdaron Automatic Weather Station,-4.74,52.79,0.0,"{""good"": []}",999.455,"{""good"": []}",,,13.9611176,"{""good"": []}",,,,,1800.0,"{""good"": []}",5300.0,"{""good"": []}",,"{""good"": []}",2.0,"{""good"": []}",6.0,"{""good"": []}",,"{""good"": []}",8.0,"{""good"": []}",,,4.821932604,"{""good"": []}",,,0.0,"{""good"": []}",,,0.0,"{""good"": []}",,,12.71452355,"{""good"": []}",24754.5,"{""good"": []}",0.0,"{""good"": []}",RA,"{""good"": []}",83.875,"{""good"": []}",,,15.5409547,"{""good"": []}",,,14.55607449,"{""good"": []}",197.2508497,"{""good"": []}",18.88645833,"{""good"": []}"
2026-09-30 18:30:00+00:00,Aberdaron Automatic Weather Station,-4.74,52.79,0.0,"{""good"": []}",999.48,"{""good"": []}",,,14.02338414,"{""good"": []}",,,,,1800.0,"{""good"": []}",5300.0,"{""good"": []}",,"{""good"": []}",2.0,"{""good"": []}",6.0,"{""good"": []}",,"{""good"": []}",8.0,"{""good"": []}",,,4.268534397,"{""good"": []}",,,0.0,"{""good"": []}",,,0.0,"{""good"": []}",,,12.78158135,"{""good"": []}",27585.0,"{""good"": []}",0.0,"{""good"": []}",-RA,"{""good"": []}",83.6,"{""good"": []}",,,15.5411546,"{""good"": []}",,,14.5565244,"{""good"": []}",195.4287331,"{""good"": []}",17.75858333,"{""good"": []}"
2026-09-30 18:31:00+00:00,Aberdaron Automatic Weather Station,-4.74,52.79,0.0,"{""good"": []}",999.495,"{""good"": []}",,,13.98771029,"{""good"": []}",,,,,1800.0,"{""good"": []}",5300.0,"{""good"": []}",,"{""good"": []}",2.0,"{""good"": []}",6.0,"{""good"": []}",,"{""good"": []}",8.0,"{""good"": []}",,,3.743166463,"{""good"": []}",,,0.0,"{""good"": []}",,,0.0,"{""good"": []}",,,12.84083365,"{""good"": []}",30150.5,"{""good"": []}",0.0,"{""good"": []}",-RA,"{""good"": []}",83.35,"{""good"": []}",,,15.54105465,"{""good"": []}",,,14.55667937,"{""good"": []}",196.3272626,"{""good"": []}",19.975875,"{""good"": []}"
2026-09-30 18:32:00+00:00,Aberdaron Automatic Weather Station,-4.74,52.79,0.0,"{""good"": []}",999.53,"{""good"": []}",,,14.01647315,"{""good"": []}",,,,,1800.0,"{""good"": []}",5300.0,"{""good"": []}",,"{""good"": []}",2.0,"{""good"": []}",6.0,"{""good"": []}",,"{""good"": []}",8.0,"{""good"": []}",,,3.247787258,"{""good"": []}",,,0.0,"{""good"": []}",,,0.0,"{""good"": []}",,,12.86088601,"{""good"": []}",34784.5,"{""good"": []}",0.0,"{""good"": []}",UP,"{""good"": []}",83.125,"{""good"": []}",,,15.54075479,"{""good"": []}",,,14.55698431,"{""good"": []}",192.9373946,"{""good"": []}",20.84525,"{""good"": []}"
2026-09-30 18:33:00+00:00,Aberdaron Automatic Weather Station,-4.74,52.79,0.0,"{""good"": []}",999.56,"{""good"": []}",,,14.04513338,"{""good"": []}",,,,,2000.0,"{""good"": []}",5300.0,"{""good"": []}",,"{""good"": []}",1.0,"{""good"": []}",7.0,"{""good"": []}",,"{""good"": []}",8.0,"{""good"": []}",,,2.787028423,"{""good"": []}",,,0.0,"{""good"": []}",,,0.0,"{""good"": []}",,,12.84622727,"{""good"": []}",33497.5,"{""good"": []}",0.0,"{""good"": []}",UP,"{""good"": []}",83.1,"{""good"": []}",,,15.54080477,"{""good"": []}",,,14.5570343,"{""good"": []}",194.6970732,"{""good"": []}",19.16854167,"{""good"": []}"
2026-09-30 18:34:00+00:00,Aberdaron Automatic Weather Station,-4.74,52.79,0.0,"{""good"": []}",999.56,"{""good"": []}",,,14.03948143,"{""good"": []}",,,,,2000.0,"{""good"": []}",5300.0,"{""good"": []}",,"{""good"": []}",1.0,"{""good"": []}",7.0,"{""good"": []}",,"{""good"": []}",8.0,"{""good"": []}",,,2.371994891,"{""good"": []}",,,0.0,"{""good"": []}",,,0.0,"{""good"": []}",,,12.85660461,"{""good"": []}",31745.5,"{""good"": []}",0.0,"{""good"": []}",RERA,"{""good"": []}",83.225,"{""good"": []}",,,15.54085475,"{""good"": []}",,,14.55738423,"{""good"": []}",193.8940291,"{""good"": []}",18.61354167,"{""good"": []}"
2026-09-30 18:35:00+00:00,Aberdaron Automatic Weather Station,-4.74,52.79,0.0,"{""good"": []}",999.57,"{""good"": []}",,,14.02918878,"{""good"": []}",,,,,2000.0,"{""good"": []}",5300.0,"{""good"": []}",,"{""good"": []}",1.0,"{""good"": []}",7.0,"{""good"": []}",,"{""good"": []}",8.0,"{""good"": []}",,,2.015922584,"{""good"": []}",,,0.0,"{""good"": []}",,,0.0,"{""good"": []}",,,12.80682738,"{""good"": []}",31308.0,"{""good"": []}",0.0,"{""good"": []}",RERA,"{""good"": []}",83.575,"{""good"": []}",,,15.54075479,"{""good"": []}",,,14.55763418,"{""good"": []}",195.6756885,"{""good"": []}",16.1325,"{""good"": []}"
2026-09-30 18:36:00+00:00,Aberdaron Automatic Weather Station,-4.74,52.79,0.0,"{""good"": []}",999.58,"{""good"": []}",,,14.02338414,"{""good"": []}",,,,,2000.0,"{""good"": []}",5300.0,"{""good"": []}",,"{""good"": []}",1.0,"{""good"": []}",8.0,"{""good"": []}",,"{""good"": []}",8.0,"{""good"": []}",,,1.7277199,"{""good"": []}",,,0.0,"{""good"": []}",,,0.0,"{""good"": []}",,,12.78047414,"{""good"": []}",28067.5,"{""good"": []}",0.0,"{""good"": []}",RERA,"{""good"": []}",83.85,"{""good"": []}",,,15.54090472,"{""good"": []}",,,14.55773415,"{""good"": []}",196.0038337,"{""good"": []}",19.016875,"{""good"": []}"
2026-09-30 18:37:00+00:00,Aberdaron Automatic Weather Station,-4.74,52.79,0.0,"{""good"": []}",999.59,"{""good"": []}",,,14.06006673,"{""good"": []}",,,,,2000.0,"{""good"": []}",5300.0,"{""good"": []}",,"{""good"": []}",1.0,"{""good"": []}",8.0,"{""good"": []}",,"{""good"": []}",8.0,"{""good"": []}",,,1.484425722,"{""good"": []}",,,0.0,"{""good"": []}",,,0.0,"{""good"": []}",,,12.78833462,"{""good"": []}",29953.0,"{""good"": []}",0.0,"{""good"": []}",RERA,"{""good"": []}",83.8,"{""good"": []}",,,15.5409547,"{""good"": []}",,,14.5579891,"{""good"": []}",194.9997377,"{""good"": []}",18.25408333,"{""good"": []}"
2026-09-30 18:38:00+00:00,Aberdaron Automatic Weather Station,-4.74,52.79,0.0,"{""good"": []}",999.58,"{""good"": []}",,,14.06279259,"{""good"": []}",,,,,5300.0,"{""good"": []}",,"{""good"": []}",,"{""good"": []}",8.0,"{""good"": []}",,"{""good"": []}",,"{""good"": []}",8.0,"{""good"": []}",,,1.27018537,"{""good"": []}",,,0.0,"{""good"": []}",,,0.0,"{""good"": []}",,,12.76314358,"{""good"": []}",32188.5,"{""good"": []}",0.0,"{""good"": []}",RERA,"{""good"": []}",83.95,"{""good"": []}",,,15.54090472,"{""good"": []}",,,14.55819156,"{""good"": []}",195.3214053,"{""good"": []}",17.66170833,"{""good"": []}"
2026-09-30 18:39:00+00:00,Aberdaron Automatic Weather Station,-4.74,52.79,0.0,"{""good"": []}",999.595,"{""good"": []}",,,14.05345611,"{""good"": []}",,,,,5300.0,"{""good"": []}",,"{""good"": []}",,"{""good"": []}",8.0,"{""good"": []}",,"{""good"": []}",,"{""good"": []}",8.0,"{""good"": []}",,,1.078204878,"{""good"": []}",,,0.0,"{""good"": []}",,,0.0,"{""good"": []}",,,12.73261141,"{""good"": []}",29674.0,"{""good"": []}",0.0,"{""good"": []}",RERA,"{""good"": []}",84.475,"{""good"": []}",,,15.54090472,"{""good"": []}",,,14.55839402,"{""good"": []}",197.2780535,"{""good"": []}",17.61083333,"{""good"": []}"
2026-09-30 18:40:00+00:00,Aberdaron Automatic Weather Station,-4.74,52.79,0.0,"{""good"": []}",999.595,"{""good"": []}",,,14.10462151,"{""good"": []}",,,,,5300.0,"{""good"": []}",,"{""good"": []}",,"{""good"": []}",8.0,"{""good"": []}",,"{""good"": []}",,"{""good"": []}",8.0,"{""good"": []}",,,0.9045113005,"{""good"": []}",,,0.0,"{""good"": []}",,,0.0,"{""good"": []}",,,12.74309123,"{""good"": []}",26769.0,"{""good"": []}",0.0,"{""good"": []}",RERA,"{""good"": []}",84.8,"{""good"": []}",,,15.5409547,"{""good"": []}",,,14.55879394,"{""good"": []}",199.7651579,"{""good"": []}",18.01470833,"{""good"": []}"
2026-09-30 18:41:00+00:00,Aberdaron Automatic Weather Station,-4.74,52.79,0.0,"{""good"": []}",999.59,"{""good"": []}",,,14.25231556,"{""good"": []}",,,,,5300.0,"{""good"": []}",,"{""good"": []}",,"{""good"": []}",8.0,"{""good"": []}",,"{""good"": []}",,"{""good"": []}",8.0,"{""good"": []}",,,0.7388469983,"{""good"": []}",,,0.0,"{""good"": []}",,,0.0,"{""good"": []}",,,12.80032404,"{""good"": []}",26502.5,"{""good"": []}",0.0,"{""good"": []}",RERA,"{""good"": []}",84.975,"{""good"": []}",,,15.54085475,"{""good"": []}",,,14.5589964,"{""good"": []}",198.1621467,"{""good"": []}",17.20891667,"{""good"": []}"
2026-09-30 18:42:00+00:00,Aberdaron Automatic Weather Station,-4.74,52.79,0.0,"{""good"": []}",999.6,"{""good"": []}",,,14.2659373,"{""good"": []}",,,,,5300.0,"{""good"": []}",,"{""good"": []}",,"{""good"": []}",8.0,"{""good"": []}",,"{""good"": []}",,"{""good"": []}",8.0,"{""good"": []}",,,0.5798739018,"{""good"": []}",,,0.0,"{""good"": []}",,,0.0,"{""good"": []}",,,12.83116114,"{""good"": []}",24381.0,"{""good"": []}",0.0,"{""good"": []}",RERA,"{""good"": []}",85.4,"{""good"": []}",,,15.5409547,"{""good"": []}",,,14.55914636,"{""good"": []}",199.5645899,"{""good"": []}",17.59675,"{""good"": []}"
2026-09-30 18:43:00+00:00,Aberdaron Automatic Weather Station,-4.74,52.79,0.0,"{""good"": []}",999.62,"{""good"": []}",,,14.31836174,"{""good"": []}",,,,,5300.0,"{""good"": []}",14000.0,"{""good"": []}",,"{""good"": []}",7.0,"{""good"": []}",4.0,"{""good"": []}",,"{""good"": []}",8.0,"{""good"": []}",,,0.4333190825,"{""good"": []}",,,0.0,"{""good"": []}",,,0.0,"{""good"": []}",,,12.91348752,"{""good"": []}",22398.5,"{""good"": []}",0.0,"{""good"": []}",RERA,"{""good"": []}",85.5,"{""good"": []}",,,15.54085475,"{""good"": []}",,,14.55940381,"{""good"": []}",200.0161054,"{""good"": []}",18.57329167,"{""good"": []}"
2026-09-30 18:44:00+00:00,Aberdaron Automatic Weather Station,-4.74,52.79,0.0,"{""good"": []}",999.625,"{""good"": []}",,,14.38305126,"{""good"": []}",,,,,5300.0,"{""good"": []}",14000.0,"{""good"": []}",,"{""good"": []}",7.0,"{""good"": []}",4.0,"{""good"": []}",,"{""good"": []}",8.0,"{""good"": []}",,,0.2948678459,"{""good"": []}",,,0.0,"{""good"": []}",,,0.0,"{""good"": []}",,,13.01712594,"{""good"": []}",22340.0,"{""good"": []}",0.0,"{""good"": []}",RERA,"{""good"": []}",85.675,"{""good"": []}",,,15.54105465,"{""suspect"": [""1 case(s) of \""qc persistence check failed: expected variation above 0.001\""""]}",,,14.55960377,"{""good"": []}",200.7618802,"{""good"": []}",18.421875,"{""good"": []}"
2026-09-30 18:45:00+00:00,Aberdaron Automatic Weather Station,-4.74,52.79,0.0,"{""good"": []}",999.645,"{""good"": []}",,,14.41352873,"{""good"": []}",,,,,5300.0,"{""good"": []}",14000.0,"{""good"": []}",,"{""good"": []}",7.0,"{""good"": []}",5.0,"{""good"": []}",,"{""good"": []}",8.0,"{""good"": []}",,,0.1606863196,"{""good"": []}",,,0.0,"{""good"": []}",,,0.0,"{""good"": []}",,,13.06473623,"{""good"": []}",20660.5,"{""good"": []}",0.0,"{""good"": []}",RERA,"{""good"": []}",85.7,"{""good"": []}",,,15.54085475,"{""suspect"": [""1 case(s) of \""qc persistence check failed: expected variation above 0.001\""""]}",,,14.55975374,"{""good"": []}",199.6327304,"{""good"": []}",18.35654167,"{""good"": []}"
2026-09-30 18:46:00+00:00,Aberdaron Automatic Weather Station,-4.74,52.79,0.0,"{""good"": []}",999.65,"{""good"": []}",,,14.41418454,"{""good"": []}",,,,,5500.0,"{""good"": []}",14000.0,"{""good"": []}",,"{""good"": []}",6.0,"{""good"": []}",5.0,"{""good"": []}",,"{""good"": []}",8.0,"{""good"": []}",,,0.02949297395,"{""good"": []}",,,0.0,"{""good"": []}",,,0.0,"{""good"": []}",,,13.08050968,"{""good"": []}",20877.0,"{""good"": []}",0.0,"{""good"": []}",RERA,"{""good"": []}",85.4,"{""good"": []}",,,15.54085474,"{""suspect"": [""1 case(s) of \""qc persistence check failed: expected variation above 0.001\""""]}",,,14.56000369,"{""good"": []}",200.4030046,"{""good"": []}",18.07775,"{""good"": []}"
2026-09-30 18:47:00+00:00,Aberdaron Automatic Weather Station,-4.74,52.79,0.0,"{""good"": []}",999.68,"{""good"": []}",,,14.41287292,"{""good"": []}",,,,,5500.0,"{""good"": []}",14000.0,"{""good"": []}",,"{""good"": []}",6.0,"{""good"": []}",5.0,"{""good"": []}",,"{""good"": []}",8.0,"{""good"": []}",,,-0.1032902103,"{""good"": []}",,,0.0,"{""good"": []}",,,0.0,"{""good"": []}",,,13.07325404,"{""good"": []}",23034.5,"{""good"": []}",0.0,"{""good"": []}",RERA,"{""good"": []}",85.15,"{""good"": []}",,,15.54090472,"{""suspect"": [""1 case(s) of \""qc persistence check failed: expected variation above 0.001\""""]}",,,14.56015366,"{""good"": []}",198.8951933,"{""good"": []}",19.12725,"{""good"": []}"
2026-09-30 18:48:00+00:00,Aberdaron Automatic Weather Station,-4.74,52.79,0.0,"{""good"": []}",999.675,"{""good"": []}",,,14.41580152,"{""good"": []}",,,,,5500.0,"{""good"": []}",14000.0,"{""good"": []}",,"{""good"": []}",6.0,"{""good"": []}",5.0,"{""good"": []}",,"{""good"": []}",8.0,"{""good"": []}",,,-0.2249329439,"{""good"": []}",,,0.0,"{""good"": []}",,,0.0,"{""good"": []}",,,13.08050719,"{""good"": []}",23120.0,"{""good"": []}",0.0,"{""good"": []}",RERA,"{""good"": []}",84.55,"{""good"": []}",,,15.54085225,"{""suspect"": [""1 case(s) of \""qc persistence check failed: expected variation above 0.001\""""]}",,,14.56025364,"{""good"": []}",199.6860786,"{""good"": []}",19.51141667,"{""good"": []}"
2026-09-30 18:49:00+00:00,Aberdaron Automatic Weather Station,-4.74,52.79,0.0,"{""good"": []}",999.68,"{""good"": []}",,,14.44254189,"{""good"": []}",,,,,5600.0,"{""good"": []}",14000.0,"{""good"": []}",,"{""good"": []}",5.0,"{""good"": []}",5.0,"{""good"": []}",,"{""good"": []}",8.0,"{""good"": []}",,,-0.3444480413,"{""good"": []}",,,0.0,"{""good"": []}",,,0.0,"{""good"": []}",,,13.0710896,"{""good"": []}",23797.5,"{""good"": []}",0.0,"{""good"": []}",RERA,"{""good"": []}",84.375,"{""good"": []}",,,15.54080477,"{""suspect"": [""1 case(s) of \""qc persistence check failed: expected variation above 0.001\""""]}",,,14.56060856,"{""good"": []}",200.3148281,"{""good"": []}",17.30854167,"{""good"": []}"
2026-09-30 18:50:00+00:00,Aberdaron Automatic Weather Station,-4.74,52.79,0.0,"{""good"": []}",999.69,"{""good"": []}",,,14.46191821,"{""good"": []}",,,,,5700.0,"{""good"": []}",14000.0,"{""good"": []}",,"{""good"": []}",5.0,"{""good"": []}",5.0,"{""good"": []}",,"{""good"": []}",8.0,"{""good"": []}",,,-0.4652149497,"{""good"": []}",,,0.0,"{""good"": []}",,,0.0,"{""good"": []}",,,13.09093701,"{""good"": []}",21707.5,"{""good"": []}",0.0,"{""good"": []}",RERA,"{""good"": []}",84.75,"{""good"": []}",,,15.54080477,"{""suspect"": [""1 case(s) of \""qc persistence check failed: expected variation above 0.001\""""]}",,,14.56071104,"{""good"": []}",202.3087747,"{""good"": []}",18.67545833,"{""good"": []}"
2026-09-30 18:51:00+00:00,Aberdaron Automatic Weather Station,-4.74,52.79,0.0,"{""good"": []}",999.695,"{""good"": []}",,,14.51696588,"{""good"": []}",,,,,5700.0,"{""good"": []}",14000.0,"{""good"": []}",,"{""good"": []}",5.0,"{""good"": []}",5.0,"{""good"": []}",,"{""good"": []}",8.0,"{""good"": []}",,,-0.586069362,"{""good"": []}",,,0.0,"{""good"": []}",,,0.0,"{""good"": []}",,,13.11764016,"{""good"": []}",22590.5,"{""good"": []}",0.0,"{""good"": []}",RERA,"{""good"": []}",84.9,"{""good"": []}",,,15.54085475,"{""suspect"": [""1 case(s) of \""qc persistence check failed: expected variation above 0.001\""""]}",,,14.56066105,"{""good"": []}",200.9463767,"{""good"": []}",19.50066667,"{""good"": []}"
2026-09-30 18:52:00+00:00,Aberdaron Automatic Weather Station,-4.74,52.79,0.0,"{""good"": []}",999.665,"{""good"": []}",,,14.51767675,"{""good"": []}",,,,,5700.0,"{""good"": []}",14000.0,"{""good"": []}",,"{""good"": []}",4.0,"{""good"": []}",3.0,"{""good"": []}",,"{""good"": []}",7.0,"{""good"": []}",,,-0.7053401274,"{""good"": []}",,,0.0,"{""good"": []}",,,0.0,"{""good"": []}",,,13.17774724,"{""good"": []}",24051.5,"{""good"": []}",0.0,"{""good"": []}",RERA,"{""good"": []}",84.375,"{""good"": []}",,,15.54075479,"{""suspect"": [""1 case(s) of \""qc persistence check failed: expected variation above 0.001\""""]}",,,14.56126343,"{""good"": []}",201.3745451,"{""good"": []}",19.83175,"{""good"": []}"
2026-09-30 18:53:00+00:00,Aberdaron Automatic Weather Station,-4.74,52.79,0.0,"{""good"": []}",999.665,"{""good"": []}",,,14.55910268,"{""good"": []}",,,,,5700.0,"{""good"": []}",14000.0,"{""good"": []}",,"{""good"": []}",4.0,"{""good"": []}",3.0,"{""good"": []}",,"{""good"": []}",7.0,"{""good"": []}",,,-0.8189919676,"{""good"": []}",,,0.0,"{""good"": []}",,,0.0,"{""good"": []}",,,13.18701987,"{""good"": []}",26144.5,"{""good"": []}",0.0,"{""good"": []}",RERA,"{""good"": []}",84.35,"{""good"": []}",,,15.54080477,"{""suspect"": [""1 case(s) of \""qc persistence check failed: expected variation above 0.001\""""]}",,,14.56126343,"{""good"": []}",202.608553,"{""good"": []}",18.53941667,"{""good"": []}"
2026-09-30 18:54:00+00:00,Aberdaron Automatic Weather Station,-4.74,52.79,0.0,"{""good"": []}",999.655,"{""good"": []}",,,14.55748319,"{""good"": []}",,,,,5700.0,"{""good"": []}",14000.0,"{""good"": []}",,"{""good"": []}",4.0,"{""good"": []}",3.0,"{""good"": []}",,"{""good"": []}",7.0,"{""good"": []}",,,-0.9243470722,"{""good"": []}",,,0.0,"{""good"": []}",,,0.0,"{""good"": []}",,,13.16560536,"{""good"": []}",23263.5,"{""good"": []}",0.0,"{""good"": []}",RERA,"{""good"": []}",84.525,"{""good"": []}",,,15.5409547,"{""suspect"": [""1 case(s) of \""qc persistence check failed: expected variation above 0.001\""""]}",,,14.56151338,"{""good"": []}",200.1790288,"{""good"": []}",18.7325,"{""good"": []}"
2026-09-30 18:55:00+00:00,Aberdaron Automatic Weather Station,-4.74,52.79,0.0,"{""good"": []}",999.665,"{""good"": []}",,,14.58402582,"{""good"": []}",,,,,5700.0,"{""good"": []}",14000.0,"{""good"": []}",,"{""good"": []}",3.0,"{""good"": []}",3.0,"{""good"": []}",,"{""good"": []}",6.0,"{""good"": []}",,,-1.022737328,"{""good"": []}",,,0.0,"{""good"": []}",,,0.0,"{""good"": []}",,,13.18757473,"{""good"": []}",24281.5,"{""good"": []}",0.0,"{""good"": []}",RERA,"{""good"": []}",84.425,"{""good"": []}",,,15.54080477,"{""suspect"": [""1 case(s) of \""qc persistence check failed: expected variation above 0.001\""""]}",,,14.56166335,"{""good"": []}",201.9646984,"{""good"": []}",18.785125,"{""good"": []}"
2026-09-30 18:56:00+00:00,Aberdaron Automatic Weather Station,-4.74,52.79,0.0,"{""good"": []}",999.67,"{""good"": []}",,,14.60567493,"{""good"": []}",,,,,5700.0,"{""good"": []}",14000.0,"{""good"": []}",,"{""good"": []}",3.0,"{""good"": []}",3.0,"{""good"": []}",,"{""good"": []}",6.0,"{""good"": []}",,,-1.112915869,"{""good"": []}",,,0.0,"{""good"": []}",,,0.0,"{""good"": []}",,,13.17935933,"{""good"": []}",23637.5,"{""good"": []}",0.0,"{""good"": []}",RERA,"{""good"": []}",84.625,"{""good"": []}",,,15.54100468,"{""suspect"": [""1 case(s) of \""qc persistence check failed: expected variation above 0.001\""""]}",,,14.56171334,"{""good"": []}",200.2519751,"{""good"": []}",18.26358333,"{""good"": []}"
2026-09-30 18:57:00+00:00,Aberdaron Automatic Weather Station,-4.74,52.79,0.0,"{""good"": []}",999.665,"{""good"": []}",,,14.56429656,"{""good"": []}",,,,,5700.0,"{""good"": []}",14000.0,"{""good"": []}",,"{""good"": []}",3.0,"{""good"": []}",2.0,"{""good"": []}",,"{""good"": []}",5.0,"{""good"": []}",,,-1.193303587,"{""good"": []}",,,0.0,"{""good"": []}",,,0.0,"{""good"": []}",,,13.19321828,"{""good"": []}",22089.5,"{""good"": []}",0.0,"{""good"": []}",RERA,"{""good"": []}",84.625,"{""good"": []}",,,15.54085475,"{""suspect"": [""1 case(s) of \""qc persistence check failed: expected variation above 0.001\""""]}",,,14.56202327,"{""good"": []}",202.1923943,"{""good"": []}",16.93870833,"{""good"": []}"
2026-09-30 18:58:00+00:00,Aberdaron Automatic Weather Station,-4.74,52.79,0.0,"{""good"": []}",999.645,"{""good"": []}",,,14.55102775,"{""good"": []}",,,,,5700.0,"{""good"": []}",14000.0,"{""good"": []}",,"{""good"": []}",2.0,"{""good"": []}",2.0,"{""good"": []}",,"{""good"": []}",4.0,"{""good"": []}",,,-1.266654637,"{""good"": []}",,,0.0,"{""good"": []}",,,0.0,"{""good"": []}",,,13.16172635,"{""good"": []}",23399.0,"{""good"": []}",0.0,"{""good"": []}",RERA,"{""good"": []}",84.7,"{""good"": []}",,,15.5409547,"{""suspect"": [""1 case(s) of \""qc persistence check failed: expected variation above 0.001\""""]}",,,14.56217324,"{""good"": []}",201.1147098,"{""good"": []}",18.17766667,"{""good"": []}"
2026-09-30 18:59:00+00:00,Aberdaron Automatic Weather Station,-4.74,52.79,0.0,"{""good"": []}",999.68,"{""good"": []}",,,14.58362282,"{""good"": []}",,,,,5700.0,"{""good"": []}",14000.0,"{""good"": []}",,"{""good"": []}",2.0,"{""good"": []}",2.0,"{""good"": []}",,"{""good"": []}",4.0,"{""good"": []}",,,-1.333376802,"{""good"": []}",,,0.0,"{""good"": []}",,,0.0,"{""good"": []}",,,13.22097616,"{""good"": []}",21189.5,"{""good"": []}",0.0,"{""good"": []}",RERA,"{""good"": []}",84.775,"{""good"": []}",,,15.5409547,"{""suspect"": [""1 case(s) of \""qc persistence check failed: expected variation above 0.001\""""]}",,,14.56247318,"{""good"": []}",200.0961389,"{""good"": []}",16.88983333,"{""good"": []}"
2026-09-30 19:00:00+00:00,Aberdaron Automatic Weather Station,-4.74,52.79,0.0,"{""good"": []}",999.665,"{""good"": []}",,,14.60466368,"{""good"": []}",,,,,5700.0,"{""good"": []}",14000.0,"{""good"": []}",,"{""good"": []}",2.0,"{""good"": []}",2.0,"{""good"": []}",,"{""good"": []}",4.0,"{""good"": []}",,,-1.396904015,"{""good"": []}",,,0.0,"{""good"": []}",,,0.0,"{""good"": []}",,,13.24626717,"{""good"": []}",20409.5,"{""good"": []}",0.0,"{""good"": []}",RERA,"{""good"": []}",84.65,"{""good"": []}",,,15.54065484,"{""suspect"": [""1 case(s) of \""qc persistence check failed: expected variation above 0.001\""""]}",,,14.56252317,"{""good"": []}",202.1166822,"{""good"": []}",16.63116667,"{""good"": []}"
2026-09-30 19:01:00+00:00,Aberdaron Automatic Weather Station,-4.74,52.79,0.0,"{""good"": []}",999.675,"{""good"": []}",,,14.61203024,"{""good"": []}",,,,,5700.0,"{""good"": []}",14000.0,"{""good"": []}",,"{""good"": []}",2.0,"{""good"": []}",2.0,"{""good"": []}",,"{""good"": []}",4.0,"{""good"": []}",,,-1.452087858,"{""good"": []}",,,0.0,"{""good"": []}",,,0.0,"{""good"": []}",,,13.18107389,"{""good"": []}",21620.0,"{""good"": []}",0.0,"{""good"": []}",RERA,"{""good"": []}",84.875,"{""good"": []}",,,15.54085475,"{""suspect"": [""1 case(s) of \""qc persistence check failed: expected variation above 0.001\""""]}",,,14.56267314,"{""good"": []}",201.9925334,"{""good"": []}",18.45295833,"{""good"": []}"
2026-09-30 19:02:00+00:00,Aberdaron Automatic Weather Station,-4.74,52.79,0.0,"{""good"": []}",999.685,"{""good"": []}",,,14.60905158,"{""good"": []}",,,,,5700.0,"{""good"": []}",14000.0,"{""good"": []}",,"{""good"": []}",2.0,"{""good"": []}",2.0,"{""good"": []}",,"{""good"": []}",4.0,"{""good"": []}",,,-1.49630666,"{""good"": []}",,,0.0,"{""good"": []}",,,0.0,"{""good"": []}",,,13.20284081,"{""good"": []}",20673.5,"{""good"": []}",0.0,"{""good"": []}",RERA,"{""good"": []}",84.825,"{""good"": []}",,,15.5409547,"{""suspect"": [""1 case(s) of \""qc persistence check failed: expected variation above 0.001\""""]}",,,14.56272313,"{""good"": []}",201.8612221,"{""good"": []}",18.20508333,"{""good"": []}"
2026-09-30 19:03:00+00:00,Aberdaron Automatic Weather Station,-4.74,52.79,0.0,"{""good"": []}",999.675,"{""good"": []}",,,14.57206862,"{""good"": []}",,,,,5900.0,"{""good"": []}",14000.0,"{""good"": []}",,"{""good"": []}",1.0,"{""good"": []}",2.0,"{""good"": []}",,"{""good"": []}",3.0,"{""good"": []}",,,-1.537973538,"{""good"": []}",,,0.0,"{""good"": []}",,,0.0,"{""good"": []}",,,13.23513253,"{""good"": []}",22653.0,"{""good"": []}",0.0,"{""good"": []}",RERA,"{""good"": []}",84.475,"{""good"": []}",,,15.54080477,"{""suspect"": [""1 case(s) of \""qc persistence check failed: expected variation above 0.001\""""]}",,,14.5628731,"{""good"": []}",202.6894486,"{""good"": []}",21.1075,"{""good"": []}"
2026-09-30 19:04:00+00:00,Aberdaron Automatic Weather Station,-4.74,52.79,0.0,"{""good"": []}",999.69,"{""good"": []}",,,14.63165937,"{""good"": []}",,,,,5900.0,"{""good"": []}",14000.0,"{""good"": []}",,"{""good"": []}",1.0,"{""good"": []}",2.0,"{""good"": []}",,"{""good"": []}",3.0,"{""good"": []}",,,-1.569982497,"{""good"": []}",,,0.0,"{""good"": []}",,,0.0,"{""good"": []}",,,13.27921872,"{""good"": []}",26442.5,"{""good"": []}",0.0,"{""good"": []}",RERA,"{""good"": []}",83.475,"{""good"": []}",,,15.54060486,"{""suspect"": [""1 case(s) of \""qc persistence check failed: expected variation above 0.001\""""]}",,,14.56322803,"{""good"": []}",205.2068705,"{""good"": []}",17.02716667,"{""good"": []}"
2026-09-30 19:05:00+00:00,Aberdaron Automatic Weather Station,-4.74,52.79,0.0,"{""good"": []}",999.66,"{""good"": []}",,,14.57958786,"{""good"": []}",,,,,6000.0,"{""good"": []}",14000.0,"{""good"": []}",,"{""good"": []}",1.0,"{""good"": []}",2.0,"{""good"": []}",,"{""good"": []}",3.0,"{""good"": []}",,,-1.601221295,"{""good"": []}",,,0.0,"{""good"": []}",,,0.0,"{""good"": []}",,,13.26198814,"{""good"": []}",25249.0,"{""good"": []}",0.0,"{""good"": []}",RERA,"{""good"": []}",83.4,"{""good"": []}",,,15.54050241,"{""suspect"": [""1 case(s) of \""qc persistence check failed: expected variation above 0.001\""""]}",,,14.56312555,"{""good"": []}",199.5196729,"{""good"": []}",20.38925,"{""good"": []}"
2026-09-30 19:06:00+00:00,Aberdaron Automatic Weather Station,-4.74,52.79,0.0,"{""good"": []}",999.65,"{""good"": []}",,,14.62706873,"{""good"": []}",,,,,6000.0,"{""good"": []}",14000.0,"{""good"": []}",,"{""good"": []}",1.0,"{""good"": []}",2.0,"{""good"": []}",,"{""good"": []}",3.0,"{""good"": []}",,,-1.625074674,"{""good"": []}",,,0.0,"{""good"": []}",,,0.0,"{""good"": []}",,,13.27705178,"{""good"": []}",26813.0,"{""good"": []}",0.0,"{""good"": []}",RERA,"{""good"": []}",82.225,"{""good"": []}",,,15.54055488,"{""suspect"": [""1 case(s) of \""qc persistence check failed: expected variation above 0.001\""""]}",,,14.56333051,"{""good"": []}",202.4873849,"{""good"": []}",21.80379167,"{""good"": []}"
2026-09-30 19:07:00+00:00,Aberdaron Automatic Weather Station,-4.74,52.79,0.0,"{""good"": []}",999.665,"{""good"": []}",,,14.64139633,"{""good"": []}",,,,,6400.0,"{""good"": []}",14000.0,"{""good"": []}",,"{""good"": []}",1.0,"{""good"": []}",2.0,"{""good"": []}",,"{""good"": []}",3.0,"{""good"": []}",,,-1.650096496,"{""good"": []}",,,0.0,"{""good"": []}",,,0.0,"{""good"": []}",,,13.24530991,"{""good"": []}",29383.5,"{""good"": []}",0.0,"{""good"": []}",RERA,"{""good"": []}",81.075,"{""good"": []}",,,15.54075479,"{""suspect"": [""1 case(s) of \""qc persistence check failed: expected variation above 0.001\""""]}",,,14.56363294,"{""good"": []}",205.7872938,"{""good"": []}",20.90883333,"{""good"": []}"
2026-09-30 19:08:00+00:00,Aberdaron Automatic Weather Station,-4.74,52.79,0.0,"{""good"": []}",999.665,"{""good"": []}",,,14.67535559,"{""good"": []}",,,,,6400.0,"{""good"": []}",14000.0,"{""good"": []}",,"{""good"": []}",1.0,"{""good"": []}",2.0,"{""good"": []}",,"{""good"": []}",3.0,"{""good"": []}",,,-1.671426018,"{""good"": []}",,,0.0,"{""good"": []}",,,0.0,"{""good"": []}",,,13.23865912,"{""good"": []}",30394.5,"{""good"": []}",0.0,"{""good"": []}",RERA,"{""good"": []}",81.125,"{""good"": []}",,,15.54070482,"{""suspect"": [""1 case(s) of \""qc persistence check failed: expected variation above 0.001\""""]}",,,14.56348297,"{""good"": []}",207.6867197,"{""good"": []}",18.87316667,"{""good"": []}"
2026-09-30 19:09:00+00:00,Aberdaron Automatic Weather Station,-4.74,52.79,0.0,"{""good"": []}",999.7,"{""good"": []}",,,14.66188402,"{""good"": []}",,,,,6400.0,"{""good"": []}",14000.0,"{""good"": []}",,"{""good"": []}",1.0,"{""good"": []}",1.0,"{""good"": []}",,"{""good"": []}",2.0,"{""good"": []}",,,-1.69558523,"{""good"": []}",,,0.0,"{""good"": []}",,,0.0,"{""good"": []}",,,13.20626743,"{""good"": []}",27310.0,"{""good"": []}",0.0,"{""good"": []}",RERA,"{""good"": []}",81.6,"{""good"": []}",,,15.54060486,"{""suspect"": [""1 case(s) of \""qc persistence check failed: expected variation above 0.001\""""]}",,,14.56363294,"{""good"": []}",207.1049786,"{""good"": []}",16.84495833,"{""good"": []}"
2026-09-30 19:10:00+00:00,Aberdaron Automatic Weather Station,-4.74,52.79,0.0,"{""good"": []}",999.705,"{""good"": []}",,,14.60935445,"{""good"": []}",,,,,14000.0,"{""good"": []}",,"{""good"": []}",,"{""good"": []}",1.0,"{""good"": []}",,"{""good"": []}",,"{""good"": []}",1.0,"{""good"": []}",,,-1.721995474,"{""good"": []}",,,0.0,"{""good"": []}",,,0.0,"{""good"": []}",,,13.11547322,"{""good"": []}",24251.5,"{""good"": []}",0.0,"{""good"": []}",RERA,"{""good"": []}",82.575,"{""good"": []}",,,15.54080477,"{""suspect"": [""1 case(s) of \""qc persistence check failed: expected variation above 0.001\""""]}",,,14.56388289,"{""good"": []}",205.2434668,"{""good"": []}",18.147375,"{""good"": []}"
2026-09-30 19:11:00+00:00,Aberdaron Automatic Weather Station,-4.74,52.79,0.0,"{""good"": []}",999.725,"{""good"": []}",,,14.61056594,"{""good"": []}",,,,,14000.0,"{""good"": []}",,"{""good"": []}",,"{""good"": []}",1.0,"{""good"": []}",,"{""good"": []}",,"{""good"": []}",1.0,"{""good"": []}",,,-1.746120012,"{""good"": []}",,,0.0,"{""good"": []}",,,0.0,"{""good"": []}",,,13.14746751,"{""good"": []}",22668.5,"{""good"": []}",0.0,"{""good"": []}",RERA,"{""good"": []}",82.25,"{""good"": []}",,,15.54060486,"{""suspect"": [""1 case(s) of \""qc persistence check failed: expected variation above 0.001\""""]}",,,14.56398287,"{""good"": []}",207.1910402,"{""good"": []}",18.79933333,"{""good"": []}"
2026-09-30 19:12:00+00:00,Aberdaron Automatic Weather Station,-4.74,52.79,0.0,"{""good"": []}",999.73,"{""good"": []}",,,14.68166333,"{""good"": []}",,,,,14000.0,"{""good"": []}",,"{""good"": []}",,"{""good"": []}",1.0,"{""good"": []}",,"{""good"": []}",,"{""good"": []}",1.0,"{""good"": []}",,,-1.772735387,"{""good"": []}",,,0.0,"{""good"": []}",,,0.0,"{""good"": []}",,,13.18510036,"{""good"": []}",27434.0,"{""good"": []}",0.0,"{""good"": []}",RERA,"{""good"": []}",82.35,"{""good"": []}",,,15.54075479,"{""suspect"": [""1 case(s) of \""qc persistence check failed: expected variation above 0.001\""""]}",,,14.56423282,"{""good"": []}",206.4517182,"{""good"": []}",17.04458333,"{""good"": []}"
2026-09-30 19:13:00+00:00,Aberdaron Automatic Weather Station,-4.74,52.79,0.0,"{""good"": []}",999.755,"{""good"": []}",,,14.68368081,"{""good"": []}",,,,,14000.0,"{""good"": []}",20000.0,"{""good"": []}",,"{""good"": []}",1.0,"{""good"": []}",1.0,"{""good"": []}",,"{""good"": []}",2.0,"{""good"": []}",,,-1.80514675,"{""good"": []}",,,0.0,"{""good"": []}",,,0.0,"{""good"": []}",,,13.19482787,"{""good"": []}",25006.0,"{""good"": []}",0.0,"{""good"": []}",RERA,"{""good"": []}",82.675,"{""good"": []}",,,15.54060486,"{""suspect"": [""1 case(s) of \""qc persistence check failed: expected variation above 0.001\""""]}",,,14.56418283,"{""good"": []}",204.4596405,"{""good"": []}",16.35175,"{""good"": []}"
2026-09-30 19:14:00+00:00,Aberdaron Automatic Weather Station,-4.74,52.79,0.0,"{""good"": []}",999.755,"{""good"": []}",,,14.66758603,"{""good"": []}",,,,,14000.0,"{""good"": []}",20000.0,"{""good"": []}",,"{""good"": []}",1.0,"{""good"": []}",1.0,"{""good"": []}",,"{""good"": []}",2.0,"{""good"": []}",,,-1.837334826,"{""good"": []}",,,0.0,"{""good"": []}",,,0.0,"{""good"": []}",,,13.17210369,"{""good"": []}",25614.5,"{""good"": []}",0.0,"{""good"": []}",RERA,"{""good"": []}",82.075,"{""good"": []}",,,15.54050491,"{""suspect"": [""1 case(s) of \""qc persistence check failed: expected variation above 0.001\""""]}",,,14.56438529,"{""good"": []}",204.5889589,"{""good"": []}",18.67075,"{""good"": []}"
2026-09-30 19:15:00+00:00,Aberdaron Automatic Weather Station,-4.74,52.79,0.0,"{""good"": []}",999.785,"{""good"": []}",,,14.6729326,"{""good"": []}",,,,,15000.0,"{""good"": []}",20000.0,"{""good"": []}",,"{""good"": []}",1.0,"{""good"": []}",2.0,"{""good"": []}",,"{""good"": []}",3.0,"{""good"": []}",,,-1.864485103,"{""good"": []}",,,0.0,"{""good"": []}",,,0.0,"{""good"": []}",,,13.20903672,"{""good"": []}",30671.0,"{""good"": []}",0.0,"{""good"": []}",RERA,"{""good"": []}",81.625,"{""good"": []}",,,15.54055488,"{""suspect"": [""1 case(s) of \""qc persistence check failed: expected variation above 0.001\""""]}",,,14.56438779,"{""good"": []}",201.4628452,"{""good"": []}",18.045875,"{""good"": []}"
2026-09-30 19:16:00+00:00,Aberdaron Automatic Weather Station,-4.74,52.79,0.0,"{""good"": []}",999.795,"{""good"": []}",,,14.63216249,"{""good"": []}",,,,,20000.0,"{""good"": []}",,"{""good"": []}",,"{""good"": []}",2.0,"{""good"": []}",,"{""good"": []}",,"{""good"": []}",2.0,"{""good"": []}",,,-1.865672912,"{""good"": []}",,,0.0,"{""good"": []}",,,0.0,"{""good"": []}",,,13.22828428,"{""good"": []}",26682.5,"{""good"": []}",0.0,"{""good"": []}",RERA,"{""good"": []}",81.875,"{""good"": []}",,,15.54044993,"{""suspect"": [""1 case(s) of \""qc persistence check failed: expected variation above 0.001\""""]}",,,14.56453776,"{""good"": []}",206.1432535,"{""good"": []}",17.342875,"{""good"": []}"
2026-09-30 19:17:00+00:00,Aberdaron Automatic Weather Station,-4.74,52.79,0.0,"{""good"": []}",999.815,"{""good"": []}",,,14.57792331,"{""good"": []}",,,,,20000.0,"{""good"": []}",,"{""good"": []}",,"{""good"": []}",2.0,"{""good"": []}",,"{""good"": []}",,"{""good"": []}",2.0,"{""good"": []}",,,-1.853852242,"{""good"": []}",,,0.0,"{""good"": []}",,,0.0,"{""good"": []}",,,13.21246334,"{""good"": []}",25895.0,"{""good"": []}",0.0,"{""good"": []}",RERA,"{""good"": []}",82.45,"{""good"": []}",,,15.54040245,"{""suspect"": [""1 case(s) of \""qc persistence check failed: expected variation above 0.001\""""]}",,,14.56459025,"{""good"": []}",208.0026812,"{""good"": []}",17.22820833,"{""good"": []}"
2026-09-30 19:18:00+00:00,Aberdaron Automatic Weather Station,-4.74,52.79,0.0,"{""good"": []}",999.815,"{""good"": []}",,,14.61046832,"{""good"": []}",,,,,19000.0,"{""good"": []}",,"{""good"": []}",,"{""good"": []}",3.0,"{""good"": []}",,"{""good"": []}",,"{""good"": []}",3.0,"{""good"": []}",,,-1.839822227,"{""good"": []}",,,0.0,"{""good"": []}",,,0.0,"{""good"": []}",,,13.19064643,"{""good"": []}",26254.0,"{""good"": []}",0.0,"{""good"": []}",RERA,"{""good"": []}",81.9,"{""good"": []}",,,15.54034998,"{""suspect"": [""1 case(s) of \""qc persistence check failed: expected variation above 0.001\""""]}",,,14.56474272,"{""good"": []}",205.5293907,"{""good"": []}",17.39454167,"{""good"": []}"
2026-09-30 19:19:00+00:00,Aberdaron Automatic Weather Station,-4.74,52.79,0.0,"{""good"": []}",999.795,"{""good"": []}",,,14.64462781,"{""good"": []}",,,,,19000.0,"{""good"": []}",,"{""good"": []}",,"{""good"": []}",3.0,"{""good"": []}",,"{""good"": []}",,"{""good"": []}",3.0,"{""good"": []}",,,-1.827942126,"{""good"": []}",,,0.0,"{""good"": []}",,,0.0,"{""good"": []}",,,13.15164894,"{""good"": []}",27241.5,"{""good"": []}",0.0,"{""good"": []}",RERA,"{""good"": []}",81.875,"{""good"": []}",,,15.54050241,"{""suspect"": [""1 case(s) of \""qc persistence check failed: expected variation above 0.001\""""]}",,,14.56484269,"{""good"": []}",206.242044,"{""good"": []}",18.25295833,"{""good"": []}"
2026-09-30 19:20:00+00:00,Aberdaron Automatic Weather Station,-4.74,52.79,0.0,"{""good"": []}",999.795,"{""good"": []}",,,14.65027726,"{""good"": []}",,,,,19000.0,"{""good"": []}",,"{""good"": []}",,"{""good"": []}",3.0,"{""good"": []}",,"{""good"": []}",,"{""good"": []}",3.0,"{""good"": []}",,,-1.814976128,"{""good"": []}",,,0.0,"{""good"": []}",,,0.0,"{""good"": []}",,,13.19185613,"{""good"": []}",26629.5,"{""good"": []}",0.0,"{""good"": []}",RERA,"{""good"": []}",80.5,"{""good"": []}",,,15.54065484,"{""suspect"": [""1 case(s) of \""qc persistence check failed: expected variation above 0.001\""""]}",,,14.56499266,"{""good"": []}",207.8019749,"{""good"": []}",19.94341667,"{""good"": []}"
2026-09-30 19:21:00+00:00,Aberdaron Automatic Weather Station,-4.74,52.79,0.0,"{""good"": []}",999.81,"{""good"": []}",,,14.69488459,"{""good"": []}",,,,,19000.0,"{""good"": []}",,"{""good"": []}",,"{""good"": []}",4.0,"{""good"": []}",,"{""good"": []}",,"{""good"": []}",4.0,"{""good"": []}",,,-1.794690745,"{""good"": []}",,,0.0,"{""good"": []}",,,0.0,"{""good"": []}",,,13.22974141,"{""good"": []}",31302.0,"{""good"": []}",0.0,"{""good"": []}",RERA,"{""good"": []}",80.225,"{""good"": []}",,,15.54045243,"{""suspect"": [""1 case(s) of \""qc persistence check failed: expected variation above 0.001\""""]}",,,14.56509264,"{""good"": []}",208.2817385,"{""good"": []}",19.032625,"{""good"": []}"
2026-09-30 19:22:00+00:00,Aberdaron Automatic Weather Station,-4.74,52.79,0.0,"{""good"": []}",999.82,"{""good"": []}",,,14.6733381,"{""good"": []}",,,,,19000.0,"{""good"": []}",,"{""good"": []}",,"{""good"": []}",4.0,"{""good"": []}",,"{""good"": []}",,"{""good"": []}",4.0,"{""good"": []}",,,-1.778321355,"{""good"": []}",,,0.0,"{""good"": []}",,,0.0,"{""good"": []}",,,13.21407293,"{""good"": []}",30928.0,"{""good"": []}",0.0,"{""good"": []}",RERA,"{""good"": []}",80.55,"{""good"": []}",,,15.54045243,"{""suspect"": [""1 case(s) of \""qc persistence check failed: expected variation above 0.001\""""]}",,,14.56514263,"{""good"": []}",208.3393106,"{""good"": []}",18.65695833,"{""good"": []}"
2026-09-30 19:23:00+00:00,Aberdaron Automatic Weather Station,-4.74,52.79,0.0,"{""good"": []}",999.83,"{""good"": []}",,,14.64054029,"{""good"": []}",,,,,19000.0,"{""good"": []}",,"{""good"": []}",,"{""good"": []}",5.0,"{""good"": []}",,"{""good"": []}",,"{""good"": []}",5.0,"{""good"": []}",,,-1.764408957,"{""good"": []}",,,0.0,"{""good"": []}",,,0.0,"{""good"": []}",,,13.19069642,"{""good"": []}",30451.0,"{""good"": []}",0.0,"{""good"": []}",RERA,"{""good"": []}",81.075,"{""good"": []}",,,15.54050491,"{""suspect"": [""1 case(s) of \""qc persistence check failed: expected variation above 0.001\""""]}",,,14.56524261,"{""good"": []}",205.5565013,"{""good"": []}",16.72666667,"{""good"": []}"
2026-09-30 19:24:00+00:00,Aberdaron Automatic Weather Station,-4.74,52.79,0.0,"{""good"": []}",999.845,"{""good"": []}",,,14.61405022,"{""good"": []}",,,,,19000.0,"{""good"": []}",,"{""good"": []}",,"{""good"": []}",5.0,"{""good"": []}",,"{""good"": []}",,"{""good"": []}",5.0,"{""good"": []}",,,-1.753659324,"{""good"": []}",,,0.0,"{""good"": []}",,,0.0,"{""good"": []}",,,13.1525562,"{""good"": []}",29085.0,"{""good"": []}",0.0,"{""good"": []}",RERA,"{""good"": []}",81.375,"{""good"": []}",,,15.54039996,"{""suspect"": [""1 case(s) of \""qc persistence check failed: expected variation above 0.001\""""]}",,,14.56544257,"{""good"": []}",206.4971473,"{""good"": []}",18.23,"{""good"": []}"
2026-09-30 19:25:00+00:00,Aberdaron Automatic Weather Station,-4.74,52.79,0.0,"{""good"": []}",999.84,"{""good"": []}",,,14.59931461,"{""good"": []}",,,,,19000.0,"{""good"": []}",,"{""good"": []}",,"{""good"": []}",5.0,"{""good"": []}",,"{""good"": []}",,"{""good"": []}",5.0,"{""good"": []}",,,-1.745755888,"{""good"": []}",,,0.0,"{""good"": []}",,,0.0,"{""good"": []}",,,13.16530293,"{""good"": []}",24979.0,"{""good"": []}",0.0,"{""good"": []}",RERA,"{""good"": []}",81.625,"{""good"": []}",,,15.54039996,"{""suspect"": [""1 case(s) of \""qc persistence check failed: expected variation above 0.001\""""]}",,,14.56559504,"{""good"": []}",203.9835911,"{""good"": []}",17.02841667,"{""good"": []}"
2026-09-30 19:26:00+00:00,Aberdaron Automatic Weather Station,-4.74,52.79,0.0,"{""good"": []}",999.815,"{""good"": []}",,,14.55319541,"{""good"": []}",,,,,19000.0,"{""good"": []}",,"{""good"": []}",,"{""good"": []}",5.0,"{""good"": []}",,"{""good"": []}",,"{""good"": []}",5.0,"{""good"": []}",,,-1.740048184,"{""good"": []}",,,0.0,"{""good"": []}",,,0.0,"{""good"": []}",,,13.11955467,"{""good"": []}",25570.0,"{""good"": []}",0.0,"{""good"": []}",RERA,"{""good"": []}",81.0,"{""good"": []}",,,15.54034998,"{""suspect"": [""1 case(s) of \""qc persistence check failed: expected variation above 0.001\""""]}",,,14.56554505,"{""good"": []}",202.9691253,"{""good"": []}",18.06266667,"{""good"": []}"
2026-09-30 19:27:00+00:00,Aberdaron Automatic Weather Station,-4.74,52.79,0.0,"{""good"": []}",999.85,"{""good"": []}",,,14.55657707,"{""good"": []}",,,,,19000.0,"{""good"": []}",,"{""good"": []}",,"{""good"": []}",5.0,"{""good"": []}",,"{""good"": []}",,"{""good"": []}",5.0,"{""good"": []}",,,-1.728974156,"{""good"": []}",,,0.0,"{""good"": []}",,,0.0,"{""good"": []}",,,13.12751513,"{""good"": []}",31044.0,"{""good"": []}",0.0,"{""good"": []}",RERA,"{""good"": []}",80.75,"{""good"": []}",,,15.54050241,"{""suspect"": [""1 case(s) of \""qc persistence check failed: expected variation above 0.001\""""]}",,,14.56570002,"{""good"": []}",206.5325789,"{""good"": []}",18.46941667,"{""good"": []}"
2026-09-30 19:28:00+00:00,Aberdaron Automatic Weather Station,-4.74,52.79,0.0,"{""good"": []}",999.875,"{""good"": []}",,,14.5900332,"{""good"": []}",,,,,19000.0,"{""good"": []}",,"{""good"": []}",,"{""good"": []}",5.0,"{""good"": []}",,"{""good"": []}",,"{""good"": []}",5.0,"{""good"": []}",,,-1.724059326,"{""good"": []}",,,0.0,"{""good"": []}",,,0.0,"{""good"": []}",,,13.12409101,"{""good"": []}",30419.5,"{""good"": []}",0.0,"{""good"": []}",RERA,"{""good"": []}",81.35,"{""good"": []}",,,15.54040245,"{""suspect"": [""1 case(s) of \""qc persistence check failed: expected variation above 0.001\""""]}",,,14.56559754,"{""good"": []}",205.7891995,"{""good"": []}",15.84291667,"{""good"": []}"
2026-09-30 19:29:00+00:00,Aberdaron Automatic Weather Station,-4.74,52.79,0.0,"{""good"": []}",999.9,"{""good"": []}",,,14.58559024,"{""good"": []}",,,,,19000.0,"{""good"": []}",,"{""good"": []}",,"{""good"": []}",5.0,"{""good"": []}",,"{""good"": []}",,"{""good"": []}",5.0,"{""good"": []}",,,-1.727634379,"{""good"": []}",,,0.0,"{""good"": []}",,,0.0,"{""good"": []}",,,13.14631031,"{""good"": []}",25412.5,"{""good"": []}",0.0,"{""good"": []}",RERA,"{""good"": []}",82.25,"{""good"": []}",,,15.54024753,"{""suspect"": [""1 case(s) of \""qc persistence check failed: expected variation above 0.001\""""]}",,,14.56585249,"{""good"": []}",205.364471,"{""good"": []}",16.530875,"{""good"": []}"
2026-09-30 19:30:00+00:00,Aberdaron Automatic Weather Station,-4.74,52.79,0.0,"{""good"": []}",999.915,"{""good"": []}",,,14.5682314,"{""good"": []}",,,,,19000.0,"{""good"": []}",,"{""good"": []}",,"{""good"": []}",4.0,"{""good"": []}",,"{""good"": []}",,"{""good"": []}",4.0,"{""good"": []}",,,-1.733234296,"{""good"": []}",,,0.0,"{""good"": []}",,,0.0,"{""good"": []}",,,13.17976173,"{""good"": []}",23236.0,"{""good"": []}",0.0,"{""good"": []}",REUP,"{""good"": []}",82.4,"{""good"": []}",,,15.54050241,"{""suspect"": [""1 case(s) of \""qc persistence check failed: expected variation above 0.001\""""]}",,,14.56595247,"{""good"": []}",203.1824155,"{""good"": []}",19.05020833,"{""good"": []}"
2026-09-30 19:31:00+00:00,Aberdaron Automatic Weather Station,-4.74,52.79,0.0,"{""good"": []}",999.935,"{""good"": []}",,,14.58730485,"{""good"": []}",,,,,19000.0,"{""good"": []}",,"{""good"": []}",,"{""good"": []}",4.0,"{""good"": []}",,"{""good"": []}",,"{""good"": []}",4.0,"{""good"": []}",,,-1.7366323,"{""good"": []}",,,0.0,"{""good"": []}",,,0.0,"{""good"": []}",,,13.19588509,"{""good"": []}",25883.5,"{""good"": []}",0.0,"{""good"": []}",REUP,"{""good"": []}",81.975,"{""good"": []}",,,15.54024753,"{""suspect"": [""1 case(s) of \""qc persistence check failed: expected variation above 0.001\""""]}",,,14.56615243,"{""good"": []}",203.3505812,"{""good"": []}",19.666625,"{""good"": []}"
2026-09-30 19:32:00+00:00,Aberdaron Automatic Weather Station,-4.74,52.79,0.0,"{""good"": []}",999.955,"{""good"": []}",,,14.62534911,"{""good"": []}",,,,,19000.0,"{""good"": []}",,"{""good"": []}",,"{""good"": []}",4.0,"{""good"": []}",,"{""good"": []}",,"{""good"": []}",4.0,"{""good"": []}",,,-1.743578145,"{""good"": []}",,,0.0,"{""good"": []}",,,0.0,"{""good"": []}",,,13.23906402,"{""good"": []}",27238.5,"{""good"": []}",0.0,"{""good"": []}",REUP,"{""good"": []}",81.725,"{""good"": []}",,,15.54044993,"{""suspect"": [""1 case(s) of \""qc persistence check failed: expected variation above 0.001\""""]}",,,14.56605245,"{""good"": []}",204.2712604,"{""good"": []}",19.74329167,"{""good"": []}"
2026-09-30 19:33:00+00:00,Aberdaron Automatic Weather Station,-4.74,52.79,0.0,"{""good"": []}",999.96,"{""good"": []}",,,14.68444175,"{""good"": []}",,,,,19000.0,"{""good"": []}",,"{""good"": []}",,"{""good"": []}",4.0,"{""good"": []}",,"{""good"": []}",,"{""good"": []}",4.0,"{""good"": []}",,,-1.752058941,"{""good"": []}",,,0.0,"{""good"": []}",,,0.0,"{""good"": []}",,,13.27856638,"{""good"": []}",29550.5,"{""good"": []}",0.0,"{""good"": []}",NSW,"{""good"": []}",82.025,"{""good"": []}",,,15.54039996,"{""suspect"": [""1 case(s) of \""qc persistence check failed: expected variation above 0.001\""""]}",,,14.5663024,"{""good"": []}",204.142259,"{""good"": []}",19.664375,"{""good"": []}"
2026-09-30 19:34:00+00:00,Aberdaron Automatic Weather Station,-4.74,52.79,0.0,"{""good"": []}",999.96,"{""good"": []}",,,14.70890933,"{""good"": []}",,,,,19000.0,"{""good"": []}",,"{""good"": []}",,"{""good"": []}",4.0,"{""good"": []}",,"{""good"": []}",,"{""good"": []}",4.0,"{""good"": []}",,,-1.757071969,"{""good"": []}",,,0.0,"{""good"": []}",,,0.0,"{""good"": []}",,,13.31665661,"{""good"": []}",27584.0,"{""good"": []}",0.0,"{""good"": []}",NSW,"{""good"": []}",82.125,"{""good"": []}",,,15.54014507,"{""suspect"": [""1 case(s) of \""qc persistence check failed: expected variation above 0.001\""""]}",,,14.56625241,"{""good"": []}",202.725245,"{""good"": []}",17.62325,"{""good"": []}"
2026-09-30 19:35:00+00:00,Aberdaron Automatic Weather Station,-4.74,52.79,0.0,"{""good"": []}",999.985,"{""good"": []}",,,14.66460737,"{""good"": []}",,,,,19000.0,"{""good"": []}",,"{""good"": []}",,"{""good"": []}",3.0,"{""good"": []}",,"{""good"": []}",,"{""good"": []}",3.0,"{""good"": []}",,,-1.763634392,"{""good"": []}",,,0.0,"{""good"": []}",,,0.0,"{""good"": []}",,,13.31292757,"{""good"": []}",25409.5,"{""good"": []}",0.0,"{""good"": []}",NSW,"{""good"": []}",82.45,"{""good"": []}",,,15.54019505,"{""suspect"": [""1 case(s) of \""qc persistence check failed: expected variation above 0.001\""""]}",,,14.56625241,"{""good"": []}",203.0727668,"{""good"": []}",19.212625,"{""good"": []}"
2026-09-30 19:36:00+00:00,Aberdaron Automatic Weather Station,-4.74,52.79,0.0,"{""good"": []}",999.99,"{""good"": []}",,,14.6259048,"{""good"": []}",,,,,19000.0,"{""good"": []}",,"{""good"": []}",,"{""good"": []}",3.0,"{""good"": []}",,"{""good"": []}",,"{""good"": []}",3.0,"{""good"": []}",,,-1.765855712,"{""good"": []}",,,0.0,"{""good"": []}",,,0.0,"{""good"": []}",,,13.33096294,"{""good"": []}",25233.0,"{""good"": []}",0.0,"{""good"": []}",NSW,"{""good"": []}",81.625,"{""good"": []}",,,15.54039996,"{""suspect"": [""1 case(s) of \""qc persistence check failed: expected variation above 0.001\""""]}",,,14.56645236,"{""good"": []}",202.3189478,"{""good"": []}",21.74845833,"{""good"": []}"
2026-09-30 19:37:00+00:00,Aberdaron Automatic Weather Station,-4.74,52.79,0.0,"{""good"": []}",999.99,"{""good"": []}",,,14.64901821,"{""good"": []}",,,,,19000.0,"{""good"": []}",,"{""good"": []}",,"{""good"": []}",3.0,"{""good"": []}",,"{""good"": []}",,"{""good"": []}",3.0,"{""good"": []}",,,-1.768751433,"{""good"": []}",,,0.0,"{""good"": []}",,,0.0,"{""good"": []}",,,13.30370744,"{""good"": []}",29888.5,"{""good"": []}",0.0,"{""good"": []}",NSW,"{""good"": []}",80.425,"{""good"": []}",,,15.54039996,"{""suspect"": [""1 case(s) of \""qc persistence check failed: expected variation above 0.001\""""]}",,,14.56645236,"{""good"": []}",201.7144635,"{""good"": []}",20.5905,"{""good"": []}"
2026-09-30 19:38:00+00:00,Aberdaron Automatic Weather Station,-4.74,52.79,0.0,"{""good"": []}",1000.02,"{""good"": []}",,,14.67172111,"{""good"": []}",,,,,19000.0,"{""good"": []}",,"{""good"": []}",,"{""good"": []}",3.0,"{""good"": []}",,"{""good"": []}",,"{""good"": []}",3.0,"{""good"": []}",,,-1.766937472,"{""good"": []}",,,0.0,"{""good"": []}",,,0.0,"{""good"": []}",,,13.30159048,"{""good"": []}",29732.5,"{""good"": []}",0.0,"{""good"": []}",NSW,"{""good"": []}",81.025,"{""good"": []}",,,15.54014507,"{""suspect"": [""1 case(s) of \""qc persistence check failed: expected variation above 0.001\""""]}",,,14.56650235,"{""good"": []}",201.3848588,"{""good"": []}",18.14866667,"{""good"": []}"
2026-09-30 19:39:00+00:00,Aberdaron Automatic Weather Station,-4.74,52.79,0.0,"{""good"": []}",1000.03,"{""good"": []}",,,14.6458393,"{""good"": []}",,,,,19000.0,"{""good"": []}",,"{""good"": []}",,"{""good"": []}",3.0,"{""good"": []}",,"{""good"": []}",,"{""good"": []}",3.0,"{""good"": []}",,,-1.766054217,"{""good"": []}",,,0.0,"{""good"": []}",,,0.0,"{""good"": []}",,,13.30204536,"{""good"": []}",26843.5,"{""good"": []}",0.0,"{""good"": []}",NSW,"{""good"": []}",81.225,"{""good"": []}",,,15.54024753,"{""suspect"": [""1 case(s) of \""qc persistence check failed: expected variation above 0.001\""""]}",,,14.56665232,"{""good"": []}",199.7981796,"{""good"": []}",20.4285,"{""good"": []}"
2026-09-30 19:40:00+00:00,Aberdaron Automatic Weather Station,-4.74,52.79,0.0,"{""good"": []}",1000.05,"{""good"": []}",,,14.6320098,"{""good"": []}",,,,,19000.0,"{""good"": []}",,"{""good"": []}",,"{""good"": []}",3.0,"{""good"": []}",,"{""good"": []}",,"{""good"": []}",3.0,"{""good"": []}",,,-1.767980011,"{""good"": []}",,,0.0,"{""good"": []}",,,0.0,"{""good"": []}",,,13.28697923,"{""good"": []}",27196.5,"{""good"": []}",0.0,"{""good"": []}",NSW,"{""good"": []}",80.75,"{""good"": []}",,,15.5400951,"{""suspect"": [""1 case(s) of \""qc persistence check failed: expected variation above 0.001\""""]}",,,14.56665232,"{""good"": []}",200.207979,"{""good"": []}",17.83633333,"{""good"": []}"
2026-09-30 19:41:00+00:00,Aberdaron Automatic Weather Station,-4.74,52.79,0.0,"{""good"": []}",1000.03,"{""good"": []}",,,14.63080081,"{""good"": []}",,,,,19000.0,"{""good"": []}",,"{""good"": []}",,"{""good"": []}",3.0,"{""good"": []}",,"{""good"": []}",,"{""good"": []}",3.0,"{""good"": []}",,,-1.771073428,"{""good"": []}",,,0.0,"{""good"": []}",,,0.0,"{""good"": []}",,,13.30874364,"{""good"": []}",25592.5,"{""good"": []}",0.0,"{""good"": []}",NSW,"{""good"": []}",80.975,"{""good"": []}",,,15.54025002,"{""suspect"": [""1 case(s) of \""qc persistence check failed: expected variation above 0.001\""""]}",,,14.56670231,"{""good"": []}",202.5910317,"{""good"": []}",18.86333333,"{""good"": []}"
2026-09-30 19:42:00+00:00,Aberdaron Automatic Weather Station,-4.74,52.79,0.0,"{""good"": []}",1000.025,"{""good"": []}",,,14.65048251,"{""good"": []}",,,,,19000.0,"{""good"": []}",,"{""good"": []}",,"{""good"": []}",3.0,"{""good"": []}",,"{""good"": []}",,"{""good"": []}",3.0,"{""good"": []}",,,-1.774453276,"{""good"": []}",,,0.0,"{""good"": []}",,,0.0,"{""good"": []}",,,13.30511957,"{""good"": []}",26619.0,"{""good"": []}",0.0,"{""good"": []}",NSW,"{""good"": []}",81.575,"{""good"": []}",,,15.5402975,"{""suspect"": [""1 case(s) of \""qc persistence check failed: expected variation above 0.001\""""]}",,,14.5667523,"{""good"": []}",202.2082521,"{""good"": []}",17.98666667,"{""good"": []}"
2026-09-30 19:43:00+00:00,Aberdaron Automatic Weather Station,-4.74,52.79,0.0,"{""good"": []}",1000.01,"{""good"": []}",,,14.62459318,"{""good"": []}",,,,,19000.0,"{""good"": []}",,"{""good"": []}",,"{""good"": []}",3.0,"{""good"": []}",,"{""good"": []}",,"{""good"": []}",3.0,"{""good"": []}",,,-1.781409857,"{""good"": []}",,,0.0,"{""good"": []}",,,0.0,"{""good"": []}",,,13.2465696,"{""good"": []}",24555.5,"{""good"": []}",0.0,"{""good"": []}",NSW,"{""good"": []}",81.375,"{""good"": []}",,,15.54024753,"{""suspect"": [""1 case(s) of \""qc persistence check failed: expected variation above 0.001\""""]}",,,14.56680479,"{""good"": []}",203.3520977,"{""good"": []}",18.91608333,"{""good"": []}"
2026-09-30 19:44:00+00:00,Aberdaron Automatic Weather Station,-4.74,52.79,0.0,"{""good"": []}",999.97,"{""good"": []}",,,14.63009244,"{""good"": []}",,,,,19000.0,"{""good"": []}",,"{""good"": []}",,"{""good"": []}",3.0,"{""good"": []}",,"{""good"": []}",,"{""good"": []}",3.0,"{""good"": []}",,,-1.788631822,"{""good"": []}",,,0.0,"{""good"": []}",,,0.0,"{""good"": []}",,,13.19774961,"{""good"": []}",28352.0,"{""good"": []}",0.0,"{""good"": []}",NSW,"{""good"": []}",80.6,"{""good"": []}",,,15.5403,"{""suspect"": [""1 case(s) of \""qc persistence check failed: expected variation above 0.001\""""]}",,,14.5667523,"{""good"": []}",203.9949489,"{""good"": []}",19.66758333,"{""good"": []}"
2026-09-30 19:45:00+00:00,Aberdaron Automatic Weather Station,-4.74,52.79,0.0,"{""good"": []}",999.965,"{""good"": []}",,,14.61405022,"{""good"": []}",,,,,19000.0,"{""good"": []}",,"{""good"": []}",,"{""good"": []}",3.0,"{""good"": []}",,"{""good"": []}",,"{""good"": []}",3.0,"{""good"": []}",,,-1.794816179,"{""good"": []}",,,0.0,"{""good"": []}",,,0.0,"{""good"": []}",,,13.19815201,"{""good"": []}",30169.5,"{""good"": []}",0.0,"{""good"": []}",NSW,"{""good"": []}",80.125,"{""good"": []}",,,15.54014507,"{""suspect"": [""1 case(s) of \""qc persistence check failed: expected variation above 0.001\""""]}",,,14.56695726,"{""good"": []}",203.0739464,"{""good"": []}",18.58570833,"{""good"": []}"
2026-09-30 19:46:00+00:00,Aberdaron Automatic Weather Station,-4.74,52.79,0.0,"{""good"": []}",999.975,"{""good"": []}",,,14.63872556,"{""good"": []}",,,,,19000.0,"{""good"": []}",,"{""good"": []}",,"{""good"": []}",2.0,"{""good"": []}",,"{""good"": []}",,"{""good"": []}",2.0,"{""good"": []}",,,-1.802814906,"{""good"": []}",,,0.0,"{""good"": []}",,,0.0,"{""good"": []}",,,13.17094649,"{""good"": []}",29275.5,"{""good"": []}",0.0,"{""good"": []}",NSW,"{""good"": []}",80.325,"{""good"": []}",,,15.54019505,"{""suspect"": [""1 case(s) of \""qc persistence check failed: expected variation above 0.001\""""]}",,,14.56690477,"{""good"": []}",201.1934823,"{""good"": []}",18.367125,"{""good"": []}"
2026-09-30 19:47:00+00:00,Aberdaron Automatic Weather Station,-4.74,52.79,0.0,"{""good"": []}",999.975,"{""good"": []}",,,14.62141678,"{""good"": []}",,,,,19000.0,"{""good"": []}",,"{""good"": []}",,"{""good"": []}",2.0,"{""good"": []}",,"{""good"": []}",,"{""good"": []}",2.0,"{""good"": []}",,,-1.809526326,"{""good"": []}",,,0.0,"{""good"": []}",,,0.0,"{""good"": []}",,,13.20218348,"{""good"": []}",28251.0,"{""good"": []}",0.0,"{""good"": []}",NSW,"{""good"": []}",81.0,"{""good"": []}",,,15.53984771,"{""good"": []}",,,14.56690227,"{""good"": []}",201.3311508,"{""good"": []}",18.18425,"{""good"": []}"
2026-09-30 19:48:00+00:00,Aberdaron Automatic Weather Station,-4.74,52.79,0.0,"{""good"": []}",999.985,"{""good"": []}",,,14.56813127,"{""good"": []}",,,,,19000.0,"{""good"": []}",,"{""good"": []}",,"{""good"": []}",2.0,"{""good"": []}",,"{""good"": []}",,"{""good"": []}",2.0,"{""good"": []}",,,-1.819742248,"{""good"": []}",,,0.0,"{""good"": []}",,,0.0,"{""good"": []}",,,13.17195123,"{""good"": []}",27524.0,"{""good"": []}",0.0,"{""good"": []}",NSW,"{""good"": []}",80.475,"{""good"": []}",,,15.54014507,"{""good"": []}",,,14.56705724,"{""good"": []}",198.3705195,"{""good"": []}",16.26241667,"{""good"": []}"
2026-09-30 19:49:00+00:00,Aberdaron Automatic Weather Station,-4.74,52.79,0.0,"{""good"": []}",1000.015,"{""good"": []}",,,14.53664757,"{""good"": []}",,,,,19000.0,"{""good"": []}",,"{""good"": []}",,"{""good"": []}",2.0,"{""good"": []}",,"{""good"": []}",,"{""good"": []}",2.0,"{""good"": []}",,,-1.829995318,"{""good"": []}",,,0.0,"{""good"": []}",,,0.0,"{""good"": []}",,,13.08771034,"{""good"": []}",26488.5,"{""good"": []}",0.0,"{""good"": []}",NSW,"{""good"": []}",81.0,"{""good"": []}",,,15.54014507,"{""good"": []}",,,14.56715972,"{""good"": []}",199.7156423,"{""good"": []}",16.344375,"{""good"": []}"
2026-09-30 19:50:00+00:00,Aberdaron Automatic Weather Station,-4.74,52.79,0.0,"{""good"": []}",1000.03,"{""good"": []}",,,14.5914975,"{""good"": []}",,,,,19000.0,"{""good"": []}",,"{""good"": []}",,"{""good"": []}",2.0,"{""good"": []}",,"{""good"": []}",,"{""good"": []}",2.0,"{""good"": []}",,,-1.835921317,"{""good"": []}",,,0.0,"{""good"": []}",,,0.0,"{""good"": []}",,,13.10972969,"{""good"": []}",21987.5,"{""good"": []}",0.0,"{""good"": []}",NSW,"{""good"": []}",80.3,"{""good"": []}",,,15.54019755,"{""good"": []}",,,14.56720971,"{""good"": []}",199.1204044,"{""good"": []}",18.21383333,"{""good"": []}"
2026-09-30 19:51:00+00:00,Aberdaron Automatic Weather Station,-4.74,52.79,0.0,"{""good"": []}",1000.06,"{""good"": []}",,,14.60814546,"{""good"": []}",,,,,19000.0,"{""good"": []}",,"{""good"": []}",,"{""good"": []}",1.0,"{""good"": []}",,"{""good"": []}",,"{""good"": []}",1.0,"{""good"": []}",,,-1.840465079,"{""good"": []}",,,0.0,"{""good"": []}",,,0.0,"{""good"": []}",,,13.14947949,"{""good"": []}",25200.0,"{""good"": []}",0.0,"{""good"": []}",NSW,"{""good"": []}",80.175,"{""good"": []}",,,15.54019755,"{""good"": []}",,,14.56700475,"{""good"": []}",200.9489171,"{""good"": []}",18.894875,"{""good"": []}"
2026-09-30 19:52:00+00:00,Aberdaron Automatic Weather Station,-4.74,52.79,0.0,"{""good"": []}",1000.085,"{""good"": []}",,,14.64805703,"{""good"": []}",,,,,19000.0,"{""good"": []}",,"{""good"": []}",,"{""good"": []}",1.0,"{""good"": []}",,"{""good"": []}",,"{""good"": []}",1.0,"{""good"": []}",,,-1.843787156,"{""good"": []}",,,0.0,"{""good"": []}",,,0.0,"{""good"": []}",,,13.16731742,"{""good"": []}",27209.0,"{""good"": []}",0.0,"{""good"": []}",NSW,"{""good"": []}",80.8,"{""good"": []}",,,15.5402975,"{""good"": []}",,,14.56700725,"{""good"": []}",199.8530053,"{""good"": []}",17.953,"{""good"": []}"
2026-09-30 19:53:00+00:00,Aberdaron Automatic Weather Station,-4.74,52.79,0.0,"{""good"": []}",1000.09,"{""good"": []}",,,14.64054029,"{""good"": []}",,,,,19000.0,"{""good"": []}",,"{""good"": []}",,"{""good"": []}",1.0,"{""good"": []}",,"{""good"": []}",,"{""good"": []}",1.0,"{""good"": []}",,,-1.847952855,"{""good"": []}",,,0.0,"{""good"": []}",,,0.0,"{""good"": []}",,,13.21639233,"{""good"": []}",26681.0,"{""good"": []}",0.0,"{""good"": []}",NSW,"{""good"": []}",80.925,"{""good"": []}",,,15.53994517,"{""good"": []}",,,14.56715972,"{""good"": []}",202.0950726,"{""good"": []}",18.220875,"{""good"": []}"
2026-09-30 19:54:00+00:00,Aberdaron Automatic Weather Station,-4.74,52.79,0.0,"{""good"": []}",1000.095,"{""good"": []}",,,14.64926851,"{""good"": []}",,,,,19000.0,"{""good"": []}",,"{""good"": []}",,"{""good"": []}",1.0,"{""good"": []}",,"{""good"": []}",,"{""good"": []}",1.0,"{""good"": []}",,,-1.85113749,"{""good"": []}",,,0.0,"{""good"": []}",,,0.0,"{""good"": []}",,,13.23861163,"{""good"": []}",26720.0,"{""good"": []}",0.0,"{""good"": []}",NSW,"{""good"": []}",81.275,"{""good"": []}",,,15.54024753,"{""good"": []}",,,14.56741217,"{""good"": []}",201.3382938,"{""good"": []}",15.788625,"{""good"": []}"
2026-09-30 19:55:00+00:00,Aberdaron Automatic Weather Station,-4.74,52.79,0.0,"{""good"": []}",1000.14,"{""good"": []}",,,14.58276426,"{""good"": []}",,,,,19000.0,"{""good"": []}",,"{""good"": []}",,"{""good"": []}",1.0,"{""good"": []}",,"{""good"": []}",,"{""good"": []}",1.0,"{""good"": []}",,,-1.860262562,"{""good"": []}",,,0.0,"{""good"": []}",,,0.0,"{""good"": []}",,,13.19452294,"{""good"": []}",22802.0,"{""good"": []}",0.0,"{""good"": []}",NSW,"{""good"": []}",82.2,"{""good"": []}",,,15.5400951,"{""good"": []}",,,14.5672622,"{""good"": []}",201.523695,"{""good"": []}",16.80404167,"{""good"": []}"
2026-09-30 19:56:00+00:00,Aberdaron Automatic Weather Station,-4.74,52.79,0.0,"{""good"": []}",1000.13,"{""good"": []}",,,14.55783863,"{""good"": []}",,,,,19000.0,"{""good"": []}",,"{""good"": []}",,"{""good"": []}",1.0,"{""good"": []}",,"{""good"": []}",,"{""good"": []}",1.0,"{""good"": []}",,,-1.868235708,"{""good"": []}",,,0.0,"{""good"": []}",,,0.0,"{""good"": []}",,,13.23830921,"{""good"": []}",19813.0,"{""good"": []}",0.0,"{""good"": []}",NSW,"{""good"": []}",81.775,"{""good"": []}",,,15.54019755,"{""good"": []}",,,14.56741217,"{""good"": []}",202.9780498,"{""good"": []}",18.11479167,"{""good"": []}"
2026-09-30 19:57:00+00:00,Aberdaron Automatic Weather Station,-4.74,52.79,0.0,"{""good"": []}",1000.15,"{""good"": []}",,,14.61097144,"{""good"": []}",,,,,19000.0,"{""good"": []}",,"{""good"": []}",,"{""good"": []}",1.0,"{""good"": []}",,"{""good"": []}",,"{""good"": []}",1.0,"{""good"": []}",,,-1.867541084,"{""good"": []}",,,0.0,"{""good"": []}",,,0.0,"{""good"": []}",,,13.28718168,"{""good"": []}",26172.5,"{""good"": []}",0.0,"{""good"": []}",NSW,"{""good"": []}",81.125,"{""good"": []}",,,15.54004512,"{""good"": []}",,,14.56756214,"{""good"": []}",203.5313644,"{""good"": []}",19.39816667,"{""good"": []}"
2026-09-30 19:58:00+00:00,Aberdaron Automatic Weather Station,-4.74,52.79,0.0,"{""good"": []}",1000.165,"{""good"": []}",,,14.65612945,"{""good"": []}",,,,,19000.0,"{""good"": []}",,"{""good"": []}",,"{""good"": []}",1.0,"{""good"": []}",,"{""good"": []}",,"{""good"": []}",1.0,"{""good"": []}",,,-1.867296751,"{""good"": []}",,,0.0,"{""good"": []}",,,0.0,"{""good"": []}",,,13.29574698,"{""good"": []}",26092.0,"{""good"": []}",0.0,"{""good"": []}",NSW,"{""good"": []}",80.775,"{""good"": []}",,,15.54004512,"{""good"": []}",,,14.56736218,"{""good"": []}",203.1496946,"{""good"": []}",18.29475,"{""good"": []}"
2026-09-30 19:59:00+00:00,Aberdaron Automatic Weather Station,-4.74,52.79,0.0,"{""good"": []}",1000.17,"{""good"": []}",,,14.59558002,"{""good"": []}",,,,,19000.0,"{""good"": []}",,"{""good"": []}",,"{""good"": []}",1.0,"{""good"": []}",,"{""good"": []}",,"{""good"": []}",1.0,"{""good"": []}",,,-1.868499044,"{""good"": []}",,,0.0,"{""good"": []}",,,0.0,"{""good"": []}",,,13.29433734,"{""good"": []}",25043.0,"{""good"": []}",0.0,"{""good"": []}",NSW,"{""good"": []}",80.6,"{""good"": []}",,,15.53994516,"{""good"": []}",,,14.5672622,"{""good"": []}",204.2165653,"{""good"": []}",18.53391667,"{""good"": []}"
2026-09-30 20:00:00+00:00,Aberdaron Automatic Weather Station,-4.74,52.79,0.0,"{""good"": []}",1000.195,"{""good"": []}",,,14.60421063,"{""good"": []}",,,,,19000.0,"{""good"": []}",,"{""good"": []}",,"{""good"": []}",1.0,"{""good"": []}",,"{""good"": []}",,"{""good"": []}",1.0,"{""good"": []}",,,-1.868039267,"{""good"": []}",,,0.0,"{""good"": []}",,,0.0,"{""good"": []}",,,13.27151069,"{""good"": []}",26427.5,"{""good"": []}",0.0,"{""good"": []}",NSW,"{""good"": []}",80.375,"{""good"": []}",,,15.53999514,"{""good"": []}",,,14.56731219,"{""good"": []}",204.7523905,"{""good"": []}",17.75508333,"{""good"": []}"
2026-09-30 20:01:00+00:00,Aberdaron Automatic Weather Station,-4.74,52.79,0.0,"{""good"": []}",1000.235,"{""good"": []}",,,14.56313764,"{""good"": []}",,,,,19000.0,"{""good"": []}",,"{""good"": []}",,"{""good"": []}",1.0,"{""good"": []}",,"{""good"": []}",,"{""good"": []}",1.0,"{""good"": []}",,,-1.870056704,"{""good"": []}",,,0.0,"{""good"": []}",,,0.0,"{""good"": []}",,,13.20611247,"{""good"": []}",25398.0,"{""good"": []}",0.0,"{""good"": []}",NSW,"{""good"": []}",80.675,"{""good"": []}",,,15.53989519,"{""good"": []}",,,14.56746216,"{""good"": []}",205.1629078,"{""good"": []}",17.81375,"{""good"": []}"
2026-09-30 20:02:00+00:00,Aberdaron Automatic Weather Station,-4.74,52.79,0.0,"{""good"": []}",1000.25,"{""good"": []}",,,14.51863293,"{""good"": []}",,,,,19000.0,"{""good"": []}",,"{""good"": []}",,"{""good"": []}",1.0,"{""good"": []}",,"{""good"": []}",,"{""good"": []}",1.0,"{""good"": []}",,,-1.872214463,"{""good"": []}",,,0.0,"{""good"": []}",,,0.0,"{""good"": []}",,,13.17930934,"{""good"": []}",23217.5,"{""good"": []}",0.0,"{""good"": []}",NSW,"{""good"": []}",79.81,"{""good"": []}",,,15.53984521,"{""suspect"": [""1 case(s) of \""qc persistence check failed: expected variation above 0.001\""""]}",,,14.56741217,"{""good"": []}",203.3537881,"{""good"": []}",19.51904167,"{""good"": []}"
2026-09-30 20:03:00+00:00,Aberdaron Automatic Weather Station,-4.74,52.79,0.0,"{""good"": []}",1000.265,"{""good"": []}",,,14.62131415,"{""good"": []}",,,,,19000.0,"{""good"": []}",,"{""good"": []}",,"{""good"": []}",1.0,"{""good"": []}",,"{""good"": []}",,"{""good"": []}",1.0,"{""good"": []}",,,-1.867584451,"{""good"": []}",,,0.0,"{""good"": []}",,,0.0,"{""good"": []}",,,13.19926423,"{""good"": []}",28919.0,"{""good"": []}",0.0,"{""good"": []}",NSW,"{""good"": []}",79.575,"{""good"": []}",,,15.54004512,"{""suspect"": [""1 case(s) of \""qc persistence check failed: expected variation above 0.001\""""]}",,,14.56746216,"{""good"": []}",205.0204561,"{""good"": []}",18.47070833,"{""good"": []}"
2026-09-30 20:04:00+00:00,Aberdaron Automatic Weather Station,-4.74,52.79,0.0,"{""good"": []}",1000.28,"{""good"": []}",,,14.61515909,"{""good"": []}",,,,,19000.0,"{""good"": []}",,"{""good"": []}",,"{""good"": []}",1.0,"{""good"": []}",,"{""good"": []}",,"{""good"": []}",1.0,"{""good"": []}",,,-1.870992793,"{""good"": []}",,,0.0,"{""good"": []}",,,0.0,"{""good"": []}",,,13.18737227,"{""good"": []}",30121.0,"{""good"": []}",0.0,"{""good"": []}",NSW,"{""good"": []}",80.75,"{""good"": []}",,,15.53974525,"{""good"": []}",,,14.56746216,"{""good"": []}",202.2083941,"{""good"": []}",14.42408333,"{""good"": []}"
2026-09-30 20:05:00+00:00,Aberdaron Automatic Weather Station,-4.74,52.79,0.0,"{""good"": []}",1000.3,"{""good"": []}",,,14.54593149,"{""good"": []}",,,,,19000.0,"{""good"": []}",,"{""good"": []}",,"{""good"": []}",1.0,"{""good"": []}",,"{""good"": []}",,"{""good"": []}",1.0,"{""good"": []}",,,-1.875047064,"{""good"": []}",,,0.0,"{""good"": []}",,,0.0,"{""good"": []}",,,13.1439909,"{""good"": []}",20474.5,"{""good"": []}",0.0,"{""good"": []}",NSW,"{""good"": []}",82.1,"{""good"": []}",,,15.53969528,"{""good"": []}",,,14.56741217,"{""good"": []}",199.7911235,"{""good"": []}",15.862625,"{""good"": []}"
2026-09-30 20:06:00+00:00,Aberdaron Automatic Weather Station,-4.74,52.79,0.0,"{""good"": []}",1000.285,"{""good"": []}",,,14.54184396,"{""good"": []}",,,,,19000.0,"{""good"": []}",,"{""good"": []}",,"{""good"": []}",1.0,"{""good"": []}",,"{""good"": []}",,"{""good"": []}",1.0,"{""good"": []}",,,-1.883741674,"{""good"": []}",,,0.0,"{""good"": []}",,,0.0,"{""good"": []}",,,13.16061664,"{""good"": []}",20567.0,"{""good"": []}",0.0,"{""good"": []}",NSW,"{""good"": []}",83.1,"{""good"": []}",,,15.53979523,"{""good"": []}",,,14.56746216,"{""good"": []}",197.2596848,"{""good"": []}",15.69333333,"{""good"": []}"
2026-09-30 20:07:00+00:00,Aberdaron Automatic Weather Station,-4.74,52.79,0.0,"{""good"": []}",1000.295,"{""good"": []}",,,14.50899358,"{""good"": []}",,,,,19000.0,"{""good"": []}",,"{""good"": []}",,"{""good"": []}",1.0,"{""good"": []}",,"{""good"": []}",,"{""good"": []}",1.0,"{""good"": []}",,,-1.889182311,"{""good"": []}",,,0.0,"{""good"": []}",,,0.0,"{""good"": []}",,,13.17941182,"{""good"": []}",21246.5,"{""good"": []}",0.0,"{""good"": []}",NSW,"{""good"": []}",83.25,"{""good"": []}",,,15.53994516,"{""good"": []}",,,14.56741217,"{""good"": []}",201.5058553,"{""good"": []}",17.301125,"{""good"": []}"
2026-09-30 20:08:00+00:00,Aberdaron Automatic Weather Station,-4.74,52.79,0.0,"{""good"": []}",1000.305,"{""good"": []}",,,14.54406169,"{""good"": []}",,,,,19000.0,"{""good"": []}",,"{""good"": []}",,"{""good"": []}",1.0,"{""good"": []}",,"{""good"": []}",,"{""good"": []}",1.0,"{""good"": []}",,,-1.890999168,"{""good"": []}",,,0.0,"{""good"": []}",,,0.0,"{""good"": []}",,,13.23322052,"{""good"": []}",24287.5,"{""good"": []}",0.0,"{""good"": []}",NSW,"{""good"": []}",82.625,"{""good"": []}",,,15.5400951,"{""good"": []}",,,14.56746216,"{""good"": []}",198.4121118,"{""good"": []}",16.68108333,"{""good"": []}"
2026-09-30 20:09:00+00:00,Aberdaron Automatic Weather Station,-4.74,52.79,0.0,"{""good"": []}",1000.32,"{""good"": []}",,,14.49279867,"{""good"": []}",,,,,0.0,"{""good"": []}",,"{""good"": []}",,"{""good"": []}",0.0,"{""good"": []}",,"{""good"": []}",,"{""good"": []}",0.0,"{""good"": []}",,,-1.895868172,"{""good"": []}",,,0.0,"{""good"": []}",,,0.0,"{""good"": []}",,,13.23926897,"{""good"": []}",23099.0,"{""good"": []}",0.0,"{""good"": []}",NSW,"{""good"": []}",81.95,"{""good"": []}",,,15.53989519,"{""good"": []}",,,14.56730969,"{""good"": []}",203.0308055,"{""good"": []}",19.30470833,"{""good"": []}"
2026-09-30 20:10:00+00:00,Aberdaron Automatic Weather Station,-4.74,52.79,0.0,"{""good"": []}",1000.33,"{""good"": []}",,,14.51449535,"{""good"": []}",,,,,0.0,"{""good"": []}",,"{""good"": []}",,"{""good"": []}",0.0,"{""good"": []}",,"{""good"": []}",,"{""good"": []}",0.0,"{""good"": []}",,,-1.894169797,"{""good"": []}",,,0.0,"{""good"": []}",,,0.0,"{""good"": []}",,,13.25130838,"{""good"": []}",25786.5,"{""good"": []}",0.0,"{""good"": []}",NSW,"{""good"": []}",80.5,"{""good"": []}",,,15.53989519,"{""good"": []}",,,14.56751215,"{""good"": []}",202.7413736,"{""good"": []}",19.30645833,"{""good"": []}"
2026-09-30 20:11:00+00:00,Aberdaron Automatic Weather Station,-4.74,52.79,0.0,"{""good"": []}",1000.345,"{""good"": []}",,,14.59755244,"{""good"": []}",,,,,0.0,"{""good"": []}",,"{""good"": []}",,"{""good"": []}",0.0,"{""good"": []}",,"{""good"": []}",,"{""good"": []}",0.0,"{""good"": []}",,,-1.890725568,"{""good"": []}",,,0.0,"{""good"": []}",,,0.0,"{""good"": []}",,,13.26566969,"{""good"": []}",28825.0,"{""good"": []}",0.0,"{""good"": []}",NSW,"{""good"": []}",80.5,"{""good"": []}",,,15.53979523,"{""good"": []}",,,14.56731219,"{""good"": []}",202.928,"{""good"": []}",18.186375,"{""good"": []}"
2026-09-30 20:12:00+00:00,Aberdaron Automatic Weather Station,-4.74,52.79,0.0,"{""good"": []}",1000.395,"{""good"": []}",,,14.58983045,"{""good"": []}",,,,,0.0,"{""good"": []}",,"{""good"": []}",,"{""good"": []}",0.0,"{""good"": []}",,"{""good"": []}",,"{""good"": []}",0.0,"{""good"": []}",,,-1.891011191,"{""good"": []}",,,0.0,"{""good"": []}",,,0.0,"{""good"": []}",,,13.25886394,"{""good"": []}",23977.0,"{""good"": []}",0.0,"{""good"": []}",NSW,"{""good"": []}",80.825,"{""good"": []}",,,15.53969528,"{""suspect"": [""1 case(s) of \""qc persistence check failed: expected variation above 0.001\""""]}",,,14.56736218,"{""good"": []}",203.8457294,"{""good"": []}",17.90145833,"{""good"": []}"
2026-09-30 20:13:00+00:00,Aberdaron Automatic Weather Station,-4.74,52.79,0.0,"{""good"": []}",1000.41,"{""good"": []}",,,14.59164518,"{""good"": []}",,,,,0.0,"{""good"": []}",,"{""good"": []}",,"{""good"": []}",0.0,"{""good"": []}",,"{""good"": []}",,"{""good"": []}",0.0,"{""good"": []}",,,-1.888615711,"{""good"": []}",,,0.0,"{""good"": []}",,,0.0,"{""good"": []}",,,13.26163573,"{""good"": []}",23276.5,"{""good"": []}",0.0,"{""good"": []}",NSW,"{""good"": []}",81.15,"{""good"": []}",,,15.53984521,"{""suspect"": [""1 case(s) of \""qc persistence check failed: expected variation above 0.001\""""]}",,,14.56741217,"{""good"": []}",202.0859853,"{""good"": []}",17.515125,"{""good"": []}"
2026-09-30 20:14:00+00:00,Aberdaron Automatic Weather Station,-4.74,52.79,0.0,"{""good"": []}",1000.415,"{""good"": []}",,,14.55339817,"{""good"": []}",,,,,0.0,"{""good"": []}",,"{""good"": []}",,"{""good"": []}",0.0,"{""good"": []}",,"{""good"": []}",,"{""good"": []}",0.0,"{""good"": []}",,,-1.887051477,"{""good"": []}",,,0.0,"{""good"": []}",,,0.0,"{""good"": []}",,,13.26879139,"{""good"": []}",20225.5,"{""good"": []}",0.0,"{""good"": []}",NSW,"{""good"": []}",81.3,"{""good"": []}",,,15.53989519,"{""suspect"": [""1 case(s) of \""qc persistence check failed: expected variation above 0.001\""""]}",,,14.5672622,"{""good"": []}",199.3887637,"{""good"": []}",18.14579167,"{""good"": []}"
2026-09-30 20:15:00+00:00,Aberdaron Automatic Weather Station,-4.74,52.79,0.0,"{""good"": []}",1000.435,"{""good"": []}",,,14.55400141,"{""good"": []}",,,,,0.0,"{""good"": []}",,"{""good"": []}",,"{""good"": []}",0.0,"{""good"": []}",,"{""good"": []}",,"{""good"": []}",0.0,"{""good"": []}",,,-1.889900165,"{""good"": []}",,,0.0,"{""good"": []}",,,0.0,"{""good"": []}",,,13.27307279,"{""good"": []}",21952.5,"{""good"": []}",0.0,"{""good"": []}",NSW,"{""good"": []}",81.1,"{""good"": []}",,,15.53974525,"{""suspect"": [""1 case(s) of \""qc persistence check failed: expected variation above 0.001\""""]}",,,14.56731219,"{""good"": []}",201.4023748,"{""good"": []}",16.34995833,"{""good"": []}"
2026-09-30 20:16:00+00:00,Aberdaron Automatic Weather Station,-4.74,52.79,0.0,"{""good"": []}",1000.475,"{""good"": []}",,,14.57908474,"{""good"": []}",,,,,2300.0,"{""good"": []}",,"{""good"": []}",,"{""good"": []}",1.0,"{""good"": []}",,"{""good"": []}",,"{""good"": []}",1.0,"{""good"": []}",,,-1.890409078,"{""good"": []}",,,0.0,"{""good"": []}",,,0.0,"{""good"": []}",,,13.28420994,"{""good"": []}",21236.5,"{""good"": []}",0.0,"{""good"": []}",NSW,"{""good"": []}",81.975,"{""good"": []}",,,15.53979523,"{""suspect"": [""1 case(s) of \""qc persistence check failed: expected variation above 0.001\""""]}",,,14.5672597,"{""good"": []}",200.5522906,"{""good"": []}",16.932375,"{""good"": []}"
2026-09-30 20:17:00+00:00,Aberdaron Automatic Weather Station,-4.74,52.79,0.0,"{""good"": []}",1000.49,"{""good"": []}",,,14.64427237,"{""good"": []}",,,,,2100.0,"{""good"": []}",,"{""good"": []}",,"{""good"": []}",1.0,"{""good"": []}",,"{""good"": []}",,"{""good"": []}",1.0,"{""good"": []}",,,-1.88738625,"{""good"": []}",,,0.0,"{""good"": []}",,,0.0,"{""good"": []}",,,13.38749345,"{""good"": []}",20207.0,"{""good"": []}",0.0,"{""good"": []}",NSW,"{""good"": []}",83.05,"{""good"": []}",,,15.53984521,"{""suspect"": [""1 case(s) of \""qc persistence check failed: expected variation above 0.001\""""]}",,,14.56720971,"{""good"": []}",193.3153669,"{""good"": []}",13.607,"{""good"": []}"
2026-09-30 20:18:00+00:00,Aberdaron Automatic Weather Station,-4.74,52.79,0.0,"{""good"": []}",1000.52,"{""good"": []}",,,14.58099959,"{""good"": []}",,,,,2100.0,"{""good"": []}",,"{""good"": []}",,"{""good"": []}",1.0,"{""good"": []}",,"{""good"": []}",,"{""good"": []}",1.0,"{""good"": []}",,,-1.891732733,"{""good"": []}",,,0.0,"{""good"": []}",,,0.0,"{""good"": []}",,,13.35076287,"{""good"": []}",14520.0,"{""good"": []}",0.0,"{""good"": []}",NSW,"{""good"": []}",84.175,"{""good"": []}",,,15.53984521,"{""suspect"": [""1 case(s) of \""qc persistence check failed: expected variation above 0.001\""""]}",,,14.56736218,"{""good"": []}",191.0544955,"{""good"": []}",15.33391667,"{""good"": []}"
2026-09-30 20:19:00+00:00,Aberdaron Automatic Weather Station,-4.74,52.79,0.0,"{""good"": []}",1000.535,"{""good"": []}",,,14.54572624,"{""good"": []}",,,,,1800.0,"{""good"": []}",2300.0,"{""good"": []}",,"{""good"": []}",1.0,"{""good"": []}",,"{""good"": []}",,"{""good"": []}",1.0,"{""good"": []}",,,-1.893311028,"{""good"": []}",,,0.0,"{""good"": []}",,,0.0,"{""good"": []}",,,13.31625172,"{""good"": []}",18118.0,"{""good"": []}",0.0,"{""good"": []}",NSW,"{""good"": []}",84.625,"{""good"": []}",,,15.53974525,"{""suspect"": [""1 case(s) of \""qc persistence check failed: expected variation above 0.001\""""]}",,,14.5672622,"{""good"": []}",191.4993981,"{""good"": []}",16.45929167,"{""good"": []}"
2026-09-30 20:20:00+00:00,Aberdaron Automatic Weather Station,-4.74,52.79,0.0,"{""good"": []}",1000.545,"{""good"": []}",,,14.53735094,"{""good"": []}",,,,,1800.0,"{""good"": []}",,"{""good"": []}",,"{""good"": []}",2.0,"{""good"": []}",,"{""good"": []}",,"{""good"": []}",2.0,"{""good"": []}",,,-1.896170028,"{""good"": []}",,,0.0,"{""good"": []}",,,0.0,"{""good"": []}",,,13.34814354,"{""good"": []}",26083.5,"{""good"": []}",0.0,"{""good"": []}",NSW,"{""good"": []}",84.775,"{""good"": []}",,,15.53979523,"{""suspect"": [""1 case(s) of \""qc persistence check failed: expected variation above 0.001\""""]}",,,14.5672622,"{""good"": []}",191.8253111,"{""good"": []}",16.32520833,"{""good"": []}"
2026-09-30 20:21:00+00:00,Aberdaron Automatic Weather Station,-4.74,52.79,0.0,"{""good"": []}",1000.535,"{""good"": []}",,,14.54729316,"{""good"": []}",,,,,1800.0,"{""good"": []}",,"{""good"": []}",,"{""good"": []}",2.0,"{""good"": []}",,"{""good"": []}",,"{""good"": []}",2.0,"{""good"": []}",,,-1.899918878,"{""good"": []}",,,0.0,"{""good"": []}",,,0.0,"{""good"": []}",,,13.39243219,"{""good"": []}",23848.0,"{""good"": []}",0.0,"{""good"": []}",NSW,"{""good"": []}",85.275,"{""good"": []}",,,15.53979523,"{""suspect"": [""1 case(s) of \""qc persistence check failed: expected variation above 0.001\""""]}",,,14.56736218,"{""good"": []}",187.8585857,"{""good"": []}",16.40783333,"{""good"": []}"
2026-09-30 20:22:00+00:00,Aberdaron Automatic Weather Station,-4.74,52.79,0.0,"{""good"": []}",1000.535,"{""good"": []}",,,14.53331598,"{""good"": []}",,,,,1800.0,"{""good"": []}",,"{""good"": []}",,"{""good"": []}",2.0,"{""good"": []}",,"{""good"": []}",,"{""good"": []}",2.0,"{""good"": []}",,,-1.901968105,"{""good"": []}",,,0.0,"{""good"": []}",,,0.0,"{""good"": []}",,,13.42401908,"{""good"": []}",22564.0,"{""good"": []}",0.0,"{""good"": []}",NSW,"{""good"": []}",85.875,"{""good"": []}",,,15.53974526,"{""suspect"": [""1 case(s) of \""qc persistence check failed: expected variation above 0.001\""""]}",,,14.5672597,"{""good"": []}",188.1953927,"{""good"": []}",15.03766667,"{""good"": []}"
2026-09-30 20:23:00+00:00,Aberdaron Automatic Weather Station,-4.74,52.79,0.0,"{""good"": []}",1000.545,"{""good"": []}",,,14.52841996,"{""good"": []}",,,,,1800.0,"{""good"": []}",,"{""good"": []}",,"{""good"": []}",2.0,"{""good"": []}",,"{""good"": []}",,"{""good"": []}",2.0,"{""good"": []}",,,-1.904466799,"{""good"": []}",,,0.0,"{""good"": []}",,,0.0,"{""good"": []}",,,13.40492648,"{""good"": []}",23140.0,"{""good"": []}",0.0,"{""good"": []}",NSW,"{""good"": []}",86.35,"{""good"": []}",,,15.53949537,"{""good"": []}",,,14.56716222,"{""good"": []}",188.0447429,"{""good"": []}",15.18708333,"{""good"": []}"
2026-09-30 20:24:00+00:00,Aberdaron Automatic Weather Station,-4.74,52.79,0.0,"{""good"": []}",1000.55,"{""good"": []}",,,14.47851862,"{""good"": []}",,,,,1800.0,"{""good"": []}",21000.0,"{""good"": []}",,"{""good"": []}",2.0,"{""good"": []}",1.0,"{""good"": []}",,"{""good"": []}",3.0,"{""good"": []}",,,-1.906488372,"{""good"": []}",,,0.0,"{""good"": []}",,,0.0,"{""good"": []}",,,13.41288444,"{""good"": []}",21380.0,"{""good"": []}",0.0,"{""good"": []}",NSW,"{""good"": []}",86.425,"{""good"": []}",,,15.5396453,"{""good"": []}",,,14.56705474,"{""good"": []}",187.7741655,"{""good"": []}",15.51175,"{""good"": []}"
2026-09-30 20:25:00+00:00,Aberdaron Automatic Weather Station,-4.74,52.79,0.0,"{""good"": []}",1000.56,"{""good"": []}",,,14.48422063,"{""good"": []}",,,,,1800.0,"{""good"": []}",21000.0,"{""good"": []}",,"{""good"": []}",2.0,"{""good"": []}",1.0,"{""good"": []}",,"{""good"": []}",3.0,"{""good"": []}",,,-1.905968759,"{""good"": []}",,,0.0,"{""good"": []}",,,0.0,"{""good"": []}",,,13.42407157,"{""good"": []}",24030.5,"{""good"": []}",0.0,"{""good"": []}",NSW,"{""good"": []}",86.375,"{""good"": []}",,,15.53949537,"{""good"": []}",,,14.56720971,"{""good"": []}",189.3037414,"{""good"": []}",13.70304167,"{""good"": []}"
2026-09-30 20:26:00+00:00,Aberdaron Automatic Weather Station,-4.74,52.79,0.0,"{""good"": []}",1000.57,"{""good"": []}",,,14.47014332,"{""good"": []}",,,,,1800.0,"{""good"": []}",21000.0,"{""good"": []}",,"{""good"": []}",2.0,"{""good"": []}",2.0,"{""good"": []}",,"{""good"": []}",4.0,"{""good"": []}",,,-1.904557646,"{""good"": []}",,,0.0,"{""good"": []}",,,0.0,"{""good"": []}",,,13.36789598,"{""good"": []}",21846.0,"{""good"": []}",0.0,"{""good"": []}",NSW,"{""good"": []}",86.65,"{""good"": []}",,,15.5396453,"{""good"": []}",,,14.56731219,"{""good"": []}",189.0376878,"{""good"": []}",14.84104167,"{""good"": []}"
2026-09-30 20:27:00+00:00,Aberdaron Automatic Weather Station,-4.74,52.79,0.0,"{""good"": []}",1000.575,"{""good"": []}",,,14.46358276,"{""good"": []}",,,,,1800.0,"{""good"": []}",21000.0,"{""good"": []}",,"{""good"": []}",3.0,"{""good"": []}",2.0,"{""good"": []}",,"{""good"": []}",5.0,"{""good"": []}",,,-1.906468607,"{""good"": []}",,,0.0,"{""good"": []}",,,0.0,"{""good"": []}",,,13.38321455,"{""good"": []}",21109.0,"{""good"": []}",0.0,"{""good"": []}",NSW,"{""good"": []}",86.85,"{""good"": []}",,,15.53949537,"{""good"": []}",,,14.56710973,"{""good"": []}",189.4080826,"{""good"": []}",15.90325,"{""good"": []}"
2026-09-30 20:28:00+00:00,Aberdaron Automatic Weather Station,-4.74,52.79,0.0,"{""good"": []}",1000.575,"{""good"": []}",,,14.44607123,"{""good"": []}",,,,,1800.0,"{""good"": []}",21000.0,"{""good"": []}",,"{""good"": []}",3.0,"{""good"": []}",2.0,"{""good"": []}",,"{""good"": []}",5.0,"{""good"": []}",,,-1.906372863,"{""good"": []}",,,0.0,"{""good"": []}",,,0.0,"{""good"": []}",,,13.37464674,"{""good"": []}",22455.5,"{""good"": []}",0.0,"{""good"": []}",NSW,"{""good"": []}",87.0,"{""good"": []}",,,15.53959533,"{""good"": []}",,,14.56710723,"{""good"": []}",190.1073034,"{""good"": []}",16.74183333,"{""good"": []}"
2026-09-30 20:29:00+00:00,Aberdaron Automatic Weather Station,-4.74,52.79,0.0,"{""good"": []}",1000.58,"{""good"": []}",,,14.45359298,"{""good"": []}",,,,,1800.0,"{""good"": []}",21000.0,"{""good"": []}",,"{""good"": []}",3.0,"{""good"": []}",3.0,"{""good"": []}",,"{""good"": []}",6.0,"{""good"": []}",,,-1.903598495,"{""good"": []}",,,0.0,"{""good"": []}",,,0.0,"{""good"": []}",,,13.39807324,"{""good"": []}",22415.0,"{""good"": []}",0.0,"{""good"": []}",NSW,"{""good"": []}",87.0,"{""good"": []}",,,15.5394454,"{""good"": []}",,,14.56695476,"{""good"": []}",191.2132411,"{""good"": []}",16.37991667,"{""good"": []}"
2026-09-30 20:30:00+00:00,Aberdaron Automatic Weather Station,-4.74,52.79,0.0,"{""good"": []}",1000.575,"{""good"": []}",,,14.43471978,"{""good"": []}",,,,,1800.0,"{""good"": []}",21000.0,"{""good"": []}",,"{""good"": []}",3.0,"{""good"": []}",3.0,"{""good"": []}",,"{""good"": []}",6.0,"{""good"": []}",,,-1.90378465,"{""good"": []}",,,0.0,"{""good"": []}",,,0.0,"{""good"": []}",,,13.40492648,"{""good"": []}",23829.5,"{""good"": []}",0.0,"{""good"": []}",NSW,"{""good"": []}",87.0,"{""good"": []}",,,15.53959533,"{""good"": []}",,,14.56680229,"{""good"": []}",190.3258814,"{""good"": []}",15.751875,"{""good"": []}"
2026-09-30 20:31:00+00:00,Aberdaron Automatic Weather Station,-4.74,52.79,0.0,"{""good"": []}",1000.61,"{""good"": []}",,,14.4584865,"{""good"": []}",,,,,1800.0,"{""good"": []}",20000.0,"{""good"": []}",,"{""good"": []}",3.0,"{""good"": []}",3.0,"{""good"": []}",,"{""good"": []}",6.0,"{""good"": []}",,,-1.906625074,"{""good"": []}",,,0.0,"{""good"": []}",,,0.0,"{""good"": []}",,,13.40623864,"{""good"": []}",23816.5,"{""good"": []}",0.0,"{""good"": []}",NSW,"{""good"": []}",86.825,"{""good"": []}",,,15.53934544,"{""good"": []}",,,14.56695226,"{""good"": []}",190.4411604,"{""good"": []}",15.63229167,"{""good"": []}"
2026-09-30 20:32:00+00:00,Aberdaron Automatic Weather Station,-4.74,52.79,0.0,"{""good"": []}",1000.6,"{""good"": []}",,,14.52821721,"{""good"": []}",,,,,1800.0,"{""good"": []}",20000.0,"{""good"": []}",,"{""good"": []}",3.0,"{""good"": []}",4.0,"{""good"": []}",,"{""good"": []}",7.0,"{""good"": []}",,,-1.910182824,"{""good"": []}",,,0.0,"{""good"": []}",,,0.0,"{""good"": []}",,,13.38079517,"{""good"": []}",23263.5,"{""good"": []}",0.0,"{""good"": []}",NSW,"{""good"": []}",87.05,"{""good"": []}",,,15.53939542,"{""good"": []}",,,14.56670481,"{""good"": []}",187.8200288,"{""good"": []}",15.0145,"{""good"": []}"
2026-09-30 20:33:00+00:00,Aberdaron Automatic Weather Station,-4.74,52.79,0.0,"{""good"": []}",1000.62,"{""good"": []}",,,14.53346867,"{""good"": []}",,,,,1800.0,"{""good"": []}",20000.0,"{""good"": []}",,"{""good"": []}",3.0,"{""good"": []}",4.0,"{""good"": []}",,"{""good"": []}",7.0,"{""good"": []}",,,-1.913414925,"{""good"": []}",,,0.0,"{""good"": []}",,,0.0,"{""good"": []}",,,13.3646718,"{""good"": []}",21882.0,"{""good"": []}",0.0,"{""good"": []}",NSW,"{""good"": []}",87.2,"{""good"": []}",,,15.53949537,"{""good"": []}",,,14.5667523,"{""good"": []}",186.6484893,"{""good"": []}",13.84720833,"{""good"": []}"
2026-09-30 20:34:00+00:00,Aberdaron Automatic Weather Station,-4.74,52.79,0.0,"{""good"": []}",1000.64,"{""good"": []}",,,14.51323129,"{""good"": []}",,,,,1800.0,"{""good"": []}",20000.0,"{""good"": []}",,"{""good"": []}",3.0,"{""good"": []}",4.0,"{""good"": []}",,"{""good"": []}",7.0,"{""good"": []}",,,-1.919077605,"{""good"": []}",,,0.0,"{""good"": []}",,,0.0,"{""good"": []}",,,13.36441937,"{""good"": []}",21096.0,"{""good"": []}",0.0,"{""good"": []}",NSW,"{""good"": []}",87.375,"{""good"": []}",,,15.53959533,"{""good"": []}",,,14.56660233,"{""good"": []}",188.8500688,"{""good"": []}",15.64033333,"{""good"": []}"
2026-09-30 20:35:00+00:00,Aberdaron Automatic Weather Station,-4.74,52.79,0.0,"{""good"": []}",1000.645,"{""good"": []}",,,14.45722495,"{""good"": []}",,,,,1800.0,"{""good"": []}",20000.0,"{""good"": []}",,"{""good"": []}",3.0,"{""good"": []}",4.0,"{""good"": []}",,"{""good"": []}",7.0,"{""good"": []}",,,-1.921569686,"{""good"": []}",,,0.0,"{""good"": []}",,,0.0,"{""good"": []}",,,13.36230241,"{""good"": []}",20946.5,"{""good"": []}",0.0,"{""good"": []}",NSW,"{""good"": []}",87.35,"{""good"": []}",,,15.53954535,"{""good"": []}",,,14.56655234,"{""good"": []}",189.0862686,"{""good"": []}",17.100125,"{""good"": []}"
2026-09-30 20:36:00+00:00,Aberdaron Automatic Weather Station,-4.74,52.79,0.0,"{""good"": []}",1000.66,"{""good"": []}",,,14.47861874,"{""good"": []}",,,,,1800.0,"{""good"": []}",20000.0,"{""good"": []}",,"{""good"": []}",3.0,"{""good"": []}",5.0,"{""good"": []}",,"{""good"": []}",8.0,"{""good"": []}",,,-1.925836508,"{""good"": []}",,,0.0,"{""good"": []}",,,0.0,"{""good"": []}",,,13.38583138,"{""good"": []}",23511.0,"{""good"": []}",0.0,"{""good"": []}",NSW,"{""good"": []}",86.925,"{""good"": []}",,,15.53934544,"{""good"": []}",,,14.56635239,"{""good"": []}",190.4986973,"{""good"": []}",16.67808333,"{""good"": []}"
2026-09-30 20:37:00+00:00,Aberdaron Automatic Weather Station,-4.74,52.79,0.0,"{""good"": []}",1000.655,"{""good"": []}",,,14.45666926,"{""good"": []}",,,,,1800.0,"{""good"": []}",20000.0,"{""good"": []}",,"{""good"": []}",3.0,"{""good"": []}",5.0,"{""good"": []}",,"{""good"": []}",8.0,"{""good"": []}",,,-1.933531892,"{""good"": []}",,,0.0,"{""good"": []}",,,0.0,"{""good"": []}",,,13.3728822,"{""good"": []}",24455.0,"{""good"": []}",0.0,"{""good"": []}",NSW,"{""good"": []}",86.625,"{""good"": []}",,,15.53939542,"{""suspect"": [""1 case(s) of \""qc persistence check failed: expected variation above 0.001\""""]}",,,14.56650235,"{""good"": []}",190.6475884,"{""good"": []}",15.283875,"{""good"": []}"
2026-09-30 20:38:00+00:00,Aberdaron Automatic Weather Station,-4.74,52.79,0.0,"{""good"": []}",1000.655,"{""good"": []}",,,14.42266246,"{""good"": []}",,,,,1800.0,"{""good"": []}",20000.0,"{""good"": []}",,"{""good"": []}",3.0,"{""good"": []}",5.0,"{""good"": []}",,"{""good"": []}",8.0,"{""good"": []}",,,-1.941627219,"{""good"": []}",,,0.0,"{""good"": []}",,,0.0,"{""good"": []}",,,13.32546935,"{""good"": []}",23639.5,"{""good"": []}",0.0,"{""good"": []}",NSW,"{""good"": []}",86.2,"{""good"": []}",,,15.53949537,"{""suspect"": [""1 case(s) of \""qc persistence check failed: expected variation above 0.001\""""]}",,,14.56650236,"{""good"": []}",189.8782078,"{""good"": []}",16.370125,"{""good"": []}"
2026-09-30 20:39:00+00:00,Aberdaron Automatic Weather Station,-4.74,52.79,0.0,"{""good"": []}",1000.65,"{""good"": []}",,,14.47236355,"{""good"": []}",,,,,1800.0,"{""good"": []}",20000.0,"{""good"": []}",,"{""good"": []}",3.0,"{""good"": []}",5.0,"{""good"": []}",,"{""good"": []}",8.0,"{""good"": []}",,,-1.946781012,"{""good"": []}",,,0.0,"{""good"": []}",,,0.0,"{""good"": []}",,,13.33096295,"{""good"": []}",24802.5,"{""good"": []}",0.0,"{""good"": []}",NSW,"{""good"": []}",86.1,"{""good"": []}",,,15.53939542,"{""suspect"": [""1 case(s) of \""qc persistence check failed: expected variation above 0.001\""""]}",,,14.56635239,"{""good"": []}",189.8343286,"{""good"": []}",16.23325,"{""good"": []}"
2026-09-30 20:40:00+00:00,Aberdaron Automatic Weather Station,-4.74,52.79,0.0,"{""good"": []}",1000.66,"{""good"": []}",,,14.48154734,"{""good"": []}",,,,,1800.0,"{""good"": []}",20000.0,"{""good"": []}",,"{""good"": []}",3.0,"{""good"": []}",6.0,"{""good"": []}",,"{""good"": []}",8.0,"{""good"": []}",,,-1.950656161,"{""good"": []}",,,0.0,"{""good"": []}",,,0.0,"{""good"": []}",,,13.33313239,"{""good"": []}",23279.0,"{""good"": []}",0.0,"{""good"": []}",NSW,"{""good"": []}",86.125,"{""good"": []}",,,15.53949537,"{""suspect"": [""1 case(s) of \""qc persistence check failed: expected variation above 0.001\""""]}",,,14.56635239,"{""good"": []}",188.0239123,"{""good"": []}",16.06304167,"{""good"": []}"
2026-09-30 20:41:00+00:00,Aberdaron Automatic Weather Station,-4.74,52.79,0.0,"{""good"": []}",1000.66,"{""good"": []}",,,14.49178993,"{""good"": []}",,,,,1800.0,"{""good"": []}",20000.0,"{""good"": []}",,"{""good"": []}",3.0,"{""good"": []}",6.0,"{""good"": []}",,"{""good"": []}",8.0,"{""good"": []}",,,-1.953487509,"{""good"": []}",,,0.0,"{""good"": []}",,,0.0,"{""good"": []}",,,13.31993078,"{""good"": []}",22677.5,"{""good"": []}",0.0,"{""good"": []}",NSW,"{""good"": []}",86.2,"{""good"": []}",,,15.53934545,"{""suspect"": [""1 case(s) of \""qc persistence check failed: expected variation above 0.001\""""]}",,,14.56615243,"{""good"": []}",188.1369479,"{""good"": []}",14.76241667,"{""good"": []}"
2026-09-30 20:42:00+00:00,Aberdaron Automatic Weather Station,-4.74,52.79,0.0,"{""good"": []}",1000.645,"{""good"": []}",,,14.49022551,"{""good"": []}",,,,,1800.0,"{""good"": []}",20000.0,"{""good"": []}",,"{""good"": []}",3.0,"{""good"": []}",6.0,"{""good"": []}",,"{""good"": []}",8.0,"{""good"": []}",,,-1.952019026,"{""good"": []}",,,0.0,"{""good"": []}",,,0.0,"{""good"": []}",,,13.32783625,"{""good"": []}",21615.5,"{""good"": []}",0.0,"{""good"": []}",NSW,"{""good"": []}",86.275,"{""good"": []}",,,15.53929547,"{""good"": []}",,,14.56615243,"{""good"": []}",190.4078642,"{""good"": []}",17.04883333,"{""good"": []}"
2026-09-30 20:43:00+00:00,Aberdaron Automatic Weather Station,-4.74,52.79,0.0,"{""good"": []}",1000.645,"{""good"": []}",,,14.49062851,"{""good"": []}",,,,,1800.0,"{""good"": []}",20000.0,"{""good"": []}",,"{""good"": []}",2.0,"{""good"": []}",6.0,"{""good"": []}",,"{""good"": []}",8.0,"{""good"": []}",,,-1.950613272,"{""good"": []}",,,0.0,"{""good"": []}",,,0.0,"{""good"": []}",,,13.34658144,"{""good"": []}",20966.0,"{""good"": []}",0.0,"{""good"": []}",NSW,"{""good"": []}",86.325,"{""good"": []}",,,15.5394454,"{""good"": []}",,,14.56620242,"{""good"": []}",191.3537263,"{""good"": []}",16.83758333,"{""good"": []}"
2026-09-30 20:44:00+00:00,Aberdaron Automatic Weather Station,-4.74,52.79,0.0,"{""good"": []}",1000.65,"{""good"": []}",,,14.47443109,"{""good"": []}",,,,,1800.0,"{""good"": []}",20000.0,"{""good"": []}",,"{""good"": []}",2.0,"{""good"": []}",6.0,"{""good"": []}",,"{""good"": []}",8.0,"{""good"": []}",,,-1.949516241,"{""good"": []}",,,0.0,"{""good"": []}",,,0.0,"{""good"": []}",,,13.36295974,"{""good"": []}",23023.0,"{""good"": []}",0.0,"{""good"": []}",NSW,"{""good"": []}",86.25,"{""good"": []}",,,15.53939542,"{""good"": []}",,,14.56600246,"{""good"": []}",192.7135466,"{""good"": []}",17.54683333,"{""good"": []}"
2026-09-30 20:45:00+00:00,Aberdaron Automatic Weather Station,-4.74,52.79,0.0,"{""good"": []}",1000.645,"{""good"": []}",,,14.49335686,"{""good"": []}",,,,,1800.0,"{""good"": []}",20000.0,"{""good"": []}",,"{""good"": []}",2.0,"{""good"": []}",7.0,"{""good"": []}",,"{""good"": []}",8.0,"{""good"": []}",,,-1.946341935,"{""good"": []}",,,0.0,"{""good"": []}",,,0.0,"{""good"": []}",,,13.34497185,"{""good"": []}",25219.0,"{""good"": []}",0.0,"{""good"": []}",NSW,"{""good"": []}",86.275,"{""good"": []}",,,15.53939542,"{""good"": []}",,,14.56595247,"{""good"": []}",191.1984369,"{""good"": []}",17.16295833,"{""good"": []}"
2026-09-30 20:46:00+00:00,Aberdaron Automatic Weather Station,-4.74,52.79,0.0,"{""good"": []}",1000.64,"{""good"": []}",,,14.50384976,"{""good"": []}",,,,,1800.0,"{""good"": []}",20000.0,"{""good"": []}",,"{""good"": []}",2.0,"{""good"": []}",7.0,"{""good"": []}",,"{""good"": []}",8.0,"{""good"": []}",,,-1.942184918,"{""good"": []}",,,0.0,"{""good"": []}",,,0.0,"{""good"": []}",,,13.373637,"{""good"": []}",22927.0,"{""good"": []}",0.0,"{""good"": []}",NSW,"{""good"": []}",86.575,"{""good"": []}",,,15.5394454,"{""good"": []}",,,14.5658025,"{""good"": []}",193.7136927,"{""good"": []}",17.487,"{""good"": []}"
2026-09-30 20:47:00+00:00,Aberdaron Automatic Weather Station,-4.74,52.79,0.0,"{""good"": []}",1000.65,"{""good"": []}",,,14.5352834,"{""good"": []}",,,,,1800.0,"{""good"": []}",20000.0,"{""good"": []}",,"{""good"": []}",2.0,"{""good"": []}",7.0,"{""good"": []}",,"{""good"": []}",8.0,"{""good"": []}",,,-1.938084034,"{""good"": []}",,,0.0,"{""good"": []}",,,0.0,"{""good"": []}",,,13.39736841,"{""good"": []}",22764.5,"{""good"": []}",0.0,"{""good"": []}",NSW,"{""good"": []}",86.675,"{""good"": []}",,,15.53939542,"{""good"": []}",,,14.56575251,"{""good"": []}",194.8335535,"{""good"": []}",16.04170833,"{""good"": []}"
2026-09-30 20:48:00+00:00,Aberdaron Automatic Weather Station,-4.74,52.79,0.0,"{""good"": []}",1000.65,"{""good"": []}",,,14.46040385,"{""good"": []}",,,,,1800.0,"{""good"": []}",20000.0,"{""good"": []}",,"{""good"": []}",2.0,"{""good"": []}",7.0,"{""good"": []}",,"{""good"": []}",8.0,"{""good"": []}",,,-1.936671271,"{""good"": []}",,,0.0,"{""good"": []}",,,0.0,"{""good"": []}",,,13.38366443,"{""good"": []}",17389.0,"{""good"": []}",0.0,"{""good"": []}",NSW,"{""good"": []}",86.1,"{""good"": []}",,,15.5394454,"{""good"": []}",,,14.56554505,"{""good"": []}",201.156512,"{""good"": []}",19.38191667,"{""good"": []}"
2026-09-30 20:49:00+00:00,Aberdaron Automatic Weather Station,-4.74,52.79,0.0,"{""good"": []}",1000.635,"{""good"": []}",,,14.42054235,"{""good"": []}",,,,,1900.0,"{""good"": []}",20000.0,"{""good"": []}",,"{""good"": []}",2.0,"{""good"": []}",7.0,"{""good"": []}",,"{""good"": []}",8.0,"{""good"": []}",,,-1.931544747,"{""good"": []}",,,0.0,"{""good"": []}",,,0.0,"{""good"": []}",,,13.30577441,"{""good"": []}",22648.5,"{""good"": []}",0.0,"{""good"": []}",NSW,"{""good"": []}",84.025,"{""good"": []}",,,15.53929547,"{""good"": []}",,,14.56554505,"{""good"": []}",201.8833028,"{""good"": []}",18.392625,"{""good"": []}"
2026-09-30 20:50:00+00:00,Aberdaron Automatic Weather Station,-4.74,52.79,0.0,"{""good"": []}",1000.64,"{""good"": []}",,,14.46948502,"{""good"": []}",,,,,1900.0,"{""good"": []}",20000.0,"{""good"": []}",,"{""good"": []}",1.0,"{""good"": []}",7.0,"{""good"": []}",,"{""good"": []}",8.0,"{""good"": []}",,,-1.924825906,"{""good"": []}",,,0.0,"{""good"": []}",,,0.0,"{""good"": []}",,,13.28717918,"{""good"": []}",26235.0,"{""good"": []}",0.0,"{""good"": []}",NSW,"{""good"": []}",82.925,"{""good"": []}",,,15.53934544,"{""good"": []}",,,14.56554505,"{""good"": []}",205.1139338,"{""good"": []}",18.904125,"{""good"": []}"
2026-09-30 20:51:00+00:00,Aberdaron Automatic Weather Station,-4.74,52.79,0.0,"{""good"": []}",1000.605,"{""good"": []}",,,14.4316435,"{""good"": []}",,,,,2000.0,"{""good"": []}",20000.0,"{""good"": []}",,"{""good"": []}",1.0,"{""good"": []}",8.0,"{""good"": []}",,"{""good"": []}",8.0,"{""good"": []}",,,-1.92387292,"{""good"": []}",,,0.0,"{""good"": []}",,,0.0,"{""good"": []}",,,13.24893898,"{""good"": []}",25777.0,"{""good"": []}",0.0,"{""good"": []}",NSW,"{""good"": []}",80.2975,"{""good"": []}",,,15.53924549,"{""good"": []}",,,14.56534259,"{""good"": []}",204.8199331,"{""good"": []}",19.88633333,"{""good"": []}"
2026-09-30 20:52:00+00:00,Aberdaron Automatic Weather Station,-4.74,52.79,0.0,"{""good"": []}",1000.61,"{""good"": []}",,,14.44859433,"{""good"": []}",,,,,2000.0,"{""good"": []}",20000.0,"{""good"": []}",,"{""good"": []}",1.0,"{""good"": []}",8.0,"{""good"": []}",,"{""good"": []}",8.0,"{""good"": []}",,,-1.92296203,"{""good"": []}",,,0.0,"{""good"": []}",,,0.0,"{""good"": []}",,,13.16500051,"{""good"": []}",27267.0,"{""good"": []}",0.0,"{""good"": []}",NSW,"{""good"": []}",78.795,"{""good"": []}",,,15.53924549,"{""good"": []}",,,14.5652926,"{""good"": []}",209.9859627,"{""good"": []}",19.63079167,"{""good"": []}"
2026-09-30 20:53:00+00:00,Aberdaron Automatic Weather Station,-4.74,52.79,0.0,"{""good"": []}",1000.585,"{""good"": []}",,,14.4396158,"{""good"": []}",,,,,2000.0,"{""good"": []}",20000.0,"{""good"": []}",,"{""good"": []}",1.0,"{""good"": []}",8.0,"{""good"": []}",,"{""good"": []}",8.0,"{""good"": []}",,,-1.92279901,"{""good"": []}",,,0.0,"{""good"": []}",,,0.0,"{""good"": []}",,,13.12232646,"{""good"": []}",19593.5,"{""good"": []}",0.0,"{""good"": []}",NSW,"{""good"": []}",79.2825,"{""good"": []}",,,15.53929547,"{""good"": []}",,,14.5652926,"{""good"": []}",207.0218318,"{""good"": []}",18.02383333,"{""good"": []}"
2026-09-30 20:54:00+00:00,Aberdaron Automatic Weather Station,-4.74,52.79,0.0,"{""good"": []}",1000.605,"{""good"": []}",,,14.41539352,"{""good"": []}",,,,,2000.0,"{""good"": []}",20000.0,"{""good"": []}",,"{""good"": []}",1.0,"{""good"": []}",8.0,"{""good"": []}",,"{""good"": []}",8.0,"{""good"": []}",,,-1.924236974,"{""good"": []}",,,0.0,"{""good"": []}",,,0.0,"{""good"": []}",,,13.13275628,"{""good"": []}",16258.5,"{""good"": []}",0.0,"{""good"": []}",NSW,"{""good"": []}",79.035,"{""good"": []}",,,15.53919551,"{""good"": []}",,,14.56509264,"{""good"": []}",209.2083022,"{""good"": []}",20.63204167,"{""good"": []}"
2026-09-30 20:55:00+00:00,Aberdaron Automatic Weather Station,-4.74,52.79,0.0,"{""good"": []}",1000.615,"{""good"": []}",,,14.40500075,"{""good"": []}",,,,,2000.0,"{""good"": []}",20000.0,"{""good"": []}",,"{""good"": []}",1.0,"{""good"": []}",8.0,"{""good"": []}",,"{""good"": []}",8.0,"{""good"": []}",,,-1.922174982,"{""good"": []}",,,0.0,"{""good"": []}",,,0.0,"{""good"": []}",,,13.08494105,"{""good"": []}",17238.0,"{""good"": []}",0.0,"{""good"": []}",NSW,"{""good"": []}",78.625,"{""good"": []}",,,15.53924549,"{""good"": []}",,,14.56509264,"{""good"": []}",210.9374881,"{""good"": []}",19.94516667,"{""good"": []}"
2026-09-30 20:56:00+00:00,Aberdaron Automatic Weather Station,-4.74,52.79,0.0,"{""good"": []}",1000.61,"{""good"": []}",,,14.45288711,"{""good"": []}",,,,,2000.0,"{""good"": []}",20000.0,"{""good"": []}",,"{""good"": []}",1.0,"{""good"": []}",8.0,"{""good"": []}",,"{""good"": []}",8.0,"{""good"": []}",,,-1.914825897,"{""good"": []}",,,0.0,"{""good"": []}",,,0.0,"{""good"": []}",,,13.12942964,"{""good"": []}",21355.5,"{""good"": []}",0.0,"{""good"": []}",NSW,"{""good"": []}",79.32,"{""good"": []}",,,15.53909556,"{""suspect"": [""1 case(s) of \""qc persistence check failed: expected variation above 0.001\""""]}",,,14.56504265,"{""good"": []}",208.486447,"{""good"": []}",20.20475,"{""good"": []}"
2026-09-30 20:57:00+00:00,Aberdaron Automatic Weather Station,-4.74,52.79,0.0,"{""good"": []}",1000.615,"{""good"": []}",,,14.45853906,"{""good"": []}",,,,,2000.0,"{""good"": []}",20000.0,"{""good"": []}",,"{""good"": []}",1.0,"{""good"": []}",8.0,"{""good"": []}",,"{""good"": []}",8.0,"{""good"": []}",,,-1.911793568,"{""good"": []}",,,0.0,"{""good"": []}",,,0.0,"{""good"": []}",,,13.16399077,"{""good"": []}",18980.5,"{""good"": []}",0.0,"{""good"": []}",NSW,"{""good"": []}",79.4175,"{""good"": []}",,,15.53919551,"{""suspect"": [""1 case(s) of \""qc persistence check failed: expected variation above 0.001\""""]}",,,14.56479271,"{""good"": []}",209.2452379,"{""good"": []}",21.98966667,"{""good"": []}"
2026-09-30 20:58:00+00:00,Aberdaron Automatic Weather Station,-4.74,52.79,0.0,"{""good"": []}",1000.635,"{""good"": []}",,,14.484118,"{""good"": []}",,,,,2000.0,"{""good"": []}",20000.0,"{""good"": []}",,"{""good"": []}",1.0,"{""good"": []}",8.0,"{""good"": []}",,"{""good"": []}",8.0,"{""good"": []}",,,-1.909124855,"{""good"": []}",,,0.0,"{""good"": []}",,,0.0,"{""good"": []}",,,13.17971424,"{""good"": []}",23211.5,"{""good"": []}",0.0,"{""good"": []}",NSW,"{""good"": []}",79.615,"{""good"": []}",,,15.53924549,"{""suspect"": [""1 case(s) of \""qc persistence check failed: expected variation above 0.001\""""]}",,,14.56474272,"{""good"": []}",209.5759694,"{""good"": []}",19.63641667,"{""good"": []}"
2026-09-30 20:59:00+00:00,Aberdaron Automatic Weather Station,-4.74,52.79,0.0,"{""good"": []}",1000.635,"{""good"": []}",,,14.43401391,"{""good"": []}",,,,,2000.0,"{""good"": []}",20000.0,"{""good"": []}",,"{""good"": []}",1.0,"{""good"": []}",8.0,"{""good"": []}",,"{""good"": []}",8.0,"{""good"": []}",,,-1.907834249,"{""good"": []}",,,0.0,"{""good"": []}",,,0.0,"{""good"": []}",,,13.15582787,"{""good"": []}",17328.5,"{""good"": []}",0.0,"{""good"": []}",NSW,"{""good"": []}",79.89,"{""good"": []}",,,15.53904558,"{""good"": []}",,,14.56449027,"{""good"": []}",208.32901,"{""good"": []}",18.59879167,"{""good"": []}"
2026-09-30 21:00:00+00:00,Aberdaron Automatic Weather Station,-4.74,52.79,0.0,"{""good"": []}",1000.665,"{""good"": []}",,,14.42488269,"{""good"": []}",,,,,2000.0,"{""good"": []}",20000.0,"{""good"": []}",,"{""good"": []}",1.0,"{""good"": []}",8.0,"{""good"": []}",,"{""good"": []}",8.0,"{""good"": []}",,,-1.906491224,"{""good"": []}",,,0.0,"{""good"": []}",,,0.0,"{""good"": []}",,,13.13290375,"{""good"": []}",15386.5,"{""good"": []}",0.0,"{""good"": []}",NSW,"{""good"": []}",81.1,"{""good"": []}",,,15.53914553,"{""good"": []}",,,14.56448777,"{""good"": []}",210.9707536,"{""good"": []}",17.51691667,"{""good"": []}"
2026-09-30 21:01:00+00:00,Aberdaron Automatic Weather Station,-4.74,52.79,0.0,"{""good"": []}",1000.665,"{""good"": []}",,,14.37891368,"{""good"": []}",,,,,2000.0,"{""good"": []}",20000.0,"{""good"": []}",,"{""good"": []}",1.0,"{""good"": []}",8.0,"{""good"": []}",,"{""good"": []}",8.0,"{""good"": []}",,,-1.907140862,"{""good"": []}",,,0.0,"{""good"": []}",,,0.0,"{""good"": []}",,,13.14151903,"{""good"": []}",14048.0,"{""good"": []}",0.0,"{""good"": []}",NSW,"{""good"": []}",81.225,"{""good"": []}",,,15.53919302,"{""good"": []}",,,14.5643353,"{""good"": []}",208.6479008,"{""good"": []}",19.19804167,"{""good"": []}"
2026-09-30 21:02:00+00:00,Aberdaron Automatic Weather Station,-4.74,52.79,0.0,"{""good"": []}",1000.675,"{""good"": []}",,,14.31992867,"{""good"": []}",,,,,2000.0,"{""good"": []}",20000.0,"{""good"": []}",,"{""good"": []}",1.0,"{""good"": []}",8.0,"{""good"": []}",,"{""good"": []}",8.0,"{""good"": []}",,,-1.904408173,"{""good"": []}",,,0.0,"{""good"": []}",,,0.0,"{""good"": []}",,,13.13084177,"{""good"": []}",15290.5,"{""good"": []}",0.0,"{""good"": []}",NSW,"{""good"": []}",80.9,"{""good"": []}",,,15.53904059,"{""good"": []}",,,14.56418283,"{""good"": []}",210.8855186,"{""good"": []}",20.26720833,"{""good"": []}"
2026-09-30 21:03:00+00:00,Aberdaron Automatic Weather Station,-4.74,52.79,0.0,"{""good"": []}",1000.665,"{""good"": []}",,,14.37109157,"{""good"": []}",,,,,2000.0,"{""good"": []}",20000.0,"{""good"": []}",,"{""good"": []}",1.0,"{""good"": []}",8.0,"{""good"": []}",,"{""good"": []}",8.0,"{""good"": []}",,,-1.905237762,"{""good"": []}",,,0.0,"{""good"": []}",,,0.0,"{""good"": []}",,,13.14842476,"{""good"": []}",17908.0,"{""good"": []}",0.0,"{""good"": []}",NSW,"{""good"": []}",81.05,"{""good"": []}",,,15.5389931,"{""good"": []}",,,14.56398287,"{""good"": []}",212.1964979,"{""good"": []}",19.920875,"{""good"": []}"
2026-09-30 21:04:00+00:00,Aberdaron Automatic Weather Station,-4.74,52.79,0.0,"{""good"": []}",1000.65,"{""good"": []}",,,14.39667551,"{""good"": []}",,,,,2000.0,"{""good"": []}",20000.0,"{""good"": []}",,"{""good"": []}",1.0,"{""good"": []}",8.0,"{""good"": []}",,"{""good"": []}",8.0,"{""good"": []}",,,-1.900073666,"{""good"": []}",,,0.0,"{""good"": []}",,,0.0,"{""good"": []}",,,13.21538509,"{""good"": []}",18249.0,"{""good"": []}",0.0,"{""good"": []}",NSW,"{""good"": []}",81.075,"{""good"": []}",,,15.53899061,"{""good"": []}",,,14.56393288,"{""good"": []}",211.7116675,"{""good"": []}",19.10529167,"{""good"": []}"
2026-09-30 21:05:00+00:00,Aberdaron Automatic Weather Station,-4.74,52.79,0.0,"{""good"": []}",1000.655,"{""good"": []}",,,14.40151897,"{""good"": []}",,,,,20000.0,"{""good"": []}",,"{""good"": []}",,"{""good"": []}",8.0,"{""good"": []}",,"{""good"": []}",,"{""good"": []}",8.0,"{""good"": []}",,,-1.897298873,"{""good"": []}",,,0.0,"{""good"": []}",,,0.0,"{""good"": []}",,,13.1751779,"{""good"": []}",17847.0,"{""good"": []}",0.0,"{""good"": []}",NSW,"{""good"": []}",81.525,"{""good"": []}",,,15.53904308,"{""good"": []}",,,14.56378291,"{""good"": []}",210.7205249,"{""good"": []}",18.76075,"{""good"": []}"
2026-09-30 21:06:00+00:00,Aberdaron Automatic Weather Station,-4.74,52.79,0.0,"{""good"": []}",1000.63,"{""good"": []}",,,14.37992241,"{""good"": []}",,,,,20000.0,"{""good"": []}",,"{""good"": []}",,"{""good"": []}",8.0,"{""good"": []}",,"{""good"": []}",,"{""good"": []}",8.0,"{""good"": []}",,,-1.889716175,"{""good"": []}",,,0.0,"{""good"": []}",,,0.0,"{""good"": []}",,,13.17689246,"{""good"": []}",14794.0,"{""good"": []}",0.0,"{""good"": []}",NSW,"{""good"": []}",81.35,"{""good"": []}",,,15.53894313,"{""good"": []}",,,14.56368293,"{""good"": []}",212.0096303,"{""good"": []}",20.83966667,"{""good"": []}"
2026-09-30 21:07:00+00:00,Aberdaron Automatic Weather Station,-4.74,52.79,0.0,"{""good"": []}",1000.645,"{""good"": []}",,,14.37316161,"{""good"": []}",,,,,20000.0,"{""good"": []}",,"{""good"": []}",,"{""good"": []}",8.0,"{""good"": []}",,"{""good"": []}",,"{""good"": []}",8.0,"{""good"": []}",,,-1.878730095,"{""good"": []}",,,0.0,"{""good"": []}",,,0.0,"{""good"": []}",,,13.20318822,"{""good"": []}",16157.5,"{""good"": []}",0.0,"{""good"": []}",NSW,"{""good"": []}",80.975,"{""good"": []}",,,15.53904059,"{""good"": []}",,,14.56368293,"{""good"": []}",213.0198211,"{""good"": []}",20.120875,"{""good"": []}"
2026-09-30 21:08:00+00:00,Aberdaron Automatic Weather Station,-4.74,52.79,0.0,"{""good"": []}",1000.625,"{""good"": []}",,,14.39087338,"{""good"": []}",,,,,20000.0,"{""good"": []}",,"{""good"": []}",,"{""good"": []}",8.0,"{""good"": []}",,"{""good"": []}",,"{""good"": []}",8.0,"{""good"": []}",,,-1.87342402,"{""good"": []}",,,0.0,"{""good"": []}",,,0.0,"{""good"": []}",,,13.23593732,"{""good"": []}",17276.0,"{""good"": []}",0.0,"{""good"": []}",NSW,"{""good"": []}",81.425,"{""good"": []}",,,15.53904308,"{""suspect"": [""1 case(s) of \""qc persistence check failed: expected variation above 0.001\""""]}",,,14.56348297,"{""good"": []}",212.7504589,"{""good"": []}",19.06025,"{""good"": []}"
2026-09-30 21:09:00+00:00,Aberdaron Automatic Weather Station,-4.74,52.79,0.0,"{""good"": []}",1000.625,"{""good"": []}",,,14.38053067,"{""good"": []}",,,,,21000.0,"{""good"": []}",,"{""good"": []}",,"{""good"": []}",8.0,"{""good"": []}",,"{""good"": []}",,"{""good"": []}",8.0,"{""good"": []}",,,-1.866503342,"{""good"": []}",,,0.0,"{""good"": []}",,,0.0,"{""good"": []}",,,13.29322513,"{""good"": []}",16087.0,"{""good"": []}",0.0,"{""good"": []}",NSW,"{""good"": []}",81.775,"{""good"": []}",,,15.5389931,"{""suspect"": [""1 case(s) of \""qc persistence check failed: expected variation above 0.001\""""]}",,,14.56343298,"{""good"": []}",212.5859186,"{""good"": []}",18.87666667,"{""good"": []}"
2026-09-30 21:10:00+00:00,Aberdaron Automatic Weather Station,-4.74,52.79,0.0,"{""good"": []}",1000.635,"{""good"": []}",,,14.38511881,"{""good"": []}",,,,,21000.0,"{""good"": []}",,"{""good"": []}",,"{""good"": []}",8.0,"{""good"": []}",,"{""good"": []}",,"{""good"": []}",8.0,"{""good"": []}",,,-1.861878689,"{""good"": []}",,,0.0,"{""good"": []}",,,0.0,"{""good"": []}",,,13.2948922,"{""good"": []}",17687.0,"{""good"": []}",0.0,"{""good"": []}",NSW,"{""good"": []}",82.275,"{""good"": []}",,,15.53899061,"{""suspect"": [""1 case(s) of \""qc persistence check failed: expected variation above 0.001\""""]}",,,14.56317804,"{""good"": []}",214.4116448,"{""good"": []}",19.305125,"{""good"": []}"
2026-09-30 21:11:00+00:00,Aberdaron Automatic Weather Station,-4.74,52.79,0.0,"{""good"": []}",1000.625,"{""good"": []}",,,14.38920633,"{""good"": []}",,,,,21000.0,"{""good"": []}",,"{""good"": []}",,"{""good"": []}",8.0,"{""good"": []}",,"{""good"": []}",,"{""good"": []}",8.0,"{""good"": []}",,,-1.860134077,"{""good"": []}",,,0.0,"{""good"": []}",,,0.0,"{""good"": []}",,,13.28742912,"{""good"": []}",17162.0,"{""good"": []}",0.0,"{""good"": []}",NSW,"{""good"": []}",82.325,"{""good"": []}",,,15.53894063,"{""suspect"": [""1 case(s) of \""qc persistence check failed: expected variation above 0.001\""""]}",,,14.56302307,"{""good"": []}",216.6822257,"{""good"": []}",16.465875,"{""good"": []}"
2026-09-30 21:12:00+00:00,Aberdaron Automatic Weather Station,-4.74,52.79,0.0,"{""good"": []}",1000.65,"{""good"": []}",,,14.37724913,"{""good"": []}",,,,,21000.0,"{""good"": []}",,"{""good"": []}",,"{""good"": []}",8.0,"{""good"": []}",,"{""good"": []}",,"{""good"": []}",8.0,"{""good"": []}",,,-1.857164894,"{""good"": []}",,,0.0,"{""good"": []}",,,0.0,"{""good"": []}",,,13.25518489,"{""good"": []}",16836.0,"{""good"": []}",0.0,"{""good"": []}",NSW,"{""good"": []}",82.6,"{""good"": []}",,,15.5389931,"{""suspect"": [""1 case(s) of \""qc persistence check failed: expected variation above 0.001\""""]}",,,14.56302307,"{""good"": []}",214.7875406,"{""good"": []}",19.64525,"{""good"": []}"
2026-09-30 21:13:00+00:00,Aberdaron Automatic Weather Station,-4.74,52.79,0.0,"{""good"": []}",1000.65,"{""good"": []}",,,14.3844655,"{""good"": []}",,,,,21000.0,"{""good"": []}",,"{""good"": []}",,"{""good"": []}",8.0,"{""good"": []}",,"{""good"": []}",,"{""good"": []}",8.0,"{""good"": []}",,,-1.851850156,"{""good"": []}",,,0.0,"{""good"": []}",,,0.0,"{""good"": []}",,,13.2691438,"{""good"": []}",17435.5,"{""good"": []}",0.0,"{""good"": []}",NSW,"{""good"": []}",82.4,"{""good"": []}",,,15.53888816,"{""good"": []}",,,14.56282311,"{""good"": []}",212.4029321,"{""good"": []}",20.65683333,"{""good"": []}"
2026-09-30 21:14:00+00:00,Aberdaron Automatic Weather Station,-4.74,52.79,0.0,"{""good"": []}",1000.68,"{""good"": []}",,,14.40939114,"{""good"": []}",,,,,21000.0,"{""good"": []}",,"{""good"": []}",,"{""good"": []}",8.0,"{""good"": []}",,"{""good"": []}",,"{""good"": []}",8.0,"{""good"": []}",,,-1.846471855,"{""good"": []}",,,0.0,"{""good"": []}",,,0.0,"{""good"": []}",,,13.27055094,"{""good"": []}",20918.0,"{""good"": []}",0.0,"{""good"": []}",NSW,"{""good"": []}",82.725,"{""good"": []}",,,15.53904558,"{""suspect"": [""1 case(s) of \""qc persistence check failed: expected variation above 0.001\""""]}",,,14.5628731,"{""good"": []}",214.2364015,"{""good"": []}",18.37816667,"{""good"": []}"
2026-09-30 21:15:00+00:00,Aberdaron Automatic Weather Station,-4.74,52.79,0.0,"{""good"": []}",1000.65,"{""good"": []}",,,14.38269833,"{""good"": []}",,,,,21000.0,"{""good"": []}",,"{""good"": []}",,"{""good"": []}",8.0,"{""good"": []}",,"{""good"": []}",,"{""good"": []}",8.0,"{""good"": []}",,,-1.840075345,"{""good"": []}",,,0.0,"{""good"": []}",,,0.0,"{""good"": []}",,,13.27831145,"{""good"": []}",17641.5,"{""good"": []}",0.0,"{""good"": []}",NSW,"{""good"": []}",82.625,"{""good"": []}",,,15.53899061,"{""suspect"": [""1 case(s) of \""qc persistence check failed: expected variation above 0.001\""""]}",,,14.56247318,"{""good"": []}",214.2921273,"{""good"": []}",21.19879167,"{""good"": []}"
2026-09-30 21:16:00+00:00,Aberdaron Automatic Weather Station,-4.74,52.79,0.0,"{""good"": []}",1000.655,"{""good"": []}",,,14.38960933,"{""good"": []}",,,,,21000.0,"{""good"": []}",,"{""good"": []}",,"{""good"": []}",8.0,"{""good"": []}",,"{""good"": []}",,"{""good"": []}",8.0,"{""good"": []}",,,-1.832794765,"{""good"": []}",,,0.0,"{""good"": []}",,,0.0,"{""good"": []}",,,13.29715412,"{""good"": []}",18824.5,"{""good"": []}",0.0,"{""good"": []}",NSW,"{""good"": []}",82.0,"{""good"": []}",,,15.53883818,"{""good"": []}",,,14.56257316,"{""good"": []}",218.2458909,"{""good"": []}",19.99629167,"{""good"": []}"
2026-09-30 21:17:00+00:00,Aberdaron Automatic Weather Station,-4.74,52.79,0.0,"{""good"": []}",1000.64,"{""good"": []}",,,14.42462988,"{""good"": []}",,,,,21000.0,"{""good"": []}",,"{""good"": []}",,"{""good"": []}",8.0,"{""good"": []}",,"{""good"": []}",,"{""good"": []}",8.0,"{""good"": []}",,,-1.829551936,"{""good"": []}",,,0.0,"{""good"": []}",,,0.0,"{""good"": []}",,,13.31388483,"{""good"": []}",19572.0,"{""good"": []}",0.0,"{""good"": []}",NSW,"{""good"": []}",81.65,"{""good"": []}",,,15.5389931,"{""good"": []}",,,14.56227322,"{""good"": []}",216.187155,"{""good"": []}",19.70475,"{""good"": []}"
2026-09-30 21:18:00+00:00,Aberdaron Automatic Weather Station,-4.74,52.79,0.0,"{""good"": []}",1000.64,"{""good"": []}",,,14.41337855,"{""good"": []}",,,,,21000.0,"{""good"": []}",,"{""good"": []}",,"{""good"": []}",8.0,"{""good"": []}",,"{""good"": []}",,"{""good"": []}",8.0,"{""good"": []}",,,-1.820870551,"{""good"": []}",,,0.0,"{""good"": []}",,,0.0,"{""good"": []}",,,13.3101033,"{""good"": []}",21273.0,"{""good"": []}",0.0,"{""good"": []}",NSW,"{""good"": []}",81.475,"{""good"": []}",,,15.53888816,"{""suspect"": [""1 case(s) of \""qc persistence check failed: expected variation above 0.001\""""]}",,,14.56222323,"{""good"": []}",213.9568513,"{""good"": []}",20.1535,"{""good"": []}"
2026-09-30 21:19:00+00:00,Aberdaron Automatic Weather Station,-4.74,52.79,0.0,"{""good"": []}",1000.65,"{""good"": []}",,,14.38395988,"{""good"": []}",,,,,21000.0,"{""good"": []}",,"{""good"": []}",,"{""good"": []}",8.0,"{""good"": []}",,"{""good"": []}",,"{""good"": []}",8.0,"{""good"": []}",,,-1.812950241,"{""good"": []}",,,0.0,"{""good"": []}",,,0.0,"{""good"": []}",,,13.28335016,"{""good"": []}",21850.0,"{""good"": []}",0.0,"{""good"": []}",NSW,"{""good"": []}",81.575,"{""good"": []}",,,15.53894313,"{""suspect"": [""1 case(s) of \""qc persistence check failed: expected variation above 0.001\""""]}",,,14.56207326,"{""good"": []}",219.5730701,"{""good"": []}",19.32208333,"{""good"": []}"
2026-09-30 21:20:00+00:00,Aberdaron Automatic Weather Station,-4.74,52.79,0.0,"{""good"": []}",1000.68,"{""good"": []}",,,14.36993264,"{""good"": []}",,,,,21000.0,"{""good"": []}",,"{""good"": []}",,"{""good"": []}",8.0,"{""good"": []}",,"{""good"": []}",,"{""good"": []}",8.0,"{""good"": []}",,,-1.807620643,"{""good"": []}",,,0.0,"{""good"": []}",,,0.0,"{""good"": []}",,,13.27720423,"{""good"": []}",18684.5,"{""good"": []}",0.0,"{""good"": []}",NSW,"{""good"": []}",81.175,"{""good"": []}",,,15.53888816,"{""suspect"": [""1 case(s) of \""qc persistence check failed: expected variation above 0.001\""""]}",,,14.56186831,"{""good"": []}",218.249045,"{""good"": []}",17.90375,"{""good"": []}"
2026-09-30 21:21:00+00:00,Aberdaron Automatic Weather Station,-4.74,52.79,0.0,"{""good"": []}",1000.695,"{""good"": []}",,,14.34515718,"{""good"": []}",,,,,21000.0,"{""good"": []}",,"{""good"": []}",,"{""good"": []}",8.0,"{""good"": []}",,"{""good"": []}",,"{""good"": []}",8.0,"{""good"": []}",,,-1.804091793,"{""good"": []}",,,0.0,"{""good"": []}",,,0.0,"{""good"": []}",,,13.23332299,"{""good"": []}",17990.5,"{""good"": []}",0.0,"{""good"": []}",NSW,"{""good"": []}",80.375,"{""good"": []}",,,15.53883568,"{""suspect"": [""1 case(s) of \""qc persistence check failed: expected variation above 0.001\""""]}",,,14.56181832,"{""good"": []}",218.9070299,"{""good"": []}",19.33495833,"{""good"": []}"
2026-09-30 21:22:00+00:00,Aberdaron Automatic Weather Station,-4.74,52.79,0.0,"{""good"": []}",1000.715,"{""good"": []}",,,14.38083103,"{""good"": []}",,,,,21000.0,"{""good"": []}",,"{""good"": []}",,"{""good"": []}",8.0,"{""good"": []}",,"{""good"": []}",,"{""good"": []}",8.0,"{""good"": []}",,,-1.797237149,"{""good"": []}",,,0.0,"{""good"": []}",,,0.0,"{""good"": []}",,,13.2714632,"{""good"": []}",17986.5,"{""good"": []}",0.0,"{""good"": []}",NSW,"{""good"": []}",80.225,"{""good"": []}",,,15.53888816,"{""suspect"": [""1 case(s) of \""qc persistence check failed: expected variation above 0.001\""""]}",,,14.56146339,"{""good"": []}",216.0785622,"{""good"": []}",17.16508333,"{""good"": []}"
2026-09-30 21:23:00+00:00,Aberdaron Automatic Weather Station,-4.74,52.79,0.0,"{""good"": []}",1000.75,"{""good"": []}",,,14.3634747,"{""good"": []}",,,,,21000.0,"{""good"": []}",,"{""good"": []}",,"{""good"": []}",8.0,"{""good"": []}",,"{""good"": []}",,"{""good"": []}",8.0,"{""good"": []}",,,-1.791112215,"{""good"": []}",,,0.0,"{""good"": []}",,,0.0,"{""good"": []}",,,13.22989637,"{""good"": []}",14963.0,"{""good"": []}",0.0,"{""good"": []}",NSW,"{""good"": []}",80.75,"{""good"": []}",,,15.53883818,"{""suspect"": [""1 case(s) of \""qc persistence check failed: expected variation above 0.001\""""]}",,,14.56151338,"{""good"": []}",216.0948422,"{""good"": []}",17.096375,"{""good"": []}"
2026-09-30 21:24:00+00:00,Aberdaron Automatic Weather Station,-4.74,52.79,0.0,"{""good"": []}",1000.78,"{""good"": []}",,,14.34757766,"{""good"": []}",,,,,21000.0,"{""good"": []}",,"{""good"": []}",,"{""good"": []}",8.0,"{""good"": []}",,"{""good"": []}",,"{""good"": []}",8.0,"{""good"": []}",,,-1.783441606,"{""good"": []}",,,0.0,"{""good"": []}",,,0.0,"{""good"": []}",,,13.21155357,"{""good"": []}",19162.0,"{""good"": []}",0.0,"{""good"": []}",NSW,"{""good"": []}",81.025,"{""good"": []}",,,15.53873822,"{""suspect"": [""1 case(s) of \""qc persistence check failed: expected variation above 0.001\""""]}",,,14.56126343,"{""good"": []}",214.4882886,"{""good"": []}",17.90441667,"{""good"": []}"
2026-09-30 21:25:00+00:00,Aberdaron Automatic Weather Station,-4.74,52.79,0.0,"{""good"": []}",1000.82,"{""good"": []}",,,14.36887384,"{""good"": []}",,,,,21000.0,"{""good"": []}",,"{""good"": []}",,"{""good"": []}",8.0,"{""good"": []}",,"{""good"": []}",,"{""good"": []}",8.0,"{""good"": []}",,,-1.77525467,"{""good"": []}",,,0.0,"{""good"": []}",,,0.0,"{""good"": []}",,,13.20772706,"{""good"": []}",17461.0,"{""good"": []}",0.0,"{""good"": []}",NSW,"{""good"": []}",81.6,"{""good"": []}",,,15.53873573,"{""suspect"": [""1 case(s) of \""qc persistence check failed: expected variation above 0.001\""""]}",,,14.56116345,"{""good"": []}",212.1141405,"{""good"": []}",16.96170833,"{""good"": []}"
2026-09-30 21:26:00+00:00,Aberdaron Automatic Weather Station,-4.74,52.79,0.0,"{""good"": []}",1000.84,"{""good"": []}",,,14.39884317,"{""good"": []}",,,,,21000.0,"{""good"": []}",,"{""good"": []}",,"{""good"": []}",8.0,"{""good"": []}",,"{""good"": []}",,"{""good"": []}",8.0,"{""good"": []}",,,-1.76996222,"{""good"": []}",,,0.0,"{""good"": []}",,,0.0,"{""good"": []}",,,13.23276813,"{""good"": []}",14737.5,"{""good"": []}",0.0,"{""good"": []}",NSW,"{""good"": []}",82.45,"{""good"": []}",,,15.5387882,"{""suspect"": [""1 case(s) of \""qc persistence check failed: expected variation above 0.001\""""]}",,,14.56101348,"{""good"": []}",211.4995345,"{""good"": []}",16.20266667,"{""good"": []}"
2026-09-30 21:27:00+00:00,Aberdaron Automatic Weather Station,-4.74,52.79,0.0,"{""good"": []}",1000.86,"{""good"": []}",,,14.32805116,"{""good"": []}",,,,,21000.0,"{""good"": []}",,"{""good"": []}",,"{""good"": []}",8.0,"{""good"": []}",,"{""good"": []}",,"{""good"": []}",8.0,"{""good"": []}",,,-1.766485787,"{""good"": []}",,,0.0,"{""good"": []}",,,0.0,"{""good"": []}",,,13.17230614,"{""good"": []}",11851.0,"{""good"": []}",0.0,"{""good"": []}",NSW,"{""good"": []}",81.45,"{""good"": []}",,,15.53868575,"{""suspect"": [""1 case(s) of \""qc persistence check failed: expected variation above 0.001\""""]}",,,14.5609135,"{""good"": []}",210.3106548,"{""good"": []}",18.48425,"{""good"": []}"
2026-09-30 21:28:00+00:00,Aberdaron Automatic Weather Station,-4.74,52.79,0.0,"{""good"": []}",1000.905,"{""good"": []}",,,14.32840409,"{""good"": []}",,,,,21000.0,"{""good"": []}",,"{""good"": []}",,"{""good"": []}",8.0,"{""good"": []}",,"{""good"": []}",,"{""good"": []}",8.0,"{""good"": []}",,,-1.764613643,"{""good"": []}",,,0.0,"{""good"": []}",,,0.0,"{""good"": []}",,,13.17114644,"{""good"": []}",17755.0,"{""good"": []}",0.0,"{""good"": []}",NSW,"{""good"": []}",81.0,"{""good"": []}",,,15.53868575,"{""suspect"": [""1 case(s) of \""qc persistence check failed: expected variation above 0.001\""""]}",,,14.56055608,"{""good"": []}",211.6049014,"{""good"": []}",18.90366667,"{""good"": []}"
2026-09-30 21:29:00+00:00,Aberdaron Automatic Weather Station,-4.74,52.79,0.0,"{""good"": []}",1000.925,"{""good"": []}",,,14.35827831,"{""good"": []}",,,,,21000.0,"{""good"": []}",,"{""good"": []}",,"{""good"": []}",8.0,"{""good"": []}",,"{""good"": []}",,"{""good"": []}",8.0,"{""good"": []}",,,-1.761547053,"{""good"": []}",,,0.0,"{""good"": []}",,,0.0,"{""good"": []}",,,13.1806715,"{""good"": []}",18499.5,"{""good"": []}",0.0,"{""good"": []}",NSW,"{""good"": []}",80.575,"{""good"": []}",,,15.53863577,"{""suspect"": [""1 case(s) of \""qc persistence check failed: expected variation above 0.001\""""]}",,,14.56040361,"{""good"": []}",208.3342066,"{""good"": []}",14.98558333,"{""good"": []}"
2026-09-30 21:30:00+00:00,Aberdaron Automatic Weather Station,-4.74,52.79,0.0,"{""good"": []}",1000.955,"{""good"": []}",,,14.34132247,"{""good"": []}",,,,,21000.0,"{""good"": []}",,"{""good"": []}",,"{""good"": []}",8.0,"{""good"": []}",,"{""good"": []}",,"{""good"": []}",8.0,"{""good"": []}",,,-1.760311754,"{""good"": []}",,,0.0,"{""good"": []}",,,0.0,"{""good"": []}",,,13.1342659,"{""good"": []}",15119.0,"{""good"": []}",0.0,"{""good"": []}",NSW,"{""good"": []}",80.975,"{""good"": []}",,,15.53883818,"{""suspect"": [""1 case(s) of \""qc persistence check failed: expected variation above 0.001\""""]}",,,14.56040361,"{""good"": []}",206.2332907,"{""good"": []}",15.9035,"{""good"": []}"
2026-09-30 21:31:00+00:00,Aberdaron Automatic Weather Station,-4.74,52.79,0.0,"{""good"": []}",1000.975,"{""good"": []}",,,14.30438707,"{""good"": []}",,,,,21000.0,"{""good"": []}",,"{""good"": []}",,"{""good"": []}",8.0,"{""good"": []}",,"{""good"": []}",,"{""good"": []}",8.0,"{""good"": []}",,,-1.762192577,"{""good"": []}",,,0.0,"{""good"": []}",,,0.0,"{""good"": []}",,,13.06574597,"{""good"": []}",12236.5,"{""good"": []}",0.0,"{""good"": []}",NSW,"{""good"": []}",81.025,"{""good"": []}",,,15.53863827,"{""suspect"": [""1 case(s) of \""qc persistence check failed: expected variation above 0.001\""""]}",,,14.56020365,"{""good"": []}",207.1739472,"{""good"": []}",18.447125,"{""good"": []}"
2026-09-30 21:32:00+00:00,Aberdaron Automatic Weather Station,-4.74,52.79,0.0,"{""good"": []}",1000.97,"{""good"": []}",,,14.33501471,"{""good"": []}",,,,,21000.0,"{""good"": []}",,"{""good"": []}",,"{""good"": []}",8.0,"{""good"": []}",,"{""good"": []}",,"{""good"": []}",8.0,"{""good"": []}",,,-1.760797137,"{""good"": []}",,,0.0,"{""good"": []}",,,0.0,"{""good"": []}",,,13.07294912,"{""good"": []}",19270.0,"{""good"": []}",0.0,"{""good"": []}",NSW,"{""good"": []}",80.5,"{""good"": []}",,,15.53868575,"{""suspect"": [""1 case(s) of \""qc persistence check failed: expected variation above 0.001\""""]}",,,14.56010367,"{""good"": []}",207.2570354,"{""good"": []}",18.90595833,"{""good"": []}"
2026-09-30 21:33:00+00:00,Aberdaron Automatic Weather Station,-4.74,52.79,0.0,"{""good"": []}",1000.965,"{""good"": []}",,,14.41544608,"{""good"": []}",,,,,21000.0,"{""good"": []}",,"{""good"": []}",,"{""good"": []}",8.0,"{""good"": []}",,"{""good"": []}",,"{""good"": []}",8.0,"{""good"": []}",,,-1.758403714,"{""good"": []}",,,0.0,"{""good"": []}",,,0.0,"{""good"": []}",,,13.13557806,"{""good"": []}",19165.5,"{""good"": []}",0.0,"{""good"": []}",NSW,"{""good"": []}",80.675,"{""good"": []}",,,15.53873573,"{""suspect"": [""1 case(s) of \""qc persistence check failed: expected variation above 0.001\""""]}",,,14.55985372,"{""good"": []}",204.0248195,"{""good"": []}",16.94816667,"{""good"": []}"
2026-09-30 21:34:00+00:00,Aberdaron Automatic Weather Station,-4.74,52.79,0.0,"{""good"": []}",1000.985,"{""good"": []}",,,14.37563715,"{""good"": []}",,,,,21000.0,"{""good"": []}",,"{""good"": []}",,"{""good"": []}",8.0,"{""good"": []}",,"{""good"": []}",,"{""good"": []}",8.0,"{""good"": []}",,,-1.753642451,"{""good"": []}",,,0.0,"{""good"": []}",,,0.0,"{""good"": []}",,,13.17064157,"{""good"": []}",16238.0,"{""good"": []}",0.0,"{""good"": []}",NSW,"{""good"": []}",80.9,"{""good"": []}",,,15.53873573,"{""suspect"": [""1 case(s) of \""qc persistence check failed: expected variation above 0.001\""""]}",,,14.55965376,"{""good"": []}",205.6406499,"{""good"": []}",17.25004167,"{""good"": []}"
2026-09-30 21:35:00+00:00,Aberdaron Automatic Weather Station,-4.74,52.79,0.0,"{""good"": []}",1000.975,"{""good"": []}",,,14.41519328,"{""good"": []}",,,,,21000.0,"{""good"": []}",,"{""good"": []}",,"{""good"": []}",8.0,"{""good"": []}",,"{""good"": []}",,"{""good"": []}",8.0,"{""good"": []}",,,-1.745602447,"{""good"": []}",,,0.0,"{""good"": []}",,,0.0,"{""good"": []}",,,13.21170604,"{""good"": []}",17363.5,"{""good"": []}",0.0,"{""good"": []}",NSW,"{""good"": []}",80.975,"{""good"": []}",,,15.5387857,"{""suspect"": [""1 case(s) of \""qc persistence check failed: expected variation above 0.001\""""]}",,,14.55930133,"{""good"": []}",204.5319072,"{""good"": []}",16.16216667,"{""good"": []}"
2026-09-30 21:36:00+00:00,Aberdaron Automatic Weather Station,-4.74,52.79,0.0,"{""good"": []}",1001.0,"{""good"": []}",,,14.36856846,"{""good"": []}",,,,,21000.0,"{""good"": []}",,"{""good"": []}",,"{""good"": []}",8.0,"{""good"": []}",,"{""good"": []}",,"{""good"": []}",8.0,"{""good"": []}",,,-1.738603762,"{""good"": []}",,,0.0,"{""good"": []}",,,0.0,"{""good"": []}",,,13.24249064,"{""good"": []}",14203.0,"{""good"": []}",0.0,"{""good"": []}",NSW,"{""good"": []}",81.55,"{""good"": []}",,,15.53883818,"{""suspect"": [""1 case(s) of \""qc persistence check failed: expected variation above 0.001\""""]}",,,14.55919885,"{""good"": []}",206.9204877,"{""good"": []}",17.02533333,"{""good"": []}"
2026-09-30 21:37:00+00:00,Aberdaron Automatic Weather Station,-4.74,52.79,0.0,"{""good"": []}",1000.995,"{""good"": []}",,,14.3960172,"{""good"": []}",,,,,21000.0,"{""good"": []}",,"{""good"": []}",,"{""good"": []}",8.0,"{""good"": []}",,"{""good"": []}",,"{""good"": []}",8.0,"{""good"": []}",,,-1.728650332,"{""good"": []}",,,0.0,"{""good"": []}",,,0.0,"{""good"": []}",,,13.25886644,"{""good"": []}",12182.5,"{""good"": []}",0.0,"{""good"": []}",NSW,"{""good"": []}",81.275,"{""good"": []}",,,15.53873822,"{""suspect"": [""1 case(s) of \""qc persistence check failed: expected variation above 0.001\""""]}",,,14.55889642,"{""good"": []}",205.5011924,"{""good"": []}",15.749375,"{""good"": []}"
2026-09-30 21:38:00+00:00,Aberdaron Automatic Weather Station,-4.74,52.79,0.0,"{""good"": []}",1001.04,"{""good"": []}",,,14.36887134,"{""good"": []}",,,,,21000.0,"{""good"": []}",,"{""good"": []}",,"{""good"": []}",8.0,"{""good"": []}",,"{""good"": []}",,"{""good"": []}",8.0,"{""good"": []}",,,-1.72229963,"{""good"": []}",,,0.0,"{""good"": []}",,,0.0,"{""good"": []}",,,13.26995109,"{""good"": []}",15834.0,"{""good"": []}",0.0,"{""good"": []}",NSW,"{""good"": []}",81.4,"{""good"": []}",,,15.53873822,"{""suspect"": [""1 case(s) of \""qc persistence check failed: expected variation above 0.001\""""]}",,,14.55879394,"{""good"": []}",203.5038397,"{""good"": []}",18.72204167,"{""good"": []}"
2026-09-30 21:39:00+00:00,Aberdaron Automatic Weather Station,-4.74,52.79,0.0,"{""good"": []}",1001.055,"{""good"": []}",,,14.35065644,"{""good"": []}",,,,,19000.0,"{""good"": []}",,"{""good"": []}",,"{""good"": []}",8.0,"{""good"": []}",,"{""good"": []}",,"{""good"": []}",8.0,"{""good"": []}",,,-1.713786626,"{""good"": []}",,,0.0,"{""good"": []}",,,0.0,"{""good"": []}",,,13.27045347,"{""good"": []}",18821.0,"{""good"": []}",0.0,"{""good"": []}",NSW,"{""good"": []}",80.125,"{""good"": []}",,,15.53858579,"{""suspect"": [""1 case(s) of \""qc persistence check failed: expected variation above 0.001\""""]}",,,14.55879394,"{""good"": []}",203.752321,"{""good"": []}",18.07541667,"{""good"": []}"
2026-09-30 21:40:00+00:00,Aberdaron Automatic Weather Station,-4.74,52.79,0.0,"{""good"": []}",1001.065,"{""good"": []}",,,14.37013289,"{""good"": []}",,,,,19000.0,"{""good"": []}",,"{""good"": []}",,"{""good"": []}",8.0,"{""good"": []}",,"{""good"": []}",,"{""good"": []}",8.0,"{""good"": []}",,,-1.704681355,"{""good"": []}",,,0.0,"{""good"": []}",,,0.0,"{""good"": []}",,,13.26833651,"{""good"": []}",20699.0,"{""good"": []}",0.0,"{""good"": []}",NSW,"{""good"": []}",79.9125,"{""good"": []}",,,15.53858579,"{""suspect"": [""1 case(s) of \""qc persistence check failed: expected variation above 0.001\""""]}",,,14.55854399,"{""good"": []}",203.3600252,"{""good"": []}",16.26054167,"{""good"": []}"
2026-09-30 21:41:00+00:00,Aberdaron Automatic Weather Station,-4.74,52.79,0.0,"{""good"": []}",1001.095,"{""good"": []}",,,14.36574499,"{""good"": []}",,,,,19000.0,"{""good"": []}",,"{""good"": []}",,"{""good"": []}",8.0,"{""good"": []}",,"{""good"": []}",,"{""good"": []}",8.0,"{""good"": []}",,,-1.698908067,"{""good"": []}",,,0.0,"{""good"": []}",,,0.0,"{""good"": []}",,,13.25125589,"{""good"": []}",22327.5,"{""good"": []}",0.0,"{""good"": []}",NSW,"{""good"": []}",80.3,"{""good"": []}",,,15.53858579,"{""suspect"": [""1 case(s) of \""qc persistence check failed: expected variation above 0.001\""""]}",,,14.55829404,"{""good"": []}",204.0480043,"{""good"": []}",18.31045833,"{""good"": []}"
2026-09-30 21:42:00+00:00,Aberdaron Automatic Weather Station,-4.74,52.79,0.0,"{""good"": []}",1001.08,"{""good"": []}",,,14.36730691,"{""good"": []}",,,,,19000.0,"{""good"": []}",,"{""good"": []}",,"{""good"": []}",8.0,"{""good"": []}",,"{""good"": []}",,"{""good"": []}",8.0,"{""good"": []}",,,-1.692410845,"{""good"": []}",,,0.0,"{""good"": []}",,,0.0,"{""good"": []}",,,13.20621494,"{""good"": []}",20671.5,"{""good"": []}",0.0,"{""good"": []}",NSW,"{""good"": []}",79.95,"{""good"": []}",,,15.53863577,"{""suspect"": [""1 case(s) of \""qc persistence check failed: expected variation above 0.001\""""]}",,,14.55793661,"{""good"": []}",203.9634155,"{""good"": []}",17.43779167,"{""good"": []}"
2026-09-30 21:43:00+00:00,Aberdaron Automatic Weather Station,-4.74,52.79,0.0,"{""good"": []}",1001.11,"{""good"": []}",,,14.33884693,"{""good"": []}",,,,,19000.0,"{""good"": []}",,"{""good"": []}",,"{""good"": []}",8.0,"{""good"": []}",,"{""good"": []}",,"{""good"": []}",8.0,"{""good"": []}",,,-1.687497689,"{""good"": []}",,,0.0,"{""good"": []}",,,0.0,"{""good"": []}",,,13.19306332,"{""good"": []}",19693.5,"{""good"": []}",0.0,"{""good"": []}",NSW,"{""good"": []}",79.845,"{""good"": []}",,,15.53843586,"{""good"": []}",,,14.55783663,"{""good"": []}",207.2263009,"{""good"": []}",18.10141667,"{""good"": []}"
2026-09-30 21:44:00+00:00,Aberdaron Automatic Weather Station,-4.74,52.79,0.0,"{""good"": []}",1001.12,"{""good"": []}",,,14.36524188,"{""good"": []}",,,,,19000.0,"{""good"": []}",,"{""good"": []}",,"{""good"": []}",8.0,"{""good"": []}",,"{""good"": []}",,"{""good"": []}",8.0,"{""good"": []}",,,-1.678733339,"{""good"": []}",,,0.0,"{""good"": []}",,,0.0,"{""good"": []}",,,13.22460523,"{""good"": []}",20294.0,"{""good"": []}",0.0,"{""good"": []}",NSW,"{""good"": []}",79.97,"{""good"": []}",,,15.53853581,"{""good"": []}",,,14.55758418,"{""good"": []}",204.5048374,"{""good"": []}",17.23820833,"{""good"": []}"
2026-09-30 21:45:00+00:00,Aberdaron Automatic Weather Station,-4.74,52.79,0.0,"{""good"": []}",1001.14,"{""good"": []}",,,14.39823993,"{""good"": []}",,,,,19000.0,"{""good"": []}",,"{""good"": []}",,"{""good"": []}",8.0,"{""good"": []}",,"{""good"": []}",,"{""good"": []}",8.0,"{""good"": []}",,,-1.672591073,"{""good"": []}",,,0.0,"{""good"": []}",,,0.0,"{""good"": []}",,,13.23064618,"{""good"": []}",16952.5,"{""good"": []}",0.0,"{""good"": []}",NSW,"{""good"": []}",80.475,"{""good"": []}",,,15.53858579,"{""good"": []}",,,14.55748421,"{""good"": []}",204.5838538,"{""good"": []}",17.39266667,"{""good"": []}"
2026-09-30 21:46:00+00:00,Aberdaron Automatic Weather Station,-4.74,52.79,0.0,"{""good"": []}",1001.165,"{""good"": []}",,,14.38426526,"{""good"": []}",,,,,19000.0,"{""good"": []}",,"{""good"": []}",,"{""good"": []}",8.0,"{""good"": []}",,"{""good"": []}",,"{""good"": []}",8.0,"{""good"": []}",,,-1.6684683,"{""good"": []}",,,0.0,"{""good"": []}",,,0.0,"{""good"": []}",,,13.22339553,"{""good"": []}",19512.5,"{""good"": []}",0.0,"{""good"": []}",NSW,"{""good"": []}",80.875,"{""good"": []}",,,15.53853581,"{""good"": []}",,,14.5575342,"{""good"": []}",202.9224511,"{""good"": []}",16.357375,"{""good"": []}"
2026-09-30 21:47:00+00:00,Aberdaron Automatic Weather Station,-4.74,52.79,0.0,"{""good"": []}",1001.175,"{""good"": []}",,,14.35030351,"{""good"": []}",,,,,19000.0,"{""good"": []}",,"{""good"": []}",,"{""good"": []}",8.0,"{""good"": []}",,"{""good"": []}",,"{""good"": []}",8.0,"{""good"": []}",,,-1.665373226,"{""good"": []}",,,0.0,"{""good"": []}",,,0.0,"{""good"": []}",,,13.19749718,"{""good"": []}",18624.0,"{""good"": []}",0.0,"{""good"": []}",NSW,"{""good"": []}",80.725,"{""good"": []}",,,15.53868575,"{""good"": []}",,,14.55718427,"{""good"": []}",202.4511145,"{""good"": []}",17.40920833,"{""good"": []}"
2026-09-30 21:48:00+00:00,Aberdaron Automatic Weather Station,-4.74,52.79,0.0,"{""good"": []}",1001.2,"{""good"": []}",,,14.32335789,"{""good"": []}",,,,,19000.0,"{""good"": []}",,"{""good"": []}",,"{""good"": []}",8.0,"{""good"": []}",,"{""good"": []}",,"{""good"": []}",8.0,"{""good"": []}",,,-1.657894532,"{""good"": []}",,,0.0,"{""good"": []}",,,0.0,"{""good"": []}",,,13.20797949,"{""good"": []}",23462.5,"{""good"": []}",0.0,"{""good"": []}",NSW,"{""good"": []}",80.225,"{""good"": []}",,,15.53853581,"{""suspect"": [""1 case(s) of \""qc persistence check failed: expected variation above 0.001\""""]}",,,14.55718427,"{""good"": []}",203.7268754,"{""good"": []}",16.67095833,"{""good"": []}"
2026-09-30 21:49:00+00:00,Aberdaron Automatic Weather Station,-4.74,52.79,0.0,"{""good"": []}",1001.195,"{""good"": []}",,,14.34510712,"{""good"": []}",,,,,19000.0,"{""good"": []}",,"{""good"": []}",,"{""good"": []}",8.0,"{""good"": []}",,"{""good"": []}",,"{""good"": []}",8.0,"{""good"": []}",,,-1.651749785,"{""good"": []}",,,0.0,"{""good"": []}",,,0.0,"{""good"": []}",,,13.20308825,"{""good"": []}",25956.0,"{""good"": []}",0.0,"{""good"": []}",NSW,"{""good"": []}",79.6075,"{""good"": []}",,,15.53853582,"{""suspect"": [""1 case(s) of \""qc persistence check failed: expected variation above 0.001\""""]}",,,14.55693432,"{""good"": []}",202.0547706,"{""good"": []}",16.81675,"{""good"": []}"
2026-09-30 21:50:00+00:00,Aberdaron Automatic Weather Station,-4.74,52.79,0.0,"{""good"": []}",1001.195,"{""good"": []}",,,14.39501097,"{""good"": []}",,,,,19000.0,"{""good"": []}",,"{""good"": []}",,"{""good"": []}",8.0,"{""good"": []}",,"{""good"": []}",,"{""good"": []}",8.0,"{""good"": []}",,,-1.648485488,"{""good"": []}",,,0.0,"{""good"": []}",,,0.0,"{""good"": []}",,,13.23624224,"{""good"": []}",25040.0,"{""good"": []}",0.0,"{""good"": []}",NSW,"{""good"": []}",79.7125,"{""good"": []}",,,15.53853581,"{""suspect"": [""1 case(s) of \""qc persistence check failed: expected variation above 0.001\""""]}",,,14.55657439,"{""good"": []}",203.3781106,"{""good"": []}",16.83729167,"{""good"": []}"
2026-09-30 21:51:00+00:00,Aberdaron Automatic Weather Station,-4.74,52.79,0.0,"{""good"": []}",1001.17,"{""good"": []}",,,14.41292298,"{""good"": []}",,,,,19000.0,"{""good"": []}",,"{""good"": []}",,"{""good"": []}",8.0,"{""good"": []}",,"{""good"": []}",,"{""good"": []}",8.0,"{""good"": []}",,,-1.642468686,"{""good"": []}",,,0.0,"{""good"": []}",,,0.0,"{""good"": []}",,,13.24909145,"{""good"": []}",24296.5,"{""good"": []}",0.0,"{""good"": []}",NSW,"{""good"": []}",79.92,"{""good"": []}",,,15.53833341,"{""suspect"": [""1 case(s) of \""qc persistence check failed: expected variation above 0.001\""""]}",,,14.55647441,"{""good"": []}",208.1502699,"{""good"": []}",17.45066667,"{""good"": []}"
2026-09-30 21:52:00+00:00,Aberdaron Automatic Weather Station,-4.74,52.79,0.0,"{""good"": []}",1001.185,"{""good"": []}",,,14.44915252,"{""good"": []}",,,,,19000.0,"{""good"": []}",,"{""good"": []}",,"{""good"": []}",8.0,"{""good"": []}",,"{""good"": []}",,"{""good"": []}",8.0,"{""good"": []}",,,-1.639278271,"{""good"": []}",,,0.0,"{""good"": []}",,,0.0,"{""good"": []}",,,13.2644575,"{""good"": []}",21625.5,"{""good"": []}",0.0,"{""good"": []}",NSW,"{""good"": []}",80.1825,"{""good"": []}",,,15.53843586,"{""suspect"": [""1 case(s) of \""qc persistence check failed: expected variation above 0.001\""""]}",,,14.55617447,"{""good"": []}",205.9503164,"{""good"": []}",16.01483333,"{""good"": []}"
2026-09-30 21:53:00+00:00,Aberdaron Automatic Weather Station,-4.74,52.79,0.0,"{""good"": []}",1001.16,"{""good"": []}",,,14.44672954,"{""good"": []}",,,,,19000.0,"{""good"": []}",,"{""good"": []}",,"{""good"": []}",8.0,"{""good"": []}",,"{""good"": []}",,"{""good"": []}",8.0,"{""good"": []}",,,-1.635756015,"{""good"": []}",,,0.0,"{""good"": []}",,,0.0,"{""good"": []}",,,13.27770911,"{""good"": []}",16681.0,"{""good"": []}",0.0,"{""good"": []}",NSW,"{""good"": []}",79.975,"{""good"": []}",,,15.53843586,"{""suspect"": [""1 case(s) of \""qc persistence check failed: expected variation above 0.001\""""]}",,,14.55607449,"{""good"": []}",204.0875446,"{""good"": []}",15.70616667,"{""good"": []}"
2026-09-30 21:54:00+00:00,Aberdaron Automatic Weather Station,-4.74,52.79,0.0,"{""good"": []}",1001.15,"{""good"": []}",,,14.40308088,"{""good"": []}",,,,,19000.0,"{""good"": []}",,"{""good"": []}",,"{""good"": []}",8.0,"{""good"": []}",,"{""good"": []}",,"{""good"": []}",8.0,"{""good"": []}",,,-1.628441173,"{""good"": []}",,,0.0,"{""good"": []}",,,0.0,"{""good"": []}",,,13.25755428,"{""good"": []}",17678.5,"{""good"": []}",0.0,"{""good"": []}",NSW,"{""good"": []}",79.305,"{""good"": []}",,,15.53843586,"{""suspect"": [""1 case(s) of \""qc persistence check failed: expected variation above 0.001\""""]}",,,14.55572457,"{""good"": []}",206.715548,"{""good"": []}",17.77654167,"{""good"": []}"
2026-09-30 21:55:00+00:00,Aberdaron Automatic Weather Station,-4.74,52.79,0.0,"{""good"": []}",1001.16,"{""good"": []}",,,14.40817965,"{""good"": []}",,,,,19000.0,"{""good"": []}",,"{""good"": []}",,"{""good"": []}",8.0,"{""good"": []}",,"{""good"": []}",,"{""good"": []}",8.0,"{""good"": []}",,,-1.618584732,"{""good"": []}",,,0.0,"{""good"": []}",,,0.0,"{""good"": []}",,,13.2558897,"{""good"": []}",21364.5,"{""good"": []}",0.0,"{""good"": []}",NSW,"{""good"": []}",78.2725,"{""good"": []}",,,15.53843586,"{""suspect"": [""1 case(s) of \""qc persistence check failed: expected variation above 0.001\""""]}",,,14.55552461,"{""good"": []}",205.5635248,"{""good"": []}",16.769625,"{""good"": []}"
2026-09-30 21:56:00+00:00,Aberdaron Automatic Weather Station,-4.74,52.79,0.0,"{""good"": []}",1001.175,"{""good"": []}",,,14.42281014,"{""good"": []}",,,,,19000.0,"{""good"": []}",,"{""good"": []}",,"{""good"": []}",8.0,"{""good"": []}",,"{""good"": []}",,"{""good"": []}",8.0,"{""good"": []}",,,-1.616275083,"{""good"": []}",,,0.0,"{""good"": []}",,,0.0,"{""good"": []}",,,13.22969392,"{""good"": []}",19975.0,"{""good"": []}",0.0,"{""good"": []}",NSW,"{""good"": []}",78.405,"{""good"": []}",,,15.53838589,"{""suspect"": [""1 case(s) of \""qc persistence check failed: expected variation above 0.001\""""]}",,,14.55547462,"{""good"": []}",205.0905749,"{""good"": []}",16.2855,"{""good"": []}"
2026-09-30 21:57:00+00:00,Aberdaron Automatic Weather Station,-4.74,52.79,0.0,"{""good"": []}",1001.175,"{""good"": []}",,,14.37129431,"{""good"": []}",,,,,19000.0,"{""good"": []}",,"{""good"": []}",,"{""good"": []}",8.0,"{""good"": []}",,"{""good"": []}",,"{""good"": []}",8.0,"{""good"": []}",,,-1.614858584,"{""good"": []}",,,0.0,"{""good"": []}",,,0.0,"{""good"": []}",,,13.20198103,"{""good"": []}",21178.0,"{""good"": []}",0.0,"{""good"": []}",NSW,"{""good"": []}",78.41,"{""good"": []}",,,15.53843586,"{""suspect"": [""1 case(s) of \""qc persistence check failed: expected variation above 0.001\""""]}",,,14.55521717,"{""good"": []}",204.1920816,"{""good"": []}",17.46670833,"{""good"": []}"
2026-09-30 21:58:00+00:00,Aberdaron Automatic Weather Station,-4.74,52.79,0.0,"{""good"": []}",1001.185,"{""good"": []}",,,14.44072717,"{""good"": []}",,,,,19000.0,"{""good"": []}",,"{""good"": []}",,"{""good"": []}",8.0,"{""good"": []}",,"{""good"": []}",,"{""good"": []}",8.0,"{""good"": []}",,,-1.613661661,"{""good"": []}",,,0.0,"{""good"": []}",,,0.0,"{""good"": []}",,,13.19044399,"{""good"": []}",27387.0,"{""good"": []}",0.0,"{""good"": []}",NSW,"{""good"": []}",78.2025,"{""good"": []}",,,15.53858579,"{""suspect"": [""1 case(s) of \""qc persistence check failed: expected variation above 0.001\""""]}",,,14.55491473,"{""good"": []}",203.1945208,"{""good"": []}",16.17608333,"{""good"": []}"
2026-09-30 21:59:00+00:00,Aberdaron Automatic Weather Station,-4.74,52.79,0.0,"{""good"": []}",1001.18,"{""good"": []}",,,14.42624186,"{""good"": []}",,,,,18000.0,"{""good"": []}",,"{""good"": []}",,"{""good"": []}",8.0,"{""good"": []}",,"{""good"": []}",,"{""good"": []}",8.0,"{""good"": []}",,,-1.612302951,"{""good"": []}",,,0.0,"{""good"": []}",,,0.0,"{""good"": []}",,,13.14333607,"{""good"": []}",22645.0,"{""good"": []}",0.0,"{""good"": []}",NSW,"{""good"": []}",79.0825,"{""good"": []}",,,15.53838588,"{""suspect"": [""1 case(s) of \""qc persistence check failed: expected variation above 0.001\""""]}",,,14.55481475,"{""good"": []}",203.0866929,"{""good"": []}",16.35341667,"{""good"": []}"
2026-09-30 22:00:00+00:00,Aberdaron Automatic Weather Station,-4.74,52.79,0.0,"{""good"": []}",1001.185,"{""good"": []}",,,14.38007511,"{""good"": []}",,,,,18000.0,"{""good"": []}",,"{""good"": []}",,"{""good"": []}",8.0,"{""good"": []}",,"{""good"": []}",,"{""good"": []}",8.0,"{""good"": []}",,,-1.609557467,"{""good"": []}",,,0.0,"{""good"": []}",,,0.0,"{""good"": []}",,,13.12464336,"{""good"": []}",20509.0,"{""good"": []}",0.0,"{""good"": []}",NSW,"{""good"": []}",79.3625,"{""good"": []}",,,15.53833591,"{""suspect"": [""1 case(s) of \""qc persistence check failed: expected variation above 0.001\""""]}",,,14.5545648,"{""good"": []}",204.7164799,"{""good"": []}",15.75779167,"{""good"": []}"
2026-09-30 22:01:00+00:00,Aberdaron Automatic Weather Station,-4.74,52.79,0.0,"{""good"": []}",1001.145,"{""good"": []}",,,14.39556665,"{""good"": []}",,,,,18000.0,"{""good"": []}",,"{""good"": []}",,"{""good"": []}",8.0,"{""good"": []}",,"{""good"": []}",,"{""good"": []}",8.0,"{""good"": []}",,,-1.603775931,"{""good"": []}",,,0.0,"{""good"": []}",,,0.0,"{""good"": []}",,,13.08242419,"{""good"": []}",21451.0,"{""good"": []}",0.0,"{""good"": []}",NSW,"{""good"": []}",78.9675,"{""good"": []}",,,15.53833591,"{""suspect"": [""1 case(s) of \""qc persistence check failed: expected variation above 0.001\""""]}",,,14.55441483,"{""good"": []}",204.1543,"{""good"": []}",15.35383333,"{""good"": []}"
2026-09-30 22:02:00+00:00,Aberdaron Automatic Weather Station,-4.74,52.79,0.0,"{""good"": []}",1001.155,"{""good"": []}",,,14.41826956,"{""good"": []}",,,,,18000.0,"{""good"": []}",,"{""good"": []}",,"{""good"": []}",8.0,"{""good"": []}",,"{""good"": []}",,"{""good"": []}",8.0,"{""good"": []}",,,-1.603744568,"{""good"": []}",,,0.0,"{""good"": []}",,,0.0,"{""good"": []}",,,13.09572328,"{""good"": []}",19249.0,"{""good"": []}",0.0,"{""good"": []}",NSW,"{""good"": []}",79.63,"{""good"": []}",,,15.53833591,"{""suspect"": [""1 case(s) of \""qc persistence check failed: expected variation above 0.001\""""]}",,,14.5541074,"{""good"": []}",206.7855044,"{""good"": []}",15.27395833,"{""good"": []}"
2026-09-30 22:03:00+00:00,Aberdaron Automatic Weather Station,-4.74,52.79,0.0,"{""good"": []}",1001.13,"{""good"": []}",,,14.39808725,"{""good"": []}",,,,,18000.0,"{""good"": []}",,"{""good"": []}",,"{""good"": []}",8.0,"{""good"": []}",,"{""good"": []}",,"{""good"": []}",8.0,"{""good"": []}",,,-1.609303651,"{""good"": []}",,,0.0,"{""good"": []}",,,0.0,"{""good"": []}",,,13.06826533,"{""good"": []}",16316.0,"{""good"": []}",0.0,"{""good"": []}",NSW,"{""good"": []}",80.1425,"{""good"": []}",,,15.53828593,"{""suspect"": [""1 case(s) of \""qc persistence check failed: expected variation above 0.001\""""]}",,,14.55390494,"{""good"": []}",204.705597,"{""good"": []}",14.55341667,"{""good"": []}"
2026-09-30 22:04:00+00:00,Aberdaron Automatic Weather Station,-4.74,52.79,0.0,"{""good"": []}",1001.14,"{""good"": []}",,,14.37926411,"{""good"": []}",,,,,18000.0,"{""good"": []}",,"{""good"": []}",,"{""good"": []}",8.0,"{""good"": []}",,"{""good"": []}",,"{""good"": []}",8.0,"{""good"": []}",,,-1.613491232,"{""good"": []}",,,0.0,"{""good"": []}",,,0.0,"{""good"": []}",,,13.10484344,"{""good"": []}",15698.5,"{""good"": []}",0.0,"{""good"": []}",NSW,"{""good"": []}",79.1525,"{""good"": []}",,,15.53823595,"{""suspect"": [""1 case(s) of \""qc persistence check failed: expected variation above 0.001\""""]}",,,14.55370498,"{""good"": []}",205.8111519,"{""good"": []}",16.425375,"{""good"": []}"
2026-09-30 22:05:00+00:00,Aberdaron Automatic Weather Station,-4.74,52.79,0.0,"{""good"": []}",1001.155,"{""good"": []}",,,14.39238273,"{""good"": []}",,,,,18000.0,"{""good"": []}",,"{""good"": []}",,"{""good"": []}",8.0,"{""good"": []}",,"{""good"": []}",,"{""good"": []}",8.0,"{""good"": []}",,,-1.615098416,"{""good"": []}",,,0.0,"{""good"": []}",,,0.0,"{""good"": []}",,,13.13638285,"{""good"": []}",18417.0,"{""good"": []}",0.0,"{""good"": []}",NSW,"{""good"": []}",79.165,"{""good"": []}",,,15.53828593,"{""suspect"": [""1 case(s) of \""qc persistence check failed: expected variation above 0.001\""""]}",,,14.55345503,"{""good"": []}",205.2914273,"{""good"": []}",15.44370833,"{""good"": []}"
2026-09-30 22:06:00+00:00,Aberdaron Automatic Weather Station,-4.74,52.79,0.0,"{""good"": []}",1001.155,"{""good"": []}",,,14.30681005,"{""good"": []}",,,,,18000.0,"{""good"": []}",,"{""good"": []}",,"{""good"": []}",8.0,"{""good"": []}",,"{""good"": []}",,"{""good"": []}",8.0,"{""good"": []}",,,-1.619897662,"{""good"": []}",,,0.0,"{""good"": []}",,,0.0,"{""good"": []}",,,13.05289677,"{""good"": []}",15693.0,"{""good"": []}",0.0,"{""good"": []}",NSW,"{""good"": []}",79.19,"{""good"": []}",,,15.53823595,"{""suspect"": [""1 case(s) of \""qc persistence check failed: expected variation above 0.001\""""]}",,,14.55330506,"{""good"": []}",208.1140437,"{""good"": []}",14.839875,"{""good"": []}"
2026-09-30 22:07:00+00:00,Aberdaron Automatic Weather Station,-4.74,52.79,0.0,"{""good"": []}",1001.165,"{""good"": []}",,,14.28889802,"{""good"": []}",,,,,18000.0,"{""good"": []}",,"{""good"": []}",,"{""good"": []}",8.0,"{""good"": []}",,"{""good"": []}",,"{""good"": []}",8.0,"{""good"": []}",,,-1.625884749,"{""good"": []}",,,0.0,"{""good"": []}",,,0.0,"{""good"": []}",,,13.01369682,"{""good"": []}",15972.0,"{""good"": []}",0.0,"{""good"": []}",NSW,"{""good"": []}",79.27,"{""good"": []}",,,15.53823595,"{""suspect"": [""1 case(s) of \""qc persistence check failed: expected variation above 0.001\""""]}",,,14.55315259,"{""good"": []}",206.6672705,"{""good"": []}",14.860625,"{""good"": []}"
2026-09-30 22:08:00+00:00,Aberdaron Automatic Weather Station,-4.74,52.79,0.0,"{""good"": []}",1001.18,"{""good"": []}",,,14.27900587,"{""good"": []}",,,,,18000.0,"{""good"": []}",,"{""good"": []}",,"{""good"": []}",8.0,"{""good"": []}",,"{""good"": []}",,"{""good"": []}",8.0,"{""good"": []}",,,-1.631142543,"{""good"": []}",,,0.0,"{""good"": []}",,,0.0,"{""good"": []}",,,12.99707358,"{""good"": []}",13722.5,"{""good"": []}",0.0,"{""good"": []}",NSW,"{""good"": []}",79.805,"{""good"": []}",,,15.538136,"{""suspect"": [""1 case(s) of \""qc persistence check failed: expected variation above 0.001\""""]}",,,14.55284766,"{""good"": []}",205.7451925,"{""good"": []}",16.75775,"{""good"": []}"
2026-09-30 22:09:00+00:00,Aberdaron Automatic Weather Station,-4.74,52.79,0.0,"{""good"": []}",1001.205,"{""good"": []}",,,14.29399429,"{""good"": []}",,,,,18000.0,"{""good"": []}",,"{""good"": []}",,"{""good"": []}",8.0,"{""good"": []}",,"{""good"": []}",,"{""good"": []}",8.0,"{""good"": []}",,,-1.630734357,"{""good"": []}",,,0.0,"{""good"": []}",,,0.0,"{""good"": []}",,,13.07164196,"{""good"": []}",15709.5,"{""good"": []}",0.0,"{""good"": []}",NSW,"{""good"": []}",79.735,"{""good"": []}",,,15.53823345,"{""suspect"": [""1 case(s) of \""qc persistence check failed: expected variation above 0.001\""""]}",,,14.5526452,"{""good"": []}",207.8472478,"{""good"": []}",17.08920833,"{""good"": []}"
2026-09-30 22:10:00+00:00,Aberdaron Automatic Weather Station,-4.74,52.79,0.0,"{""good"": []}",1001.205,"{""good"": []}",,,14.32658936,"{""good"": []}",,,,,18000.0,"{""good"": []}",,"{""good"": []}",,"{""good"": []}",8.0,"{""good"": []}",,"{""good"": []}",,"{""good"": []}",8.0,"{""good"": []}",,,-1.628752014,"{""good"": []}",,,0.0,"{""good"": []}",,,0.0,"{""good"": []}",,,13.15008684,"{""good"": []}",15607.5,"{""good"": []}",0.0,"{""good"": []}",NSW,"{""good"": []}",79.135,"{""good"": []}",,,15.53843586,"{""suspect"": [""1 case(s) of \""qc persistence check failed: expected variation above 0.001\""""]}",,,14.55239525,"{""good"": []}",213.8407788,"{""good"": []}",18.84008333,"{""good"": []}"
2026-09-30 22:11:00+00:00,Aberdaron Automatic Weather Station,-4.74,52.79,0.0,"{""good"": []}",1001.205,"{""good"": []}",,,14.38875327,"{""good"": []}",,,,,18000.0,"{""good"": []}",,"{""good"": []}",,"{""good"": []}",8.0,"{""good"": []}",,"{""good"": []}",,"{""good"": []}",8.0,"{""good"": []}",,,-1.627293423,"{""good"": []}",,,0.0,"{""good"": []}",,,0.0,"{""good"": []}",,,13.170894,"{""good"": []}",24659.5,"{""good"": []}",0.0,"{""good"": []}",NSW,"{""good"": []}",78.885,"{""good"": []}",,,15.53823595,"{""suspect"": [""1 case(s) of \""qc persistence check failed: expected variation above 0.001\""""]}",,,14.55219529,"{""good"": []}",209.2876319,"{""good"": []}",15.88029167,"{""good"": []}"
2026-09-30 22:12:00+00:00,Aberdaron Automatic Weather Station,-4.74,52.79,0.0,"{""good"": []}",1001.22,"{""good"": []}",,,14.38340671,"{""good"": []}",,,,,18000.0,"{""good"": []}",,"{""good"": []}",,"{""good"": []}",8.0,"{""good"": []}",,"{""good"": []}",,"{""good"": []}",8.0,"{""good"": []}",,,-1.625440672,"{""good"": []}",,,0.0,"{""good"": []}",,,0.0,"{""good"": []}",,,13.20102627,"{""good"": []}",18537.5,"{""good"": []}",0.0,"{""good"": []}",NSW,"{""good"": []}",79.7675,"{""good"": []}",,,15.53818348,"{""suspect"": [""1 case(s) of \""qc persistence check failed: expected variation above 0.001\""""]}",,,14.55194534,"{""good"": []}",208.4459914,"{""good"": []}",16.2965,"{""good"": []}"
2026-09-30 22:13:00+00:00,Aberdaron Automatic Weather Station,-4.74,52.79,0.0,"{""good"": []}",1001.21,"{""good"": []}",,,14.37477609,"{""good"": []}",,,,,18000.0,"{""good"": []}",,"{""good"": []}",,"{""good"": []}",8.0,"{""good"": []}",,"{""good"": []}",,"{""good"": []}",8.0,"{""good"": []}",,,-1.627749497,"{""good"": []}",,,0.0,"{""good"": []}",,,0.0,"{""good"": []}",,,13.21357056,"{""good"": []}",14472.5,"{""good"": []}",0.0,"{""good"": []}",NSW,"{""good"": []}",80.1,"{""good"": []}",,,15.53823595,"{""suspect"": [""1 case(s) of \""qc persistence check failed: expected variation above 0.001\""""]}",,,14.5516429,"{""good"": []}",206.3331254,"{""good"": []}",17.1305,"{""good"": []}"
2026-09-30 22:14:00+00:00,Aberdaron Automatic Weather Station,-4.74,52.79,0.0,"{""good"": []}",1001.23,"{""good"": []}",,,14.35726707,"{""good"": []}",,,,,18000.0,"{""good"": []}",,"{""good"": []}",,"{""good"": []}",8.0,"{""good"": []}",,"{""good"": []}",,"{""good"": []}",8.0,"{""good"": []}",,,-1.630043048,"{""good"": []}",,,0.0,"{""good"": []}",,,0.0,"{""good"": []}",,,13.20016649,"{""good"": []}",15440.5,"{""good"": []}",0.0,"{""good"": []}",NSW,"{""good"": []}",79.61,"{""good"": []}",,,15.53818598,"{""suspect"": [""1 case(s) of \""qc persistence check failed: expected variation above 0.001\""""]}",,,14.55143795,"{""good"": []}",206.9474019,"{""good"": []}",16.63958333,"{""good"": []}"
2026-09-30 22:15:00+00:00,Aberdaron Automatic Weather Station,-4.74,52.79,0.0,"{""good"": []}",1001.24,"{""good"": []}",,,14.34813835,"{""good"": []}",,,,,18000.0,"{""good"": []}",,"{""good"": []}",,"{""good"": []}",8.0,"{""good"": []}",,"{""good"": []}",,"{""good"": []}",8.0,"{""good"": []}",,,-1.631336549,"{""good"": []}",,,0.0,"{""good"": []}",,,0.0,"{""good"": []}",,,13.16212625,"{""good"": []}",16195.0,"{""good"": []}",0.0,"{""good"": []}",NSW,"{""good"": []}",79.9025,"{""good"": []}",,,15.53828593,"{""suspect"": [""1 case(s) of \""qc persistence check failed: expected variation above 0.001\""""]}",,,14.55123549,"{""good"": []}",206.3436107,"{""good"": []}",16.14033333,"{""good"": []}"
2026-09-30 22:16:00+00:00,Aberdaron Automatic Weather Station,-4.74,52.79,0.0,"{""good"": []}",1001.245,"{""good"": []}",,,14.35963748,"{""good"": []}",,,,,18000.0,"{""good"": []}",,"{""good"": []}",,"{""good"": []}",8.0,"{""good"": []}",,"{""good"": []}",,"{""good"": []}",8.0,"{""good"": []}",,,-1.635139043,"{""good"": []}",,,0.0,"{""good"": []}",,,0.0,"{""good"": []}",,,13.15144649,"{""good"": []}",15052.5,"{""good"": []}",0.0,"{""good"": []}",NSW,"{""good"": []}",80.15,"{""good"": []}",,,15.53808603,"{""suspect"": [""1 case(s) of \""qc persistence check failed: expected variation above 0.001\""""]}",,,14.55103553,"{""good"": []}",206.792635,"{""good"": []}",17.80195833,"{""good"": []}"
2026-09-30 22:17:00+00:00,Aberdaron Automatic Weather Station,-4.74,52.79,0.0,"{""good"": []}",1001.25,"{""good"": []}",,,14.41973386,"{""good"": []}",,,,,18000.0,"{""good"": []}",,"{""good"": []}",,"{""good"": []}",8.0,"{""good"": []}",,"{""good"": []}",,"{""good"": []}",8.0,"{""good"": []}",,,-1.635239751,"{""good"": []}",,,0.0,"{""good"": []}",,,0.0,"{""good"": []}",,,13.2363947,"{""good"": []}",16137.5,"{""good"": []}",0.0,"{""good"": []}",NSW,"{""good"": []}",80.325,"{""good"": []}",,,15.53803605,"{""suspect"": [""1 case(s) of \""qc persistence check failed: expected variation above 0.001\""""]}",,,14.5506856,"{""good"": []}",207.8516046,"{""good"": []}",17.48933333,"{""good"": []}"
2026-09-30 22:18:00+00:00,Aberdaron Automatic Weather Station,-4.74,52.79,0.0,"{""good"": []}",1001.24,"{""good"": []}",,,14.41357879,"{""good"": []}",,,,,18000.0,"{""good"": []}",,"{""good"": []}",,"{""good"": []}",8.0,"{""good"": []}",,"{""good"": []}",,"{""good"": []}",8.0,"{""good"": []}",,,-1.638600622,"{""good"": []}",,,0.0,"{""good"": []}",,,0.0,"{""good"": []}",,,13.26400512,"{""good"": []}",15617.0,"{""good"": []}",0.0,"{""good"": []}",NSW,"{""good"": []}",80.775,"{""good"": []}",,,15.53823595,"{""suspect"": [""1 case(s) of \""qc persistence check failed: expected variation above 0.001\""""]}",,,14.55053063,"{""good"": []}",206.9318215,"{""good"": []}",16.13620833,"{""good"": []}"
2026-09-30 22:19:00+00:00,Aberdaron Automatic Weather Station,-4.74,52.79,0.0,"{""good"": []}",1001.225,"{""good"": []}",,,14.38613005,"{""good"": []}",,,,,18000.0,"{""good"": []}",,"{""good"": []}",,"{""good"": []}",8.0,"{""good"": []}",,"{""good"": []}",,"{""good"": []}",8.0,"{""good"": []}",,,-1.642100583,"{""good"": []}",,,0.0,"{""good"": []}",,,0.0,"{""good"": []}",,,13.23437772,"{""good"": []}",13653.0,"{""good"": []}",0.0,"{""good"": []}",NSW,"{""good"": []}",80.925,"{""good"": []}",,,15.53828343,"{""suspect"": [""1 case(s) of \""qc persistence check failed: expected variation above 0.001\""""]}",,,14.5501757,"{""good"": []}",207.9542698,"{""good"": []}",17.94925,"{""good"": []}"
2026-09-30 22:20:00+00:00,Aberdaron Automatic Weather Station,-4.74,52.79,0.0,"{""good"": []}",1001.22,"{""good"": []}",,,14.38476838,"{""good"": []}",,,,,18000.0,"{""good"": []}",,"{""good"": []}",,"{""good"": []}",8.0,"{""good"": []}",,"{""good"": []}",,"{""good"": []}",8.0,"{""good"": []}",,,-1.64020202,"{""good"": []}",,,0.0,"{""good"": []}",,,0.0,"{""good"": []}",,,13.25705191,"{""good"": []}",17947.0,"{""good"": []}",0.0,"{""good"": []}",NSW,"{""good"": []}",80.5,"{""good"": []}",,,15.53818598,"{""suspect"": [""1 case(s) of \""qc persistence check failed: expected variation above 0.001\""""]}",,,14.54997575,"{""good"": []}",207.8560929,"{""good"": []}",15.968375,"{""good"": []}"
2026-09-30 22:21:00+00:00,Aberdaron Automatic Weather Station,-4.74,52.79,0.0,"{""good"": []}",1001.205,"{""good"": []}",,,14.42563862,"{""good"": []}",,,,,18000.0,"{""good"": []}",,"{""good"": []}",,"{""good"": []}",8.0,"{""good"": []}",,"{""good"": []}",,"{""good"": []}",8.0,"{""good"": []}",,,-1.640870233,"{""good"": []}",,,0.0,"{""good"": []}",,,0.0,"{""good"": []}",,,13.24672205,"{""good"": []}",14812.5,"{""good"": []}",0.0,"{""good"": []}",NSW,"{""good"": []}",80.875,"{""good"": []}",,,15.538136,"{""suspect"": [""1 case(s) of \""qc persistence check failed: expected variation above 0.001\""""]}",,,14.54962582,"{""good"": []}",211.1604931,"{""good"": []}",16.15229167,"{""good"": []}"
2026-09-30 22:22:00+00:00,Aberdaron Automatic Weather Station,-4.74,52.79,0.0,"{""good"": []}",1001.2,"{""good"": []}",,,14.46040635,"{""good"": []}",,,,,18000.0,"{""good"": []}",,"{""good"": []}",,"{""good"": []}",8.0,"{""good"": []}",,"{""good"": []}",,"{""good"": []}",8.0,"{""good"": []}",,,-1.644264122,"{""good"": []}",,,0.0,"{""good"": []}",,,0.0,"{""good"": []}",,,13.26848897,"{""good"": []}",13110.0,"{""good"": []}",0.0,"{""good"": []}",NSW,"{""good"": []}",81.225,"{""good"": []}",,,15.53828593,"{""suspect"": [""1 case(s) of \""qc persistence check failed: expected variation above 0.001\""""]}",,,14.54952584,"{""good"": []}",209.3527972,"{""good"": []}",15.91133333,"{""good"": []}"
2026-09-30 22:23:00+00:00,Aberdaron Automatic Weather Station,-4.74,52.79,0.0,"{""good"": []}",1001.19,"{""good"": []}",,,14.44334788,"{""good"": []}",,,,,18000.0,"{""good"": []}",,"{""good"": []}",,"{""good"": []}",8.0,"{""good"": []}",,"{""good"": []}",,"{""good"": []}",8.0,"{""good"": []}",,,-1.640705966,"{""good"": []}",,,0.0,"{""good"": []}",,,0.0,"{""good"": []}",,,13.29327512,"{""good"": []}",12554.5,"{""good"": []}",0.0,"{""good"": []}",NSW,"{""good"": []}",81.85,"{""good"": []}",,,15.53823345,"{""suspect"": [""1 case(s) of \""qc persistence check failed: expected variation above 0.001\""""]}",,,14.5492259,"{""good"": []}",212.0761836,"{""good"": []}",17.12358333,"{""good"": []}"
2026-09-30 22:24:00+00:00,Aberdaron Automatic Weather Station,-4.74,52.79,0.0,"{""good"": []}",1001.18,"{""good"": []}",,,14.41751363,"{""good"": []}",,,,,18000.0,"{""good"": []}",,"{""good"": []}",,"{""good"": []}",8.0,"{""good"": []}",,"{""good"": []}",,"{""good"": []}",8.0,"{""good"": []}",,,-1.639450436,"{""good"": []}",,,0.0,"{""good"": []}",,,0.0,"{""good"": []}",,,13.32219769,"{""good"": []}",11705.0,"{""good"": []}",0.0,"{""good"": []}",NSW,"{""good"": []}",81.575,"{""good"": []}",,,15.5379311,"{""suspect"": [""1 case(s) of \""qc persistence check failed: expected variation above 0.001\""""]}",,,14.54896845,"{""good"": []}",213.7590994,"{""good"": []}",16.809625,"{""good"": []}"
2026-09-30 22:25:00+00:00,Aberdaron Automatic Weather Station,-4.74,52.79,0.0,"{""good"": []}",1001.18,"{""good"": []}",,,14.418625,"{""good"": []}",,,,,18000.0,"{""good"": []}",,"{""good"": []}",,"{""good"": []}",8.0,"{""good"": []}",,"{""good"": []}",,"{""good"": []}",8.0,"{""good"": []}",,,-1.638287358,"{""good"": []}",,,0.0,"{""good"": []}",,,0.0,"{""good"": []}",,,13.330763,"{""good"": []}",17065.0,"{""good"": []}",0.0,"{""good"": []}",NSW,"{""good"": []}",81.3,"{""good"": []}",,,15.53803605,"{""suspect"": [""1 case(s) of \""qc persistence check failed: expected variation above 0.001\""""]}",,,14.54881598,"{""good"": []}",209.6347943,"{""good"": []}",17.35083333,"{""good"": []}"
2026-09-30 22:26:00+00:00,Aberdaron Automatic Weather Station,-4.74,52.79,0.0,"{""good"": []}",1001.18,"{""good"": []}",,,14.42770866,"{""good"": []}",,,,,18000.0,"{""good"": []}",,"{""good"": []}",,"{""good"": []}",8.0,"{""good"": []}",,"{""good"": []}",,"{""good"": []}",8.0,"{""good"": []}",,,-1.632312656,"{""good"": []}",,,0.0,"{""good"": []}",,,0.0,"{""good"": []}",,,13.33630408,"{""good"": []}",14691.0,"{""good"": []}",0.0,"{""good"": []}",NSW,"{""good"": []}",81.25,"{""good"": []}",,,15.538136,"{""suspect"": [""1 case(s) of \""qc persistence check failed: expected variation above 0.001\""""]}",,,14.54866601,"{""good"": []}",209.8293877,"{""good"": []}",18.41404167,"{""good"": []}"
2026-09-30 22:27:00+00:00,Aberdaron Automatic Weather Station,-4.74,52.79,0.0,"{""good"": []}",1001.16,"{""good"": []}",,,14.43714276,"{""good"": []}",,,,,18000.0,"{""good"": []}",,"{""good"": []}",,"{""good"": []}",8.0,"{""good"": []}",,"{""good"": []}",,"{""good"": []}",8.0,"{""good"": []}",,,-1.625309427,"{""good"": []}",,,0.0,"{""good"": []}",,,0.0,"{""good"": []}",,,13.31489207,"{""good"": []}",16429.5,"{""good"": []}",0.0,"{""good"": []}",NSW,"{""good"": []}",80.825,"{""good"": []}",,,15.5379311,"{""suspect"": [""1 case(s) of \""qc persistence check failed: expected variation above 0.001\""""]}",,,14.54831609,"{""good"": []}",211.1088843,"{""good"": []}",18.600125,"{""good"": []}"
2026-09-30 22:28:00+00:00,Aberdaron Automatic Weather Station,-4.74,52.79,0.0,"{""good"": []}",1001.15,"{""good"": []}",,,14.48593524,"{""good"": []}",,,,,18000.0,"{""good"": []}",,"{""good"": []}",,"{""good"": []}",8.0,"{""good"": []}",,"{""good"": []}",,"{""good"": []}",8.0,"{""good"": []}",,,-1.615020442,"{""good"": []}",,,0.0,"{""good"": []}",,,0.0,"{""good"": []}",,,13.34048801,"{""good"": []}",22188.5,"{""good"": []}",0.0,"{""good"": []}",NSW,"{""good"": []}",80.95,"{""good"": []}",,,15.53818598,"{""suspect"": [""1 case(s) of \""qc persistence check failed: expected variation above 0.001\""""]}",,,14.54801365,"{""good"": []}",209.0791988,"{""good"": []}",16.65645833,"{""good"": []}"
2026-09-30 22:29:00+00:00,Aberdaron Automatic Weather Station,-4.74,52.79,0.0,"{""good"": []}",1001.14,"{""good"": []}",,,14.50006511,"{""good"": []}",,,,,18000.0,"{""good"": []}",,"{""good"": []}",,"{""good"": []}",8.0,"{""good"": []}",,"{""good"": []}",,"{""good"": []}",8.0,"{""good"": []}",,,-1.606594117,"{""good"": []}",,,0.0,"{""good"": []}",,,0.0,"{""good"": []}",,,13.41076998,"{""good"": []}",18032.5,"{""good"": []}",0.0,"{""good"": []}",NSW,"{""good"": []}",81.625,"{""good"": []}",,,15.53823595,"{""suspect"": [""1 case(s) of \""qc persistence check failed: expected variation above 0.001\""""]}",,,14.54780869,"{""good"": []}",209.6973964,"{""good"": []}",17.863,"{""good"": []}"
2026-09-30 22:30:00+00:00,Aberdaron Automatic Weather Station,-4.74,52.79,0.0,"{""good"": []}",1001.13,"{""good"": []}",,,14.49441065,"{""good"": []}",,,,,18000.0,"{""good"": []}",,"{""good"": []}",,"{""good"": []}",8.0,"{""good"": []}",,"{""good"": []}",,"{""good"": []}",8.0,"{""good"": []}",,,-1.599081164,"{""good"": []}",,,0.0,"{""good"": []}",,,0.0,"{""good"": []}",,,13.44452882,"{""good"": []}",13384.5,"{""good"": []}",0.0,"{""good"": []}",NSW,"{""good"": []}",81.875,"{""good"": []}",,,15.5379311,"{""suspect"": [""1 case(s) of \""qc persistence check failed: expected variation above 0.001\""""]}",,,14.54750625,"{""good"": []}",208.6559197,"{""good"": []}",16.36191667,"{""good"": []}"
2026-09-30 22:31:00+00:00,Aberdaron Automatic Weather Station,-4.74,52.79,0.0,"{""good"": []}",1001.145,"{""good"": []}",,,14.45051419,"{""good"": []}",,,,,18000.0,"{""good"": []}",,"{""good"": []}",,"{""good"": []}",8.0,"{""good"": []}",,"{""good"": []}",,"{""good"": []}",8.0,"{""good"": []}",,,-1.588817771,"{""good"": []}",,,0.0,"{""good"": []}",,,0.0,"{""good"": []}",,,13.43319173,"{""good"": []}",12164.0,"{""good"": []}",0.0,"{""good"": []}",NSW,"{""good"": []}",81.7,"{""good"": []}",,,15.53798107,"{""suspect"": [""1 case(s) of \""qc persistence check failed: expected variation above 0.001\""""]}",,,14.54720631,"{""good"": []}",210.6101674,"{""good"": []}",17.79870833,"{""good"": []}"
2026-09-30 22:32:00+00:00,Aberdaron Automatic Weather Station,-4.74,52.79,0.0,"{""good"": []}",1001.16,"{""good"": []}",,,14.48764984,"{""good"": []}",,,,,18000.0,"{""good"": []}",,"{""good"": []}",,"{""good"": []}",8.0,"{""good"": []}",,"{""good"": []}",,"{""good"": []}",8.0,"{""good"": []}",,,-1.582863708,"{""good"": []}",,,0.0,"{""good"": []}",,,0.0,"{""good"": []}",,,13.44493122,"{""good"": []}",15589.5,"{""good"": []}",0.0,"{""good"": []}",NSW,"{""good"": []}",81.7,"{""good"": []}",,,15.53808353,"{""suspect"": [""1 case(s) of \""qc persistence check failed: expected variation above 0.001\""""]}",,,14.54705634,"{""good"": []}",207.9601194,"{""good"": []}",17.135625,"{""good"": []}"
2026-09-30 22:33:00+00:00,Aberdaron Automatic Weather Station,-4.74,52.79,0.0,"{""good"": []}",1001.17,"{""good"": []}",,,14.46726478,"{""good"": []}",,,,,18000.0,"{""good"": []}",,"{""good"": []}",,"{""good"": []}",8.0,"{""good"": []}",,"{""good"": []}",,"{""good"": []}",8.0,"{""good"": []}",,,-1.575019335,"{""good"": []}",,,0.0,"{""good"": []}",,,0.0,"{""good"": []}",,,13.46674562,"{""good"": []}",15829.5,"{""good"": []}",0.0,"{""good"": []}",NSW,"{""good"": []}",81.7,"{""good"": []}",,,15.53808352,"{""suspect"": [""1 case(s) of \""qc persistence check failed: expected variation above 0.001\""""]}",,,14.54690637,"{""good"": []}",210.4769473,"{""good"": []}",17.7365,"{""good"": []}"
2026-09-30 22:34:00+00:00,Aberdaron Automatic Weather Station,-4.74,52.79,0.0,"{""good"": []}",1001.185,"{""good"": []}",,,14.49315161,"{""good"": []}",,,,,18000.0,"{""good"": []}",,"{""good"": []}",,"{""good"": []}",8.0,"{""good"": []}",,"{""good"": []}",,"{""good"": []}",8.0,"{""good"": []}",,,-1.56852996,"{""good"": []}",,,0.0,"{""good"": []}",,,0.0,"{""good"": []}",,,13.46810777,"{""good"": []}",15680.0,"{""good"": []}",0.0,"{""good"": []}",NSW,"{""good"": []}",82.075,"{""good"": []}",,,15.53803355,"{""suspect"": [""1 case(s) of \""qc persistence check failed: expected variation above 0.001\""""]}",,,14.54649646,"{""good"": []}",208.5045786,"{""good"": []}",17.97504167,"{""good"": []}"
2026-09-30 22:35:00+00:00,Aberdaron Automatic Weather Station,-4.74,52.79,0.0,"{""good"": []}",1001.19,"{""good"": []}",,,14.48770241,"{""good"": []}",,,,,18000.0,"{""good"": []}",,"{""good"": []}",,"{""good"": []}",8.0,"{""good"": []}",,"{""good"": []}",,"{""good"": []}",8.0,"{""good"": []}",,,-1.56400106,"{""good"": []}",,,0.0,"{""good"": []}",,,0.0,"{""good"": []}",,,13.48695044,"{""good"": []}",16164.0,"{""good"": []}",0.0,"{""good"": []}",NSW,"{""good"": []}",82.125,"{""good"": []}",,,15.53803355,"{""suspect"": [""1 case(s) of \""qc persistence check failed: expected variation above 0.001\""""]}",,,14.54634649,"{""good"": []}",208.6464808,"{""good"": []}",19.308625,"{""good"": []}"
2026-09-30 22:36:00+00:00,Aberdaron Automatic Weather Station,-4.74,52.79,0.0,"{""good"": []}",1001.19,"{""good"": []}",,,14.48114435,"{""good"": []}",,,,,18000.0,"{""good"": []}",,"{""good"": []}",,"{""good"": []}",8.0,"{""good"": []}",,"{""good"": []}",,"{""good"": []}",8.0,"{""good"": []}",,,-1.55799541,"{""good"": []}",,,0.0,"{""good"": []}",,,0.0,"{""good"": []}",,,13.52005195,"{""good"": []}",18693.5,"{""good"": []}",0.0,"{""good"": []}",NSW,"{""good"": []}",82.15,"{""good"": []}",,,15.53787862,"{""suspect"": [""1 case(s) of \""qc persistence check failed: expected variation above 0.001\""""]}",,,14.54609654,"{""good"": []}",211.0882491,"{""good"": []}",18.64283333,"{""good"": []}"
2026-09-30 22:37:00+00:00,Aberdaron Automatic Weather Station,-4.74,52.79,0.0,"{""good"": []}",1001.215,"{""good"": []}",,,14.50203002,"{""good"": []}",,,,,18000.0,"{""good"": []}",,"{""good"": []}",,"{""good"": []}",8.0,"{""good"": []}",,"{""good"": []}",,"{""good"": []}",8.0,"{""good"": []}",,,-1.55122992,"{""good"": []}",,,0.0,"{""good"": []}",,,0.0,"{""good"": []}",,,13.55280105,"{""good"": []}",18027.5,"{""good"": []}",0.0,"{""good"": []}",NSW,"{""good"": []}",82.3,"{""good"": []}",,,15.5379311,"{""suspect"": [""1 case(s) of \""qc persistence check failed: expected variation above 0.001\""""]}",,,14.54584659,"{""good"": []}",210.9905716,"{""good"": []}",18.38720833,"{""good"": []}"
2026-09-30 22:38:00+00:00,Aberdaron Automatic Weather Station,-4.74,52.79,0.0,"{""good"": []}",1001.235,"{""good"": []}",,,14.53765381,"{""good"": []}",,,,,18000.0,"{""good"": []}",,"{""good"": []}",,"{""good"": []}",8.0,"{""good"": []}",,"{""good"": []}",,"{""good"": []}",8.0,"{""good"": []}",,,-1.543577473,"{""good"": []}",,,0.0,"{""good"": []}",,,0.0,"{""good"": []}",,,13.58172363,"{""good"": []}",16758.0,"{""good"": []}",0.0,"{""good"": []}",NSW,"{""good"": []}",82.45,"{""good"": []}",,,15.53787862,"{""suspect"": [""1 case(s) of \""qc persistence check failed: expected variation above 0.001\""""]}",,,14.54544418,"{""good"": []}",213.4652316,"{""good"": []}",16.140125,"{""good"": []}"
2026-09-30 22:39:00+00:00,Aberdaron Automatic Weather Station,-4.74,52.79,0.0,"{""good"": []}",1001.28,"{""good"": []}",,,14.53745106,"{""good"": []}",,,,,18000.0,"{""good"": []}",,"{""good"": []}",,"{""good"": []}",8.0,"{""good"": []}",,"{""good"": []}",,"{""good"": []}",8.0,"{""good"": []}",,,-1.539827816,"{""good"": []}",,,0.0,"{""good"": []}",,,0.0,"{""good"": []}",,,13.54514302,"{""good"": []}",15554.0,"{""good"": []}",0.0,"{""good"": []}",NSW,"{""good"": []}",82.775,"{""good"": []}",,,15.53787862,"{""suspect"": [""1 case(s) of \""qc persistence check failed: expected variation above 0.001\""""]}",,,14.54523922,"{""good"": []}",211.2419738,"{""good"": []}",16.39975,"{""good"": []}"
2026-09-30 22:40:00+00:00,Aberdaron Automatic Weather Station,-4.74,52.79,0.0,"{""good"": []}",1001.295,"{""good"": []}",,,14.50970195,"{""good"": []}",,,,,18000.0,"{""good"": []}",,"{""good"": []}",,"{""good"": []}",8.0,"{""good"": []}",,"{""good"": []}",,"{""good"": []}",8.0,"{""good"": []}",,,-1.53563365,"{""good"": []}",,,0.0,"{""good"": []}",,,0.0,"{""good"": []}",,,13.52655528,"{""good"": []}",12864.0,"{""good"": []}",0.0,"{""good"": []}",NSW,"{""good"": []}",83.15,"{""good"": []}",,,15.53787862,"{""suspect"": [""1 case(s) of \""qc persistence check failed: expected variation above 0.001\""""]}",,,14.54493678,"{""good"": []}",210.2886677,"{""good"": []}",17.96358333,"{""good"": []}"
2026-09-30 22:41:00+00:00,Aberdaron Automatic Weather Station,-4.74,52.79,0.0,"{""good"": []}",1001.305,"{""good"": []}",,,14.49632801,"{""good"": []}",,,,,18000.0,"{""good"": []}",,"{""good"": []}",,"{""good"": []}",8.0,"{""good"": []}",,"{""good"": []}",,"{""good"": []}",8.0,"{""good"": []}",,,-1.532189,"{""good"": []}",,,0.0,"{""good"": []}",,,0.0,"{""good"": []}",,,13.50186412,"{""good"": []}",13833.5,"{""good"": []}",0.0,"{""good"": []}",NSW,"{""good"": []}",82.8,"{""good"": []}",,,15.53803605,"{""suspect"": [""1 case(s) of \""qc persistence check failed: expected variation above 0.001\""""]}",,,14.54468683,"{""good"": []}",210.6764176,"{""good"": []}",17.92383333,"{""good"": []}"
2026-09-30 22:42:00+00:00,Aberdaron Automatic Weather Station,-4.74,52.79,0.0,"{""good"": []}",1001.3,"{""good"": []}",,,14.51449535,"{""good"": []}",,,,,18000.0,"{""good"": []}",,"{""good"": []}",,"{""good"": []}",8.0,"{""good"": []}",,"{""good"": []}",,"{""good"": []}",8.0,"{""good"": []}",,,-1.52847236,"{""good"": []}",,,0.0,"{""good"": []}",,,0.0,"{""good"": []}",,,13.51511572,"{""good"": []}",16450.5,"{""good"": []}",0.0,"{""good"": []}",NSW,"{""good"": []}",82.7,"{""good"": []}",,,15.53782864,"{""suspect"": [""1 case(s) of \""qc persistence check failed: expected variation above 0.001\""""]}",,,14.5443369,"{""good"": []}",211.5472074,"{""good"": []}",17.47179167,"{""good"": []}"
2026-09-30 22:43:00+00:00,Aberdaron Automatic Weather Station,-4.74,52.79,0.0,"{""good"": []}",1001.32,"{""good"": []}",,,14.53649489,"{""good"": []}",,,,,18000.0,"{""good"": []}",,"{""good"": []}",,"{""good"": []}",8.0,"{""good"": []}",,"{""good"": []}",,"{""good"": []}",8.0,"{""good"": []}",,,-1.524721464,"{""good"": []}",,,0.0,"{""good"": []}",,,0.0,"{""good"": []}",,,13.55663007,"{""good"": []}",19439.0,"{""good"": []}",0.0,"{""good"": []}",NSW,"{""good"": []}",83.1,"{""good"": []}",,,15.5379311,"{""suspect"": [""1 case(s) of \""qc persistence check failed: expected variation above 0.001\""""]}",,,14.54423692,"{""good"": []}",210.3794543,"{""good"": []}",17.90608333,"{""good"": []}"
2026-09-30 22:44:00+00:00,Aberdaron Automatic Weather Station,-4.74,52.79,0.0,"{""good"": []}",1001.32,"{""good"": []}",,,14.53891536,"{""good"": []}",,,,,18000.0,"{""good"": []}",,"{""good"": []}",,"{""good"": []}",8.0,"{""good"": []}",,"{""good"": []}",,"{""good"": []}",8.0,"{""good"": []}",,,-1.523136581,"{""good"": []}",,,0.0,"{""good"": []}",,,0.0,"{""good"": []}",,,13.5600067,"{""good"": []}",17016.0,"{""good"": []}",0.0,"{""good"": []}",NSW,"{""good"": []}",83.075,"{""good"": []}",,,15.5379311,"{""suspect"": [""1 case(s) of \""qc persistence check failed: expected variation above 0.001\""""]}",,,14.54388199,"{""good"": []}",210.1587798,"{""good"": []}",15.803875,"{""good"": []}"
2026-09-30 22:45:00+00:00,Aberdaron Automatic Weather Station,-4.74,52.79,0.0,"{""good"": []}",1001.345,"{""good"": []}",,,14.52862271,"{""good"": []}",,,,,18000.0,"{""good"": []}",,"{""good"": []}",,"{""good"": []}",8.0,"{""good"": []}",,"{""good"": []}",,"{""good"": []}",8.0,"{""good"": []}",,,-1.525782193,"{""good"": []}",,,0.0,"{""good"": []}",,,0.0,"{""good"": []}",,,13.52055432,"{""good"": []}",13704.0,"{""good"": []}",0.0,"{""good"": []}",NSW,"{""good"": []}",83.425,"{""good"": []}",,,15.53798107,"{""suspect"": [""1 case(s) of \""qc persistence check failed: expected variation above 0.001\""""]}",,,14.54362705,"{""good"": []}",210.0075463,"{""good"": []}",17.426125,"{""good"": []}"
2026-09-30 22:46:00+00:00,Aberdaron Automatic Weather Station,-4.74,52.79,0.0,"{""good"": []}",1001.34,"{""good"": []}",,,14.52387938,"{""good"": []}",,,,,18000.0,"{""good"": []}",,"{""good"": []}",,"{""good"": []}",8.0,"{""good"": []}",,"{""good"": []}",,"{""good"": []}",8.0,"{""good"": []}",,,-1.524058632,"{""good"": []}",,,0.0,"{""good"": []}",,,0.0,"{""good"": []}",,,13.53788738,"{""good"": []}",14155.5,"{""good"": []}",0.0,"{""good"": []}",NSW,"{""good"": []}",83.475,"{""good"": []}",,,15.53798107,"{""suspect"": [""1 case(s) of \""qc persistence check failed: expected variation above 0.001\""""]}",,,14.54342709,"{""good"": []}",212.0999355,"{""good"": []}",17.64791667,"{""good"": []}"
2026-09-30 22:47:00+00:00,Aberdaron Automatic Weather Station,-4.74,52.79,0.0,"{""good"": []}",1001.38,"{""good"": []}",,,14.54941327,"{""good"": []}",,,,,18000.0,"{""good"": []}",,"{""good"": []}",,"{""good"": []}",8.0,"{""good"": []}",,"{""good"": []}",,"{""good"": []}",8.0,"{""good"": []}",,,-1.520347355,"{""good"": []}",,,0.0,"{""good"": []}",,,0.0,"{""good"": []}",,,13.53627529,"{""good"": []}",13905.0,"{""good"": []}",0.0,"{""good"": []}",NSW,"{""good"": []}",83.85,"{""good"": []}",,,15.53788112,"{""suspect"": [""1 case(s) of \""qc persistence check failed: expected variation above 0.001\""""]}",,,14.54307716,"{""good"": []}",211.4158089,"{""good"": []}",16.816625,"{""good"": []}"
2026-09-30 22:48:00+00:00,Aberdaron Automatic Weather Station,-4.74,52.79,0.0,"{""good"": []}",1001.385,"{""good"": []}",,,14.5631877,"{""good"": []}",,,,,18000.0,"{""good"": []}",,"{""good"": []}",,"{""good"": []}",8.0,"{""good"": []}",,"{""good"": []}",,"{""good"": []}",8.0,"{""good"": []}",,,-1.520154612,"{""good"": []}",,,0.0,"{""good"": []}",,,0.0,"{""good"": []}",,,13.52619787,"{""good"": []}",14504.0,"{""good"": []}",0.0,"{""good"": []}",NSW,"{""good"": []}",84.125,"{""good"": []}",,,15.5379311,"{""suspect"": [""1 case(s) of \""qc persistence check failed: expected variation above 0.001\""""]}",,,14.54271973,"{""good"": []}",207.5296847,"{""good"": []}",16.67233333,"{""good"": []}"
2026-09-30 22:49:00+00:00,Aberdaron Automatic Weather Station,-4.74,52.79,0.0,"{""good"": []}",1001.395,"{""good"": []}",,,14.55127806,"{""good"": []}",,,,,18000.0,"{""good"": []}",,"{""good"": []}",,"{""good"": []}",8.0,"{""good"": []}",,"{""good"": []}",,"{""good"": []}",8.0,"{""good"": []}",,,-1.521435736,"{""good"": []}",,,0.0,"{""good"": []}",,,0.0,"{""good"": []}",,,13.51622294,"{""good"": []}",14006.5,"{""good"": []}",0.0,"{""good"": []}",NSW,"{""good"": []}",84.325,"{""good"": []}",,,15.53788112,"{""suspect"": [""1 case(s) of \""qc persistence check failed: expected variation above 0.001\""""]}",,,14.54251728,"{""good"": []}",209.2227003,"{""good"": []}",14.52145833,"{""good"": []}"
2026-09-30 22:50:00+00:00,Aberdaron Automatic Weather Station,-4.74,52.79,0.0,"{""good"": []}",1001.4,"{""good"": []}",,,14.55062225,"{""good"": []}",,,,,18000.0,"{""good"": []}",,"{""good"": []}",,"{""good"": []}",8.0,"{""good"": []}",,"{""good"": []}",,"{""good"": []}",8.0,"{""good"": []}",,,-1.525168072,"{""good"": []}",,,0.0,"{""good"": []}",,,0.0,"{""good"": []}",,,13.50060444,"{""good"": []}",13901.0,"{""good"": []}",0.0,"{""good"": []}",NSW,"{""good"": []}",84.75,"{""good"": []}",,,15.53782864,"{""suspect"": [""1 case(s) of \""qc persistence check failed: expected variation above 0.001\""""]}",,,14.54221734,"{""good"": []}",209.8488836,"{""good"": []}",15.12629167,"{""good"": []}"
2026-09-30 22:51:00+00:00,Aberdaron Automatic Weather Station,-4.74,52.79,0.0,"{""good"": []}",1001.39,"{""good"": []}",,,14.55390379,"{""good"": []}",,,,,18000.0,"{""good"": []}",,"{""good"": []}",,"{""good"": []}",8.0,"{""good"": []}",,"{""good"": []}",,"{""good"": []}",8.0,"{""good"": []}",,,-1.524460659,"{""good"": []}",,,0.0,"{""good"": []}",,,0.0,"{""good"": []}",,,13.51254388,"{""good"": []}",11341.5,"{""good"": []}",0.0,"{""good"": []}",NSW,"{""good"": []}",85.225,"{""good"": []}",,,15.5379311,"{""suspect"": [""1 case(s) of \""qc persistence check failed: expected variation above 0.001\""""]}",,,14.54196739,"{""good"": []}",209.5336018,"{""good"": []}",14.00516667,"{""good"": []}"
2026-09-30 22:52:00+00:00,Aberdaron Automatic Weather Station,-4.74,52.79,0.0,"{""good"": []}",1001.37,"{""good"": []}",,,14.52388188,"{""good"": []}",,,,,18000.0,"{""good"": []}",,"{""good"": []}",,"{""good"": []}",8.0,"{""good"": []}",,"{""good"": []}",,"{""good"": []}",8.0,"{""good"": []}",,,-1.526821906,"{""good"": []}",,,0.0,"{""good"": []}",,,0.0,"{""good"": []}",,,13.52060681,"{""good"": []}",10194.5,"{""good"": []}",0.0,"{""good"": []}",NSW,"{""good"": []}",85.375,"{""good"": []}",,,15.53782614,"{""suspect"": [""1 case(s) of \""qc persistence check failed: expected variation above 0.001\""""]}",,,14.54171744,"{""good"": []}",210.8346377,"{""good"": []}",16.11929167,"{""good"": []}"
2026-09-30 22:53:00+00:00,Aberdaron Automatic Weather Station,-4.74,52.79,0.0,"{""good"": []}",1001.34,"{""good"": []}",,,14.54593399,"{""good"": []}",,,,,18000.0,"{""good"": []}",,"{""good"": []}",,"{""good"": []}",8.0,"{""good"": []}",,"{""good"": []}",,"{""good"": []}",8.0,"{""good"": []}",,,-1.526561894,"{""good"": []}",,,0.0,"{""good"": []}",,,0.0,"{""good"": []}",,,13.55708245,"{""good"": []}",12662.0,"{""good"": []}",0.0,"{""good"": []}",NSW,"{""good"": []}",85.2,"{""good"": []}",,,15.53777617,"{""suspect"": [""1 case(s) of \""qc persistence check failed: expected variation above 0.001\""""]}",,,14.5414125,"{""good"": []}",208.9915867,"{""good"": []}",14.92433333,"{""good"": []}"
2026-09-30 22:54:00+00:00,Aberdaron Automatic Weather Station,-4.74,52.79,0.0,"{""good"": []}",1001.315,"{""good"": []}",,,14.58296701,"{""good"": []}",,,,,18000.0,"{""good"": []}",,"{""good"": []}",,"{""good"": []}",8.0,"{""good"": []}",,"{""good"": []}",,"{""good"": []}",8.0,"{""good"": []}",,,-1.525554011,"{""good"": []}",,,0.0,"{""good"": []}",,,0.0,"{""good"": []}",,,13.593963,"{""good"": []}",12434.5,"{""good"": []}",0.0,"{""good"": []}",NSW,"{""good"": []}",85.5,"{""good"": []}",,,15.53772619,"{""suspect"": [""1 case(s) of \""qc persistence check failed: expected variation above 0.001\""""]}",,,14.54105757,"{""good"": []}",214.7174555,"{""good"": []}",16.09654167,"{""good"": []}"
2026-09-30 22:55:00+00:00,Aberdaron Automatic Weather Station,-4.74,52.79,0.0,"{""good"": []}",1001.295,"{""good"": []}",,,14.58029373,"{""good"": []}",,,,,18000.0,"{""good"": []}",,"{""good"": []}",,"{""good"": []}",8.0,"{""good"": []}",,"{""good"": []}",,"{""good"": []}",8.0,"{""good"": []}",,,-1.525965094,"{""good"": []}",,,0.0,"{""good"": []}",,,0.0,"{""good"": []}",,,13.6399637,"{""good"": []}",12096.0,"{""good"": []}",0.0,"{""good"": []}",NSW,"{""good"": []}",85.725,"{""good"": []}",,,15.53787862,"{""suspect"": [""1 case(s) of \""qc persistence check failed: expected variation above 0.001\""""]}",,,14.54090761,"{""good"": []}",220.4576535,"{""good"": []}",16.62425,"{""good"": []}"
2026-09-30 22:56:00+00:00,Aberdaron Automatic Weather Station,-4.74,52.79,0.0,"{""good"": []}",1001.285,"{""good"": []}",,,14.59149249,"{""good"": []}",,,,,18000.0,"{""good"": []}",,"{""good"": []}",,"{""good"": []}",8.0,"{""good"": []}",,"{""good"": []}",,"{""good"": []}",8.0,"{""good"": []}",,,-1.521083721,"{""good"": []}",,,0.0,"{""good"": []}",,,0.0,"{""good"": []}",,,13.69684911,"{""good"": []}",17164.0,"{""good"": []}",0.0,"{""good"": []}",NSW,"{""good"": []}",85.7,"{""good"": []}",,,15.53762874,"{""suspect"": [""1 case(s) of \""qc persistence check failed: expected variation above 0.001\""""]}",,,14.54055768,"{""good"": []}",221.5238715,"{""good"": []}",15.0895,"{""good"": []}"
2026-09-30 22:57:00+00:00,Aberdaron Automatic Weather Station,-4.74,52.79,0.0,"{""good"": []}",1001.285,"{""good"": []}",,,14.59280661,"{""good"": []}",,,,,18000.0,"{""good"": []}",,"{""good"": []}",,"{""good"": []}",8.0,"{""good"": []}",,"{""good"": []}",,"{""good"": []}",8.0,"{""good"": []}",,,-1.517984112,"{""good"": []}",,,0.0,"{""good"": []}",,,0.0,"{""good"": []}",,,13.69437724,"{""good"": []}",17274.5,"{""good"": []}",0.0,"{""good"": []}",NSW,"{""good"": []}",85.55,"{""good"": []}",,,15.53767621,"{""suspect"": [""1 case(s) of \""qc persistence check failed: expected variation above 0.001\""""]}",,,14.54025274,"{""good"": []}",222.2180911,"{""good"": []}",17.19070833,"{""good"": []}"
2026-09-30 22:58:00+00:00,Aberdaron Automatic Weather Station,-4.74,52.79,0.0,"{""good"": []}",1001.27,"{""good"": []}",,,14.6055748,"{""good"": []}",,,,,18000.0,"{""good"": []}",,"{""good"": []}",,"{""good"": []}",8.0,"{""good"": []}",,"{""good"": []}",,"{""good"": []}",8.0,"{""good"": []}",,,-1.512516664,"{""good"": []}",,,0.0,"{""good"": []}",,,0.0,"{""good"": []}",,,13.71554181,"{""good"": []}",15024.0,"{""good"": []}",0.0,"{""good"": []}",NSW,"{""good"": []}",85.325,"{""good"": []}",,,15.53762624,"{""suspect"": [""1 case(s) of \""qc persistence check failed: expected variation above 0.001\""""]}",,,14.5399478,"{""good"": []}",223.7414461,"{""good"": []}",17.34841667,"{""good"": []}"
2026-09-30 22:59:00+00:00,Aberdaron Automatic Weather Station,-4.74,52.79,0.0,"{""good"": []}",1001.255,"{""good"": []}",,,14.62424025,"{""good"": []}",,,,,18000.0,"{""good"": []}",,"{""good"": []}",,"{""good"": []}",8.0,"{""good"": []}",,"{""good"": []}",,"{""good"": []}",8.0,"{""good"": []}",,,-1.504418881,"{""good"": []}",,,0.0,"{""good"": []}",,,0.0,"{""good"": []}",,,13.74279732,"{""good"": []}",14540.5,"{""good"": []}",0.0,"{""good"": []}",NSW,"{""good"": []}",85.375,"{""good"": []}",,,15.53772869,"{""suspect"": [""1 case(s) of \""qc persistence check failed: expected variation above 0.001\""""]}",,,14.53969785,"{""good"": []}",225.3180211,"{""good"": []}",17.91733333,"{""good"": []}"
2026-09-30 23:00:00+00:00,Aberdaron Automatic Weather Station,-4.74,52.79,0.0,"{""good"": []}",1001.255,"{""good"": []}",,,14.5997201,"{""good"": []}",,,,,18000.0,"{""good"": []}",,"{""good"": []}",,"{""good"": []}",8.0,"{""good"": []}",,"{""good"": []}",,"{""good"": []}",8.0,"{""good"": []}",,,-1.496593086,"{""good"": []}",,,0.0,"{""good"": []}",,,0.0,"{""good"": []}",,,13.75609641,"{""good"": []}",15149.0,"{""good"": []}",0.0,"{""good"": []}",NSW,"{""good"": []}",85.0,"{""good"": []}",,,15.53757626,"{""suspect"": [""1 case(s) of \""qc persistence check failed: expected variation above 0.001\""""]}",,,14.53934793,"{""good"": []}",224.0417012,"{""good"": []}",17.448875,"{""good"": []}"
2026-09-30 23:01:00+00:00,Aberdaron Automatic Weather Station,-4.74,52.79,0.0,"{""good"": []}",1001.265,"{""good"": []}",,,14.59967004,"{""good"": []}",,,,,18000.0,"{""good"": []}",,"{""good"": []}",,"{""good"": []}",8.0,"{""good"": []}",,"{""good"": []}",,"{""good"": []}",8.0,"{""good"": []}",,,-1.489148247,"{""good"": []}",,,0.0,"{""good"": []}",,,0.0,"{""good"": []}",,,13.76612384,"{""good"": []}",15560.5,"{""good"": []}",0.0,"{""good"": []}",NSW,"{""good"": []}",84.85,"{""good"": []}",,,15.53757626,"{""suspect"": [""1 case(s) of \""qc persistence check failed: expected variation above 0.001\""""]}",,,14.53924795,"{""good"": []}",223.8758863,"{""good"": []}",17.44866667,"{""good"": []}"
2026-09-30 23:02:00+00:00,Aberdaron Automatic Weather Station,-4.74,52.79,0.0,"{""good"": []}",1001.285,"{""good"": []}",,,14.61137443,"{""good"": []}",,,,,18000.0,"{""good"": []}",,"{""good"": []}",,"{""good"": []}",8.0,"{""good"": []}",,"{""good"": []}",,"{""good"": []}",8.0,"{""good"": []}",,,-1.479567521,"{""good"": []}",,,0.0,"{""good"": []}",,,0.0,"{""good"": []}",,,13.78915043,"{""good"": []}",14381.5,"{""good"": []}",0.0,"{""good"": []}",NSW,"{""good"": []}",84.6,"{""good"": []}",,,15.53782864,"{""suspect"": [""1 case(s) of \""qc persistence check failed: expected variation above 0.001\""""]}",,,14.53889552,"{""good"": []}",223.5706081,"{""good"": []}",18.3945,"{""good"": []}"
2026-09-30 23:03:00+00:00,Aberdaron Automatic Weather Station,-4.74,52.79,0.0,"{""good"": []}",1001.275,"{""good"": []}",,,14.62181977,"{""good"": []}",,,,,18000.0,"{""good"": []}",,"{""good"": []}",,"{""good"": []}",8.0,"{""good"": []}",,"{""good"": []}",,"{""good"": []}",8.0,"{""good"": []}",,,-1.467375032,"{""good"": []}",,,0.0,"{""good"": []}",,,0.0,"{""good"": []}",,,13.79126489,"{""good"": []}",15865.5,"{""good"": []}",0.0,"{""good"": []}",NSW,"{""good"": []}",84.5,"{""good"": []}",,,15.53762624,"{""suspect"": [""1 case(s) of \""qc persistence check failed: expected variation above 0.001\""""]}",,,14.53853809,"{""good"": []}",223.6194174,"{""good"": []}",18.22120833,"{""good"": []}"
2026-09-30 23:04:00+00:00,Aberdaron Automatic Weather Station,-4.74,52.79,0.0,"{""good"": []}",1001.31,"{""good"": []}",,,14.62782466,"{""good"": []}",,,,,18000.0,"{""good"": []}",,"{""good"": []}",,"{""good"": []}",8.0,"{""good"": []}",,"{""good"": []}",,"{""good"": []}",8.0,"{""good"": []}",,,-1.457807923,"{""good"": []}",,,0.0,"{""good"": []}",,,0.0,"{""good"": []}",,,13.81726322,"{""good"": []}",17360.0,"{""good"": []}",0.0,"{""good"": []}",NSW,"{""good"": []}",84.4,"{""good"": []}",,,15.53747631,"{""suspect"": [""1 case(s) of \""qc persistence check failed: expected variation above 0.001\""""]}",,,14.53808818,"{""good"": []}",221.7386857,"{""good"": []}",17.5425,"{""good"": []}"
2026-09-30 23:05:00+00:00,Aberdaron Automatic Weather Station,-4.74,52.79,0.0,"{""good"": []}",1001.35,"{""good"": []}",,,14.64931858,"{""good"": []}",,,,,18000.0,"{""good"": []}",,"{""good"": []}",,"{""good"": []}",8.0,"{""good"": []}",,"{""good"": []}",,"{""good"": []}",8.0,"{""good"": []}",,,-1.44548418,"{""good"": []}",,,0.0,"{""good"": []}",,,0.0,"{""good"": []}",,,13.82809545,"{""good"": []}",16082.5,"{""good"": []}",0.0,"{""good"": []}",NSW,"{""good"": []}",84.6,"{""good"": []}",,,15.53747631,"{""suspect"": [""1 case(s) of \""qc persistence check failed: expected variation above 0.001\""""]}",,,14.53783824,"{""good"": []}",220.7695731,"{""good"": []}",17.586,"{""good"": []}"
2026-09-30 23:06:00+00:00,Aberdaron Automatic Weather Station,-4.74,52.79,0.0,"{""good"": []}",1001.385,"{""good"": []}",,,14.62580718,"{""good"": []}",,,,,18000.0,"{""good"": []}",,"{""good"": []}",,"{""good"": []}",8.0,"{""good"": []}",,"{""good"": []}",,"{""good"": []}",8.0,"{""good"": []}",,,-1.432563627,"{""good"": []}",,,0.0,"{""good"": []}",,,0.0,"{""good"": []}",,,13.82018498,"{""good"": []}",15282.5,"{""good"": []}",0.0,"{""good"": []}",NSW,"{""good"": []}",84.55,"{""good"": []}",,,15.53747631,"{""suspect"": [""1 case(s) of \""qc persistence check failed: expected variation above 0.001\""""]}",,,14.5375283,"{""good"": []}",218.8196132,"{""good"": []}",17.16270833,"{""good"": []}"
2026-09-30 23:07:00+00:00,Aberdaron Automatic Weather Station,-4.74,52.79,0.0,"{""good"": []}",1001.435,"{""good"": []}",,,14.62585723,"{""good"": []}",,,,,18000.0,"{""good"": []}",,"{""good"": []}",,"{""good"": []}",8.0,"{""good"": []}",,"{""good"": []}",,"{""good"": []}",8.0,"{""good"": []}",,,-1.42382611,"{""good"": []}",,,0.0,"{""good"": []}",,,0.0,"{""good"": []}",,,13.8013898,"{""good"": []}",18602.0,"{""good"": []}",0.0,"{""good"": []}",NSW,"{""good"": []}",84.475,"{""good"": []}",,,15.53757626,"{""suspect"": [""1 case(s) of \""qc persistence check failed: expected variation above 0.001\""""]}",,,14.53742832,"{""good"": []}",220.189819,"{""good"": []}",16.91270833,"{""good"": []}"
2026-09-30 23:08:00+00:00,Aberdaron Automatic Weather Station,-4.74,52.79,0.0,"{""good"": []}",1001.455,"{""good"": []}",,,14.61955199,"{""good"": []}",,,,,18000.0,"{""good"": []}",,"{""good"": []}",,"{""good"": []}",8.0,"{""good"": []}",,"{""good"": []}",,"{""good"": []}",8.0,"{""good"": []}",,,-1.416266117,"{""good"": []}",,,0.0,"{""good"": []}",,,0.0,"{""good"": []}",,,13.80401162,"{""good"": []}",18644.0,"{""good"": []}",0.0,"{""good"": []}",NSW,"{""good"": []}",84.175,"{""good"": []}",,,15.53742633,"{""good"": []}",,,14.53697841,"{""good"": []}",217.6401836,"{""good"": []}",16.93645833,"{""good"": []}"
2026-09-30 23:09:00+00:00,Aberdaron Automatic Weather Station,-4.74,52.79,0.0,"{""good"": []}",1001.445,"{""good"": []}",,,14.670815,"{""good"": []}",,,,,19000.0,"{""good"": []}",,"{""good"": []}",,"{""good"": []}",8.0,"{""good"": []}",,"{""good"": []}",,"{""good"": []}",8.0,"{""good"": []}",,,-1.412768227,"{""good"": []}",,,0.0,"{""good"": []}",,,0.0,"{""good"": []}",,,13.80703335,"{""good"": []}",16268.0,"{""good"": []}",0.0,"{""good"": []}",NSW,"{""good"": []}",84.325,"{""good"": []}",,,15.53772619,"{""good"": []}",,,14.53667847,"{""good"": []}",216.6631798,"{""good"": []}",14.40570833,"{""good"": []}"
2026-09-30 23:10:00+00:00,Aberdaron Automatic Weather Station,-4.74,52.79,0.0,"{""good"": []}",1001.47,"{""good"": []}",,,14.6439695,"{""good"": []}",,,,,19000.0,"{""good"": []}",,"{""good"": []}",,"{""good"": []}",8.0,"{""good"": []}",,"{""good"": []}",,"{""good"": []}",8.0,"{""good"": []}",,,-1.413890041,"{""good"": []}",,,0.0,"{""good"": []}",,,0.0,"{""good"": []}",,,13.75196497,"{""good"": []}",14047.5,"{""good"": []}",0.0,"{""good"": []}",NSW,"{""good"": []}",84.325,"{""good"": []}",,,15.53767872,"{""suspect"": [""1 case(s) of \""qc persistence check failed: expected variation above 0.001\""""]}",,,14.53647601,"{""good"": []}",216.3903658,"{""good"": []}",15.455625,"{""good"": []}"
2026-09-30 23:11:00+00:00,Aberdaron Automatic Weather Station,-4.74,52.79,0.0,"{""good"": []}",1001.505,"{""good"": []}",,,14.6353439,"{""good"": []}",,,,,19000.0,"{""good"": []}",,"{""good"": []}",,"{""good"": []}",8.0,"{""good"": []}",,"{""good"": []}",,"{""good"": []}",8.0,"{""good"": []}",,,-1.413682856,"{""good"": []}",,,0.0,"{""good"": []}",,,0.0,"{""good"": []}",,,13.74123272,"{""good"": []}",16729.0,"{""good"": []}",0.0,"{""good"": []}",NSW,"{""good"": []}",84.325,"{""good"": []}",,,15.53742633,"{""suspect"": [""1 case(s) of \""qc persistence check failed: expected variation above 0.001\""""]}",,,14.53616858,"{""good"": []}",215.6031454,"{""good"": []}",13.47408333,"{""good"": []}"
2026-09-30 23:12:00+00:00,Aberdaron Automatic Weather Station,-4.74,52.79,0.0,"{""good"": []}",1001.505,"{""good"": []}",,,14.58387563,"{""good"": []}",,,,,19000.0,"{""good"": []}",,"{""good"": []}",,"{""good"": []}",8.0,"{""good"": []}",,"{""good"": []}",,"{""good"": []}",8.0,"{""good"": []}",,,-1.415347824,"{""good"": []}",,,0.0,"{""good"": []}",,,0.0,"{""good"": []}",,,13.70979329,"{""good"": []}",15289.5,"{""good"": []}",0.0,"{""good"": []}",NSW,"{""good"": []}",84.5,"{""good"": []}",,,15.53737635,"{""suspect"": [""1 case(s) of \""qc persistence check failed: expected variation above 0.001\""""]}",,,14.53566868,"{""good"": []}",218.2191517,"{""good"": []}",15.86254167,"{""good"": []}"
2026-09-30 23:13:00+00:00,Aberdaron Automatic Weather Station,-4.74,52.79,0.0,"{""good"": []}",1001.53,"{""good"": []}",,,14.54870239,"{""good"": []}",,,,,1700.0,"{""good"": []}",19000.0,"{""good"": []}",,"{""good"": []}",1.0,"{""good"": []}",8.0,"{""good"": []}",,"{""good"": []}",8.0,"{""good"": []}",,,-1.414488933,"{""good"": []}",,,0.0,"{""good"": []}",,,0.0,"{""good"": []}",,,13.69447721,"{""good"": []}",18011.5,"{""good"": []}",0.0,"{""good"": []}",NSW,"{""good"": []}",84.05,"{""good"": []}",,,15.53752628,"{""suspect"": [""1 case(s) of \""qc persistence check failed: expected variation above 0.001\""""]}",,,14.53551871,"{""good"": []}",216.524674,"{""good"": []}",16.53904167,"{""good"": []}"
2026-09-30 23:14:00+00:00,Aberdaron Automatic Weather Station,-4.74,52.79,0.0,"{""good"": []}",1001.535,"{""good"": []}",,,14.54618179,"{""good"": []}",,,,,1700.0,"{""good"": []}",19000.0,"{""good"": []}",,"{""good"": []}",1.0,"{""good"": []}",8.0,"{""good"": []}",,"{""good"": []}",8.0,"{""good"": []}",,,-1.411551528,"{""good"": []}",,,0.0,"{""good"": []}",,,0.0,"{""good"": []}",,,13.70188281,"{""good"": []}",20254.5,"{""good"": []}",0.0,"{""good"": []}",NSW,"{""good"": []}",83.675,"{""good"": []}",,,15.53752629,"{""suspect"": [""1 case(s) of \""qc persistence check failed: expected variation above 0.001\""""]}",,,14.53516628,"{""good"": []}",218.5528471,"{""good"": []}",16.418875,"{""good"": []}"
2026-09-30 23:15:00+00:00,Aberdaron Automatic Weather Station,-4.74,52.79,0.0,"{""good"": []}",1001.535,"{""good"": []}",,,14.57388585,"{""good"": []}",,,,,1700.0,"{""good"": []}",19000.0,"{""good"": []}",,"{""good"": []}",1.0,"{""good"": []}",8.0,"{""good"": []}",,"{""good"": []}",8.0,"{""good"": []}",,,-1.404814518,"{""good"": []}",,,0.0,"{""good"": []}",,,0.0,"{""good"": []}",,,13.73554168,"{""good"": []}",20201.0,"{""good"": []}",0.0,"{""good"": []}",NSW,"{""good"": []}",83.65,"{""good"": []}",,,15.53722642,"{""good"": []}",,,14.53470888,"{""good"": []}",221.6465069,"{""good"": []}",16.13958333,"{""good"": []}"
2026-09-30 23:16:00+00:00,Aberdaron Automatic Weather Station,-4.74,52.79,0.0,"{""good"": []}",1001.565,"{""good"": []}",,,14.61183,"{""good"": []}",,,,,1700.0,"{""good"": []}",19000.0,"{""good"": []}",,"{""good"": []}",1.0,"{""good"": []}",8.0,"{""good"": []}",,"{""good"": []}",8.0,"{""good"": []}",,,-1.401107373,"{""good"": []}",,,0.0,"{""good"": []}",,,0.0,"{""good"": []}",,,13.74622395,"{""good"": []}",15204.0,"{""good"": []}",0.0,"{""good"": []}",NSW,"{""good"": []}",83.9,"{""good"": []}",,,15.53737635,"{""good"": []}",,,14.53445893,"{""good"": []}",222.4823863,"{""good"": []}",15.62916667,"{""good"": []}"
2026-09-30 23:17:00+00:00,Aberdaron Automatic Weather Station,-4.74,52.79,0.0,"{""good"": []}",1001.595,"{""good"": []}",,,14.63811981,"{""good"": []}",,,,,1700.0,"{""good"": []}",19000.0,"{""good"": []}",,"{""good"": []}",1.0,"{""good"": []}",8.0,"{""good"": []}",,"{""good"": []}",8.0,"{""good"": []}",,,-1.400148605,"{""good"": []}",,,0.0,"{""good"": []}",,,0.0,"{""good"": []}",,,13.7490932,"{""good"": []}",14545.5,"{""good"": []}",0.0,"{""good"": []}",NSW,"{""good"": []}",84.4,"{""good"": []}",,,15.53742633,"{""good"": []}",,,14.53420898,"{""good"": []}",216.9215791,"{""good"": []}",16.16354167,"{""good"": []}"
2026-09-30 23:18:00+00:00,Aberdaron Automatic Weather Station,-4.74,52.79,0.0,"{""good"": []}",1001.61,"{""good"": []}",,,14.59810562,"{""good"": []}",,,,,1700.0,"{""good"": []}",19000.0,"{""good"": []}",,"{""good"": []}",1.0,"{""good"": []}",8.0,"{""good"": []}",,"{""good"": []}",8.0,"{""good"": []}",,,-1.398828287,"{""good"": []}",,,0.0,"{""good"": []}",,,0.0,"{""good"": []}",,,13.7506578,"{""good"": []}",14157.5,"{""good"": []}",0.0,"{""good"": []}",NSW,"{""good"": []}",84.55,"{""good"": []}",,,15.53757626,"{""good"": []}",,,14.53385155,"{""good"": []}",218.4926657,"{""good"": []}",16.81775,"{""good"": []}"
2026-09-30 23:19:00+00:00,Aberdaron Automatic Weather Station,-4.74,52.79,0.0,"{""good"": []}",1001.62,"{""good"": []}",,,14.54961351,"{""good"": []}",,,,,1700.0,"{""good"": []}",19000.0,"{""good"": []}",,"{""good"": []}",1.0,"{""good"": []}",8.0,"{""good"": []}",,"{""good"": []}",8.0,"{""good"": []}",,,-1.395185529,"{""good"": []}",,,0.0,"{""good"": []}",,,0.0,"{""good"": []}",,,13.7339296,"{""good"": []}",19190.5,"{""good"": []}",0.0,"{""good"": []}",NSW,"{""good"": []}",84.125,"{""good"": []}",,,15.53737635,"{""good"": []}",,,14.53354912,"{""good"": []}",221.1521243,"{""good"": []}",17.89079167,"{""good"": []}"
2026-09-30 23:20:00+00:00,Aberdaron Automatic Weather Station,-4.74,52.79,0.0,"{""good"": []}",1001.64,"{""good"": []}",,,14.61929667,"{""good"": []}",,,,,1700.0,"{""good"": []}",19000.0,"{""good"": []}",,"{""good"": []}",1.0,"{""good"": []}",8.0,"{""good"": []}",,"{""good"": []}",8.0,"{""good"": []}",,,-1.395331235,"{""good"": []}",,,0.0,"{""good"": []}",,,0.0,"{""good"": []}",,,13.72647151,"{""good"": []}",21298.0,"{""good"": []}",0.0,"{""good"": []}",NSW,"{""good"": []}",84.125,"{""good"": []}",,,15.53742633,"{""good"": []}",,,14.53339915,"{""good"": []}",217.9566734,"{""good"": []}",15.665,"{""good"": []}"
2026-09-30 23:21:00+00:00,Aberdaron Automatic Weather Station,-4.74,52.79,0.0,"{""good"": []}",1001.655,"{""good"": []}",,,14.58584305,"{""good"": []}",,,,,1700.0,"{""good"": []}",19000.0,"{""good"": []}",,"{""good"": []}",1.0,"{""good"": []}",8.0,"{""good"": []}",,"{""good"": []}",8.0,"{""good"": []}",,,-1.395520692,"{""good"": []}",,,0.0,"{""good"": []}",,,0.0,"{""good"": []}",,,13.70757885,"{""good"": []}",16730.0,"{""good"": []}",0.0,"{""good"": []}",NSW,"{""good"": []}",84.425,"{""good"": []}",,,15.53737635,"{""good"": []}",,,14.53299923,"{""good"": []}",219.3876923,"{""good"": []}",16.735875,"{""good"": []}"
2026-09-30 23:22:00+00:00,Aberdaron Automatic Weather Station,-4.74,52.79,0.0,"{""good"": []}",1001.66,"{""good"": []}",,,14.55965586,"{""good"": []}",,,,,1700.0,"{""good"": []}",19000.0,"{""good"": []}",,"{""good"": []}",1.0,"{""good"": []}",8.0,"{""good"": []}",,"{""good"": []}",8.0,"{""good"": []}",,,-1.394144659,"{""good"": []}",,,0.0,"{""good"": []}",,,0.0,"{""good"": []}",,,13.70460462,"{""good"": []}",19660.5,"{""good"": []}",0.0,"{""good"": []}",NSW,"{""good"": []}",84.225,"{""good"": []}",,,15.53737635,"{""good"": []}",,,14.53259431,"{""good"": []}",218.2957647,"{""good"": []}",16.28470833,"{""good"": []}"
2026-09-30 23:23:00+00:00,Aberdaron Automatic Weather Station,-4.74,52.79,0.0,"{""good"": []}",1001.675,"{""good"": []}",,,14.53392422,"{""good"": []}",,,,,1700.0,"{""good"": []}",19000.0,"{""good"": []}",,"{""good"": []}",1.0,"{""good"": []}",8.0,"{""good"": []}",,"{""good"": []}",8.0,"{""good"": []}",,,-1.394343196,"{""good"": []}",,,0.0,"{""good"": []}",,,0.0,"{""good"": []}",,,13.72264249,"{""good"": []}",18945.0,"{""good"": []}",0.0,"{""good"": []}",NSW,"{""good"": []}",83.775,"{""good"": []}",,,15.53732638,"{""good"": []}",,,14.53218939,"{""good"": []}",220.4488701,"{""good"": []}",17.235125,"{""good"": []}"
2026-09-30 23:24:00+00:00,Aberdaron Automatic Weather Station,-4.74,52.79,0.0,"{""good"": []}",1001.665,"{""good"": []}",,,14.60254358,"{""good"": []}",,,,,1700.0,"{""good"": []}",19000.0,"{""good"": []}",,"{""good"": []}",1.0,"{""good"": []}",8.0,"{""good"": []}",,"{""good"": []}",8.0,"{""good"": []}",,,-1.394486423,"{""good"": []}",,,0.0,"{""good"": []}",,,0.0,"{""good"": []}",,,13.70178284,"{""good"": []}",20294.5,"{""good"": []}",0.0,"{""good"": []}",NSW,"{""good"": []}",83.45,"{""good"": []}",,,15.53722642,"{""good"": []}",,,14.53198944,"{""good"": []}",218.5941116,"{""good"": []}",16.265625,"{""good"": []}"
2026-09-30 23:25:00+00:00,Aberdaron Automatic Weather Station,-4.74,52.79,0.0,"{""good"": []}",1001.675,"{""good"": []}",,,14.61253336,"{""good"": []}",,,,,1700.0,"{""good"": []}",19000.0,"{""good"": []}",,"{""good"": []}",1.0,"{""good"": []}",8.0,"{""good"": []}",,"{""good"": []}",8.0,"{""good"": []}",,,-1.39683034,"{""good"": []}",,,0.0,"{""good"": []}",,,0.0,"{""good"": []}",,,13.70093056,"{""good"": []}",17301.5,"{""good"": []}",0.0,"{""good"": []}",NSW,"{""good"": []}",83.55,"{""good"": []}",,,15.53742633,"{""good"": []}",,,14.53158952,"{""good"": []}",217.0782435,"{""good"": []}",16.716625,"{""good"": []}"
2026-09-30 23:26:00+00:00,Aberdaron Automatic Weather Station,-4.74,52.79,0.0,"{""good"": []}",1001.69,"{""good"": []}",,,14.57554789,"{""good"": []}",,,,,1700.0,"{""good"": []}",19000.0,"{""good"": []}",,"{""good"": []}",1.0,"{""good"": []}",8.0,"{""good"": []}",,"{""good"": []}",8.0,"{""good"": []}",,,-1.400332795,"{""good"": []}",,,0.0,"{""good"": []}",,,0.0,"{""good"": []}",,,13.68918857,"{""good"": []}",20043.5,"{""good"": []}",0.0,"{""good"": []}",NSW,"{""good"": []}",83.4,"{""good"": []}",,,15.5372764,"{""good"": []}",,,14.53133457,"{""good"": []}",218.6739051,"{""good"": []}",14.95675,"{""good"": []}"
2026-09-30 23:27:00+00:00,Aberdaron Automatic Weather Station,-4.74,52.79,0.0,"{""good"": []}",1001.71,"{""good"": []}",,,14.55784112,"{""good"": []}",,,,,1700.0,"{""good"": []}",19000.0,"{""good"": []}",,"{""good"": []}",1.0,"{""good"": []}",8.0,"{""good"": []}",,"{""good"": []}",8.0,"{""good"": []}",,,-1.406860981,"{""good"": []}",,,0.0,"{""good"": []}",,,0.0,"{""good"": []}",,,13.65729675,"{""good"": []}",20606.0,"{""good"": []}",0.0,"{""good"": []}",NSW,"{""good"": []}",83.4,"{""good"": []}",,,15.53742633,"{""good"": []}",,,14.53103213,"{""good"": []}",221.322081,"{""good"": []}",15.17729167,"{""good"": []}"
2026-09-30 23:28:00+00:00,Aberdaron Automatic Weather Station,-4.74,52.79,0.0,"{""good"": []}",1001.73,"{""good"": []}",,,14.51969173,"{""good"": []}",,,,,1700.0,"{""good"": []}",19000.0,"{""good"": []}",,"{""good"": []}",1.0,"{""good"": []}",8.0,"{""good"": []}",,"{""good"": []}",8.0,"{""good"": []}",,,-1.417561887,"{""good"": []}",,,0.0,"{""good"": []}",,,0.0,"{""good"": []}",,,13.6274719,"{""good"": []}",17736.5,"{""good"": []}",0.0,"{""good"": []}",NSW,"{""good"": []}",82.85,"{""good"": []}",,,15.5372764,"{""good"": []}",,,14.53057972,"{""good"": []}",220.796392,"{""good"": []}",14.7245,"{""good"": []}"
2026-09-30 23:29:00+00:00,Aberdaron Automatic Weather Station,-4.74,52.79,0.0,"{""good"": []}",1001.735,"{""good"": []}",,,14.5168132,"{""good"": []}",,,,,1700.0,"{""good"": []}",19000.0,"{""good"": []}",,"{""good"": []}",1.0,"{""good"": []}",8.0,"{""good"": []}",,"{""good"": []}",8.0,"{""good"": []}",,,-1.42801804,"{""good"": []}",,,0.0,"{""good"": []}",,,0.0,"{""good"": []}",,,13.58565262,"{""good"": []}",18050.0,"{""good"": []}",0.0,"{""good"": []}",NSW,"{""good"": []}",82.9,"{""good"": []}",,,15.53737635,"{""suspect"": [""1 case(s) of \""qc persistence check failed: expected variation above 0.001\""""]}",,,14.53027729,"{""good"": []}",217.9687588,"{""good"": []}",15.623375,"{""good"": []}"
2026-09-30 23:30:00+00:00,Aberdaron Automatic Weather Station,-4.74,52.79,0.0,"{""good"": []}",1001.75,"{""good"": []}",,,14.48774997,"{""good"": []}",,,,,19000.0,"{""good"": []}",,"{""good"": []}",,"{""good"": []}",8.0,"{""good"": []}",,"{""good"": []}",,"{""good"": []}",8.0,"{""good"": []}",,,-1.432296428,"{""good"": []}",,,0.0,"{""good"": []}",,,0.0,"{""good"": []}",,,13.56735982,"{""good"": []}",15424.5,"{""good"": []}",0.0,"{""good"": []}",NSW,"{""good"": []}",82.625,"{""good"": []}",,,15.53737635,"{""suspect"": [""1 case(s) of \""qc persistence check failed: expected variation above 0.001\""""]}",,,14.53007483,"{""good"": []}",218.8106185,"{""good"": []}",16.886,"{""good"": []}"
2026-09-30 23:31:00+00:00,Aberdaron Automatic Weather Station,-4.74,52.79,0.0,"{""good"": []}",1001.755,"{""good"": []}",,,14.52655517,"{""good"": []}",,,,,19000.0,"{""good"": []}",,"{""good"": []}",,"{""good"": []}",8.0,"{""good"": []}",,"{""good"": []}",,"{""good"": []}",8.0,"{""good"": []}",,,-1.437315253,"{""good"": []}",,,0.0,"{""good"": []}",,,0.0,"{""good"": []}",,,13.58796453,"{""good"": []}",19284.0,"{""good"": []}",0.0,"{""good"": []}",NSW,"{""good"": []}",82.375,"{""good"": []}",,,15.53737635,"{""suspect"": [""1 case(s) of \""qc persistence check failed: expected variation above 0.001\""""]}",,,14.52966991,"{""good"": []}",218.5826558,"{""good"": []}",15.578625,"{""good"": []}"
2026-09-30 23:32:00+00:00,Aberdaron Automatic Weather Station,-4.74,52.79,0.0,"{""good"": []}",1001.765,"{""good"": []}",,,14.5092489,"{""good"": []}",,,,,19000.0,"{""good"": []}",,"{""good"": []}",,"{""good"": []}",8.0,"{""good"": []}",,"{""good"": []}",,"{""good"": []}",8.0,"{""good"": []}",,,-1.443766255,"{""good"": []}",,,0.0,"{""good"": []}",,,0.0,"{""good"": []}",,,13.60620735,"{""good"": []}",16585.5,"{""good"": []}",0.0,"{""good"": []}",NSW,"{""good"": []}",82.175,"{""good"": []}",,,15.53742633,"{""suspect"": [""1 case(s) of \""qc persistence check failed: expected variation above 0.001\""""]}",,,14.52941996,"{""good"": []}",219.3919394,"{""good"": []}",16.14008333,"{""good"": []}"
2026-09-30 23:33:00+00:00,Aberdaron Automatic Weather Station,-4.74,52.79,0.0,"{""good"": []}",1001.755,"{""good"": []}",,,14.50914877,"{""good"": []}",,,,,19000.0,"{""good"": []}",,"{""good"": []}",,"{""good"": []}",8.0,"{""good"": []}",,"{""good"": []}",,"{""good"": []}",8.0,"{""good"": []}",,,-1.447399951,"{""good"": []}",,,0.0,"{""good"": []}",,,0.0,"{""good"": []}",,,13.62807425,"{""good"": []}",17088.0,"{""good"": []}",0.0,"{""good"": []}",NSW,"{""good"": []}",81.575,"{""good"": []}",,,15.53722642,"{""suspect"": [""1 case(s) of \""qc persistence check failed: expected variation above 0.001\""""]}",,,14.52907003,"{""good"": []}",218.9014071,"{""good"": []}",17.15179167,"{""good"": []}"
2026-09-30 23:34:00+00:00,Aberdaron Automatic Weather Station,-4.74,52.79,0.0,"{""good"": []}",1001.77,"{""good"": []}",,,14.51232268,"{""good"": []}",,,,,19000.0,"{""good"": []}",,"{""good"": []}",,"{""good"": []}",8.0,"{""good"": []}",,"{""good"": []}",,"{""good"": []}",8.0,"{""good"": []}",,,-1.4507728,"{""good"": []}",,,0.0,"{""good"": []}",,,0.0,"{""good"": []}",,,13.64066851,"{""good"": []}",20930.5,"{""good"": []}",0.0,"{""good"": []}",NSW,"{""good"": []}",81.575,"{""good"": []}",,,15.53742633,"{""suspect"": [""1 case(s) of \""qc persistence check failed: expected variation above 0.001\""""]}",,,14.52871261,"{""good"": []}",220.09707,"{""good"": []}",16.77520833,"{""good"": []}"
2026-09-30 23:35:00+00:00,Aberdaron Automatic Weather Station,-4.74,52.79,0.0,"{""good"": []}",1001.765,"{""good"": []}",,,14.51232518,"{""good"": []}",,,,,19000.0,"{""good"": []}",,"{""good"": []}",,"{""good"": []}",8.0,"{""good"": []}",,"{""good"": []}",,"{""good"": []}",8.0,"{""good"": []}",,,-1.454320235,"{""good"": []}",,,0.0,"{""good"": []}",,,0.0,"{""good"": []}",,,13.65220556,"{""good"": []}",21183.5,"{""good"": []}",0.0,"{""good"": []}",NSW,"{""good"": []}",81.7,"{""good"": []}",,,15.53732637,"{""suspect"": [""1 case(s) of \""qc persistence check failed: expected variation above 0.001\""""]}",,,14.52836018,"{""good"": []}",220.3498773,"{""good"": []}",16.78716667,"{""good"": []}"
2026-09-30 23:36:00+00:00,Aberdaron Automatic Weather Station,-4.74,52.79,0.0,"{""good"": []}",1001.785,"{""good"": []}",,,14.51040782,"{""good"": []}",,,,,19000.0,"{""good"": []}",,"{""good"": []}",,"{""good"": []}",8.0,"{""good"": []}",,"{""good"": []}",,"{""good"": []}",8.0,"{""good"": []}",,,-1.461201302,"{""good"": []}",,,0.0,"{""good"": []}",,,0.0,"{""good"": []}",,,13.62822421,"{""good"": []}",20183.5,"{""good"": []}",0.0,"{""good"": []}",NSW,"{""good"": []}",81.575,"{""good"": []}",,,15.53722642,"{""suspect"": [""1 case(s) of \""qc persistence check failed: expected variation above 0.001\""""]}",,,14.52806024,"{""good"": []}",219.1773921,"{""good"": []}",15.03508333,"{""good"": []}"
2026-09-30 23:37:00+00:00,Aberdaron Automatic Weather Station,-4.74,52.79,0.0,"{""good"": []}",1001.78,"{""good"": []}",,,14.50531155,"{""good"": []}",,,,,19000.0,"{""good"": []}",,"{""good"": []}",,"{""good"": []}",8.0,"{""good"": []}",,"{""good"": []}",,"{""good"": []}",8.0,"{""good"": []}",,,-1.470446086,"{""good"": []}",,,0.0,"{""good"": []}",,,0.0,"{""good"": []}",,,13.55874453,"{""good"": []}",20540.5,"{""good"": []}",0.0,"{""good"": []}",NSW,"{""good"": []}",81.85,"{""good"": []}",,,15.53722642,"{""suspect"": [""1 case(s) of \""qc persistence check failed: expected variation above 0.001\""""]}",,,14.5277603,"{""good"": []}",217.0155231,"{""good"": []}",16.234875,"{""good"": []}"
2026-09-30 23:38:00+00:00,Aberdaron Automatic Weather Station,-4.74,52.79,0.0,"{""good"": []}",1001.795,"{""good"": []}",,,14.50349432,"{""good"": []}",,,,,19000.0,"{""good"": []}",,"{""good"": []}",,"{""good"": []}",8.0,"{""good"": []}",,"{""good"": []}",,"{""good"": []}",8.0,"{""good"": []}",,,-1.47722314,"{""good"": []}",,,0.0,"{""good"": []}",,,0.0,"{""good"": []}",,,13.54186886,"{""good"": []}",18721.5,"{""good"": []}",0.0,"{""good"": []}",NSW,"{""good"": []}",82.25,"{""good"": []}",,,15.53722642,"{""suspect"": [""1 case(s) of \""qc persistence check failed: expected variation above 0.001\""""]}",,,14.52740288,"{""good"": []}",219.1449755,"{""good"": []}",16.70954167,"{""good"": []}"
2026-09-30 23:39:00+00:00,Aberdaron Automatic Weather Station,-4.74,52.79,0.0,"{""good"": []}",1001.805,"{""good"": []}",,,14.52150897,"{""good"": []}",,,,,19000.0,"{""good"": []}",,"{""good"": []}",,"{""good"": []}",8.0,"{""good"": []}",,"{""good"": []}",,"{""good"": []}",8.0,"{""good"": []}",,,-1.483776081,"{""good"": []}",,,0.0,"{""good"": []}",,,0.0,"{""good"": []}",,,13.57038654,"{""good"": []}",20638.5,"{""good"": []}",0.0,"{""good"": []}",NSW,"{""good"": []}",82.4,"{""good"": []}",,,15.53712647,"{""suspect"": [""1 case(s) of \""qc persistence check failed: expected variation above 0.001\""""]}",,,14.52700046,"{""good"": []}",220.4920124,"{""good"": []}",15.254375,"{""good"": []}"
2026-09-30 23:40:00+00:00,Aberdaron Automatic Weather Station,-4.74,52.79,0.0,"{""good"": []}",1001.81,"{""good"": []}",,,14.56030916,"{""good"": []}",,,,,19000.0,"{""good"": []}",,"{""good"": []}",,"{""good"": []}",8.0,"{""good"": []}",,"{""good"": []}",,"{""good"": []}",8.0,"{""good"": []}",,,-1.490306319,"{""good"": []}",,,0.0,"{""good"": []}",,,0.0,"{""good"": []}",,,13.58096633,"{""good"": []}",17689.5,"{""good"": []}",0.0,"{""good"": []}",NSW,"{""good"": []}",82.775,"{""good"": []}",,,15.53717644,"{""suspect"": [""1 case(s) of \""qc persistence check failed: expected variation above 0.001\""""]}",,,14.5268005,"{""good"": []}",220.0997326,"{""good"": []}",15.73745833,"{""good"": []}"
2026-09-30 23:41:00+00:00,Aberdaron Automatic Weather Station,-4.74,52.79,0.0,"{""good"": []}",1001.81,"{""good"": []}",,,14.55037194,"{""good"": []}",,,,,19000.0,"{""good"": []}",,"{""good"": []}",,"{""good"": []}",8.0,"{""good"": []}",,"{""good"": []}",,"{""good"": []}",8.0,"{""good"": []}",,,-1.49356071,"{""good"": []}",,,0.0,"{""good"": []}",,,0.0,"{""good"": []}",,,13.58081637,"{""good"": []}",15169.5,"{""good"": []}",0.0,"{""good"": []}",NSW,"{""good"": []}",83.1,"{""good"": []}",,,15.5372764,"{""suspect"": [""1 case(s) of \""qc persistence check failed: expected variation above 0.001\""""]}",,,14.52644807,"{""good"": []}",221.6269295,"{""good"": []}",14.70070833,"{""good"": []}"
2026-09-30 23:42:00+00:00,Aberdaron Automatic Weather Station,-4.74,52.79,0.0,"{""good"": []}",1001.84,"{""good"": []}",,,14.52711085,"{""good"": []}",,,,,19000.0,"{""good"": []}",,"{""good"": []}",,"{""good"": []}",8.0,"{""good"": []}",,"{""good"": []}",,"{""good"": []}",8.0,"{""good"": []}",,,-1.500207759,"{""good"": []}",,,0.0,"{""good"": []}",,,0.0,"{""good"": []}",,,13.57920178,"{""good"": []}",13238.5,"{""good"": []}",0.0,"{""good"": []}",NSW,"{""good"": []}",83.3,"{""good"": []}",,,15.53722642,"{""suspect"": [""1 case(s) of \""qc persistence check failed: expected variation above 0.001\""""]}",,,14.52609065,"{""good"": []}",221.4629321,"{""good"": []}",15.39325,"{""good"": []}"
2026-09-30 23:43:00+00:00,Aberdaron Automatic Weather Station,-4.74,52.79,0.0,"{""good"": []}",1001.865,"{""good"": []}",,,14.53119838,"{""good"": []}",,,,,19000.0,"{""good"": []}",,"{""good"": []}",,"{""good"": []}",8.0,"{""good"": []}",,"{""good"": []}",,"{""good"": []}",8.0,"{""good"": []}",,,-1.505661597,"{""good"": []}",,,0.0,"{""good"": []}",,,0.0,"{""good"": []}",,,13.57517281,"{""good"": []}",14747.5,"{""good"": []}",0.0,"{""good"": []}",NSW,"{""good"": []}",83.2,"{""good"": []}",,,15.53717644,"{""suspect"": [""1 case(s) of \""qc persistence check failed: expected variation above 0.001\""""]}",,,14.52594068,"{""good"": []}",218.1442558,"{""good"": []}",14.38208333,"{""good"": []}"
2026-09-30 23:44:00+00:00,Aberdaron Automatic Weather Station,-4.74,52.79,0.0,"{""good"": []}",1001.875,"{""good"": []}",,,14.50510881,"{""good"": []}",,,,,19000.0,"{""good"": []}",,"{""good"": []}",,"{""good"": []}",8.0,"{""good"": []}",,"{""good"": []}",,"{""good"": []}",8.0,"{""good"": []}",,,-1.512468784,"{""good"": []}",,,0.0,"{""good"": []}",,,0.0,"{""good"": []}",,,13.60218088,"{""good"": []}",17171.0,"{""good"": []}",0.0,"{""good"": []}",NSW,"{""good"": []}",83.225,"{""good"": []}",,,15.53712647,"{""suspect"": [""1 case(s) of \""qc persistence check failed: expected variation above 0.001\""""]}",,,14.52559075,"{""good"": []}",217.995622,"{""good"": []}",14.05879167,"{""good"": []}"
2026-09-30 23:45:00+00:00,Aberdaron Automatic Weather Station,-4.74,52.79,0.0,"{""good"": []}",1001.875,"{""good"": []}",,,14.49910392,"{""good"": []}",,,,,19000.0,"{""good"": []}",,"{""good"": []}",,"{""good"": []}",8.0,"{""good"": []}",,"{""good"": []}",,"{""good"": []}",8.0,"{""good"": []}",,,-1.513297144,"{""good"": []}",,,0.0,"{""good"": []}",,,0.0,"{""good"": []}",,,13.57104137,"{""good"": []}",17507.5,"{""good"": []}",0.0,"{""good"": []}",NSW,"{""good"": []}",83.525,"{""good"": []}",,,15.53702651,"{""suspect"": [""1 case(s) of \""qc persistence check failed: expected variation above 0.001\""""]}",,,14.52519083,"{""good"": []}",220.3445411,"{""good"": []}",14.79008333,"{""good"": []}"
2026-09-30 23:46:00+00:00,Aberdaron Automatic Weather Station,-4.74,52.79,0.0,"{""good"": []}",1001.855,"{""good"": []}",,,14.52009473,"{""good"": []}",,,,,2100.0,"{""good"": []}",19000.0,"{""good"": []}",,"{""good"": []}",1.0,"{""good"": []}",8.0,"{""good"": []}",,"{""good"": []}",8.0,"{""good"": []}",,,-1.512704056,"{""good"": []}",,,0.0,"{""good"": []}",,,0.0,"{""good"": []}",,,13.62016377,"{""good"": []}",16853.5,"{""good"": []}",0.0,"{""good"": []}",NSW,"{""good"": []}",83.325,"{""good"": []}",,,15.53717644,"{""suspect"": [""1 case(s) of \""qc persistence check failed: expected variation above 0.001\""""]}",,,14.52488339,"{""good"": []}",221.2888553,"{""good"": []}",16.001125,"{""good"": []}"
2026-09-30 23:47:00+00:00,Aberdaron Automatic Weather Station,-4.74,52.79,0.0,"{""good"": []}",1001.87,"{""good"": []}",,,14.58266164,"{""good"": []}",,,,,1900.0,"{""good"": []}",19000.0,"{""good"": []}",,"{""good"": []}",1.0,"{""good"": []}",8.0,"{""good"": []}",,"{""good"": []}",8.0,"{""good"": []}",,,-1.51022107,"{""good"": []}",,,0.0,"{""good"": []}",,,0.0,"{""good"": []}",,,13.71352233,"{""good"": []}",18174.5,"{""good"": []}",0.0,"{""good"": []}",NSW,"{""good"": []}",83.425,"{""good"": []}",,,15.53717644,"{""suspect"": [""1 case(s) of \""qc persistence check failed: expected variation above 0.001\""""]}",,,14.52458096,"{""good"": []}",221.9142959,"{""good"": []}",16.49366667,"{""good"": []}"
2026-09-30 23:48:00+00:00,Aberdaron Automatic Weather Station,-4.74,52.79,0.0,"{""good"": []}",1001.865,"{""good"": []}",,,14.57554789,"{""good"": []}",,,,,1900.0,"{""good"": []}",19000.0,"{""good"": []}",,"{""good"": []}",1.0,"{""good"": []}",8.0,"{""good"": []}",,"{""good"": []}",8.0,"{""good"": []}",,,-1.507262204,"{""good"": []}",,,0.0,"{""good"": []}",,,0.0,"{""good"": []}",,,13.7635545,"{""good"": []}",18305.0,"{""good"": []}",0.0,"{""good"": []}",NSW,"{""good"": []}",83.25,"{""good"": []}",,,15.53702651,"{""suspect"": [""1 case(s) of \""qc persistence check failed: expected variation above 0.001\""""]}",,,14.52413105,"{""good"": []}",222.6174361,"{""good"": []}",15.86220833,"{""good"": []}"
2026-09-30 23:49:00+00:00,Aberdaron Automatic Weather Station,-4.74,52.79,0.0,"{""good"": []}",1001.89,"{""good"": []}",,,14.58906952,"{""good"": []}",,,,,1900.0,"{""good"": []}",19000.0,"{""good"": []}",,"{""good"": []}",1.0,"{""good"": []}",8.0,"{""good"": []}",,"{""good"": []}",8.0,"{""good"": []}",,,-1.503067623,"{""good"": []}",,,0.0,"{""good"": []}",,,0.0,"{""good"": []}",,,13.7764012,"{""good"": []}",20640.5,"{""good"": []}",0.0,"{""good"": []}",NSW,"{""good"": []}",83.1,"{""good"": []}",,,15.53702651,"{""suspect"": [""1 case(s) of \""qc persistence check failed: expected variation above 0.001\""""]}",,,14.52382861,"{""good"": []}",223.2799768,"{""good"": []}",16.42120833,"{""good"": []}"
2026-09-30 23:50:00+00:00,Aberdaron Automatic Weather Station,-4.74,52.79,0.0,"{""good"": []}",1001.88,"{""good"": []}",,,14.61379741,"{""good"": []}",,,,,1900.0,"{""good"": []}",19000.0,"{""good"": []}",,"{""good"": []}",1.0,"{""good"": []}",8.0,"{""good"": []}",,"{""good"": []}",8.0,"{""good"": []}",,,-1.495654149,"{""good"": []}",,,0.0,"{""good"": []}",,,0.0,"{""good"": []}",,,13.76073522,"{""good"": []}",20483.0,"{""good"": []}",0.0,"{""good"": []}",NSW,"{""good"": []}",83.175,"{""good"": []}",,,15.53707649,"{""suspect"": [""1 case(s) of \""qc persistence check failed: expected variation above 0.001\""""]}",,,14.5233712,"{""good"": []}",223.8656896,"{""good"": []}",15.27895833,"{""good"": []}"
2026-09-30 23:51:00+00:00,Aberdaron Automatic Weather Station,-4.74,52.79,0.0,"{""good"": []}",1001.86,"{""good"": []}",,,14.62530155,"{""good"": []}",,,,,1900.0,"{""good"": []}",19000.0,"{""good"": []}",,"{""good"": []}",1.0,"{""good"": []}",8.0,"{""good"": []}",,"{""good"": []}",8.0,"{""good"": []}",,,-1.495201392,"{""good"": []}",,,0.0,"{""good"": []}",,,0.0,"{""good"": []}",,,13.69750394,"{""good"": []}",19645.0,"{""good"": []}",0.0,"{""good"": []}",NSW,"{""good"": []}",83.325,"{""good"": []}",,,15.53707649,"{""suspect"": [""1 case(s) of \""qc persistence check failed: expected variation above 0.001\""""]}",,,14.52307127,"{""good"": []}",222.6517931,"{""good"": []}",16.37133333,"{""good"": []}"
2026-09-30 23:52:00+00:00,Aberdaron Automatic Weather Station,-4.74,52.79,0.0,"{""good"": []}",1001.86,"{""good"": []}",,,14.56061454,"{""good"": []}",,,,,1900.0,"{""good"": []}",19000.0,"{""good"": []}",,"{""good"": []}",1.0,"{""good"": []}",8.0,"{""good"": []}",,"{""good"": []}",8.0,"{""good"": []}",,,-1.494170394,"{""good"": []}",,,0.0,"{""good"": []}",,,0.0,"{""good"": []}",,,13.64807662,"{""good"": []}",16834.5,"{""good"": []}",0.0,"{""good"": []}",NSW,"{""good"": []}",82.675,"{""good"": []}",,,15.53702651,"{""suspect"": [""1 case(s) of \""qc persistence check failed: expected variation above 0.001\""""]}",,,14.52277133,"{""good"": []}",223.5101567,"{""good"": []}",16.48358333,"{""good"": []}"
2026-09-30 23:53:00+00:00,Aberdaron Automatic Weather Station,-4.74,52.79,0.0,"{""good"": []}",1001.9,"{""good"": []}",,,14.55223924,"{""good"": []}",,,,,1900.0,"{""good"": []}",19000.0,"{""good"": []}",,"{""good"": []}",1.0,"{""good"": []}",7.0,"{""good"": []}",,"{""good"": []}",8.0,"{""good"": []}",,,-1.493995405,"{""good"": []}",,,0.0,"{""good"": []}",,,0.0,"{""good"": []}",,,13.66304028,"{""good"": []}",18364.5,"{""good"": []}",0.0,"{""good"": []}",NSW,"{""good"": []}",81.775,"{""good"": []}",,,15.53707649,"{""suspect"": [""1 case(s) of \""qc persistence check failed: expected variation above 0.001\""""]}",,,14.52246389,"{""good"": []}",221.3524151,"{""good"": []}",17.03195833,"{""good"": []}"
2026-09-30 23:54:00+00:00,Aberdaron Automatic Weather Station,-4.74,52.79,0.0,"{""good"": []}",1001.89,"{""good"": []}",,,14.54103797,"{""good"": []}",,,,,1900.0,"{""good"": []}",19000.0,"{""good"": []}",,"{""good"": []}",1.0,"{""good"": []}",7.0,"{""good"": []}",,"{""good"": []}",8.0,"{""good"": []}",,,-1.498327444,"{""good"": []}",,,0.0,"{""good"": []}",,,0.0,"{""good"": []}",,,13.60343556,"{""good"": []}",19878.0,"{""good"": []}",0.0,"{""good"": []}",NSW,"{""good"": []}",81.55,"{""good"": []}",,,15.53707649,"{""suspect"": [""1 case(s) of \""qc persistence check failed: expected variation above 0.001\""""]}",,,14.52226143,"{""good"": []}",220.6679363,"{""good"": []}",15.38179167,"{""good"": []}"
2026-09-30 23:55:00+00:00,Aberdaron Automatic Weather Station,-4.74,52.79,0.0,"{""good"": []}",1001.925,"{""good"": []}",,,14.48497656,"{""good"": []}",,,,,1900.0,"{""good"": []}",19000.0,"{""good"": []}",,"{""good"": []}",1.0,"{""good"": []}",7.0,"{""good"": []}",,"{""good"": []}",8.0,"{""good"": []}",,,-1.506762861,"{""good"": []}",,,0.0,"{""good"": []}",,,0.0,"{""good"": []}",,,13.53768743,"{""good"": []}",20005.5,"{""good"": []}",0.0,"{""good"": []}",NSW,"{""good"": []}",80.925,"{""good"": []}",,,15.53692656,"{""suspect"": [""1 case(s) of \""qc persistence check failed: expected variation above 0.001\""""]}",,,14.52176153,"{""good"": []}",223.0616814,"{""good"": []}",17.60083333,"{""good"": []}"
2026-09-30 23:56:00+00:00,Aberdaron Automatic Weather Station,-4.74,52.79,0.0,"{""good"": []}",1001.925,"{""good"": []}",,,14.49592752,"{""good"": []}",,,,,1900.0,"{""good"": []}",19000.0,"{""good"": []}",,"{""good"": []}",1.0,"{""good"": []}",7.0,"{""good"": []}",,"{""good"": []}",8.0,"{""good"": []}",,,-1.516394789,"{""good"": []}",,,0.0,"{""good"": []}",,,0.0,"{""good"": []}",,,13.50206656,"{""good"": []}",23700.0,"{""good"": []}",0.0,"{""good"": []}",NSW,"{""good"": []}",80.075,"{""good"": []}",,,15.53707649,"{""suspect"": [""1 case(s) of \""qc persistence check failed: expected variation above 0.001\""""]}",,,14.52156158,"{""good"": []}",222.3192679,"{""good"": []}",16.19516667,"{""good"": []}"
2026-09-30 23:57:00+00:00,Aberdaron Automatic Weather Station,-4.74,52.79,0.0,"{""good"": []}",1001.955,"{""good"": []}",,,14.5348779,"{""good"": []}",,,,,1900.0,"{""good"": []}",19000.0,"{""good"": []}",,"{""good"": []}",1.0,"{""good"": []}",7.0,"{""good"": []}",,"{""good"": []}",8.0,"{""good"": []}",,,-1.522100816,"{""good"": []}",,,0.0,"{""good"": []}",,,0.0,"{""good"": []}",,,13.50206656,"{""good"": []}",24316.0,"{""good"": []}",0.0,"{""good"": []}",NSW,"{""good"": []}",80.2,"{""good"": []}",,,15.53717645,"{""suspect"": [""1 case(s) of \""qc persistence check failed: expected variation above 0.001\""""]}",,,14.52110917,"{""good"": []}",221.6420903,"{""good"": []}",16.893875,"{""good"": []}"
2026-09-30 23:58:00+00:00,Aberdaron Automatic Weather Station,-4.74,52.79,0.0,"{""good"": []}",1001.935,"{""good"": []}",,,14.49986236,"{""good"": []}",,,,,1900.0,"{""good"": []}",19000.0,"{""good"": []}",,"{""good"": []}",1.0,"{""good"": []}",6.0,"{""good"": []}",,"{""good"": []}",7.0,"{""good"": []}",,,-1.531016243,"{""good"": []}",,,0.0,"{""good"": []}",,,0.0,"{""good"": []}",,,13.50750767,"{""good"": []}",21726.5,"{""good"": []}",0.0,"{""good"": []}",NSW,"{""good"": []}",79.99,"{""good"": []}",,,15.53697654,"{""suspect"": [""1 case(s) of \""qc persistence check failed: expected variation above 0.001\""""]}",,,14.52080173,"{""good"": []}",222.4097028,"{""good"": []}",16.53166667,"{""good"": []}"
2026-09-30 23:59:00+00:00,Aberdaron Automatic Weather Station,-4.74,52.79,0.0,"{""good"": []}",1001.96,"{""good"": []}",,,14.4928988,"{""good"": []}",,,,,1900.0,"{""good"": []}",19000.0,"{""good"": []}",,"{""good"": []}",1.0,"{""good"": []}",6.0,"{""good"": []}",,"{""good"": []}",7.0,"{""good"": []}",,,-1.539913915,"{""good"": []}",,,0.0,"{""good"": []}",,,0.0,"{""good"": []}",,,13.49077946,"{""good"": []}",22266.5,"{""good"": []}",0.0,"{""good"": []}",NSW,"{""good"": []}",79.8,"{""good"": []}",,,15.53702651,"{""suspect"": [""1 case(s) of \""qc persistence check failed: expected variation above 0.001\""""]}",,,14.5204518,"{""good"": []}",221.4666143,"{""good"": []}",15.22525,"{""good"": []}"
